683049,55I0B55I7B55IEB55ILB55KQB55KXB55L4B55LBB55NFB
684358,55I0B55I7B55IEB55ILB55KQB55KXB55L4B55LBB55NFB
684387,55I0B55I3G55I7B55IEB55ILB55KQB55KTG55KXB55L4B
684396,55I0B55I7B55IEB55ILB55KQB55KXB55L4B55LBB55NFB
684394,55I0B55I7B55IEB55ILB55KQB55KXB55L4B55LBB55NFB
684374,55I0B55I7B55IEB55ILB55KQB55KXB55L4B55LBB55NFB
684379,55I0B55I3G55I7B55IEB55ILB55KQB55KTG55KXB55L4B
684384,55I0B55I3G55I7B55IEB55ILB55KQB55KTG55KXB55L4B
1008918,55I0B55I3G55I7B55IEB55ILB55KQB55KTG55KXB55L4B
641922,55I0B55I0B55I7B55I7B55IEB55IEB55ILB55ILB55KQB
830590,55I0B55I3G55I7B55IEB55ILB55KQB55KTG55KXB55L4B
641594,55I0B55I3G55I7B55IEB55ILB55KQB55KTG55KXB55L4B
641580,55I0B55I7B55IEB55ILB55KQB55KXB55L4B55LBB55NFB
641584,55I0B55I7B55IEB55ILB55KQB55KXB55L4B55LBB55NFB
740053,55I0B55I7B55IEB55ILB55KQB55KXB55L4B55LBB55NFB
683046,55I0B55I7B55IEB55ILB55KQB55KXB55L4B55LBB55NFB
641945,55I0B55I7B55IEB55ILB55KQB55KXB55L4B55LBB55NFB
641930,55I0B55I3G55I7B55IEB55ILB55KQB55KTG55KXB55L4B
641938,55I0B55I3G55I7B55IEB55ILB55KQB55KTG55KXB55L4B
641936,55I0B55I7B55IEB55ILB55KQB55KXB55L4B55LBB55NFB
641693,55I0B55I7B55IEB55ILB55KQB55KXB55L4B55LBB55NFB
896207,55I0B55I7B55IEB55ILB55KQB55KXB55L4B55LBB55NFB
949727,55I0B55I7B55IEB55ILB55KQB55KXB55L4B55LBB55NFB
641696,55I0B55I0B55I7B55I7B55IEB55IEB55ILB55ILB55KQB
684805,55I0B55I3G55I7B55IEB55ILB55KQB55KTG55KXB55L4B
684803,55I0B55I3G55I7B55IEB55ILB55KQB55KTG55KXB55L4B
684806,55I0B55I3G55I7B55IEB55ILB55KQB55KTG55KXB55L4B
641702,55I0B55I3G55I7B55IEB55ILB55KQB55KTG55KXB55L4B
1015813,55I0B55I3G55I7B55IEB55ILB55KQB55KTG55KXB55L4B
680121,55I0B55I7B55IEB55ILB55KQB55KXB55L4B55LBB55NFB
643435,55I0B55I7B55IEB55ILB55KQB55KXB55L4B55LBB55NFB
643434,55I0B55I7B55IEB55ILB55KQB55KXB55L4B55LBB55NFB
641692,55I0B55I7B55IEB55ILB55KQB55KXB55L4B55LBB55NFB
741280,55I0B55I7B55IEB55ILB55KQB55KXB55L4B55LBB55NFB
684369,55I0B55I3G55I7B55IEB55ILB55KQB55KTG55KXB55L4B
684367,55I0B55I7B55IEB55ILB55KQB55KXB55L4B55LBB55NFB
684404,55I0B55I7B55IEB55ILB55KQB55KXB55L4B55LBB55NFB
684400,55I0B55I7B55IEB55ILB55KQB55KXB55L4B55LBB55NFB
861229,55I0B55I7B55IEB55ILB55KQB55KXB55L4B55LBB55NFB
684403,55I0B55I7B55IEB55ILB55KQB55KXB55L4B55LBB55NFB
684788,55I0B55I7B55IEB55ILB55KQB55KXB55L4B55LBB55NFB
1050679,55I0B55I7B55I7G55IEB55ILB55ILG55KQB55KXB55KXG
684793,55I0B55I7B55I7G55IEB55ILB55ILG55KQB55KXB55KXG
642035,55I0B55I7B55IEB55ILB55KQB55KXB55L4B55LBB55NFB
741271,55I0B55I7B55IEB55ILB55KQB55KXB55L4B55LBB55NFB
641701,55I0B55I1R55I7G55IEB55IFR55ILG55KQB55KRR55KXG
907128,55I0B55I7B55IEB55ILB55KQB55KXB55L4B55LBB55NFB
1017983,55I0B55I7B55IEB55ILB55KQB55KXB55L4B55LBB55NFB
683471,55I0B55I1R55I7G55IEB55IFR55ILG55KQB55KRR55KXG
683474,55I0B55I7B55IEB55ILB55KQB55KXB55L4B55LBB55NFB
684851,55I0B55I7B55IEB55ILB55KQB55KXB55L4B55LBB55NFB
684852,55I0B55I3G55I7B55IEB55ILB55KQB55KTG55KXB55L4B
680460,55I0B55I7B55IEB55ILB55KQB55KXB55L4B55LBB55NFB
1047265,55I0B55I7B55IEB55ILB55KQB55KXB55L4B55LBB55NFB
680462,55I0B55I7B55IEB55ILB55KQB55KXB55L4B55LBB55NFB
680466,55I0B55I3G55I7B55IEB55ILB55KQB55KTG55KXB55L4B
680447,55I0B55I7B55IEB55ILB55KQB55KXB55L4B55LBB55NFB
680445,55I0B55I7B55IEB55ILB55KQB55KXB55L4B55LBB55NFB
680475,55I0B55I3G55I7B55IEB55ILB55KQB55KTG55KXB55L4B
684823,55I0B55I7B55IEB55ILB55KQB55KXB55L4B55LBB55NFB
741281,55I0B55I3G55I7B55IEB55ILB55KQB55KTG55KXB55L4B
1050684,55I0B55I7B55IEB55ILB55KQB55KXB55L4B55LBB55NFB
684812,55I0B55I3G55I7B55IEB55ILB55KQB55KTG55KXB55L4B
1016342,55I0B55I3G55I7B55IEB55ILB55KQB55KTG55KXB55L4B
684814,55I0B55I3G55I7B55IEB55ILB55KQB55KTG55KXB55L4B
686135,55I0B55I3G55I7B55IEB55ILB55KQB55KTG55KXB55L4B
1003425,55I0B55I7B55IEB55ILB55KQB55KXB55L4B55LBB55NFB
685682,55I0B55I3G55I7B55IEB55ILB55KQB55KTG55KXB55L4B
685667,55I0B55I3G55I7B55IEB55ILB55KQB55KTG55KXB55L4B
862518,55I0B55I7B55IEB55ILB55KQB55KXB55L4B55LBB55NFB
685672,55I0B55I7B55IEB55ILB55KQB55KXB55L4B55LBB55NFB
680094,55I0B55I3G55I7B55IEB55ILB55KQB55KTG55KXB55L4B
684844,55I0B55I3G55I7B55IEB55ILB55KQB55KTG55KXB55L4B
684836,55I0B55I7B55IEB55ILB55KQB55KXB55L4B55LBB55NFB
684833,55I0B55I7B55IEB55ILB55KQB55KXB55L4B55LBB55NFB
684832,55I0B55I3G55I7B55IEB55ILB55KQB55KTG55KXB55L4B
862497,55I0B55I7B55IEB55ILB55KQB55KXB55L4B55LBB55NFB
686128,55I0B55I7B55IEB55ILB55KQB55KXB55L4B55LBB55NFB
686133,55I0B55I7B55IEB55ILB55KQB55KXB55L4B55LBB55NFB
862494,55I0B55I7B55IEB55ILB55KQB55KXB55L4B55LBB55NFB
686139,55I0B55I3G55I7B55IEB55ILB55KQB55KTG55KXB55L4B
686144,55I0B55I3G55I7B55IEB55ILB55KQB55KTG55KXB55L4B
1003431,55I0B55I7B55IEB55ILB55KQB55KXB55L4B55LBB55NFB
741283,55I0B55I7B55IEB55ILB55KQB55KXB55L4B55LBB55NFB
862541,55I0B55I7B55IEB55ILB55KQB55KXB55L4B55LBB55NFB
686162,55I0B55I7B55IEB55ILB55KQB55KXB55L4B55LBB55NFB
686165,55I0B55I7B55IEB55ILB55KQB55KXB55L4B55LBB55NFB
862538,55I0B55I3G55I7B55IEB55ILB55KQB55KTG55KXB55L4B
741292,55I0B55I7B55IEB55ILB55KQB55KXB55L4B55LBB55NFB
1007389,55I0B55I3G55I7B55IEB55ILB55KQB55KTG55KXB55L4B
680098,55I0B55I7B55IEB55ILB55KQB55KXB55L4B55LBB55NFB
640301,55I0B55I7B55IEB55ILB55KQB55KXB55L4B55LBB55NFB
640299,55I0B55I3G55I7B55IEB55ILB55KQB55KTG55KXB55L4B
684422,55I0B55I7B55IEB55ILB55KQB55KXB55L4B55LBB55NFB
639349,55I0B55I7B55IEB55ILB55KQB55KXB55L4B55LBB55NFB
639358,55I0B55I3G55I7B55IEB55ILB55KQB55KTG55KXB55L4B
639356,55I0B55I3G55I7B55IEB55ILB55KQB55KTG55KXB55L4B
786450,55I0B55I7B55IEB55ILB55KQB55KXB55L4B55LBB55NFB
680101,55I0B55I7B55IEB55ILB55KQB55KXB55L4B55LBB55NFB
639347,55I0B55I7B55IEB55ILB55KQB55KXB55L4B55LBB55NFB
862522,55I0B55I7B55IEB55ILB55KQB55KXB55L4B55LBB55NFB
680085,55I0B55I3G55I7B55IEB55ILB55KQB55KTG55KXB55L4B
680089,55I0B55I3G55I7B55IEB55ILB55KQB55KTG55KXB55L4B
686149,55I0B55I7B55IEB55ILB55KQB55KXB55L4B55LBB55NFB
686157,55I0B55I7B55IEB55ILB55KQB55KXB55L4B55LBB55NFB
686154,55I0B55I3G55I7B55IEB55ILB55KQB55KTG55KXB55L4B
640294,55I0B55I1R55I3G55I7B55IEB55IFR55ILB55KQB55KRR
640283,55I0B55I3G55I7B55IEB55ILB55KQB55KTG55KXB55L4B
740052,55I0B55I7B55IEB55ILB55KQB55KXB55L4B55LBB55NFB
862615,55I0B55I7B55IEB55ILB55KQB55KXB55L4B55LBB55NFB
639379,55I0B55I7B55IEB55ILB55KQB55KXB55L4B55LBB55NFB
741277,55I0B55I7B55IEB55ILB55KQB55KXB55L4B55LBB55NFB
683462,55I0B55I7B55IEB55ILB55KQB55KXB55L4B55LBB55NFB
861226,55I0B55I3G55I7B55IEB55ILB55KQB55KTG55KXB55L4B
683455,55I0B55I3G55I7B55IEB55ILB55KQB55KTG55KXB55L4B
861224,55I0B55I7B55IEB55ILB55KQB55KXB55L4B55LBB55NFB
640270,55I0B55I3G55I7B55IEB55ILB55KQB55KTG55KXB55L4B
680431,55I0B55I3G55I7B55IEB55ILB55KQB55KTG55KXB55L4B
680429,55I0B55I7B55IEB55ILB55KQB55KXB55L4B55LBB55NFB
680442,55I0B55I3G55I7B55IEB55ILB55KQB55KTG55KXB55L4B
680423,55I0B55I7B55IEB55ILB55KQB55KXB55L4B55LBB55NFB
680428,55I0B55I7B55IEB55ILB55KQB55KXB55L4B55LBB55NFB
680425,55I0B55I0B55I3G55I7B55I7B55IEB55IEB55ILB55ILB
740050,55I0B55I7B55IEB55ILB55KQB55KXB55L4B55LBB55NFB
639383,55I0B55I3G55I7B55IEB55ILB55KQB55KTG55KXB55L4B
683083,55I0B55I3G55I7B55IEB55ILB55KQB55KTG55KXB55L4B
639384,55I0B55I7B55IEB55ILB55KQB55KXB55L4B55LBB55NFB
639372,55I0B55I7B55IEB55ILB55KQB55KXB55L4B55LBB55NFB
640275,55I0B55I7B55IEB55ILB55KQB55KXB55L4B55LBB55NFB
639369,55I0B55I7B55IEB55ILB55KQB55KXB55L4B55LBB55NFB
683098,55I0B55I1R55I3G55I7B55IEB55IFR55ILB55KQB55KRR
640276,55I0B55I7B55IEB55ILB55KQB55KXB55L4B55LBB55NFB
640262,55I0B55I7B55IEB55ILB55KQB55KXB55L4B55LBB55NFB
640264,55I0B55I7B55IEB55ILB55KQB55KXB55L4B55LBB55NFB
640268,55I0B55I7B55IEB55ILB55KQB55KXB55L4B55LBB55NFB
862616,55I0B55I7B55IEB55ILB55KQB55KXB55L4B55LBB55NFB
640291,55I0B55I7B55IEB55ILB55KQB55KXB55L4B55LBB55NFB
641212,55I0B55I3G55I7B55IEB55ILB55KQB55KTG55KXB55L4B
641217,55I0B55I3G55I7B55IEB55ILB55KQB55KTG55KXB55L4B
641237,55I0B55I7B55IEB55ILB55KQB55KXB55L4B55LBB55NFB
641253,55I0B55I3G55I7B55IEB55ILB55KQB55KTG55KXB55L4B
641250,55I0B55I7B55IEB55ILB55KQB55KXB55L4B55LBB55NFB
641244,55I0B55I7B55IEB55ILB55KQB55KXB55L4B55LBB55NFB
741269,55I0B55I3G55I7B55IEB55ILB55KQB55KTG55KXB55L4B
783270,55I0B55I3G55I7B55IEB55ILB55KQB55KTG55KXB55L4B
641214,55I0B55I3G55I7B55IEB55ILB55KQB55KTG55KXB55L4B
683133,55I0B55I3G55I7B55IEB55ILB55KQB55KTG55KXB55L4B
683102,55I0B55I3G55I7B55IEB55ILB55KQB55KTG55KXB55L4B
683135,55I0B55I3G55I7B55IEB55ILB55KQB55KTG55KXB55L4B
683123,55I0B55I3G55I7B55IEB55ILB55KQB55KTG55KXB55L4B
683118,55I0B55I3G55I7B55IEB55ILB55KQB55KTG55KXB55L4B
683124,55I0B55I3G55I7B55IEB55ILB55KQB55KTG55KXB55L4B
683140,55I0B55I3G55I7B55IEB55ILB55KQB55KTG55KXB55L4B
684497,55I0B55I3G55I7B55IEB55ILB55KQB55KTG55KXB55L4B
865511,55I0B55I3G55I7B55IEB55ILB55KQB55KTG55KXB55L4B
683143,55I0B55I7B55IEB55ILB55KQB55KXB55L4B55LBB55NFB
684489,55I0B55I3G55I7B55IEB55ILB55KQB55KTG55KXB55L4B
861220,55I0B55I3G55I7B55IEB55ILB55KQB55KTG55KXB55L4B
684492,55I0B55I7B55IEB55ILB55KQB55KXB55L4B55LBB55NFB
641613,55I0B55I3G55I7B55IEB55ILB55KQB55KTG55KXB55L4B
683087,55I0B55I7B55IEB55ILB55KQB55KXB55L4B55LBB55NFB
683088,55I0B55I7B55IEB55ILB55KQB55KXB55L4B55LBB55NFB
683093,55I0B55I3G55I7B55IEB55ILB55KQB55KTG55KXB55L4B
741266,55I0B55I7B55IEB55ILB55KQB55KXB55L4B55LBB55NFB
641226,55I0B55I3G55I7B55IEB55ILB55KQB55KTG55KXB55L4B
641230,55I0B55I7B55IEB55ILB55KQB55KXB55L4B55LBB55NFB
999117,55I0B55I3G55I7B55IEB55ILB55KQB55KTG55KXB55L4B
741268,55I0B55I1R55I7G55IEB55IFR55ILG55KQB55KRR55KXG
639492,55I0B55I7G55IEB55ILG55KQB55KXG55L4B55LBG55NFB
639495,55I0B55I7G55IEB55ILG55KQB55KXG55L4B55LBG55NFB
683215,55I0B55I1R55I7G55IEB55IFR55ILG55KQB55KRR55KXG
645022,55I0B55I7G55IEB55ILG55KQB55KXG55L4B55LBG55NFB
645017,55I0B55I7G55IEB55ILG55KQB55KXG55L4B55LBG55NFB
641265,55I0B55I1R55I7G55IEB55IFR55ILG55KQB55KRR55KXG
641269,55I0B55I7G55IEB55ILG55KQB55KXG55L4B55LBG55NFB
641270,55I0B55I1R55IEB55IFR55KQB55KRR55L4B55L5R55NFB
645038,55I0B55I7G55IEB55ILG55KQB55KXG55L4B55LBG55NFB
941115,55I0B55I7G55IEB55ILG55KQB55KXG55L4B55LBG55NFB
641598,55I0B55I1R55I7G55IEB55IFR55ILG55KQB55KRR55KXG
818807,55I0B55I7G55IEB55ILG55KQB55KXG55L4B55LBG55NFB
645028,55I0B55I7G55IEB55ILG55KQB55KXG55L4B55LBG55NFB
645031,55I0B55I7G55IEB55ILG55KQB55KXG55L4B55LBG55NFB
639498,55I0B55I1R55I7G55IEB55IFR55ILG55KQB55KRR55KXG
682745,55I0B55I1R55I7G55IEB55IFR55ILG55KQB55KRR55KXG
681441,55I0B55I7G55IEB55ILG55KQB55KXG55L4B55LBG55NFB
741291,55I0B55I7G55IEB55ILG55KQB55KXG55L4B55LBG55NFB
639486,55I0B55I1R55I7G55IEB55IFR55ILG55KQB55KRR55KXG
682728,55I0B55I7G55IEB55ILG55KQB55KXG55L4B55LBG55NFB
682740,55I0B55I7G55IEB55ILG55KQB55KXG55L4B55LBG55NFB
681457,55I0B55I7G55IEB55ILG55KQB55KXG55L4B55LBG55NFB
681466,55I0B55I7G55IEB55ILG55KQB55KXG55L4B55LBG55NFB
741287,55I0B55I7G55IEB55ILG55KQB55KXG55L4B55LBG55NFB
741270,55I0B55I7G55IEB55ILG55KQB55KXG55L4B55LBG55NFB
641607,55I0B55I1R55I7G55IEB55IFR55ILG55KQB55KRR55KXG
641604,55I0B55I7G55IEB55ILG55KQB55KXG55L4B55LBG55NFB
783274,55I0B55I1R55I7G55IEB55IFR55ILG55KQB55KRR55KXG
639485,55I0B55I7G55IEB55ILG55KQB55KXG55L4B55LBG55NFB
639505,55I0B55I1R55I7G55IEB55IFR55ILG55KQB55KRR55KXG
639509,55I0B55I7G55IEB55ILG55KQB55KXG55L4B55LBG55NFB
689009,55I0R55I2G55I9B55IER55IGG55KLB55KQR55KSG55KZB
692873,55I0R55I2G55I9B55IER55IGG55KLB55KQR55KSG55KZB
692927,55I0R55I2G55I9B55IER55IGG55KLB55KQR55KSG55KZB
660762,55I0R55I2G55I9B55IER55IGG55KLB55KQR55KSG55KZB
687285,55I0R55I2G55I9B55IER55IGG55KLB55KQR55KSG55KZB
692929,55I0R55I2G55I9B55IER55IGG55KLB55KQR55KSG55KZB
852363,55I0R55I2G55I9B55IER55IGG55KLB55KQR55KSG55KZB
950971,55I0R55I2G55I9B55IER55IGG55KLB55KQR55KSG55KZB
950974,55I0R55I2G55I9B55IER55IGG55KLB55KQR55KSG55KZB
856822,55I0R55I2G55I9B55IER55IGG55KLB55KQR55KSG55KZB
661120,55I0R55I2G55I9B55IER55IGG55KLB55KQR55KSG55KZB
662386,55I0R55I2G55I9B55IER55IGG55KLB55KQR55KSG55KZB
901385,55I0R55I2G55I9B55IER55IGG55KLB55KQR55KSG55KZB
954041,55I0R55I2G55I2G55I9B55IER55IGG55IGG55KLB55KQR
737995,55I1G55I8B55IFG55IMB55KRG55KYB55L5G55LCB55NGG
867187,55I1G55I8B55IFG55IMB55KRG55KYB55L5G55LCB55NGG
867530,55I0R55I1G55I8B55IER55IFG55IMB55KQR55KRG55KYB
998102,55I1G55I8B55IFG55IMB55KRG55KYB55L5G55LCB55NGG
867527,55I1G55I8B55IFG55IMB55KRG55KYB55L5G55LCB55NGG
867179,55I1G55I8B55IFG55IMB55KRG55KYB55L5G55LCB55NGG
872013,55I0R55I1G55I8B55IER55IFG55IMB55KQR55KRG55KYB
870688,55I1G55I8B55IFG55IMB55KRG55KYB55L5G55LCB55NGG
1025866,55I1G55I8B55IFG55IMB55KRG55KYB55L5G55LCB55NGG
870693,55I1G55I8B55IFG55IMB55KRG55KYB55L5G55LCB55NGG
870696,55I0R55I1G55I8B55IER55IFG55IMB55KQR55KRG55KYB
867164,55I0R55I1G55I8B55IER55IFG55IMB55KQR55KRG55KYB
1032231,55I1G55I8B55IFG55IMB55KRG55KYB55L5G55LCB55NGG
867169,55I1G55I8B55IFG55IMB55KRG55KYB55L5G55LCB55NGG
867172,55I1G55I8B55IFG55IMB55KRG55KYB55L5G55LCB55NGG
867180,55I1G55I8B55IFG55IMB55KRG55KYB55L5G55LCB55NGG
867535,55I1G55I8B55IFG55IMB55KRG55KYB55L5G55LCB55NGG
868905,55I1G55I8B55IFG55IMB55KRG55KYB55L5G55LCB55NGG
868901,55I0R55I1G55I8B55IER55IFG55IMB55KQR55KRG55KYB
744857,55I1R55I5B55ICG55IFR55IJB55KOG55KRR55KVB55L2G
650257,55I1R55I5B55ICG55IFR55IJB55KOG55KRR55KVB55L2G
909789,55I1R55I5B55ICG55IFR55IJB55KOG55KRR55KVB55L2G
650252,55I1R55I5B55ICG55IFR55IJB55KOG55KRR55KVB55L2G
646977,55I1R55I5B55ICG55IFR55IJB55KOG55KRR55KVB55L2G
978274,55I1R55I5B55ICG55IFR55IJB55KOG55KRR55KVB55L2G
651578,55I1R55I5B55ICG55IFR55IJB55KOG55KRR55KVB55L2G
651574,55I1R55I5B55ICG55IFR55IJB55KOG55KRR55KVB55L2G
651572,55I1R55I5B55ICG55IFR55IJB55KOG55KRR55KVB55L2G
978282,55I1R55I5B55ICG55IFR55IJB55KOG55KRR55KVB55L2G
662060,55I1R55I5B55ICG55IFR55IJB55KOG55KRR55KVB55L2G
646990,55I1R55I5B55ICG55IFR55IJB55KOG55KRR55KVB55L2G
901716,55I1R55I5B55ICG55IFR55IJB55KOG55KRR55KVB55L2G
646986,55I1R55I5B55ICG55IFR55IJB55KOG55KRR55KVB55L2G
902883,55I1R55I5B55ICG55IFR55IJB55KOG55KRR55KVB55L2G
978277,55I1R55I5B55ICG55IFR55IJB55KOG55KRR55KVB55L2G
902877,55I1R55I5B55ICG55IFR55IJB55KOG55KRR55KVB55L2G
650233,55I1R55I5B55ICG55IFR55IJB55KOG55KRR55KVB55L2G
902876,55I1R55I5B55ICG55IFR55IJB55KOG55KRR55KVB55L2G
649893,55I1R55I5B55ICG55IFR55IJB55KOG55KRR55KVB55L2G
662058,55I1R55I5B55ICG55IFR55IJB55KOG55KRR55KVB55L2G
902874,55I1R55I5B55ICG55IFR55IJB55KOG55KRR55KVB55L2G
662051,55I1R55I5B55ICG55IFR55IJB55KOG55KRR55KVB55L2G
649894,55I1R55I5B55ICG55IFR55IJB55KOG55KRR55KVB55L2G
872120,55I5B55ICG55IJB55KOG55KVB55L2G55L9B55NDG55NKB
650250,55I1R55I5B55ICG55IFR55IJB55KOG55KRR55KVB55L2G
650248,55I1R55I5B55ICG55IFR55IJB55KOG55KRR55KVB55L2G
978275,55I1R55I5B55ICG55IFR55IJB55KOG55KRR55KVB55L2G
978288,55I1R55I5B55ICG55IFR55IJB55KOG55KRR55KVB55L2G
1018279,55I1R55I5B55ICG55IFR55IJB55KOG55KRR55KVB55L2G
861573,55I1R55I5B55ICG55IFR55IJB55KOG55KRR55KVB55L2G
1007150,55I5B55ICG55IJB55KOG55KVB55L2G55L9B55NDG55NKB
1022757,55I5B55ICG55IJB55KOG55KVB55L2G55L9B55NDG55NKB
671972,55I1G55I8B55IFG55IMB55KRG55KYB55L5G55LCB55NGG
1014983,55I1G55I8B55IFG55IMB55KRG55KYB55L5G55LCB55NGG
671976,55I1G55I8B55IFG55IMB55KRG55KYB55L5G55LCB55NGG
671977,55I1G55I8B55IFG55IMB55KRG55KYB55L5G55LCB55NGG
700830,55I1G55I8B55IFG55IMB55KRG55KYB55L5G55LCB55NGG
670854,55I1G55I8B55IFG55IMB55KRG55KYB55L5G55LCB55NGG
741373,55I1G55I8B55IFG55IMB55KRG55KYB55L5G55LCB55NGG
707579,55I1G55I8B55IFG55IMB55KRG55KYB55L5G55LCB55NGG
707568,55I1G55I8B55IFG55IMB55KRG55KYB55L5G55LCB55NGG
707572,55I1G55I8B55IFG55IMB55KRG55KYB55L5G55LCB55NGG
707574,55I1G55I8B55IFG55IMB55KRG55KYB55L5G55LCB55NGG
670662,55I1G55I8B55IFG55IMB55KRG55KYB55L5G55LCB55NGG
779193,55I1G55I8B55IFG55IMB55KRG55KYB55L5G55LCB55NGG
738255,55I1G55I8B55IFG55IMB55KRG55KYB55L5G55LCB55NGG
866711,55I1G55I8B55IFG55IMB55KRG55KYB55L5G55LCB55NGG
670878,55I1G55I8B55IFG55IMB55KRG55KYB55L5G55LCB55NGG
868037,55I1G55I8B55IFG55IMB55KRG55KYB55L5G55LCB55NGG
988448,55I2B55I8G55I9B55IGB55KLB55KSB55KYG55KZB55L6B
684426,55I0B55I7B55ICG55IEB55ILB55KOG55KQB55KXB55L2G
830927,55I0B55I7B55ICG55IEB55ILB55KOG55KQB55KXB55L2G
684429,55I0B55I7B55ICG55IEB55ILB55KOG55KQB55KXB55L2G
684464,55I0B55I7B55ICG55IEB55ILB55KOG55KQB55KXB55L2G
682795,55I0B55I7B55ICG55IEB55ILB55KOG55KQB55KXB55L2G
684447,55I0B55I7B55ICG55IEB55ILB55KOG55KQB55KXB55L2G
684444,55I0B55I7B55ICG55IEB55ILB55KOG55KQB55KXB55L2G
684420,55I0B55I7B55ICG55IEB55ILB55KOG55KQB55KXB55L2G
682782,55I0B55I7B55ICG55IEB55ILB55KOG55KQB55KXB55L2G
681477,55I0B55I2G55I7B55IEB55IGG55ILB55KQB55KSG55KXB
681481,55I0B55I2G55I7B55IEB55IGG55ILB55KQB55KSG55KXB
682791,55I0B55I2G55I7B55IEB55IGG55ILB55KQB55KSG55KXB
865121,55I0B55I2G55I7B55IEB55IGG55ILB55KQB55KSG55KXB
1120736,55I0B55I2G55I7B55IEB55IGG55ILB55KQB55KSG55KXB
1120737,55I0B55I2G55I7B55IEB55IGG55ILB55KQB55KSG55KXB
1120738,55I0B55I2G55I7B55IEB55IGG55ILB55KQB55KSG55KXB
1120739,55I0B55I2G55I7B55IEB55IGG55ILB55KQB55KSG55KXB
1120740,55I0B55I2G55I7B55IEB55IGG55ILB55KQB55KSG55KXB
684440,55I0B55I7B55ICG55IEB55ILB55KOG55KQB55KXB55L2G
682723,55I0B55I7B55ICG55IEB55ILB55KOG55KQB55KXB55L2G
830900,55I0B55I7B55ICG55IEB55ILB55KOG55KQB55KXB55L2G
682705,55I0B55I7B55ICG55IEB55ILB55KOG55KQB55KXB55L2G
684435,55I0B55I7B55ICG55IEB55ILB55KOG55KQB55KXB55L2G
645087,55I3G55IAB55IAR55IHG55KMB55KMR55KTG55L0B55L0R
645094,55I3G55IAB55IAR55IHG55KMB55KMR55KTG55L0B55L0R
645097,55I3G55IAB55IAR55IHG55KMB55KMR55KTG55L0B55L0R
640578,55I3G55IAB55IAR55IHG55KMB55KMR55KTG55L0B55L0R
705561,55I3G55IAB55IAR55IHG55KMB55KMR55KTG55L0B55L0R
640569,55I3G55IAB55IAR55IHG55KMB55KMR55KTG55L0B55L0R
640576,55I3G55IAB55IAR55IHG55KMB55KMR55KTG55L0B55L0R
859911,55I3G55IAB55IAR55IHG55KMB55KMR55KTG55L0B55L0R
661382,55I3G55IAB55IHG55KMB55KTG55L0B55L7G55LEB55NIG
661381,55I3G55IAB55IHG55KMB55KTG55L0B55L7G55LEB55NIG
820134,55I0B55I7B55ICG55IEB55ILB55KOG55KQB55KXB55L2G
640584,55I0B55I7B55ICG55IEB55ILB55KOG55KQB55KXB55L2G
645083,55I0B55I7B55ICG55IEB55ILB55KOG55KQB55KXB55L2G
859901,55I0B55I7B55ICG55IEB55ILB55KOG55KQB55KXB55L2G
643381,55I0B55I2G55I7B55IEB55IGG55ILB55KQB55KSG55KXB
643380,55I0B55I2G55I7B55IEB55IGG55ILB55KQB55KSG55KXB
643383,55I0B55I2G55I7B55IEB55IGG55ILB55KQB55KSG55KXB
640544,55I0B55I2G55I7B55IEB55IGG55ILB55KQB55KSG55KXB
640567,55I0B55I2G55I7B55IEB55IGG55ILB55KQB55KSG55KXB
620219,55I0B55I2G55I7B55IEB55IGG55ILB55KQB55KSG55KXB
640555,55I0B55I2G55I7B55IEB55IGG55ILB55KQB55KSG55KXB
640563,55I0B55I2G55I7B55IEB55IGG55ILB55KQB55KSG55KXB
781880,55I3B55IAG55IHB55KMG55KTB55L0G55L7B55LEG55NIB
996460,55I3B55IAG55IHB55KMG55KTB55L0G55L7B55LEG55NIB
996459,55I3B55IAG55IHB55KMG55KTB55L0G55L7B55LEG55NIB
1001857,55I3B55IAG55IHB55KMG55KTB55L0G55L7B55LEG55NIB
1001856,55I3B55IAG55IHB55KMG55KTB55L0G55L7B55LEG55NIB
1001855,55I3B55IAG55IHB55KMG55KTB55L0G55L7B55LEG55NIB
1001854,55I3B55IAG55IHB55KMG55KTB55L0G55L7B55LEG55NIB
1001853,55I3B55IAG55IHB55KMG55KTB55L0G55L7B55LEG55NIB
1025814,55I3B55IAG55IHB55KMG55KTB55L0G55L7B55LEG55NIB
1025815,55I3B55IAG55IHB55KMG55KTB55L0G55L7B55LEG55NIB
1025816,55I3B55IAG55IHB55KMG55KTB55L0G55L7B55LEG55NIB
996205,55I3B55IAG55IHB55KMG55KTB55L0G55L7B55LEG55NIB
1001852,55I3B55IAG55IHB55KMG55KTB55L0G55L7B55LEG55NIB
1025817,55I3B55IAG55IHB55KMG55KTB55L0G55L7B55LEG55NIB
783432,55I3B55IAG55IHB55KMG55KTB55L0G55L7B55LEG55NIB
1001851,55I3B55IAG55IHB55KMG55KTB55L0G55L7B55LEG55NIB
1001850,55I3B55IAG55IHB55KMG55KTB55L0G55L7B55LEG55NIB
1001849,55I3B55IAG55IHB55KMG55KTB55L0G55L7B55LEG55NIB
1001848,55I3B55IAG55IHB55KMG55KTB55L0G55L7B55LEG55NIB
1001847,55I3B55IAG55IHB55KMG55KTB55L0G55L7B55LEG55NIB
781879,55I3B55IAG55IHB55KMG55KTB55L0G55L7B55LEG55NIB
781878,55I3B55IAG55IHB55KMG55KTB55L0G55L7B55LEG55NIB
1001858,55I3B55IAG55IHB55KMG55KTB55L0G55L7B55LEG55NIB
783434,55I3B55IAG55IHB55KMG55KTB55L0G55L7B55LEG55NIB
783433,55I3B55IAG55IHB55KMG55KTB55L0G55L7B55LEG55NIB
766220,55I0R55I1B55I8G55IER55IFB55IMG55KQR55KRB55KYG
740690,55I0R55I1B55I8G55IER55IFB55IMG55KQR55KRB55KYG
766226,55I0R55I1B55I8G55IER55IFB55IMG55KQR55KRB55KYG
766222,55I1B55I8G55IFB55IMG55KRB55KYG55L5B55LCG55NGB
1132929,55I2R55I4B55IBG55IGR55IIB55KNG55KSR55KUB55L1G
1132930,55I2R55I4B55IBG55IGR55IIB55KNG55KSR55KUB55L1G
1132931,55I2R55I4B55IBG55IGR55IIB55KNG55KSR55KUB55L1G
1132932,55I2R55I4B55IBG55IGR55IIB55KNG55KSR55KUB55L1G
1132933,55I2R55I4B55IBG55IGR55IIB55KNG55KSR55KUB55L1G
1132924,55I2R55I4B55IBG55IGR55IIB55KNG55KSR55KUB55L1G
1132934,55I2R55I4B55IBG55IGR55IIB55KNG55KSR55KUB55L1G
1132935,55I2R55I4B55IBG55IGR55IIB55KNG55KSR55KUB55L1G
1132936,55I2R55I4B55IBG55IGR55IIB55KNG55KSR55KUB55L1G
1132937,55I4B55IBG55IIB55KNG55KUB55L1G55L8B55LFG55NJB
1132938,55I4B55IBG55IIB55KNG55KUB55L1G55L8B55LFG55NJB
1132983,55I2R55I4B55IBG55IGR55IIB55KNG55KSR55KUB55L1G
1132925,55I2R55I4B55IBG55IGR55IIB55KNG55KSR55KUB55L1G
1132977,55I2R55I4B55IBG55IGR55IIB55KNG55KSR55KUB55L1G
1132926,55I2R55I4B55IBG55IGR55IIB55KNG55KSR55KUB55L1G
1132978,55I2R55I4B55IBG55IGR55IIB55KNG55KSR55KUB55L1G
1132927,55I2R55I4B55IBG55IGR55IIB55KNG55KSR55KUB55L1G
1132928,55I2R55I4B55IBG55IGR55IIB55KNG55KSR55KUB55L1G
864151,55I1B55I3R55I8G55IFB55IHR55IMG55KRB55KTR55KYG
1036022,55I1B55I3R55I8G55IFB55IHR55IMG55KRB55KTR55KYG
1003935,55I1B55I3R55I8G55IFB55IHR55IMG55KRB55KTR55KYG
864149,55I1B55I3R55I8G55IFB55IHR55IMG55KRB55KTR55KYG
722633,55I1B55I3R55I8G55IFB55IHR55IMG55KRB55KTR55KYG
722634,55I1B55I3R55I8G55IFB55IHR55IMG55KRB55KTR55KYG
864150,55I1B55I3R55I8G55IFB55IHR55IMG55KRB55KTR55KYG
624039,55I1B55I3R55I8G55IFB55IHR55IMG55KRB55KTR55KYG
722637,55I1B55I3R55I8G55IFB55IHR55IMG55KRB55KTR55KYG
767985,55I2G55I3B55IAB55IHB55KMB55KSG55KTB55L0B55L7B
773596,55I3B55IAB55IHB55KMB55KTB55L0B55L7B55LEB55NIB
769372,55I3B55IAB55IHB55KMB55KTB55L0B55L7B55LEB55NIB
773248,55I2G55I3B55IAB55IHB55KMB55KSG55KTB55L0B55L7B
773247,55I3B55IAB55IHB55KMB55KTB55L0B55L7B55LEB55NIB
899787,55I2G55I3B55IAB55IHB55KMB55KSG55KTB55L0B55L7B
773245,55I3B55IAB55IHB55KMB55KTB55L0B55L7B55LEB55NIB
773244,55I2G55I3B55IAB55IHB55KMB55KSG55KTB55L0B55L7B
769371,55I3B55IAB55IHB55KMB55KTB55L0B55L7B55LEB55NIB
899788,55I2G55I3B55IAB55IHB55KMB55KSG55KTB55L0B55L7B
1019873,55I2G55I3B55IAB55IHB55KMB55KSG55KTB55L0B55L7B
773241,55I2G55I3B55IAB55IHB55KMB55KSG55KTB55L0B55L7B
899785,55I2G55I3B55IAB55IHB55KMB55KSG55KTB55L0B55L7B
773239,55I2G55I3B55IAB55IHB55KMB55KSG55KTB55L0B55L7B
773237,55I3B55IAB55IHB55KMB55KTB55L0B55L7B55LEB55NIB
769373,55I3B55IAB55IHB55KMB55KTB55L0B55L7B55LEB55NIB
773242,55I2G55I3B55IAB55IHB55KMB55KSG55KTB55L0B55L7B
899786,55I2G55I3B55IAB55IHB55KMB55KSG55KTB55L0B55L7B
773601,55I3B55IAB55IHB55KMB55KTB55L0B55L7B55LEB55NIB
773600,55I2G55I3B55IAB55IHB55KMB55KSG55KTB55L0B55L7B
773598,55I3B55IAB55IHB55KMB55KTB55L0B55L7B55LEB55NIB
771052,55I3B55IAB55IHB55KMB55KTB55L0B55L7B55LEB55NIB
899791,55I2G55I3B55IAB55IHB55KMB55KSG55KTB55L0B55L7B
783078,55I3B55IAB55IHB55KMB55KTB55L0B55L7B55LEB55NIB
773250,55I2G55I3B55IAB55IHB55KMB55KSG55KTB55L0B55L7B
773602,55I3B55IAB55IHB55KMB55KTB55L0B55L7B55LEB55NIB
773594,55I2G55I3B55IAB55IHB55KMB55KSG55KTB55L0B55L7B
773592,55I3B55IAB55IHB55KMB55KTB55L0B55L7B55LEB55NIB
773591,55I2G55I3B55IAB55IHB55KMB55KSG55KTB55L0B55L7B
773251,55I3B55IAB55IHB55KMB55KTB55L0B55L7B55LEB55NIB
743900,55I2G55I3B55IAB55IHB55KMB55KSG55KTB55L0B55L7B
729465,55I3B55IAB55IHB55KMB55KTB55L0B55L7B55LEB55NIB
767990,55I3B55IAB55IHB55KMB55KTB55L0B55L7B55LEB55NIB
770220,55I2G55I3B55IAB55IHB55KMB55KSG55KTB55L0B55L7B
770219,55I3B55IAB55IHB55KMB55KTB55L0B55L7B55LEB55NIB
902348,55I3B55IAB55IHB55KMB55KTB55L0B55L7B55LEB55NIB
902349,55I3B55IAB55IHB55KMB55KTB55L0B55L7B55LEB55NIB
1019867,55I3B55IAB55IHB55KMB55KTB55L0B55L7B55LEB55NIB
902346,55I2G55I3B55IAB55IHB55KMB55KSG55KTB55L0B55L7B
767984,55I3B55IAB55IHB55KMB55KTB55L0B55L7B55LEB55NIB
770212,55I3B55IAB55IHB55KMB55KTB55L0B55L7B55LEB55NIB
770211,55I2G55I3B55IAB55IHB55KMB55KSG55KTB55L0B55L7B
770210,55I3B55IAB55IHB55KMB55KTB55L0B55L7B55LEB55NIB
770214,55I3B55IAB55IHB55KMB55KTB55L0B55L7B55LEB55NIB
902347,55I3B55IAB55IHB55KMB55KTB55L0B55L7B55LEB55NIB
728249,55I3B55IAB55IHB55KMB55KTB55L0B55L7B55LEB55NIB
728248,55I2G55I3B55IAB55IHB55KMB55KSG55KTB55L0B55L7B
996135,55I2G55I3B55IAB55IHB55KMB55KSG55KTB55L0B55L7B
950516,55I3B55IAB55IHB55KMB55KTB55L0B55L7B55LEB55NIB
742688,55I3B55IAB55IHB55KMB55KTB55L0B55L7B55LEB55NIB
771054,55I3B55IAB55IHB55KMB55KTB55L0B55L7B55LEB55NIB
770222,55I3B55IAB55IHB55KMB55KTB55L0B55L7B55LEB55NIB
728250,55I3B55IAB55IHB55KMB55KTB55L0B55L7B55LEB55NIB
770227,55I2G55I3B55IAB55IHB55KMB55KSG55KTB55L0B55L7B
770225,55I3B55IAB55IHB55KMB55KTB55L0B55L7B55LEB55NIB
770224,55I2G55I3B55IAB55IHB55KMB55KSG55KTB55L0B55L7B
743908,55I3B55IAB55IHB55KMB55KTB55L0B55L7B55LEB55NIB
770223,55I3B55IAB55IHB55KMB55KTB55L0B55L7B55LEB55NIB
728245,55I2G55I3B55IAB55IHB55KMB55KSG55KTB55L0B55L7B
902345,55I3B55IAB55IHB55KMB55KTB55L0B55L7B55LEB55NIB
770194,55I3B55IAB55IHB55KMB55KTB55L0B55L7B55LEB55NIB
767989,55I2G55I3B55IAB55IHB55KMB55KSG55KTB55L0B55L7B
770193,55I3B55IAB55IHB55KMB55KTB55L0B55L7B55LEB55NIB
770191,55I3B55IAB55IHB55KMB55KTB55L0B55L7B55LEB55NIB
902339,55I3B55IAB55IHB55KMB55KTB55L0B55L7B55LEB55NIB
898277,55I3B55IAB55IHB55KMB55KTB55L0B55L7B55LEB55NIB
742685,55I3B55IAB55IHB55KMB55KTB55L0B55L7B55LEB55NIB
770195,55I3B55IAB55IHB55KMB55KTB55L0B55L7B55LEB55NIB
729887,55I3B55IAB55IHB55KMB55KTB55L0B55L7B55LEB55NIB
767988,55I3B55IAB55IHB55KMB55KTB55L0B55L7B55LEB55NIB
729886,55I3B55IAB55IHB55KMB55KTB55L0B55L7B55LEB55NIB
767987,55I2G55I3B55IAB55IHB55KMB55KSG55KTB55L0B55L7B
767986,55I3B55IAB55IHB55KMB55KTB55L0B55L7B55LEB55NIB
697772,55I3B55IAB55IHB55KMB55KTB55L0B55L7B55LEB55NIB
952660,55I2G55I3B55IAB55IHB55KMB55KSG55KTB55L0B55L7B
952886,55I3B55IAB55IHB55KMB55KTB55L0B55L7B55LEB55NIB
685753,55I3B55IAB55IHB55KMB55KTB55L0B55L7B55LEB55NIB
685740,55I3B55IAB55IHB55KMB55KTB55L0B55L7B55LEB55NIB
641759,55I3B55IAB55IHB55KMB55KTB55L0B55L7B55LEB55NIB
641403,55I2G55I3B55IAB55IHB55KMB55KSG55KTB55L0B55L7B
640087,55I3B55IAB55IHB55KMB55KTB55L0B55L7B55LEB55NIB
641723,55I2G55I3B55IAB55IHB55KMB55KSG55KTB55L0B55L7B
641717,55I3B55IAB55IHB55KMB55KTB55L0B55L7B55LEB55NIB
641747,55I3B55IAB55IHB55KMB55KTB55L0B55L7B55LEB55NIB
641751,55I3B55IAB55IHB55KMB55KTB55L0B55L7B55LEB55NIB
863683,55I2G55I3B55IAB55IHB55KMB55KSG55KTB55L0B55L7B
641740,55I2G55I3B55IAB55IHB55KMB55KSG55KTB55L0B55L7B
641743,55I3B55IAB55IHB55KMB55KTB55L0B55L7B55LEB55NIB
829053,55I3B55IAB55IHB55KMB55KTB55L0B55L7B55LEB55NIB
645060,55I3B55IAB55IHB55KMB55KTB55L0B55L7B55LEB55NIB
645067,55I2G55I3B55IAB55IHB55KMB55KSG55KTB55L0B55L7B
645061,55I2G55I3B55IAB55IHB55KMB55KSG55KTB55L0B55L7B
645047,55I2G55I3B55IAB55IHB55KMB55KSG55KTB55L0B55L7B
645052,55I3B55IAB55IHB55KMB55KTB55L0B55L7B55LEB55NIB
683191,55I2G55I3B55IAB55IHB55KMB55KSG55KTB55L0B55L7B
683199,55I3B55IAB55IHB55KMB55KTB55L0B55L7B55LEB55NIB
996647,55I3B55IAB55IHB55KMB55KTB55L0B55L7B55LEB55NIB
622558,55I2G55I3B55IAB55IHB55KMB55KSG55KTB55L0B55L7B
865129,55I3B55IAB55IHB55KMB55KTB55L0B55L7B55LEB55NIB
683180,55I2G55I3B55IAB55IHB55KMB55KSG55KTB55L0B55L7B
865137,55I3B55IAB55IHB55KMB55KTB55L0B55L7B55LEB55NIB
741274,55I3B55IAB55IHB55KMB55KTB55L0B55L7B55LEB55NIB
1008149,55I3B55IAB55IHB55KMB55KTB55L0B55L7B55LEB55NIB
641729,55I3B55IAB55IHB55KMB55KTB55L0B55L7B55LEB55NIB
683203,55I2G55I3B55IAB55IHB55KMB55KSG55KTB55L0B55L7B
683207,55I2G55I3B55IAB55IHB55KMB55KSG55KTB55L0B55L7B
827456,55I3B55IAB55IHB55KMB55KTB55L0B55L7B55LEB55NIB
861254,55I3B55IAB55IHB55KMB55KTB55L0B55L7B55LEB55NIB
643116,55I3B55IAB55IHB55KMB55KTB55L0B55L7B55LEB55NIB
643439,55I2G55I3B55IAB55IHB55KMB55KSG55KTB55L0B55L7B
645413,55I3B55IAB55IHB55KMB55KTB55L0B55L7B55LEB55NIB
823042,55I2G55I3B55IAB55IHB55KMB55KSG55KTB55L0B55L7B
645418,55I2G55I3B55IAB55IHB55KMB55KSG55KTB55L0B55L7B
1003437,55I3B55IAB55IHB55KMB55KTB55L0B55L7B55LEB55NIB
679688,55I2G55I3B55IAB55IHB55KMB55KSG55KTB55L0B55L7B
679692,55I3B55IAB55IHB55KMB55KTB55L0B55L7B55LEB55NIB
643447,55I3B55IAB55IHB55KMB55KTB55L0B55L7B55LEB55NIB
827458,55I3B55IAB55IHB55KMB55KTB55L0B55L7B55LEB55NIB
640078,55I2G55I3B55IAB55IHB55KMB55KSG55KTB55L0B55L7B
645395,55I2G55I3B55IAB55IHB55KMB55KSG55KTB55L0B55L7B
645393,55I3B55IAB55IHB55KMB55KTB55L0B55L7B55LEB55NIB
823035,55I3B55IAB55IHB55KMB55KTB55L0B55L7B55LEB55NIB
645388,55I2G55I3B55IAB55IHB55KMB55KSG55KTB55L0B55L7B
645385,55I3B55IAB55IHB55KMB55KTB55L0B55L7B55LEB55NIB
645405,55I3B55IAB55IHB55KMB55KTB55L0B55L7B55LEB55NIB
823039,55I3B55IAB55IHB55KMB55KTB55L0B55L7B55LEB55NIB
907520,55I3B55IAB55IHB55KMB55KTB55L0B55L7B55LEB55NIB
640010,55I3B55IAB55IHB55KMB55KTB55L0B55L7B55LEB55NIB
645488,55I3B55IAB55IHB55KMB55KTB55L0B55L7B55LEB55NIB
640034,55I3B55IAB55IHB55KMB55KTB55L0B55L7B55LEB55NIB
640025,55I3B55IAB55IHB55KMB55KTB55L0B55L7B55LEB55NIB
683148,55I3B55IAB55IHB55KMB55KTB55L0B55L7B55LEB55NIB
681501,55I3B55IAB55IHB55KMB55KTB55L0B55L7B55LEB55NIB
681507,55I3B55IAB55IHB55KMB55KTB55L0B55L7B55LEB55NIB
681505,55I2G55I3B55IAB55IHB55KMB55KSG55KTB55L0B55L7B
681493,55I3B55IAB55IHB55KMB55KTB55L0B55L7B55LEB55NIB
1052703,55I2G55I3B55IAB55IHB55KMB55KSG55KTB55L0B55L7B
681497,55I3B55IAB55IHB55KMB55KTB55L0B55L7B55LEB55NIB
645410,55I2G55I3B55IAB55IHB55KMB55KSG55KTB55L0B55L7B
645397,55I2G55I3B55IAB55IHB55KMB55KSG55KTB55L0B55L7B
741267,55I3B55IAB55IHB55KMB55KTB55L0B55L7B55LEB55NIB
645132,55I3B55IAB55IHB55KMB55KTB55L0B55L7B55LEB55NIB
645136,55I2G55I3B55IAB55IHB55KMB55KSG55KTB55L0B55L7B
645139,55I3B55IAB55IHB55KMB55KTB55L0B55L7B55LEB55NIB
645162,55I3B55IAB55IHB55KMB55KTB55L0B55L7B55LEB55NIB
741272,55I2G55I3B55IAB55IHB55KMB55KSG55KTB55L0B55L7B
681487,55I3B55IAB55IHB55KMB55KTB55L0B55L7B55LEB55NIB
645153,55I3B55IAB55IHB55KMB55KTB55L0B55L7B55LEB55NIB
645156,55I3B55IAB55IHB55KMB55KTB55L0B55L7B55LEB55NIB
681537,55I3B55IAB55IHB55KMB55KTB55L0B55L7B55LEB55NIB
683153,55I3B55IAB55IHB55KMB55KTB55L0B55L7B55LEB55NIB
830621,55I2G55I3B55IAB55IHB55KMB55KSG55KTB55L0B55L7B
681522,55I2G55I3B55IAB55IHB55KMB55KSG55KTB55L0B55L7B
621597,55I2G55I3B55IAB55IHB55KMB55KSG55KTB55L0B55L7B
741288,55I3B55IAB55IHB55KMB55KTB55L0B55L7B55LEB55NIB
681513,55I2G55I3B55IAB55IHB55KMB55KSG55KTB55L0B55L7B
681514,55I2G55I3B55IAB55IHB55KMB55KSG55KTB55L0B55L7B
681498,55I3B55IAB55IHB55KMB55KTB55L0B55L7B55LEB55NIB
896208,55I3B55IAB55IHB55KMB55KTB55L0B55L7B55LEB55NIB
821379,55I2G55I3B55IAB55IHB55KMB55KSG55KTB55L0B55L7B
821380,55I3B55IAB55IHB55KMB55KTB55L0B55L7B55LEB55NIB
681532,55I3B55IAB55IHB55KMB55KTB55L0B55L7B55LEB55NIB
681535,55I3B55IAB55IHB55KMB55KTB55L0B55L7B55LEB55NIB
640049,55I3B55IAB55IHB55KMB55KTB55L0B55L7B55LEB55NIB
640052,55I3B55IAB55IHB55KMB55KTB55L0B55L7B55LEB55NIB
640043,55I3B55IAB55IHB55KMB55KTB55L0B55L7B55LEB55NIB
741273,55I3B55IAB55IHB55KMB55KTB55L0B55L7B55LEB55NIB
829022,55I3B55IAB55IHB55KMB55KTB55L0B55L7B55LEB55NIB
645131,55I2G55I3B55IAB55IHB55KMB55KSG55KTB55L0B55L7B
683511,55I3B55IAB55IHB55KMB55KTB55L0B55L7B55LEB55NIB
683515,55I3B55IAB55IHB55KMB55KTB55L0B55L7B55LEB55NIB
1039447,55I3B55IAB55IHB55KMB55KTB55L0B55L7B55LEB55NIB
741278,55I2G55I3B55IAB55IHB55KMB55KSG55KTB55L0B55L7B
683504,55I3B55IAB55IHB55KMB55KTB55L0B55L7B55LEB55NIB
683506,55I3B55IAB55IHB55KMB55KTB55L0B55L7B55LEB55NIB
683505,55I2G55I3B55IAB55IHB55KMB55KSG55KTB55L0B55L7B
683538,55I2G55I3B55IAB55IHB55KMB55KSG55KTB55L0B55L7B
683542,55I2G55I3B55IAB55IHB55KMB55KSG55KTB55L0B55L7B
683540,55I3B55IAB55IHB55KMB55KTB55L0B55L7B55LEB55NIB
683524,55I2G55I3B55IAB55IHB55KMB55KSG55KTB55L0B55L7B
683530,55I2G55I3B55IAB55IHB55KMB55KSG55KTB55L0B55L7B
639733,55I3B55IAB55IHB55KMB55KTB55L0B55L7B55LEB55NIB
639731,55I3B55IAB55IHB55KMB55KTB55L0B55L7B55LEB55NIB
859957,55I2G55I3B55IAB55IHB55KMB55KSG55KTB55L0B55L7B
741276,55I2G55I3B55IAB55IHB55KMB55KSG55KTB55L0B55L7B
639727,55I3B55IAB55IHB55KMB55KTB55L0B55L7B55LEB55NIB
639724,55I2G55I3B55IAB55IHB55KMB55KSG55KTB55L0B55L7B
683500,55I3B55IAB55IHB55KMB55KTB55L0B55L7B55LEB55NIB
683496,55I3B55IAB55IHB55KMB55KTB55L0B55L7B55LEB55NIB
683492,55I2G55I3B55IAB55IHB55KMB55KSG55KTB55L0B55L7B
641444,55I3B55IAB55IHB55KMB55KTB55L0B55L7B55LEB55NIB
625580,55I3B55IAB55IHB55KMB55KTB55L0B55L7B55LEB55NIB
683177,55I3B55IAB55IHB55KMB55KTB55L0B55L7B55LEB55NIB
641447,55I3B55IAB55IHB55KMB55KTB55L0B55L7B55LEB55NIB
1013571,55I2G55I3B55IAB55IHB55KMB55KSG55KTB55L0B55L7B
974015,55I3B55IAB55IHB55KMB55KTB55L0B55L7B55LEB55NIB
974018,55I2G55I3B55IAB55IHB55KMB55KSG55KTB55L0B55L7B
973999,55I2G55I3B55IAB55IHB55KMB55KSG55KTB55L0B55L7B
974005,55I3B55IAB55IHB55KMB55KTB55L0B55L7B55LEB55NIB
974002,55I3B55IAB55IHB55KMB55KTB55L0B55L7B55LEB55NIB
740034,55I3B55IAB55IHB55KMB55KTB55L0B55L7B55LEB55NIB
863425,55I3B55IAB55IHB55KMB55KTB55L0B55L7B55LEB55NIB
863421,55I3B55IAB55IHB55KMB55KTB55L0B55L7B55LEB55NIB
999431,55I3B55IAB55IHB55KMB55KTB55L0B55L7B55LEB55NIB
683162,55I3B55IAB55IHB55KMB55KTB55L0B55L7B55LEB55NIB
861239,55I3B55IAB55IHB55KMB55KTB55L0B55L7B55LEB55NIB
683893,55I3B55IAB55IHB55KMB55KTB55L0B55L7B55LEB55NIB
683551,55I3B55IAB55IHB55KMB55KTB55L0B55L7B55LEB55NIB
683547,55I3B55IAB55IHB55KMB55KTB55L0B55L7B55LEB55NIB
683550,55I2G55I3B55IAB55IHB55KMB55KSG55KTB55L0B55L7B
683167,55I3B55IAB55IHB55KMB55KTB55L0B55L7B55LEB55NIB
865125,55I3B55IAB55IHB55KMB55KTB55L0B55L7B55LEB55NIB
908632,55I2G55I3B55IAB55IHB55KMB55KSG55KTB55L0B55L7B
864169,55I3B55IAB55IHB55KMB55KTB55L0B55L7B55LEB55NIB
681858,55I3B55IAB55IHB55KMB55KTB55L0B55L7B55LEB55NIB
1036809,55I3B55IAB55IHB55KMB55KTB55L0B55L7B55LEB55NIB
832675,55I3B55IAB55IHB55KMB55KTB55L0B55L7B55LEB55NIB
683892,55I3B55IAB55IHB55KMB55KTB55L0B55L7B55LEB55NIB
973669,55I3B55IAB55IHB55KMB55KTB55L0B55L7B55LEB55NIB
973992,55I3B55IAB55IHB55KMB55KTB55L0B55L7B55LEB55NIB
1108405,55I2G55KSG55NHG55Q7G
741279,55I2G55I3B55IAB55IHB55KMB55KSG55KTB55L0B55L7B
973662,55I3B55IAB55IHB55KMB55KTB55L0B55L7B55LEB55NIB
1129147,55I3B55IAB55IHB55KMB55KTB55L0B55L7B55LEB55NIB
1119683,55I3B55IAB55IHB55KMB55KTB55L0B55L7B55LEB55NIB
1119684,55I3B55IAB55IHB55KMB55KTB55L0B55L7B55LEB55NIB
1021812,55I2B55I9G55IGB55KLG55KSB55KZG55L6B55LDG55NHB
981623,55I1R55I2B55I9G55IFR55IGB55KLG55KRR55KSB55KZG
981619,55I1R55I2B55I9G55IFR55IGB55KLG55KRR55KSB55KZG
981625,55I1R55I2B55I9G55IFR55IGB55KLG55KRR55KSB55KZG
981591,55I1R55I2B55I9G55IFR55IGB55KLG55KRR55KSB55KZG
981595,55I1R55I2B55I9G55IFR55IGB55KLG55KRR55KSB55KZG
981589,55I2B55I9G55IGB55KLG55KSB55KZG55L6B55LDG55NHB
981602,55I2B55I9G55IGB55KLG55KSB55KZG55L6B55LDG55NHB
981609,55I1R55I2B55I9G55IFR55IGB55KLG55KRR55KSB55KZG
1005578,55I1R55I2B55I9G55IFR55IGB55KLG55KRR55KSB55KZG
860602,55I1R55I2B55I9G55IFR55IGB55KLG55KRR55KSB55KZG
998795,55I1R55I2B55I9G55IFR55IGB55KLG55KRR55KSB55KZG
860603,55I2B55I9G55IGB55KLG55KSB55KZG55L6B55LDG55NHB
981650,55I2B55I9G55IGB55KLG55KSB55KZG55L6B55LDG55NHB
860606,55I1R55I2B55I9G55IFR55IGB55KLG55KRR55KSB55KZG
978762,55I2B55I9G55IGB55KLG55KSB55KZG55L6B55LDG55NHB
978764,55I1R55I2B55I9G55IFR55IGB55KLG55KRR55KSB55KZG
981654,55I1R55I2B55I9G55IFR55IGB55KLG55KRR55KSB55KZG
981629,55I1R55I2B55I9G55IFR55IGB55KLG55KRR55KSB55KZG
981645,55I1R55I2B55I9G55IFR55IGB55KLG55KRR55KSB55KZG
1047836,55I1R55I2B55I9G55IFR55IGB55KLG55KRR55KSB55KZG
981641,55I1R55I2B55I9G55IFR55IGB55KLG55KRR55KSB55KZG
981614,55I1R55I2B55I9G55IFR55IGB55KLG55KRR55KSB55KZG
1018976,55I2B55I9G55IGB55KLG55KSB55KZG55L6B55LDG55NHB
662593,55I1R55I2B55I9G55IFR55IGB55KLG55KRR55KSB55KZG
981621,55I1R55I2B55I9G55IFR55IGB55KLG55KRR55KSB55KZG
1019043,55I1G55I7R55I8B55IFG55ILR55IMB55KRG55KXR55KYB
814562,55I1G55I7R55I8B55IFG55ILR55IMB55KRG55KXR55KYB
814559,55I1G55I7R55I8B55IFG55ILR55IMB55KRG55KXR55KYB
813564,55I1G55I7R55I8B55IFG55ILR55IMB55KRG55KXR55KYB
905471,55I1G55I7R55I8B55IFG55ILR55IMB55KRG55KXR55KYB
813563,55I1G55I7R55I8B55IFG55ILR55IMB55KRG55KXR55KYB
814543,55I1G55I7R55I8B55IFG55ILR55IMB55KRG55KXR55KYB
894149,55I1G55I7R55I8B55IFG55ILR55IMB55KRG55KXR55KYB
894151,55I1G55I7R55I8B55IFG55ILR55IMB55KRG55KXR55KYB
894154,55I1G55I7R55I8B55IFG55ILR55IMB55KRG55KXR55KYB
660772,55I1G55I7R55I8B55IFG55ILR55IMB55KRG55KXR55KYB
1028658,55I1G55I7R55I8B55IFG55ILR55IMB55KRG55KXR55KYB
663639,55I1G55I7R55I8B55IFG55ILR55IMB55KRG55KXR55KYB
664907,55I1G55I7R55I8B55IFG55ILR55IMB55KRG55KXR55KYB
896309,55I1G55I7R55I8B55IFG55ILR55IMB55KRG55KXR55KYB
663640,55I1G55I8B55IFG55IMB55KRG55KYB55L5G55LCB55NGG
895041,55I1G55I7R55I8B55IFG55ILR55IMB55KRG55KXR55KYB
814553,55I1G55I7R55I8B55IFG55ILR55IMB55KRG55KXR55KYB
1047750,55I1G55I7R55I8B55IFG55ILR55IMB55KRG55KXR55KYB
895040,55I1G55I7R55I8B55IFG55ILR55IMB55KRG55KXR55KYB
814534,55I1G55I7R55I8B55IFG55ILR55IMB55KRG55KXR55KYB
814530,55I1G55I7R55I8B55IFG55ILR55IMB55KRG55KXR55KYB
814536,55I1G55I7R55I8B55IFG55ILR55IMB55KRG55KXR55KYB
814540,55I1G55I7R55I8B55IFG55ILR55IMB55KRG55KXR55KYB
814527,55I1G55I7R55I8B55IFG55ILR55IMB55KRG55KXR55KYB
813568,55I1G55I7R55I8B55IFG55ILR55IMB55KRG55KXR55KYB
813571,55I1G55I7R55I8B55IFG55ILR55IMB55KRG55KXR55KYB
950223,55I1G55I7R55I8B55IFG55ILR55IMB55KRG55KXR55KYB
892891,55I5G55ICB55IJG55KOB55KVG55L2B55L9G55NDB55NKG
644756,55I5G55ICB55IJG55KOB55KVG55L2B55L9G55NDB55NKG
892911,55I5G55ICB55IJG55KOB55KVG55L2B55L9G55NDB55NKG
851031,55I5G55ICB55IJG55KOB55KVG55L2B55L9G55NDB55NKG
1009693,55I5G55ICB55IJG55KOB55KVG55L2B55L9G55NDB55NKG
998391,55I5G55ICB55IJG55KOB55KVG55L2B55L9G55NDB55NKG
643081,55I5G55ICB55IJG55KOB55KVG55L2B55L9G55NDB55NKG
891183,55I5G55IAR55ICB55IJG55KMR55KOB55KVG55L0R55L2B
891194,55I5G55IAR55ICB55IJG55KMR55KOB55KVG55L0R55L2B
821358,55I5G55ICB55IJG55KOB55KVG55L2B55L9G55NDB55NKG
703104,55I5G55IAR55ICB55IJG55KMR55KOB55KVG55L0R55L2B
889834,55I5G55IAR55ICB55IJG55KMR55KOB55KVG55L0R55L2B
903075,55I5G55IAR55ICB55IJG55KMR55KOB55KVG55L0R55L2B
891610,55I5G55IAR55ICB55IJG55KMR55KOB55KVG55L0R55L2B
891555,55I5G55IAR55ICB55IJG55KMR55KOB55KVG55L0R55L2B
891576,55I5G55IAR55ICB55IJG55KMR55KOB55KVG55L0R55L2B
825190,55I5G55IAR55ICB55IJG55KMR55KOB55KVG55L0R55L2B
846382,55I5G55IAR55ICB55IJG55KMR55KOB55KVG55L0R55L2B
851036,55I5G55IAR55ICB55IJG55KMR55KOB55KVG55L0R55L2B
892934,55I5G55IAR55ICB55IJG55KMR55KOB55KVG55L0R55L2B
643085,55I5G55ICB55IJG55KOB55KVG55L2B55L9G55NDB55NKG
892935,55I5G55IAR55ICB55IJG55KMR55KOB55KVG55L0R55L2B
851027,55I5G55IAR55ICB55IJG55KMR55KOB55KVG55L0R55L2B
1004714,55I5G55IAR55ICB55IJG55KMR55KOB55KVG55L0R55L2B
892931,55I5G55IAR55ICB55IJG55KMR55KOB55KVG55L0R55L2B
892906,55I5G55IAR55ICB55IJG55KMR55KOB55KVG55L0R55L2B
851033,55I5G55IAR55ICB55IJG55KMR55KOB55KVG55L0R55L2B
891182,55I5G55IAR55ICB55IJG55KMR55KOB55KVG55L0R55L2B
891199,55I5G55IAR55ICB55IJG55KMR55KOB55KVG55L0R55L2B
846375,55I5G55IAR55ICB55IJG55KMR55KOB55KVG55L0R55L2B
848059,55I5G55IAR55ICB55IJG55KMR55KOB55KVG55L0R55L2B
892881,55I5G55IAR55ICB55IJG55KMR55KOB55KVG55L0R55L2B
644400,55I5G55ICB55IJG55KOB55KVG55L2B55L9G55NDB55NKG
859772,55I5G55IAR55ICB55IJG55KMR55KOB55KVG55L0R55L2B
846776,55I5G55IAR55ICB55IJG55KMR55KOB55KVG55L0R55L2B
998371,55I5G55IAR55ICB55IJG55KMR55KOB55KVG55L0R55L2B
703115,55I5G55IAR55ICB55IJG55KMR55KOB55KVG55L0R55L2B
1023900,55I5G55IAR55ICB55IJG55KMR55KOB55KVG55L0R55L2B
848054,55I5G55IAR55ICB55IJG55KMR55KOB55KVG55L0R55L2B
848060,55I5G55IAR55ICB55IJG55KMR55KOB55KVG55L0R55L2B
703114,55I5G55IAR55ICB55IJG55KMR55KOB55KVG55L0R55L2B
891169,55I5G55IAR55ICB55IJG55KMR55KOB55KVG55L0R55L2B
846386,55I5G55IAR55ICB55IJG55KMR55KOB55KVG55L0R55L2B
891198,55I5G55IAR55ICB55IJG55KMR55KOB55KVG55L0R55L2B
901749,55I5G55IAR55ICB55IJG55KMR55KOB55KVG55L0R55L2B
891209,55I5G55IAR55ICB55IJG55KMR55KOB55KVG55L0R55L2B
998369,55I5G55IAR55ICB55IJG55KMR55KOB55KVG55L0R55L2B
703102,55I5G55IAR55ICB55IJG55KMR55KOB55KVG55L0R55L2B
845493,55I5G55IAR55ICB55IJG55KMR55KOB55KVG55L0R55L2B
703117,55I5G55IAR55ICB55IJG55KMR55KOB55KVG55L0R55L2B
892896,55I5G55IAR55ICB55ICB55IJG55KMR55KOB55KOB55KVG
892929,55I5G55IAR55ICB55IJG55KMR55KOB55KVG55L0R55L2B
901750,55I5G55ICB55IJG55KOB55KVG55L2B55L9G55NDB55NKG
892919,55I5G55IAR55ICB55IJG55KMR55KOB55KVG55L0R55L2B
845489,55I5G55ICB55IJG55KOB55KVG55L2B55L9G55NDB55NKG
644411,55I5G55ICB55IJG55KOB55KVG55L2B55L9G55NDB55NKG
1000659,55I5G55IAR55ICB55IJG55KMR55KOB55KVG55L0R55L2B
891477,55I5G55IAR55ICB55IJG55KMR55KOB55KVG55L0R55L2B
891464,55I5G55IAR55ICB55IJG55KMR55KOB55KVG55L0R55L2B
891466,55I5G55IAR55ICB55IJG55KMR55KOB55KVG55L0R55L2B
891498,55I5G55IAR55ICB55IJG55KMR55KOB55KVG55L0R55L2B
1004716,55I5G55ICB55IJG55KOB55KVG55L2B55L9G55NDB55NKG
785007,55I5G55IAR55ICB55IJG55KMR55KOB55KVG55L0R55L2B
891486,55I5G55IAR55ICB55IJG55KMR55KOB55KVG55L0R55L2B
891500,55I5G55IAR55ICB55IJG55KMR55KOB55KVG55L0R55L2B
861153,55I5G55IAR55ICB55IJG55KMR55KOB55KVG55L0R55L2B
887086,55I5G55IAR55ICB55IJG55KMR55KOB55KVG55L0R55L2B
644394,55I5G55ICB55IJG55KOB55KVG55L2B55L9G55NDB55NKG
887083,55I5G55IAR55ICB55IJG55KMR55KOB55KVG55L0R55L2B
851030,55I5G55ICB55IJG55KOB55KVG55L2B55L9G55NDB55NKG
644753,55I5G55ICB55IJG55KOB55KVG55L2B55L9G55NDB55NKG
647531,55I4G55IBB55IBR55IIG55KNB55KNR55KUG55L1B55L1R
1017281,55I4G55IBB55IBR55IIG55KNB55KNR55KUG55L1B55L1R
787391,55I4G55IBB55IBR55IIG55KNB55KNR55KUG55L1B55L1R
1019278,55I4G55IBB55IBR55IIG55KNB55KNR55KUG55L1B55L1R
782698,55I4G55IBB55IBR55IIG55KNB55KNR55KUG55L1B55L1R
687538,55I4G55IBB55IBR55IIG55KNB55KNR55KUG55L1B55L1R
647516,55I4G55IBB55IBR55IIG55KNB55KNR55KUG55L1B55L1R
864800,55I4G55IBB55IBR55IIG55KNB55KNR55KUG55L1B55L1R
647515,55I4G55IBB55IBR55IIG55KNB55KNR55KUG55L1B55L1R
1017316,55I4G55IBB55IBR55IIG55KNB55KNR55KUG55L1B55L1R
689303,55I4G55IBB55IBR55IIG55KNB55KNR55KUG55L1B55L1R
647514,55I4G55IBB55IBR55IIG55KNB55KNR55KUG55L1B55L1R
864799,55I4G55IBB55IBR55IIG55KNB55KNR55KUG55L1B55L1R
647512,55I4G55IBB55IIG55KNB55KUG55L1B55L8G55LFB55NJG
980708,55I4G55IBB55IBR55IIG55KNB55KNR55KUG55L1B55L1R
864489,55I4G55IBB55IBR55IIG55KNB55KNR55KUG55L1B55L1R
980705,55I4G55IBB55IBR55IIG55KNB55KNR55KUG55L1B55L1R
664331,55I4G55IBB55IBR55IIG55KNB55KNR55KUG55L1B55L1R
980704,55I4G55IBB55IBR55IIG55KNB55KNR55KUG55L1B55L1R
646185,55I4G55IBB55IIG55KNB55KUG55L1B55L8G55LFB55NJG
830449,55I4G55IBB55IBR55IIG55KNB55KNR55KUG55L1B55L1R
810573,55I4G55IBB55IBR55IIG55KNB55KNR55KUG55L1B55L1R
646186,55I4G55IBB55IBR55IIG55KNB55KNR55KUG55L1B55L1R
810569,55I4G55IBB55IBR55IIG55KNB55KNR55KUG55L1B55L1R
860695,55I4G55IBB55IBR55IIG55KNB55KNR55KUG55L1B55L1R
810581,55I4G55IBB55IBR55IIG55KNB55KNR55KUG55L1B55L1R
652780,55I4G55IBB55IBR55IIG55KNB55KNR55KUG55L1B55L1R
810584,55I4G55IBB55IBR55IIG55KNB55KNR55KUG55L1B55L1R
652782,55I4G55IBB55IBR55IIG55KNB55KNR55KUG55L1B55L1R
809473,55I4G55IBB55IBR55IIG55KNB55KNR55KUG55L1B55L1R
689676,55I4G55IBB55IBR55IIG55KNB55KNR55KUG55L1B55L1R
648926,55I4G55IBB55IIG55KNB55KUG55L1B55L8G55LFB55NJG
652778,55I4G55IBB55IIG55KNB55KUG55L1B55L8G55LFB55NJG
689671,55I4G55IBB55IBR55IIG55KNB55KNR55KUG55L1B55L1R
689673,55IBR55KNR55L1R55LFR55NQR55O4R
665645,55I4G55IBB55IBR55IIG55KNB55KNR55KUG55L1B55L1R
980698,55I4G55IBB55IBR55IIG55KNB55KNR55KUG55L1B55L1R
647536,55I4G55IBB55IBR55IIG55KNB55KNR55KUG55L1B55L1R
980690,55I4G55IBB55IBR55IIG55KNB55KNR55KUG55L1B55L1R
980703,55I4G55IBB55IBR55IIG55KNB55KNR55KUG55L1B55L1R
977235,55I4G55IBB55IBR55IIG55KNB55KNR55KUG55L1B55L1R
663983,55I4G55IBB55IBR55IIG55KNB55KNR55KUG55L1B55L1R
1016401,55I4G55IBB55IBR55IIG55KNB55KNR55KUG55L1B55L1R
648924,55I4G55IBB55IBR55IIG55KNB55KNR55KUG55L1B55L1R
810593,55I4G55IBB55IBR55IIG55KNB55KNR55KUG55L1B55L1R
810577,55I4G55IBB55IBR55IIG55KNB55KNR55KUG55L1B55L1R
690496,55I4G55IBB55IBR55IIG55KNB55KNR55KUG55L1B55L1R
690492,55I4G55IBB55IBR55IIG55KNB55KNR55KUG55L1B55L1R
828718,55I4G55IBB55IBR55IIG55KNB55KNR55KUG55L1B55L1R
647537,55I4G55IBB55IBR55IIG55KNB55KNR55KUG55L1B55L1R
690484,55I4G55IBB55IBR55IIG55KNB55KNR55KUG55L1B55L1R
690489,55I4G55IBB55IBR55IIG55KNB55KNR55KUG55L1B55L1R
691033,55I4G55IBB55IBR55IIG55KNB55KNR55KUG55L1B55L1R
691026,55I4G55IBB55IBR55IIG55KNB55KNR55KUG55L1B55L1R
648923,55I4G55IBB55IBR55IIG55KNB55KNR55KUG55L1B55L1R
647518,55I4G55IBB55IBR55IIG55KNB55KNR55KUG55L1B55L1R
861593,55I4G55IBB55IBR55IIG55KNB55KNR55KUG55L1B55L1R
642318,55I1B55I2R55I8G55IFB55IGR55IMG55KRB55KSR55KYG
683494,55I1B55I2R55I8G55IFB55IGR55IMG55KRB55KSR55KYG
642319,55I1B55I2R55I8G55IFB55IGR55IMG55KRB55KSR55KYG
642314,55I1B55I2R55I8G55IFB55IGR55IMG55KRB55KSR55KYG
642311,55I1B55I2R55I8G55IFB55IGR55IMG55KRB55KSR55KYG
642326,55I1B55I2R55I8G55IFB55IGR55IMG55KRB55KSR55KYG
642329,55I1B55I2R55I8G55IFB55IGR55IMG55KRB55KSR55KYG
1001931,55I1B55I2R55I8G55IFB55IGR55IMG55KRB55KSR55KYG
642324,55I1B55I2R55I8G55IFB55IGR55IMG55KRB55KSR55KYG
641430,55I1B55I2R55I8G55IFB55IGR55IMG55KRB55KSR55KYG
642309,55I1B55I2R55I8G55IFB55IGR55IMG55KRB55KSR55KYG
642296,55I1B55I2R55I8G55IFB55IGR55IMG55KRB55KSR55KYG
642299,55I1B55I2R55I8G55IFB55IGR55IMG55KRB55KSR55KYG
644849,55I1B55I2R55I8G55IFB55IGR55IMG55KRB55KSR55KYG
642308,55I1B55I2R55I8G55IFB55IGR55IMG55KRB55KSR55KYG
1036531,55I1B55I2R55I8G55IFB55IGR55IMG55KRB55KSR55KYG
642303,55I1B55I2R55I8G55IFB55IGR55IMG55KRB55KSR55KYG
642298,55I1B55I2R55I8G55IFB55IGR55IMG55KRB55KSR55KYG
641428,55I1B55I2R55I8G55IFB55IGR55IMG55KRB55KSR55KYG
859952,55I1B55I2R55I8G55IFB55IGR55IMG55KRB55KSR55KYG
859951,55I1B55I2R55I8G55IFB55IGR55IMG55KRB55KSR55KYG
642290,55I1B55I2R55I8G55IFB55IGR55IMG55KRB55KSR55KYG
642294,55I1B55I2R55I8G55IFB55IGR55IMG55KRB55KSR55KYG
642292,55I1B55I2R55I8G55IFB55IGR55IMG55KRB55KSR55KYG
642325,55I1B55I2R55I8G55IFB55IGR55IMG55KRB55KSR55KYG
1036532,55I1B55I2R55I8G55IFB55IGR55IMG55KRB55KSR55KYG
642315,55I1B55I2R55I8G55IFB55IGR55IMG55KRB55KSR55KYG
642321,55I1B55I2R55I8G55IFB55IGR55IMG55KRB55KSR55KYG
1142035,55I1B55I2R55I8G55IFB55IGR55IMG55KRB55KSR55KYG
992281,55I1B55I2R55I8G55IFB55IGR55IMG55KRB55KSR55KYG
641423,55I1B55I2R55I8G55IFB55IGR55IMG55KRB55KSR55KYG
1029750,55I1B55I2R55I8G55IFB55IGR55IMG55KRB55KSR55KYG
855947,55I2B55I7R55I9G55IGB55ILR55KLG55KSB55KXR55KZG
813581,55I2B55I7R55I9G55IGB55ILR55KLG55KSB55KXR55KZG
855953,55I2B55I7R55I9G55IGB55ILR55KLG55KSB55KXR55KZG
662370,55I2B55I7R55I9G55IGB55ILR55KLG55KSB55KXR55KZG
1046381,55I2B55I9G55IGB55KLG55KSB55KZG55L6B55LDG55NHB
857533,55I2B55I9G55IGB55KLG55KSB55KZG55L6B55LDG55NHB
852266,55I2B55I7R55I9G55IGB55ILR55KLG55KSB55KXR55KZG
857521,55I2B55I7R55I9G55IGB55ILR55KLG55KSB55KXR55KZG
989926,55I2B55I7R55I9G55IGB55ILR55KLG55KSB55KXR55KZG
857544,55I2B55I7R55I9G55IGB55ILR55KLG55KSB55KXR55KZG
813591,55I2B55I7R55I9G55IGB55ILR55KLG55KSB55KXR55KZG
855956,55I2B55I7R55I9G55IGB55ILR55KLG55KSB55KXR55KZG
857547,55I2B55I7R55I9G55IGB55ILR55KLG55KSB55KXR55KZG
895150,55I2B55I7R55I9G55IGB55ILR55KLG55KSB55KXR55KZG
852254,55I2B55I7R55I9G55IGB55ILR55KLG55KSB55KXR55KZG
855948,55I2B55I7R55I9G55IGB55ILR55KLG55KSB55KXR55KZG
641427,55I1G55I8B55IFG55IMB55KRG55KYB55L5G55LCB55NGG
896209,55I1G55I8B55IFG55IMB55KRG55KYB55L5G55LCB55NGG
962276,55I3B55IAG55IAR55IHB55KMG55KMR55KTB55L0G55L0R
962260,55I3B55IAG55IAR55IHB55KMG55KMR55KTB55L0G55L0R
1008019,55I3B55IAG55IAR55IHB55KMG55KMR55KTB55L0G55L0R
737736,55I3B55IAG55IAR55IHB55KMG55KMR55KTB55L0G55L0R
962257,55I3B55IAG55IAR55IHB55KMG55KMR55KTB55L0G55L0R
962255,55I3B55IAG55IAR55IHB55KMG55KMR55KTB55L0G55L0R
962254,55I3B55IAG55IAR55IHB55KMG55KMR55KTB55L0G55L0R
962271,55I3B55IAG55IAR55IHB55KMG55KMR55KTB55L0G55L0R
962259,55I3B55IAG55IAR55IHB55KMG55KMR55KTB55L0G55L0R
962277,55I3B55IAG55IAR55IHB55KMG55KMR55KTB55L0G55L0R
787842,55I0B55I7G55IAR55IEB55ILG55KMR55KQB55KXG55L0R
843771,55I0B55I7G55IAR55IEB55ILG55KMR55KQB55KXG55L0R
744567,55I0B55I7G55IAR55IEB55ILG55KMR55KQB55KXG55L0R
962273,55I0B55I7G55IAR55IEB55ILG55KMR55KQB55KXG55L0R
737742,55I0B55I7G55IAR55IEB55ILG55KMR55KQB55KXG55L0R
843775,55I0B55I7G55IEB55ILG55KQB55KXG55L4B55LBG55NFB
962270,55I0B55I7G55IAR55IEB55ILG55KMR55KQB55KXG55L0R
1015930,55I0B55I7G55IAR55IEB55ILG55KMR55KQB55KXG55L0R
737741,55I0B55I7G55IAR55IEB55ILG55KMR55KQB55KXG55L0R
957262,55IAG55IAG55IAR55KMG55KMG55KMR55L0G55L0G55L0R
957261,55IAG55IAG55KMG55KMG55L0G55L0G55LEG55LEG55NPG
744458,55I3B55IAG55IAG55IAG55IAR55IHB55KMG55KMG55KMG
957284,55I3B55IAG55IAG55IAR55IHB55KMG55KMG55KMR55KTB
957259,55IAG55IAG55IAR55KMG55KMG55KMR55L0G55L0G55L0R
957283,55IAG55IAG55IAR55KMG55KMG55KMR55L0G55L0G55L0R
957258,55IAG55IAG55IAR55KMG55KMG55KMR55L0G55L0G55L0R
957281,55IAG55IAG55IAR55KMG55KMG55KMR55L0G55L0G55L0R
957280,55IAG55IAG55IAR55KMG55KMG55KMR55L0G55L0G55L0R
962268,55I3B55IAG55IAR55IHB55KMG55KMR55KTB55L0G55L0R
787850,55IAG55IAG55IAR55KMG55KMG55KMR55L0G55L0G55L0R
957264,55IAG55IAG55IAR55KMG55KMG55KMR55L0G55L0G55L0R
957278,55IAG55IAG55IAR55KMG55KMG55KMR55L0G55L0G55L0R
957289,55IAG55IAG55IAR55KMG55KMG55KMR55L0G55L0G55L0R
957277,55IAG55IAG55IAR55KMG55KMG55KMR55L0G55L0G55L0R
957288,55IAG55IAG55IAR55KMG55KMG55KMR55L0G55L0G55L0R
957275,55IAG55IAG55IAR55KMG55KMG55KMR55L0G55L0G55L0R
957286,55IAG55IAG55IAR55KMG55KMG55KMR55L0G55L0G55L0R
957274,55I3B55IAG55IAG55IAR55IHB55KMG55KMG55KMR55KTB
959395,55IAG55IAG55IAR55KMG55KMG55KMR55L0G55L0G55L0R
744463,55IAG55IAG55KMG55KMG55L0G55L0G55LEG55LEG55NPG
957256,55IAG55IAG55IAR55KMG55KMG55KMR55L0G55L0G55L0R
697383,55IAG55IAG55IAR55KMG55KMG55KMR55L0G55L0G55L0R
959059,55IAG55IAG55IAR55KMG55KMG55KMR55L0G55L0G55L0R
828047,55I3B55IAG55IAG55IHB55KMG55KMG55KTB55L0G55L0G
697382,55IAG55IAG55IAR55KMG55KMG55KMR55L0G55L0G55L0R
744452,55I3B55IAG55IAR55IHB55KMG55KMR55KTB55L0G55L0R
959057,55I3B55I3B55IAG55IAG55IAR55IHB55IHB55KMG55KMG
959055,55I3B55I3B55IAG55IAG55IAR55IHB55IHB55KMG55KMG
959053,55I3B55I3B55IAG55IAG55IAR55IHB55IHB55KMG55KMG
959052,55I3B55I3B55IAG55IAG55IAR55IHB55IHB55KMG55KMG
697381,55I3B55I3B55IAG55IAG55IAR55IHB55IHB55KMG55KMG
957271,55IAG55IAG55IAR55KMG55KMG55KMR55L0G55L0G55L0R
959050,55I3B55I3B55IAG55IAG55IAR55IHB55IHB55KMG55KMG
1001768,55I3B55I3B55IAG55IAG55IAR55IHB55IHB55KMG55KMG
959054,55I3B55I3B55IAG55IAG55IAR55IHB55IHB55KMG55KMG
957253,55I3B55I3B55IAG55IAG55IAR55IHB55IHB55KMG55KMG
744456,55I3B55I3B55IAG55IAG55IAR55IHB55IHB55KMG55KMG
1008039,55I3B55IAG55IAR55IHB55KMG55KMR55KTB55L0G55L0R
744457,55I3B55IAG55IAG55IAR55IHB55KMG55KMG55KMR55KTB
957268,55I3B55IAG55IAR55IHB55KMG55KMR55KTB55L0G55L0R
957267,55IAG55IAG55IAR55KMG55KMG55KMR55L0G55L0G55L0R
957265,55I3B55IAG55IAR55IHB55KMG55KMR55KTB55L0G55L0R
982380,55I1R55I3G55IAB55IFR55IHG55KMB55KRR55KTG55L0B
982381,55I1R55I3G55IAB55IFR55IHG55KMB55KRR55KTG55L0B
982382,55I1R55I3G55IAB55IFR55IHG55KMB55KRR55KTG55L0B
705276,55I1R55I3G55IAB55IFR55IHG55KMB55KRR55KTG55L0B
680076,55I1R55I3G55IAB55IFR55IHG55KMB55KRR55KTG55L0B
859960,55I1R55I3G55IAB55IFR55IHG55KMB55KRR55KTG55L0B
973663,55I1R55I3G55IAB55IFR55IHG55KMB55KRR55KTG55L0B
973666,55I3G55IAB55IHG55KMB55KTG55L0B55L7G55LEB55NIG
683894,55I3G55IAB55IHG55KMB55KTG55L0B55L7G55LEB55NIG
973991,55I1R55I3G55IAB55IFR55IHG55KMB55KRR55KTG55L0B
973993,55I1R55I3G55IAB55IFR55IHG55KMB55KRR55KTG55L0B
1013570,55I3G55IAB55IHG55KMB55KTG55L0B55L7G55LEB55NIG
973667,55I3G55IAB55IHG55KMB55KTG55L0B55L7G55LEB55NIG
859953,55I1R55I3G55IAB55IFR55IHG55KMB55KRR55KTG55L0B
683881,55I3G55IAB55IHG55KMB55KTG55L0B55L7G55LEB55NIG
861236,55I3G55IAB55IHG55KMB55KTG55L0B55L7G55LEB55NIG
683548,55I3G55IAB55IHG55KMB55KTG55L0B55L7G55LEB55NIG
861241,55I1R55I3G55IAB55IFR55IHG55KMB55KRR55KTG55L0B
683890,55I3G55IAB55IHG55KMB55KTG55L0B55L7G55LEB55NIG
825967,55I3G55IAB55IHG55KMB55KTG55L0B55L7G55LEB55NIG
861240,55I1R55I3G55IAB55IFR55IHG55KMB55KRR55KTG55L0B
974030,55I1R55I3G55IAB55IFR55IHG55KMB55KRR55KTG55L0B
974024,55I3G55IAB55IHG55KMB55KTG55L0B55L7G55LEB55NIG
908628,55I3G55IAB55IHG55KMB55KTG55L0B55L7G55LEB55NIG
825937,55I1R55I3G55IAB55IFR55IHG55KMB55KRR55KTG55L0B
974037,55I1R55I3G55IAB55IFR55IHG55KMB55KRR55KTG55L0B
974035,55I1R55I3G55IAB55IFR55IHG55KMB55KRR55KTG55L0B
1013572,55I1R55I3G55IAB55IFR55IHG55KMB55KRR55KTG55L0B
863420,55I1R55I3G55IAB55IFR55IHG55KMB55KRR55KTG55L0B
974006,55I1R55I3G55IAB55IFR55IHG55KMB55KRR55KTG55L0B
974009,55I3G55IAB55IHG55KMB55KTG55L0B55L7G55LEB55NIG
661631,55I1R55I3G55IAB55IFR55IHG55KMB55KRR55KTG55L0B
974004,55I1R55I3G55IAB55IFR55IHG55KMB55KRR55KTG55L0B
999430,55I3G55IAB55IHG55KMB55KTG55L0B55L7G55LEB55NIG
974020,55I1R55I3G55IAB55IFR55IHG55KMB55KRR55KTG55L0B
642342,55I1R55I3G55IAB55IFR55IHG55KMB55KRR55KTG55L0B
974011,55I1R55I3G55IAB55IFR55IHG55KMB55KRR55KTG55L0B
683883,55I3G55IAB55IHG55KMB55KTG55L0B55L7G55LEB55NIG
641446,55I3G55IAB55IHG55KMB55KTG55L0B55L7G55LEB55NIG
907508,55I1R55I3G55IAB55IFR55IHG55KMB55KRR55KTG55L0B
641441,55I1R55I3G55IAB55IFR55IHG55KMB55KRR55KTG55L0B
825962,55I1R55I3G55IAB55IFR55IHG55KMB55KRR55KTG55L0B
683493,55I1R55I3G55IAB55IFR55IHG55KMB55KRR55KTG55L0B
1001944,55I1R55I3G55IAB55IFR55IHG55KMB55KRR55KTG55L0B
641439,55I1R55I3G55IAB55IFR55IHG55KMB55KRR55KTG55L0B
639728,55I1R55I3G55IAB55IFR55IHG55KMB55KRR55KTG55L0B
642345,55I3G55IAB55IHG55KMB55KTG55L0B55L7G55LEB55NIG
639723,55I1R55I3G55IAB55IFR55IHG55KMB55KRR55KTG55L0B
641431,55I3G55IAB55IHG55KMB55KTG55L0B55L7G55LEB55NIG
639726,55I1R55I3G55IAB55IFR55IHG55KMB55KRR55KTG55L0B
641435,55I3G55IAB55IHG55KMB55KTG55L0B55L7G55LEB55NIG
703672,55I1R55I3G55IAB55IFR55IHG55KMB55KRR55KTG55L0B
683499,55I1R55I3G55IAB55IFR55IHG55KMB55KRR55KTG55L0B
1049803,55I3G55IAB55IHG55KMB55KTG55L0B55L7G55LEB55NIG
825965,55I1R55I3G55IAB55IFR55IHG55KMB55KRR55KTG55L0B
683526,55I1R55I3G55IAB55IFR55IHG55KMB55KRR55KTG55L0B
683527,55I1R55I3G55IAB55IFR55IHG55KMB55KRR55KTG55L0B
683543,55I1R55I3G55IAB55IFR55IHG55KMB55KRR55KTG55L0B
683539,55I1R55I3G55IAB55IFR55IHG55KMB55KRR55KTG55L0B
642335,55I1R55I3G55IAB55IFR55IHG55KMB55KRR55KTG55L0B
683534,55I1R55I3G55IAB55IFR55IHG55KMB55KRR55KTG55L0B
683516,55I1R55I3G55IAB55IFR55IHG55KMB55KRR55KTG55L0B
683520,55I1R55I3G55IAB55IFR55IHG55KMB55KRR55KTG55L0B
645402,55I1R55I3G55IAB55IFR55IHG55KMB55KRR55KTG55L0B
862393,55I1R55I3G55IAB55IFR55IHG55KMB55KRR55KTG55L0B
640044,55I1R55I3G55IAB55IFR55IHG55KMB55KRR55KTG55L0B
640041,55I1R55I3G55IAB55IFR55IHG55KMB55KRR55KTG55L0B
640053,55I1R55I3G55IAB55IFR55IHG55KMB55KRR55KTG55L0B
641412,55I3G55IAB55IHG55KMB55KTG55L0B55L7G55LEB55NIG
829023,55I1R55I3G55IAB55IFR55IHG55KMB55KRR55KTG55L0B
862395,55I3G55IAB55IHG55KMB55KTG55L0B55L7G55LEB55NIG
640050,55I1R55I3G55IAB55IFR55IHG55KMB55KRR55KTG55L0B
703669,55I1R55I3G55IAB55IFR55IHG55KMB55KRR55KTG55L0B
830607,55I1R55I3G55IAB55IFR55IHG55KMB55KRR55KTG55L0B
681533,55I1R55I3G55IAB55IFR55IHG55KMB55KRR55KTG55L0B
863856,55I1R55I3G55IAB55IFR55IHG55KMB55KRR55KTG55L0B
681860,55I1R55I3G55IAB55IFR55IHG55KMB55KRR55KTG55L0B
681536,55I1R55I3G55IAB55IFR55IHG55KMB55KRR55KTG55L0B
681856,55I3G55IAB55IHG55KMB55KTG55L0B55L7G55LEB55NIG
859949,55I1R55I3G55IAB55IFR55IHG55KMB55KRR55KTG55L0B
1008135,55I1R55I3G55IAB55IFR55IHG55KMB55KRR55KTG55L0B
683168,55I1R55I3G55IAB55IFR55IHG55KMB55KRR55KTG55L0B
683171,55I1R55I3G55IAB55IFR55IHG55KMB55KRR55KTG55L0B
683164,55I1R55I3G55IAB55IFR55IHG55KMB55KRR55KTG55L0B
641408,55I1R55I3G55IAB55IFR55IHG55KMB55KRR55KTG55L0B
1026977,55I2B55I4R55I9G55IGB55IIR55KLG55KSB55KUR55KZG
659530,55I2B55I4R55I9G55IGB55IIR55KLG55KSB55KUR55KZG
626722,55I2B55I4R55I9G55IGB55IIR55KLG55KSB55KUR55KZG
951041,55I2B55I4R55I9G55IGB55IIR55KLG55KSB55KUR55KZG
626715,55I2B55I9G55IGB55KLG55KSB55KZG55L6B55LDG55NHB
626711,55I2B55I4R55I9G55IGB55IIR55KLG55KSB55KUR55KZG
959390,55I3R55I5B55ICG55IHR55IJB55KOG55KTR55KVB55L2G
831070,55I3R55I5B55ICG55IHR55IJB55KOG55KTR55KVB55L2G
957282,55I3R55I5B55ICG55IHR55IJB55KOG55KTR55KVB55L2G
1135830,55I3R55I5B55ICG55IHR55IJB55KOG55KTR55KVB55L2G
957251,55I3R55I5B55ICG55IHR55IJB55KOG55KTR55KVB55L2G
957250,55I3R55I5B55ICG55IHR55IJB55KOG55KTR55KVB55L2G
959396,55I3R55I5B55ICG55IHR55IJB55KOG55KTR55KVB55L2G
697385,55I3R55I5B55ICG55IHR55IJB55KOG55KTR55KVB55L2G
959394,55I3R55I5B55ICG55IHR55IJB55KOG55KTR55KVB55L2G
957254,55I3R55I5B55ICG55IHR55IJB55KOG55KTR55KVB55L2G
697384,55I3R55I5B55ICG55IHR55IJB55KOG55KTR55KVB55L2G
959393,55I3R55I5B55ICG55IHR55IJB55KOG55KTR55KVB55L2G
959391,55I3R55I5B55ICG55IHR55IJB55KOG55KTR55KVB55L2G
844938,55I0R55I5G55ICB55IER55IJG55KOB55KQR55KVG55L2B
818941,55I0R55I5G55ICB55IER55IJG55KOB55KQR55KVG55L2B
844939,55I0R55I5G55ICB55IER55IJG55KOB55KQR55KVG55L2B
828229,55I0R55I5G55ICB55IER55IJG55KOB55KQR55KVG55L2B
799936,55I0R55I5G55ICB55IER55IJG55KOB55KQR55KVG55L2B
844948,55I0R55I5G55ICB55IER55IJG55KOB55KQR55KVG55L2B
844947,55I0R55I5G55ICB55IER55IJG55KOB55KQR55KVG55L2B
843145,55I0R55I5G55ICB55IER55IJG55KOB55KQR55KVG55L2B
1018061,55I0R55I5G55ICB55IER55IJG55KOB55KQR55KVG55L2B
844949,55I0R55I5G55ICB55IER55IJG55KOB55KQR55KVG55L2B
798969,55I5G55ICB55IJG55KOB55KVG55L2B55L9G55NDB55NKG
784431,55I0R55I5G55ICB55IER55IJG55KOB55KQR55KVG55L2B
798972,55I5G55ICB55IJG55KOB55KVG55L2B55L9G55NDB55NKG
843139,55I0R55I5G55ICB55IER55IJG55KOB55KQR55KVG55L2B
798973,55I0R55I5G55ICB55IER55IJG55KOB55KQR55KVG55L2B
798975,55I0R55I5G55ICB55IER55IJG55KOB55KQR55KVG55L2B
843142,55I0R55I5G55ICB55IER55IJG55KOB55KQR55KVG55L2B
740402,55I0R55I5G55ICB55IER55IJG55KOB55KQR55KVG55L2B
797786,55I0R55I5G55ICB55IER55IJG55KOB55KQR55KVG55L2B
740416,55I0R55I5G55ICB55IER55IJG55KOB55KQR55KVG55L2B
844942,55I0R55I5G55ICB55IER55IJG55KOB55KQR55KVG55L2B
844940,55I0R55I5G55ICB55IER55IJG55KOB55KQR55KVG55L2B
844944,55I0R55I5G55ICB55IER55IJG55KOB55KQR55KVG55L2B
882454,55I0B55I7G55IEB55ILG55KQB55KXG55L4B55LBG55NFB
897416,55I0B55I7G55IEB55ILG55KQB55KXG55L4B55LBG55NFB
1132876,55I0B55I7G55IEB55ILG55KQB55KXG55L4B55LBG55NFB
1132877,55I0B55I7G55IEB55ILG55KQB55KXG55L4B55LBG55NFB
819323,55I0B55I7G55I8R55IEB55ILG55IMR55KQB55KXG55KYR
885508,55I0B55I7G55I8R55IEB55ILG55IMR55KQB55KXG55KYR
819386,55I0B55I7G55I8R55IEB55ILG55IMR55KQB55KXG55KYR
696991,55I0B55I7G55IEB55ILG55KQB55KXG55L4B55LBG55NFB
675755,55I0B55I7G55I8R55IEB55ILG55IMR55KQB55KXG55KYR
1125422,55I4B55I5G55IBB55ICG55IIB55IJG55KNB55KOG55KUB
