883415,4388R4389B438GG438MR438NB438UG43AXR43AYB43B5G
950645,4389B438GG438NB438UG43AYB43B5G43BCB43BJG43DOB
705790,4388R4389B438GG438MR438NB438UG43AXR43AYB43B5G
658228,4389B438GG438NB438UG43AYB43B5G43BCB43BJG43DOB
658490,4389B438GG438NB438UG43AYB43B5G43BCB43BJG43DOB
883407,4388R4389B438GG438MR438NB438UG43AXR43AYB43B5G
883410,4388R4389B438GG438MR438NB438UG43AXR43AYB43B5G
883411,4388R4389B438GG438MR438NB438UG43AXR43AYB43B5G
883412,4388R4389B438GG438MR438NB438UG43AXR43AYB43B5G
883434,4388R4389B438GG438MR438NB438UG43AXR43AYB43B5G
658227,4388R4389B438GG438MR438NB438UG43AXR43AYB43B5G
665595,4385B4386R438CG438JB438KR438QG43AUB43AVR43B1G
931397,4385B4386R438CG438JB438KR438QG43AUB43AVR43B1G
1040806,4385B4386R438CG438JB438KR438QG43AUB43AVR43B1G
932753,4385B4386R438JB438KR43AUB43AVR43B8B43B9R43BMB
823618,4385B4386R438CG438JB438KR438QG43AUB43AVR43B1G
881070,4385B4386R438CG438JB438KR438QG43AUB43AVR43B1G
932758,4385B4386R438CG438JB438KR438QG43AUB43AVR43B1G
881207,4385B4386R438CG438JB438KR438QG43AUB43AVR43B1G
820660,4385B4386R438CG438JB438KR438QG43AUB43AVR43B1G
1008281,4385B4386R438CG438JB438KR438QG43AUB43AVR43B1G
879504,4385B4386R438CG438JB438KR438QG43AUB43AVR43B1G
879506,4385B4386R438CG438JB438KR438QG43AUB43AVR43B1G
879510,4385B4386R438CG438JB438KR438QG43AUB43AVR43B1G
879477,4385B4386R438CG438JB438KR438QG43AUB43AVR43B1G
879481,4385B4386R438CG438JB438KR438QG43AUB43AVR43B1G
997417,4385B4386R438CG438JB438KR438QG43AUB43AVR43B1G
879493,4385B4386R438CG438JB438KR438QG43AUB43AVR43B1G
879487,4385B4386R438CG438JB438KR438QG43AUB43AVR43B1G
820656,4385B4386R438CG438JB438KR438QG43AUB43AVR43B1G
879876,4385B4386R438CG438JB438KR438QG43AUB43AVR43B1G
879872,4385B4386R438CG438JB438KR438QG43AUB43AVR43B1G
820653,4385B4386R438CG438JB438KR438QG43AUB43AVR43B1G
820651,4385B4386R438CG438JB438KR438QG43AUB43AVR43B1G
820652,4385B4386R438CG438JB438KR438QG43AUB43AVR43B1G
665591,4385B4386R438CG438JB438KR438QG43AUB43AVR43B1G
1006782,4385B4386R438CG438JB438KR438QG43AUB43AVR43B1G
929705,4385B4386R438CG438JB438KR438QG43AUB43AVR43B1G
929711,4385B4386R438CG438JB438KR438QG43AUB43AVR43B1G
929712,4385B4386R438CG438JB438KR438QG43AUB43AVR43B1G
929717,4385B4386R438CG438JB438KR438QG43AUB43AVR43B1G
929685,4385B4386R438CG438JB438KR438QG43AUB43AVR43B1G
929689,4385B4386R438CG438JB438KR438QG43AUB43AVR43B1G
929700,4385B4386R438CG438JB438KR438QG43AUB43AVR43B1G
782512,4385B4386R438CG438JB438KR438QG43AUB43AVR43B1G
929746,4385B4386R438CG438JB438KR438QG43AUB43AVR43B1G
886203,4385B4386R438CG438JB438KR438QG43AUB43AVR43B1G
886208,4385B4386R438CG438JB438KR438QG43AUB43AVR43B1G
929724,4385B438CG438JB438QG43AUB43B1G43B8B43BFG43BMB
929727,4385B438CG438JB438QG43AUB43B1G43B8B43BFG43BMB
665594,4385B4386R438CG438JB438KR438QG43AUB43AVR43B1G
929731,4385B438CG438JB438QG43AUB43B1G43B8B43BFG43BMB
929733,4385B4386R438CG438JB438KR438QG43AUB43AVR43B1G
1008300,4385B438CG438JB438QG43AUB43B1G43B8B43BFG43BMB
881262,4385B4386R438CG438JB438KR438QG43AUB43AVR43B1G
881265,4385B438CG438JB438QG43AUB43B1G43B8B43BFG43BMB
881267,4385B4386R438CG438JB438KR438QG43AUB43AVR43B1G
821952,4385B438CG438JB438QG43AUB43B1G43B8B43BFG43BMB
1008282,4385B4386R438CG438JB438KR438QG43AUB43AVR43B1G
881246,4385B4386R438CG438JB438KR438QG43AUB43AVR43B1G
720633,4385B4386R438CG438JB438KR438QG43AUB43AVR43B1G
722866,4385B438CG438JB438QG43AUB43B1G43B8B43BFG43BMB
722867,4385B4386R438CG438JB438KR438QG43AUB43AVR43B1G
722868,4385B4386R438CG438JB438KR438QG43AUB43AVR43B1G
722870,4385B4386R438CG438JB438KR438QG43AUB43AVR43B1G
722871,4385B4386R438CG438JB438KR438QG43AUB43AVR43B1G
722872,4385B4386R438CG438JB438KR438QG43AUB43AVR43B1G
722879,4385B4386R438CG438JB438KR438QG43AUB43AVR43B1G
722865,4385B4386R438CG438JB438KR438QG43AUB43AVR43B1G
681835,4389B438FG438GB438NB438UB43AYB43B4G43B5B43BCB
681787,4389B438FG438GB438NB438UB43AYB43B4G43B5B43BCB
681777,4389B438FG438GB438NB438UB43AYB43B4G43B5B43BCB
679794,4389B438FG438GB438NB438UB43AYB43B4G43B5B43BCB
723905,4389B438FG438GB438NB438UB43AYB43B4G43B5B43BCB
724273,4389B438FG438GB438NB438UB43AYB43B4G43B5B43BCB
724257,4389B438FG438GB438NB438UB43AYB43B4G43B5B43BCB
724262,4389B438FG438GB438NB438UB43AYB43B4G43B5B43BCB
724268,4389B438FG438GB438NB438UB43AYB43B4G43B5B43BCB
723908,4389B438FG438GB438NB438UB43AYB43B4G43B5B43BCB
723913,4389B438FG438GB438NB438UB43AYB43B4G43B5B43BCB
700228,4389B438GB438NB438UB43AYB43B5B43BCB43BJB43DOB
681841,4389B438FG438GB438NB438UB43AYB43B4G43B5B43BCB
724306,4389B438FG438GB438NB438UB43AYB43B4G43B5B43BCB
681854,4389B438FG438GB438NB438UB43AYB43B4G43B5B43BCB
820493,4389B438FG438GB438NB438UB43AYB43B4G43B5B43BCB
724278,4389B438FG438GB438NB438UB43AYB43B4G43B5B43BCB
724291,4389B438FG438GB438NB438UB43AYB43B4G43B5B43BCB
700227,4389B438FG438GB438NB438UB43AYB43B4G43B5B43BCB
681793,4389B438FG438GB438NB438UB43AYB43B4G43B5B43BCB
999153,4389B438FG438GB438NB438UB43AYB43B4G43B5B43BCB
821420,4389B438FG438GB438NB438UB43AYB43B4G43B5B43BCB
679805,4389B438FG438GB438NB438UB43AYB43B4G43B5B43BCB
720896,4389B438FG438GB438NB438UB43AYB43B4G43B5B43BCB
720561,4389B438FG438GB438NB438UB43AYB43B4G43B5B43BCB
720874,4389B438FG438GB438NB438UB43AYB43B4G43B5B43BCB
820505,4389B438FG438GB438NB438UB43AYB43B4G43B5B43BCB
720524,4389B438FG438GB438NB438UB43AYB43B4G43B5B43BCB
724313,4389B438FG438GB438NB438UB43AYB43B4G43B5B43BCB
720514,4389B438FG438GB438NB438UB43AYB43B4G43B5B43BCB
720556,4389B438FG438GB438NB438UB43AYB43B4G43B5B43BCB
720528,4389B438FG438GB438NB438UB43AYB43B4G43B5B43BCB
720531,4389B438FG438GB438NB438UB43AYB43B4G43B5B43BCB
820503,4389B438FG438GB438NB438UB43AYB43B4G43B5B43BCB
720511,4389B438FG438GB438NB438UB43AYB43B4G43B5B43BCB
720873,4389B438FG438GB438NB438UB43AYB43B4G43B5B43BCB
700232,4389B438FG438GB438NB438UB43AYB43B4G43B5B43BCB
720879,4389B438FG438GB438NB438UB43AYB43B4G43B5B43BCB
682259,4389B438FG438GB438NB438UB43AYB43B4G43B5B43BCB
724310,4389B438FG438GB438NB438UB43AYB43B4G43B5B43BCB
720533,4389B438FG438GB438NB438UB43AYB43B4G43B5B43BCB
700234,4389B438FG438GB438NB438UB43AYB43B4G43B5B43BCB
999856,4389B438FG438GB438NB438UB43AYB43B4G43B5B43BCB
724319,4389B438FG438GB438NB438UB43AYB43B4G43B5B43BCB
720518,4389B438FG438GB438NB438UB43AYB43B4G43B5B43BCB
720897,4389B438FG438GB438NB438UB43AYB43B4G43B5B43BCB
724337,4389B438FG438GB438NB438UB43AYB43B4G43B5B43BCB
1001394,4389B438FG438GB438NB438UB43AYB43B4G43B5B43BCB
895995,4389B438FG438GB438NB438UB43AYB43B4G43B5B43BCB
1040268,4389B438FG438GB438NB438UB43AYB43B4G43B5B43BCB
1049768,4389B438FG438GB438NB438UB43AYB43B4G43B5B43BCB
1032396,4389B438FG438GB438NB438UB43AYB43B4G43B5B43BCB
681846,4389B438FG438GB438NB438UB43AYB43B4G43B5B43BCB
997127,4386R4388G438FB438KR438MG438TB43AVR43AXG43B4B
844197,4386R4388G438FB438KR438MG438TB43AVR43AXG43B4B
883396,4386R4388G438FB438KR438MG438TB43AVR43AXG43B4B
883372,4388G438FB438MG438TB43AXG43B4B43BBG43BIB43DNG
883370,4388G438FB438MG438TB43AXG43B4B43BBG43BIB43DNG
1011908,4388G438FB438MG438TB43AXG43B4B43BBG43BIB43DNG
883366,4386R4388G438FB438KR438MG438TB43AVR43AXG43B4B
883379,4386R4388G438FB438KR438MG438TB43AVR43AXG43B4B
883374,4386R4388G438FB438KR438MG438TB43AVR43AXG43B4B
883377,4386R4388G438FB438KR438MG438TB43AVR43AXG43B4B
842987,4386R4388G438FB438KR438MG438TB43AVR43AXG43B4B
1014062,4386R4388G438FB438KR438MG438TB43AVR43AXG43B4B
879576,4386R4388G438FB438KR438MG438TB43AVR43AXG43B4B
879571,4386R4388G438FB438KR438MG438TB43AVR43AXG43B4B
665455,4386R4388G438FB438KR438MG438TB43AVR43AXG43B4B
879578,4386R4388G438FB438KR438MG438TB43AVR43AXG43B4B
879581,4386R4388G438FB438KR438MG438TB43AVR43AXG43B4B
884036,4386R4388G438FB438KR438MG438TB43AVR43AXG43B4B
884033,4386R4388G438FB438KR438MG438TB43AVR43AXG43B4B
884025,4386R4388G438FB438KR438MG438TB43AVR43AXG43B4B
884030,4386R4388G438FB438KR438MG438TB43AVR43AXG43B4B
879562,4386R4388G438FB438KR438MG438TB43AVR43AXG43B4B
879558,4386R4388G438FB438KR438MG438TB43AVR43AXG43B4B
884043,4386R4388G438FB438KR438MG438TB43AVR43AXG43B4B
884041,4386R4388G438FB438KR438MG438TB43AVR43AXG43B4B
662908,4386R4388G438FB438KR438MG438TB43AVR43AXG43B4B
879633,4386R4388G438FB438KR438MG438TB43AVR43AXG43B4B
1031767,4388G438FB438MG438TB43AXG43B4B43BBG43BIB43DNG
879628,4386R4388G438FB438KR438MG438TB43AVR43AXG43B4B
879626,4386R4388G438FB438KR438MG438TB43AVR43AXG43B4B
665460,4386R4388G438FB438KR438MG438TB43AVR43AXG43B4B
879639,4386R4388G438FB438KR438MG438TB43AVR43AXG43B4B
879967,4386R4388G438FB438KR438MG438TB43AVR43AXG43B4B
879966,4386R4388G438FB438KR438MG438TB43AVR43AXG43B4B
665462,4386R4388G438FB438KR438MG438TB43AVR43AXG43B4B
879637,4386R4388G438FB438KR438MG438TB43AVR43AXG43B4B
1004089,4386R4388G438FB438KR438MG438TB43AVR43AXG43B4B
879969,4386R4388G438FB438KR438MG438TB43AVR43AXG43B4B
662906,4388G438FB438MG438TB43AXG43B4B43BBG43BIB43DNG
879599,4386R4388G438FB438KR438MG438TB43AVR43AXG43B4B
879596,4386R4388G438FB438KR438MG438TB43AVR43AXG43B4B
879619,4386R4388G438FB438KR438MG438TB43AVR43AXG43B4B
879616,4386R4388G438FB438KR438MG438TB43AVR43AXG43B4B
879615,4386R4388G438FB438KR438MG438TB43AVR43AXG43B4B
824609,4386R4388G438FB438KR438MG438TB43AVR43AXG43B4B
879612,4386R4388G438FB438KR438MG438TB43AVR43AXG43B4B
884038,4386R4388G438FB438KR438MG438TB43AVR43AXG43B4B
1021063,4386R4388G438FB438KR438MG438TB43AVR43AXG43B4B
926877,4386R4388G438FB438KR438MG438TB43AVR43AXG43B4B
926875,4386R4388G438FB438KR438MG438TB43AVR43AXG43B4B
926873,4386R4388G438FB438KR438MG438TB43AVR43AXG43B4B
926871,4386R4388G438FB438KR438MG438TB43AVR43AXG43B4B
926874,4386R4388G438FB438KR438MG438TB43AVR43AXG43B4B
842982,4386R4388G438FB438KR438MG438TB43AVR43AXG43B4B
1036211,4386R4388G438FB438KR438MG438TB43AVR43AXG43B4B
821928,4386R4388G438FB438KR438MG438TB43AVR43AXG43B4B
842979,4386R4388G438FB438KR438MG438TB43AVR43AXG43B4B
1027338,4386R4388G438FB438KR438MG438TB43AVR43AXG43B4B
821170,4386R4387G438EB438KR438LG438SB43AVR43AWG43B3B
883638,4386R4387G438EB438KR438LG438SB43AVR43AWG43B3B
883668,4386R4387G438EB438KR438LG438SB43AVR43AWG43B3B
883666,4385R4388G438FB438JR438MG438TB43AUR43AXG43B4B
883664,4386R4387G438EB438KR438LG438SB43AVR43AWG43B3B
883662,4385R4388G438FB438JR438MG438TB43AUR43AXG43B4B
883659,4386R4387G438EB438KR438LG438SB43AVR43AWG43B3B
884023,4388G438FB438MG438TB43AXG43B4B43BBG43BIB43DNG
884021,4386R4387G438EB438KR438LG438SB43AVR43AWG43B3B
884019,4385R4388G438FB438JR438MG438TB43AUR43AXG43B4B
884018,4386R4387G438EB438KR438LG438SB43AVR43AWG43B3B
662905,4385R4388G438FB438JR438MG438TB43AUR43AXG43B4B
884014,4386R4387G438EB438KR438LG438SB43AVR43AWG43B3B
883658,4385R4388G438FB438JR438MG438TB43AUR43AXG43B4B
661681,4386R4387G438EB438KR438LG438SB43AVR43AWG43B3B
926885,4385R4388G438FB438JR438MG438TB43AUR43AXG43B4B
786013,4386R4387G438EB438KR438LG438SB43AVR43AWG43B3B
926888,4385R4388G438FB438JR438MG438TB43AUR43AXG43B4B
926889,4386R4387G438EB438KR438LG438SB43AVR43AWG43B3B
883654,4385R4388G438FB438JR438MG438TB43AUR43AXG43B4B
883650,4386R4387G438EB438KR438LG438SB43AVR43AWG43B3B
883640,4385R4388G438FB438JR438MG438TB43AUR43AXG43B4B
883645,4386R4387G438EB438KR438LG438SB43AVR43AWG43B3B
884737,4385R4388G438FB438JR438MG438TB43AUR43AXG43B4B
1031752,4386R4387G438EB438KR438LG438SB43AVR43AWG43B3B
927710,4385R4388G438FB438JR438MG438TB43AUR43AXG43B4B
824922,4387G438EB438LG438SB43AWG43B3B43BAG43BHB43DMG
928049,4387G438EB438LG438SB43AWG43B3B43BAG43BHB43DMG
927708,4385R4388G438FB438JR438MG438TB43AUR43AXG43B4B
782592,4387G438EB438LG438SB43AWG43B3B43BAG43BHB43DMG
928052,4387G438EB438LG438SB43AWG43B3B43BAG43BHB43DMG
927698,4385R4388G438FB438JR438MG438TB43AUR43AXG43B4B
928056,4387G438EB438LG438SB43AWG43B3B43BAG43BHB43DMG
1031792,4387G438EB438LG438SB43AWG43B3B43BAG43BHB43DMG
927703,4385R4388G438FB438JR438MG438TB43AUR43AXG43B4B
782593,4387G438EB438LG438SB43AWG43B3B43BAG43BHB43DMG
928068,4387G438EB438LG438SB43AWG43B3B43BAG43BHB43DMG
927704,4385R4388G438FB438JR438MG438TB43AUR43AXG43B4B
661668,4387G438EB438LG438SB43AWG43B3B43BAG43BHB43DMG
928041,4387G438EB438LG438SB43AWG43B3B43BAG43BHB43DMG
928045,4385R4388G438FB438JR438MG438TB43AUR43AXG43B4B
928042,4386R4387G438EB438KR438LG438SB43AVR43AWG43B3B
928037,4385R4388G438FB438JR438MG438TB43AUR43AXG43B4B
927711,4386R4387G438EB438KR438LG438SB43AVR43AWG43B3B
841210,4388G438FB438MG438TB43AXG43B4B43BBG43BIB43DNG
841202,4386R4387G438EB438KR438LG438SB43AVR43AWG43B3B
841206,4385R4388G438FB438JR438MG438TB43AUR43AXG43B4B
841204,4387G438EB438LG438SB43AWG43B3B43BAG43BHB43DMG
841208,4385R4388G438FB438JR438MG438TB43AUR43AXG43B4B
841224,4386R4387G438EB438KR438LG438SB43AVR43AWG43B3B
825514,4388G438FB438MG438TB43AXG43B4B43BBG43BIB43DNG
841218,4386R4387G438EB438KR438LG438SB43AVR43AWG43B3B
841220,4386R4387G438EB438KR438LG438SB43AVR43AWG43B3B
841217,4385R4388G438FB438JR438MG438TB43AUR43AXG43B4B
880166,4386R4387G438EB438KR438LG438SB43AVR43AWG43B3B
841188,4385R4388G438FB438JR438MG438TB43AUR43AXG43B4B
841185,4386R4387G438EB438KR438LG438SB43AVR43AWG43B3B
1024405,4385R4388G438FB438JR438MG438TB43AUR43AXG43B4B
880169,4386R4387G438EB438KR438LG438SB43AVR43AWG43B3B
880170,4385R4388G438FB438JR438MG438TB43AUR43AXG43B4B
841199,4386R4387G438EB438KR438LG438SB43AVR43AWG43B3B
841197,4385R4388G438FB438JR438MG438TB43AUR43AXG43B4B
841192,4385R4388G438FB438JR438MG438TB43AUR43AXG43B4B
873336,4386R4387G438EB438KR438LG438SB43AVR43AWG43B3B
841194,4385R4388G438FB438JR438MG438TB43AUR43AXG43B4B
873335,4386R4387G438EB438KR438LG438SB43AVR43AWG43B3B
927690,4385R4388G438FB438JR438MG438TB43AUR43AXG43B4B
873436,4386R4387G438EB438KR438LG438SB43AVR43AWG43B3B
1025716,4385R4388G438FB438JR438MG438TB43AUR43AXG43B4B
773965,4386R4387G438EB438KR438LG438SB43AVR43AWG43B3B
910559,4385R4388G438FB438JR438MG438TB43AUR43AXG43B4B
872996,4386R4387G438EB438KR438LG438SB43AVR43AWG43B3B
926346,4385R4388G438FB438JR438MG438TB43AUR43AXG43B4B
926337,4385R4388G438FB438JR438MG438TB43AUR43AXG43B4B
926335,4385R4388G438FB438JR438MG438TB43AUR43AXG43B4B
882420,4385R4388G438FB438JR438MG438TB43AUR43AXG43B4B
882418,4385R4388G438FB438JR438MG438TB43AUR43AXG43B4B
823659,4388G438FB438MG438TB43AXG43B4B43BBG43BIB43DNG
882421,4386R4387G438EB438KR438LG438SB43AVR43AWG43B3B
823657,4386R4387G438EB438KR438LG438SB43AVR43AWG43B3B
926334,4386R4387G438EB438KR438LG438SB43AVR43AWG43B3B
926313,4386R4387G438EB438KR438LG438SB43AVR43AWG43B3B
661655,4386R4387G438EB438KR438LG438SB43AVR43AWG43B3B
926317,4386R4387G438EB438KR438LG438SB43AVR43AWG43B3B
932765,4386R4387G438EB438KR438LG438SB43AVR43AWG43B3B
926323,4386R4387G438EB438KR438LG438SB43AVR43AWG43B3B
926331,4386R4387G438EB438KR438LG438SB43AVR43AWG43B3B
661657,4386R4387G438EB438KR438LG438SB43AVR43AWG43B3B
1033171,4387G438EB438LG438SB43AWG43B3B43BAG43BHB43DMG
926321,4386R4387G438EB438KR438LG438SB43AVR43AWG43B3B
926319,4386R4387G438EB438KR438LG438SB43AVR43AWG43B3B
926352,4386R4387G438EB438KR438LG438SB43AVR43AWG43B3B
926388,4386R4387G438EB438KR438LG438SB43AVR43AWG43B3B
926386,4386R4387G438EB438KR438LG438SB43AVR43AWG43B3B
824792,4386R4387G438EB438KR438LG438SB43AVR43AWG43B3B
824879,4387G438EB438LG438SB43AWG43B3B43BAG43BHB43DMG
882453,4386R4387G438EB438KR438LG438SB43AVR43AWG43B3B
782590,4386R4387G438EB438KR438LG438SB43AVR43AWG43B3B
927694,4386R4387G438EB438KR438LG438SB43AVR43AWG43B3B
927697,4386R4387G438EB438KR438LG438SB43AVR43AWG43B3B
1002053,4387G438EB438LG438SB43AWG43B3B43BAG43BHB43DMG
927683,4387G438EB438LG438SB43AWG43B3B43BAG43BHB43DMG
882433,4386R4387G438EB438KR438LG438SB43AVR43AWG43B3B
1033169,4386R4387G438EB438KR438LG438SB43AVR43AWG43B3B
882437,4386R4387G438EB438KR438LG438SB43AVR43AWG43B3B
882425,4386R4387G438EB438KR438LG438SB43AVR43AWG43B3B
882430,4387G438EB438LG438SB43AWG43B3B43BAG43BHB43DMG
882450,4386R4387G438EB438KR438LG438SB43AVR43AWG43B3B
1033170,4386R4387G438EB438KR438LG438SB43AVR43AWG43B3B
882445,4386R4387G438EB438KR438LG438SB43AVR43AWG43B3B
882443,4386R4387G438EB438KR438LG438SB43AVR43AWG43B3B
882440,4386R4387G438EB438KR438LG438SB43AVR43AWG43B3B
884765,4386R4387G438EB438KR438LG438SB43AVR43AWG43B3B
664193,4386R4387G438EB438KR438LG438SB43AVR43AWG43B3B
884731,4386R4387G438EB438KR438LG438SB43AVR43AWG43B3B
884738,4386R4387G438EB438KR438LG438SB43AVR43AWG43B3B
884727,4386R4387G438EB438KR438LG438SB43AVR43AWG43B3B
884724,4386R4387G438EB438KR438LG438SB43AVR43AWG43B3B
884750,4386R4387G438EB438KR438LG438SB43AVR43AWG43B3B
884747,4386R4387G438EB438KR438LG438SB43AVR43AWG43B3B
884744,4386R4387G438EB438KR438LG438SB43AVR43AWG43B3B
664194,4386R4387G438EB438KR438LG438SB43AVR43AWG43B3B
884740,4386R4387G438EB438KR438LG438SB43AVR43AWG43B3B
926506,4386R4387G438EB438KR438LG438SB43AVR43AWG43B3B
926511,4386R4387G438EB438KR438LG438SB43AVR43AWG43B3B
926510,4386R4387G438EB438KR438LG438SB43AVR43AWG43B3B
821168,4386R4387G438EB438KR438LG438SB43AVR43AWG43B3B
661677,4386R4387G438EB438KR438LG438SB43AVR43AWG43B3B
895996,4386R4388G438FB438KR438MG438TB43AVR43AXG43B4B
881303,4388G438FB438MG438TB43AXG43B4B43BBG43BIB43DNG
885386,4388G438FB438MG438TB43AXG43B4B43BBG43BIB43DNG
885388,4388G438FB438MG438TB43AXG43B4B43BBG43BIB43DNG
885391,4388G438FB438MG438TB43AXG43B4B43BBG43BIB43DNG
1045654,4387G438EB438LG438SB43AWG43B3B43BAG43BHB43DMG
825512,4386R4388G438FB438KR438MG438TB43AVR43AXG43B4B
928036,4386R4388G438FB438KR438MG438TB43AVR43AXG43B4B
928039,4386R4388G438FB438KR438MG438TB43AVR43AXG43B4B
661665,4386R4388G438FB438KR438MG438TB43AVR43AXG43B4B
928043,4386R4388G438FB438KR438MG438TB43AVR43AXG43B4B
928046,4386R4388G438FB438KR438MG438TB43AVR43AXG43B4B
956254,4386R4388G438FB438KR438MG438TB43AVR43AXG43B4B
927701,4386R4388G438FB438KR438MG438TB43AVR43AXG43B4B
661663,4386R4388G438FB438KR438MG438TB43AVR43AXG43B4B
993223,4386R4388G438FB438KR438MG438TB43AVR43AXG43B4B
1002054,4386R4388G438FB438KR438MG438TB43AVR43AXG43B4B
661666,4386R4388G438FB438KR438MG438TB43AVR43AXG43B4B
824923,4386R4388G438FB438KR438MG438TB43AVR43AXG43B4B
928064,4386R4388G438FB438KR438MG438TB43AVR43AXG43B4B
880164,4386R4388G438FB438KR438MG438TB43AVR43AXG43B4B
880162,4386R4388G438FB438KR438MG438TB43AVR43AXG43B4B
880163,4386R4388G438FB438KR438MG438TB43AVR43AXG43B4B
928066,4386R4388G438FB438KR438MG438TB43AVR43AXG43B4B
622335,4386R4388G438FB438KR438MG438TB43AVR43AXG43B4B
661667,4386R4388G438FB438KR438MG438TB43AVR43AXG43B4B
1039721,4387G438EB438LG438SB43AWG43B3B43BAG43BHB43DMG
945469,4386R4388G438FB438KR438MG438TB43AVR43AXG43B4B
721136,4387G438EB438LG438SB43AWG43B3B43BAG43BHB43DMG
791405,4386R4387G438EB438KR438LG438SB43AVR43AWG43B3B
895999,4387G438EB438LG438SB43AWG43B3B43BAG43BHB43DMG
1049698,4387G438EB438LG438SB43AWG43B3B43BAG43BHB43DMG
895997,4388G438FB438MG438TB43AXG43B4B43BBG43BIB43DNG
1003811,4386R4387G438EB438KR438LG438SB43AVR43AWG43B3B
825086,4388G438FB438MG438TB43AXG43B4B43BBG43BIB43DNG
1002112,4388G438FB438MG438TB43AXG43B4B43BBG43BIB43DNG
895998,4386R4388G438FB438KR438MG438TB43AVR43AXG43B4B
879600,4386R4388G438FB438KR438MG438TB43AVR43AXG43B4B
926862,4387G438EB438LG438SB43AWG43B3B43BAG43BHB43DMG
990009,4387G438EB438LG438SB43AWG43B3B43BAG43BHB43DMG
991087,438AG438HB438OG438VB43AZG43B6B43BDG43BKB43DPG
942443,4386R4387G438EB438KR438LG438SB43AVR43AWG43B3B
879602,4386R438FB438KR438TB43AVR43B4B43B9R43BIB43DLR
926864,438FB438TB43B4B43BIB43DUB43E8B
942442,4386R4387G438EB438KR438LG438SB43AVR43AWG43B3B
693249,4389B438GG438GR438NB438UG438UR43AYB43B5G43B5R
742695,4389B438GG438GR438NB438UG438UR43AYB43B5G43B5R
649713,4386R4388G438FB438KR438MG438TB43AVR43AXG43B4B
658960,4386R4388G438FB438KR438MG438TB43AVR43AXG43B4B
649711,4386R4388G438FB438KR438MG438TB43AVR43AXG43B4B
950670,4386R4388G438FB438KR438MG438TB43AVR43AXG43B4B
649710,4386R4388G438FB438KR438MG438TB43AVR43AXG43B4B
658961,4386R4388G438FB438KR438MG438TB43AVR43AXG43B4B
859378,4386R4388G438FB438KR438MG438TB43AVR43AXG43B4B
658962,4386R4388G438FB438KR438MG438TB43AVR43AXG43B4B
702088,4386R4388G438FB438KR438MG438TB43AVR43AXG43B4B
981939,4388G438FB438MG438TB43AXG43B4B43BBG43BIB43DNG
652799,4386R4388G438FB438KR438MG438TB43AVR43AXG43B4B
905091,4386R4388G438FB438KR438MG438TB43AVR43AXG43B4B
982755,4386R4388G438FB438KR438MG438TB43AVR43AXG43B4B
652798,4386R4388G438FB438KR438MG438TB43AVR43AXG43B4B
646212,4386R4388G438FB438KR438MG438TB43AVR43AXG43B4B
859716,4386R4388G438FB438KR438MG438TB43AVR43AXG43B4B
782676,4386R4388G438FB438KR438MG438TB43AVR43AXG43B4B
693197,4386R4388G438FB438KR438MG438TB43AVR43AXG43B4B
982775,4386R4388G438FB438KR438MG438TB43AVR43AXG43B4B
859717,4386R4388G438FB438KR438MG438TB43AVR43AXG43B4B
859590,4386R4388G438FB438KR438MG438TB43AVR43AXG43B4B
693201,4386R4388G438FB438KR438MG438TB43AVR43AXG43B4B
807687,4386R4388G438FB438KR438MG438TB43AVR43AXG43B4B
807691,4386R4388G438FB438KR438MG438TB43AVR43AXG43B4B
1027564,4387G438CR438EB438LG438QR438SB43AWG43B1R43B3B
1037845,4387G438CR438EB438LG438QR438SB43AWG43B1R43B3B
725402,4387G438CR438EB438LG438QR438SB43AWG43B1R43B3B
725408,4387G438CR438EB438LG438QR438SB43AWG43B1R43B3B
1046179,4389G438GB438NG438UB43AYG43B5B43BCG43BJB43DOG
723335,4389G438GB438NG438UB43AYG43B5B43BCG43BJB43DOG
721998,4387G438CR438EB438LG438QR438SB43AWG43B1R43B3B
723339,4389G438GB438NG438UB43AYG43B5B43BCG43BJB43DOG
1027904,4389G438GB438NG438UB43AYG43B5B43BCG43BJB43DOG
723330,4389G438GB438NG438UB43AYG43B5B43BCG43BJB43DOG
946189,4387G438CR438EB438LG438QR438SB43AWG43B1R43B3B
725413,4387G438CR438EB438LG438QR438SB43AWG43B1R43B3B
914528,4385R4389G438GB438JR438NG438UB43AUR43AYG43B5B
916717,4385R4389G438GB438JR438NG438UB43AUR43AYG43B5B
662151,4385R4389G438GB438JR438NG438UB43AUR43AYG43B5B
913259,4389G438GB438NG438UB43AYG43B5B43BCG43BJB43DOG
697536,4385R4389G438GB438JR438NG438UB43AUR43AYG43B5B
914525,4385R4389G438GB438JR438NG438UB43AUR43AYG43B5B
914527,4385R4389G438GB438JR438NG438UB43AUR43AYG43B5B
951445,4389G438GB438NG438UB43AYG43B5B43BCG43BJB43DOG
916669,4385R4389G438GB438JR438NG438UB43AUR43AYG43B5B
916681,4385R4389G438GB438JR438NG438UB43AUR43AYG43B5B
913320,4389G438GB438NG438UB43AYG43B5B43BCG43BJB43DOG
697856,4385R4389G438GB438JR438NG438UB43AUR43AYG43B5B
913322,4385R4389G438GB438JR438NG438UB43AUR43AYG43B5B
662150,4389G438GB438NG438UB43AYG43B5B43BCG43BJB43DOG
912852,4385R4389G438GB438JR438NG438UB43AUR43AYG43B5B
913325,4385R4389G438GB438JR438NG438UB43AUR43AYG43B5B
913326,4385R4389G438GB438JR438NG438UB43AUR43AYG43B5B
702465,4385R4389G438GB438JR438NG438UB43AUR43AYG43B5B
913650,4385R4389G438GB438JR438NG438UB43AUR43AYG43B5B
913652,4385R4389G438GB438JR438NG438UB43AUR43AYG43B5B
697858,4385R4389G438GB438JR438NG438UB43AUR43AYG43B5B
912840,4385R4389G438GB438JR438NG438UB43AUR43AYG43B5B
913305,4385R4389G438GB438JR438NG438UB43AUR43AYG43B5B
660027,4385R4389G438GB438JR438NG438UB43AUR43AYG43B5B
913306,4385R4389G438GB438JR438NG438UB43AUR43AYG43B5B
912838,4389G438GB438NG438UB43AYG43B5B43BCG43BJB43DOG
912839,4385R4389G438GB438JR438NG438UB43AUR43AYG43B5B
912851,4385R4389G438GB438JR438NG438UB43AUR43AYG43B5B
912841,4385R4389G438GB438JR438NG438UB43AUR43AYG43B5B
806320,4385G4385R438CB438JG438JR438QB43AUG43AUR43B1B
1016423,4385G438CB438JG438QB43AUG43B1B43B8G43BFB43BMG
806323,4385G438CB438JG438QB43AUG43B1B43B8G43BFB43BMG
806324,4385G438CB438JG438QB43AUG43B1B43B8G43BFB43BMG
900653,4385G438CB438JG438QB43AUG43B1B43B8G43BFB43BMG
689030,4385G438CB438JG438QB43AUG43B1B43B8G43BFB43BMG
646838,4385G438CB438JG438QB43AUG43B1B43B8G43BFB43BMG
646836,4385G438CB438JG438QB43AUG43B1B43B8G43BFB43BMG
664675,4385G438CB438JG438QB43AUG43B1B43B8G43BFB43BMG
900656,4385G4385R438CB438JG438JR438QB43AUG43AUR43B1B
689039,4385G4385R438CB438JG438JR438QB43AUG43AUR43B1B
689038,4385G4385R438CB438JG438JR438QB43AUG43AUR43B1B
700929,4385G438CB438JG438QB43AUG43B1B43B8G43BFB43BMG
900655,4385G4385R438CB438JG438JR438QB43AUG43AUR43B1B
689035,4385G4385R438CB438JG438JR438QB43AUG43AUR43B1B
689034,4385G4385R438CB438JG438JR438QB43AUG43AUR43B1B
1006820,4385G4385R438CB438JG438JR438QB43AUG43AUR43B1B
652063,4385G4385R438CB438JG438JR438QB43AUG43AUR43B1B
652077,4385G4385R438CB438JG438JR438QB43AUG43AUR43B1B
646745,4385G4385R438CB438JG438JR438QB43AUG43AUR43B1B
646743,4385G4385R438CB438JG438JR438QB43AUG43AUR43B1B
860730,4385G4385R438CB438JG438JR438QB43AUG43AUR43B1B
646740,4385G4385R438CB438JG438JR438QB43AUG43AUR43B1B
646746,4385G4385R438CB438JG438JR438QB43AUG43AUR43B1B
646737,4385G4385R438CB438JG438JR438QB43AUG43AUR43B1B
700922,4385G4385R438CB438JG438JR438QB43AUG43AUR43B1B
881073,4386R4389B438GG438KR438NB438UG43AVR43AYB43B5G
880738,4386R4389B438GG438KR438NB438UG43AVR43AYB43B5G
703608,4386R4389B438GG438KR438NB438UG43AVR43AYB43B5G
931396,4389B438GG438NB438UG43AYB43B5G43BCB43BJG43DOB
663408,4386R4389B438GG438KR438NB438UG43AVR43AYB43B5G
931410,4386R4389B438GG438KR438NB438UG43AVR43AYB43B5G
886212,4386R4389B438GG438KR438NB438UG43AVR43AYB43B5G
931389,4386R4389B438GG438KR438NB438UG43AVR43AYB43B5G
782537,4386R4389B438GG438KR438NB438UG43AVR43AYB43B5G
997171,4389B438GG438NB438UG43AYB43B5G43BCB43BJG43DOB
931448,4386R4389B438GG438KR438NB438UG43AVR43AYB43B5G
662185,4386R4389B438GG438KR438NB438UG43AVR43AYB43B5G
896001,4385G438CB438JG438QB43AUG43B1B43B8G43BFB43BMG
896002,4385G438CB438JG438QB43AUG43B1B43B8G43BFB43BMG
896003,4385G438CB438JG438QB43AUG43B1B43B8G43BFB43BMG
896004,4385G438CB438JG438QB43AUG43B1B43B8G43BFB43BMG
931420,4385G4385R438CB438JG438JR438QB43AUG43AUR43B1B
931400,4385G4385R438CB438JG438JR438QB43AUG43AUR43B1B
932750,4385G4385R438CB438JG438JR438QB43AUG43AUR43B1B
880740,4385G4385R438CB438JG438JR438QB43AUG43AUR43B1B
932760,4385G4385R438CB438JG438JR438QB43AUG43AUR43B1B
931478,4385G4385R438CB438JG438JR438QB43AUG43AUR43B1B
776998,4385G4385R438CB438JG438JR438QB43AUG43AUR43B1B
823493,4385G4385R438CB438JG438JR438QB43AUG43AUR43B1B
776994,4385G4385R438CB438JG438JR438QB43AUG43AUR43B1B
842145,4385G4385R438CB438JG438JR438QB43AUG43AUR43B1B
842143,4385G4385R438CB438JG438JR438QB43AUG43AUR43B1B
842136,4385G4385R438CB438JG438JR438QB43AUG43AUR43B1B
784580,4385G4385R438CB438JG438JR438QB43AUG43AUR43B1B
1000567,4385G4385R438CB438JG438JR438QB43AUG43AUR43B1B
880136,4385G4385R438CB438JG438JR438QB43AUG43AUR43B1B
784581,4385G438CB438JG438QB43AUG43B1B43B8G43BFB43BMG
881121,4385G4385R438CB438JG438JR438QB43AUG43AUR43B1B
881124,4385G4385R438CB438JG438JR438QB43AUG43AUR43B1B
1014461,4385G438CB438JG438QB43AUG43B1B43B8G43BFB43BMG
884616,4385G4385R438CB438JG438JR438QB43AUG43AUR43B1B
885353,4385G4385R438CB438JG438JR438QB43AUG43AUR43B1B
703585,4385R4389G438GB438JR438NG438UB43AUR43AYG43B5B
881135,4385R4389G438GB438JR438NG438UB43AUR43AYG43B5B
823498,4385R4389G438GB438JR438NG438UB43AUR43AYG43B5B
823499,4385R4389G438GB438JR438NG438UB43AUR43AYG43B5B
879783,4385R4389G438GB438JR438NG438UB43AUR43AYG43B5B
879797,4385R4389G438GB438JR438NG438UB43AUR43AYG43B5B
879801,4385R4389G438GB438JR438NG438UB43AUR43AYG43B5B
999031,4385R4389G438GB438JR438NG438UB43AUR43AYG43B5B
879794,4385R4389G438GB438JR438NG438UB43AUR43AYG43B5B
999048,4385R4389G438GB438JR438NG438UB43AUR43AYG43B5B
930262,4385R4389G438GB438JR438NG438UB43AUR43AYG43B5B
881089,4385R4389G438GB438JR438NG438UB43AUR43AYG43B5B
881081,4385R4389G438GB438JR438NG438UB43AUR43AYG43B5B
881087,4385R4389G438GB438JR438NG438UB43AUR43AYG43B5B
703584,4385R4389G438GB438JR438NG438UB43AUR43AYG43B5B
880706,4385R4389G438GB438JR438NG438UB43AUR43AYG43B5B
930247,4385R4389G438GB438JR438NG438UB43AUR43AYG43B5B
930245,4385R4389G438GB438JR438NG438UB43AUR43AYG43B5B
663423,4385R4389G438GB438JR438NG438UB43AUR43AYG43B5B
840824,4385R4389G438GB438JR438NG438UB43AUR43AYG43B5B
882413,4385R4389G438GB438JR438NG438UB43AUR43AYG43B5B
840484,4385R4389G438GB438JR438NG438UB43AUR43AYG43B5B
882415,4385R4389G438GB438JR438NG438UB43AUR43AYG43B5B
662169,4385R4389G438GB438JR438NG438UB43AUR43AYG43B5B
703567,4389G438GB438NG438UB43AYG43B5B43BCG43BJB43DOG
842113,4385R4389G438GB438JR438NG438UB43AUR43AYG43B5B
842114,4385R4389G438GB438JR438NG438UB43AUR43AYG43B5B
662186,4385R4389G438GB438JR438NG438UB43AUR43AYG43B5B
824747,4385R4389G438GB438JR438NG438UB43AUR43AYG43B5B
881104,4385R4389G438GB438JR438NG438UB43AUR43AYG43B5B
881097,4385R4389G438GB438JR438NG438UB43AUR43AYG43B5B
881094,4385R4389G438GB438JR438NG438UB43AUR43AYG43B5B
882407,4385R4389G438GB438JR438NG438UB43AUR43AYG43B5B
1014472,4385R4389G438GB438JR438NG438UB43AUR43AYG43B5B
824765,4389G438GB438NG438UB43AYG43B5B43BCG43BJB43DOG
883259,4385R4389G438GB438JR438NG438UB43AUR43AYG43B5B
883268,4385R4389G438GB438JR438NG438UB43AUR43AYG43B5B
883269,4385R4389G438GB438JR438NG438UB43AUR43AYG43B5B
884585,4385R4389G438GB438JR438NG438UB43AUR43AYG43B5B
998953,4389G438GB438NG438UB43AYG43B5B43BCG43BJB43DOG
884589,4385R4389G438GB438JR438NG438UB43AUR43AYG43B5B
879805,4385R4389G438GB438JR438NG438UB43AUR43AYG43B5B
663388,4385R4389G438GB438JR438NG438UB43AUR43AYG43B5B
956375,4385R4389G438GB438JR438NG438UB43AUR43AYG43B5B
879450,4385R4389G438GB438JR438NG438UB43AUR43AYG43B5B
885003,4385R4389G438GB438JR438NG438UB43AUR43AYG43B5B
777043,4385R4389G438GB438JR438NG438UB43AUR43AYG43B5B
997106,4385R4389G438JR438NG43AUR43AYG43B8R43BCG43BMR
879458,4385R4389G438GB438JR438NG438UB43AUR43AYG43B5B
663389,4385R4389G438GB438JR438NG438UB43AUR43AYG43B5B
703591,4385R4389G438GB438JR438NG438UB43AUR43AYG43B5B
884663,4385R4389G438GB438JR438NG438UB43AUR43AYG43B5B
884653,4385R4389G438GB438JR438NG438UB43AUR43AYG43B5B
884981,4385R4389G438GB438JR438NG438UB43AUR43AYG43B5B
884992,4385R4389G438GB438JR438NG438UB43AUR43AYG43B5B
819351,4385R4389G438GB438JR438NG438UB43AUR43AYG43B5B
662189,4385R4389G438GB438JR438NG438UB43AUR43AYG43B5B
884982,4385R4389G438GB438JR438NG438UB43AUR43AYG43B5B
881509,4385R4389G438GB438JR438NG438UB43AUR43AYG43B5B
881516,4385R4389G438GB438JR438NG438UB43AUR43AYG43B5B
999051,4385R4389G438GB438JR438NG438UB43AUR43AYG43B5B
882847,4385R4389G438GB438JR438NG438UB43AUR43AYG43B5B
703587,4385R4389G438GB438JR438NG438UB43AUR43AYG43B5B
881529,4385R4389G438GB438JR438NG438UB43AUR43AYG43B5B
882832,4385R4389G438GB438JR438NG438UB43AUR43AYG43B5B
985858,4385R4389G438GB438JR438NG438UB43AUR43AYG43B5B
881154,4389G438GB438NG438UB43AYG43B5B43BCG43BJB43DOG
823134,4385R4389G438GB438JR438NG438UB43AUR43AYG43B5B
885357,4385R4389G438GB438JR438NG438UB43AUR43AYG43B5B
881499,4385R4389G438GB438JR438NG438UB43AUR43AYG43B5B
881505,4385R4389G438GB438JR438NG438UB43AUR43AYG43B5B
881502,4385R4389G438GB438JR438NG438UB43AUR43AYG43B5B
881494,4385R4389G438GB438JR438NG438UB43AUR43AYG43B5B
883246,4385R4389G438GB438JR438NG438UB43AUR43AYG43B5B
664685,4385G4385R438CB438JG438JR438QB43AUG43AUR43B1B
1002814,4385G4385R438CB438JG438JR438QB43AUG43AUR43B1B
880728,4385G438CB438JG438QB43AUG43B1B43B8G43BFB43BMG
881134,4389G438GB438NG438UB43AYG43B5B43BCG43BJB43DOG
880148,4385G4385R438CB438JG438JR438QB43AUG43AUR43B1B
880141,4385G4385R438CB438JG438JR438QB43AUG43AUR43B1B
896005,4385G4385R438CB438JG438JR438QB43AUG43AUR43B1B
928956,4385G4385R438CB438JG438JR438QB43AUG43AUR43B1B
880150,4385G438CB438JG438QB43AUG43B1B43B8G43BFB43BMG
886211,4385G4385R438CB438JG438JR438QB43AUG43AUR43B1B
896012,4385G438CB438JG438QB43AUG43B1B43B8G43BFB43BMG
896006,4385R4389G438GB438JR438NG438UB43AUR43AYG43B5B
701311,4385G4385R438CB438JG438JR438QB43AUG43AUR43B1B
886217,4385G4385R438CB438JG438JR438QB43AUG43AUR43B1B
896007,4385G4385R438CB438JG438JR438QB43AUG43AUR43B1B
896008,4385G4385R438CB438JG438JR438QB43AUG43AUR43B1B
896009,4385G4385R438CB438JG438JR438QB43AUG43AUR43B1B
621942,4385R4389G438GB438JR438NG438UB43AUR43AYG43B5B
896010,4385R4389G438GB438JR438NG438UB43AUR43AYG43B5B
879768,4385G4385R438CB438JG438JR438QB43AUG43AUR43B1B
880160,4385G4385R438CB438JG438JR438QB43AUG43AUR43B1B
819358,4385R4389G438GB438JR438NG438UB43AUR43AYG43B5B
842149,4385G4385R438CB438JG438JR438QB43AUG43AUR43B1B
931446,4385G438CB438JG438QB43AUG43B1B43B8G43BFB43BMG
896011,4385G4385R438CB438JG438JR438QB43AUG43AUR43B1B
731824,4385G4385R438CB438JG438JR438QB43AUG43AUR43B1B
731816,4385G4385R438CB438JG438JR438QB43AUG43AUR43B1B
827186,4385G4385R438CB438JG438JR438QB43AUG43AUR43B1B
690166,4385G438CB438JG438QB43AUG43B1B43B8G43BFB43BMG
690177,4385G4385R438CB438JG438JR438QB43AUG43AUR43B1B
690135,4385G438CB438JG438QB43AUG43B1B43B8G43BFB43BMG
690139,4385G4385R438CB438JG438JR438QB43AUG43AUR43B1B
690160,4385G4385R438CB438JG438JR438QB43AUG43AUR43B1B
690152,4385G4385R438CB438JG438JR438QB43AUG43AUR43B1B
663450,4385G438CB438JG438QB43AUG43B1B43B8G43BFB43BMG
690558,4385G4385R438CB438JG438JR438QB43AUG43AUR43B1B
690559,4385G4385R438CB438JG438JR438QB43AUG43AUR43B1B
865140,4385G438CB438JG438QB43AUG43B1B43B8G43BFB43BMG
865138,4385G4385R438CB438JG438JR438QB43AUG43AUR43B1B
690213,4385G4385R438CB438JG438JR438QB43AUG43AUR43B1B
827188,4385G4385R438CB438JG438JR438QB43AUG43AUR43B1B
727213,4385G4385R438CB438JG438JR438QB43AUG43AUR43B1B
787428,4385G4385R438CB438JG438JR438QB43AUG43AUR43B1B
727224,4385G438CB438JG438QB43AUG43B1B43B8G43BFB43BMG
727207,4385G4385R438CB438JG438JR438QB43AUG43AUR43B1B
903532,4385G438CB438JG438QB43AUG43B1B43B8G43BFB43BMG
727203,4385G4385R438CB438JG438JR438QB43AUG43AUR43B1B
903535,4385G4385R438CB438JG438JR438QB43AUG43AUR43B1B
731115,4385G4385R438CB438JG438JR438QB43AUG43AUR43B1B
996093,4385G4385R438CB438JG438JR438QB43AUG43AUR43B1B
691670,4385G4385R438CB438JG438JR438QB43AUG43AUR43B1B
828517,4385G4385R438CB438JG438JR438QB43AUG43AUR43B1B
903545,4385G4385R438CB438JG438JR438QB43AUG43AUR43B1B
728501,4385G4385R438CB438JG438JR438QB43AUG43AUR43B1B
978946,4388G438FB438MG438TB43AXG43B4B43BBG43BIB43DNG
741405,4388G438FB438MG438TB43AXG43B4B43BBG43BIB43DNG
982848,4388G438FB438MG438TB43AXG43B4B43BBG43BIB43DNG
649000,4388G438FB438MG438TB43AXG43B4B43BBG43BIB43DNG
623854,4388G438FB438MG438TB43AXG43B4B43BBG43BIB43DNG
649018,4388G438FB438MG438TB43AXG43B4B43BBG43BIB43DNG
896013,4388G438FB438MG438TB43AXG43B4B43BBG43BIB43DNG
896014,4388G438FB438MG438TB43AXG43B4B43BBG43BIB43DNG
896015,4388G438FB438MG438TB43AXG43B4B43BBG43BIB43DNG
900190,4388G438FB438MG438TB43AXG43B4B43BBG43BIB43DNG
649007,4388G438FB438MG438TB43AXG43B4B43BBG43BIB43DNG
649004,4388G438FB438MG438TB43AXG43B4B43BBG43BIB43DNG
825537,4388G438CR438FB438MG438QR438TB43AXG43B1R43B4B
982854,4388G438FB438MG438TB43AXG43B4B43BBG43BIB43DNG
742703,4388G438FB438MG438TB43AXG43B4B43BBG43BIB43DNG
883241,4387G438EB438LG438SB43AWG43B3B43BAG43BHB43DMG
648063,4389G438AR438GB438NG438OR438UB43AYG43AZR43B5B
648075,4389G438AR438GB438NG438OR438UB43AYG43AZR43B5B
648066,4389G438AR438GB438NG438OR438UB43AYG43AZR43B5B
700923,4389G438AR438GB438NG438OR438UB43AYG43AZR43B5B
663449,4389G438AR438GB438NG438OR438UB43AYG43AZR43B5B
727022,4389G438AR438GB438NG438OR438UB43AYG43AZR43B5B
727027,4389G438AR438GB438NG438OR438UB43AYG43AZR43B5B
727026,4389G438AR438GB438NG438OR438UB43AYG43AZR43B5B
727023,4389G438AR438GB438NG438OR438UB43AYG43AZR43B5B
648076,4389G438AR438GB438NG438OR438UB43AYG43AZR43B5B
727020,4389G438AR438GB438NG438OR438UB43AYG43AZR43B5B
727019,438GB438UB43B5B43BJB43DVB43E9B
727018,4389G438AR438GB438NG438OR438UB43AYG43AZR43B5B
648077,4389G438AR438GB438NG438OR438UB43AYG43AZR43B5B
689090,4389G438AR438GB438NG438OR438UB43AYG43AZR43B5B
689097,4389G438AR438GB438NG438OR438UB43AYG43AZR43B5B
689095,4389G438AR438GB438NG438OR438UB43AYG43AZR43B5B
689094,4389G438AR438GB438NG438OR438UB43AYG43AZR43B5B
689091,4389G438AR438GB438NG438OR438UB43AYG43AZR43B5B
689099,4389G438AR438GB438NG438OR438UB43AYG43AZR43B5B
1000417,4389G438AR438GB438NG438OR438UB43AYG43AZR43B5B
664676,4389G438AR438GB438NG438OR438UB43AYG43AZR43B5B
689104,4389G438AR438GB438NG438OR438UB43AYG43AZR43B5B
689092,4389G438AR438GB438NG438OR438UB43AYG43AZR43B5B
648059,4389G438AR438GB438NG438OR438UB43AYG43AZR43B5B
689109,4389G438AR438GB438NG438OR438UB43AYG43AZR43B5B
689100,4389G438AR438GB438NG438OR438UB43AYG43AZR43B5B
689105,4389G438AR438GB438NG438OR438UB43AYG43AZR43B5B
689103,4389G438AR438GB438NG438OR438UB43AYG43AZR43B5B
664677,4389G438AR438GB438NG438OR438UB43AYG43AZR43B5B
689102,4389G438AR438GB438NG438OR438UB43AYG43AZR43B5B
687695,4389G438AR438GB438NG438OR438UB43AYG43AZR43B5B
687709,4389G438AR438GB438NG438OR438UB43AYG43AZR43B5B
690411,4389G438AR438GB438NG438OR438UB43AYG43AZR43B5B
690409,4389G438GB438NG438UB43AYG43B5B43BCG43BJB43DOG
664680,4389G438AR438GB438NG438OR438UB43AYG43AZR43B5B
1000762,4389G438AR438GB438NG438OR438UB43AYG43AZR43B5B
690405,4389G438AR438GB438NG438OR438UB43AYG43AZR43B5B
690402,4389G438AR438GB438NG438OR438UB43AYG43AZR43B5B
690401,4389G438AR438GB438NG438OR438UB43AYG43AZR43B5B
690421,4389G438AR438GB438NG438OR438UB43AYG43AZR43B5B
901910,4389G438AR438GB438NG438OR438UB43AYG43AZR43B5B
690424,4389G438AR438GB438NG438OR438UB43AYG43AZR43B5B
664681,4389G438AR438GB438NG438OR438UB43AYG43AZR43B5B
690413,4389G438AR438GB438NG438OR438UB43AYG43AZR43B5B
690427,4389G438AR438GB438NG438OR438UB43AYG43AZR43B5B
690418,4389G438AR438GB438NG438OR438UB43AYG43AZR43B5B
690417,4389G438AR438GB438NG438OR438UB43AYG43AZR43B5B
690392,4389G438AR438GB438NG438OR438UB43AYG43AZR43B5B
690426,4389G438GB438NG438UB43AYG43B5B43BCG43BJB43DOG
690382,4389G438AR438GB438NG438OR438UB43AYG43AZR43B5B
664678,4389G438AR438GB438NG438OR438UB43AYG43AZR43B5B
690379,4389G438AR438GB438NG438OR438UB43AYG43AZR43B5B
690370,4389G438AR438GB438NG438OR438UB43AYG43AZR43B5B
690383,4389G438AR438GB438NG438OR438UB43AYG43AZR43B5B
690374,4389G438AR438GB438NG438OR438UB43AYG43AZR43B5B
690372,4389G438AR438GB438NG438OR438UB43AYG43AZR43B5B
690390,4389G438AR438GB438NG438OR438UB43AYG43AZR43B5B
1000761,4389G438AR438GB438NG438OR438UB43AYG43AZR43B5B
690397,4389G438AR438GB438NG438OR438UB43AYG43AZR43B5B
690394,4389G438AR438GB438NG438OR438UB43AYG43AZR43B5B
664679,4389G438AR438GB438NG438OR438UB43AYG43AZR43B5B
690391,4389G438AR438GB438NG438OR438UB43AYG43AZR43B5B
690389,4389G438AR438GB438NG438OR438UB43AYG43AZR43B5B
1024313,4389G438AR438GB438NG438OR438UB43AYG43AZR43B5B
690386,4389G438AR438GB438NG438OR438UB43AYG43AZR43B5B
983674,4389G438AR438GB438NG438OR438UB43AYG43AZR43B5B
900300,4389G438AR438GB438NG438OR438UB43AYG43AZR43B5B
905533,4389G438AR438GB438NG438OR438UB43AYG43AZR43B5B
690414,4389G438AR438GB438NG438OR438UB43AYG43AZR43B5B
700924,4389G438AR438GB438NG438OR438UB43AYG43AZR43B5B
687693,4389G438AR438GB438NG438OR438UB43AYG43AZR43B5B
663452,4389G438AR438GB438NG438OR438UB43AYG43AZR43B5B
687685,4389G438AR438GB438NG438OR438UB43AYG43AZR43B5B
647753,4389G438AR438GB438NG438OR438UB43AYG43AZR43B5B
663447,4389G438AR438GB438NG438OR438UB43AYG43AZR43B5B
864834,4389G438AR438GB438NG438OR438UB43AYG43AZR43B5B
700060,4389G438AR438GB438NG438OR438UB43AYG43AZR43B5B
663446,4389G438AR438GB438NG438OR438UB43AYG43AZR43B5B
648850,4389G438AR438GB438NG438OR438UB43AYG43AZR43B5B
782699,4389G438AR438GB438NG438OR438UB43AYG43AZR43B5B
651778,4389G438AR438GB438NG438OR438UB43AYG43AZR43B5B
648860,4389G438AR438GB438NG438OR438UB43AYG43AZR43B5B
647904,4389G438AR438GB438NG438OR438UB43AYG43AZR43B5B
646168,4389G438AR438GB438NG438OR438UB43AYG43AZR43B5B
784256,4389G438AR438GB438NG438OR438UB43AYG43AZR43B5B
646145,4389G438AR438GB438NG438OR438UB43AYG43AZR43B5B
690376,4389G438AR438GB438NG438OR438UB43AYG43AZR43B5B
690375,4389G438AR438GB438NG438OR438UB43AYG43AZR43B5B
700930,4389G438AR438GB438NG438OR438UB43AYG43AZR43B5B
700931,4389G438AR438GB438NG438OR438UB43AYG43AZR43B5B
690416,4389G438AR438GB438NG438OR438UB43AYG43AZR43B5B
647758,4389G438AR438GB438NG438OR438UB43AYG43AZR43B5B
647756,4389G438AR438GB438NG438OR438UB43AYG43AZR43B5B
905534,4389G438AR438GB438NG438OR438UB43AYG43AZR43B5B
647542,4389G438AR438GB438NG438OR438UB43AYG43AZR43B5B
647541,4389G438AR438GB438NG438OR438UB43AYG43AZR43B5B
647755,4389G438AR438GB438NG438OR438UB43AYG43AZR43B5B
651877,4389G438AR438GB438NG438OR438UB43AYG43AZR43B5B
663448,4389G438AR438GB438NG438OR438UB43AYG43AZR43B5B
651885,4389G438AR438GB438NG438OR438UB43AYG43AZR43B5B
687696,4389G438AR438GB438NG438OR438UB43AYG43AZR43B5B
900294,4389G438AR438GB438NG438OR438UB43AYG43AZR43B5B
687687,4389G438AR438GB438NG438OR438UB43AYG43AZR43B5B
900293,4389G438AR438GB438NG438OR438UB43AYG43AZR43B5B
687706,4389G438AR438GB438NG438OR438UB43AYG43AZR43B5B
687705,4389G438AR438GB438NG438OR438UB43AYG43AZR43B5B
700928,4389G438AR438GB438NG438OR438UB43AYG43AZR43B5B
687697,4389G438AR438GB438NG438OR438UB43AYG43AZR43B5B
900298,4389G438AR438GB438NG438OR438UB43AYG43AZR43B5B
687700,4389G438AR438GB438NG438OR438UB43AYG43AZR43B5B
687698,4389G438AR438GB438NG438OR438UB43AYG43AZR43B5B
882862,4387G438EB438ER438LG438SB438SR43AWG43B3B43B3R
882855,4387G438EB438ER438LG438SB438SR43AWG43B3B43B3R
896016,4387G438EB438ER438LG438SB438SR43AWG43B3B43B3R
664686,4387G438EB438ER438LG438SB438SR43AWG43B3B43B3R
896017,4387G438EB438ER438LG438SB438SR43AWG43B3B43B3R
900191,4387G438EB438ER438LG438SB438SR43AWG43B3B43B3R
999383,4389G438AR438GB438NG438OR438UB43AYG43AZR43B5B
882864,4387G438EB438ER438LG438SB438SR43AWG43B3B43B3R
882850,4387G438EB438ER438LG438SB438SR43AWG43B3B43B3R
1043861,4387G438EB438LG438SB43AWG43B3B43BAG43BHB43DMG
896018,4387G438EB438ER438LG438SB438SR43AWG43B3B43B3R
997078,4389G438GB438NG438UB43AYG43B5B43BCG43BJB43DOG
884642,4385R4389G438GB438JR438NG438UB43AUR43AYG43B5B
884987,4387G438EB438ER438LG438SB438SR43AWG43B3B43B3R
740431,4387G438EB438ER438LG438SB438SR43AWG43B3B43B3R
687684,4389G438AR438GB438NG438OR438UB43AYG43AZR43B5B
687682,4389G438AR438GB438NG438OR438UB43AYG43AZR43B5B
900291,4389G438AR438GB438NG438OR438UB43AYG43AZR43B5B
690432,4389G438AR438GB438NG438OR438UB43AYG43AZR43B5B
690435,4389G438AR438GB438NG438OR438UB43AYG43AZR43B5B
687690,4389G438AR438GB438NG438OR438UB43AYG43AZR43B5B
900297,4389G438AR438GB438NG438OR438UB43AYG43AZR43B5B
687703,4389G438AR438GB438NG438OR438UB43AYG43AZR43B5B
687704,4389G438AR438GB438NG438OR438UB43AYG43AZR43B5B
687702,4389G438AR438GB438NG438OR438UB43AYG43AZR43B5B
687688,4389G438AR438GB438NG438OR438UB43AYG43AZR43B5B
687692,4389G438AR438GB438NG438OR438UB43AYG43AZR43B5B
900296,4389G438AR438GB438NG438OR438UB43AYG43AZR43B5B
690387,4389G438AR438GB438NG438OR438UB43AYG43AZR43B5B
690398,4389G438AR438GB438NG438OR438UB43AYG43AZR43B5B
690396,4389G438AR438GB438NG438OR438UB43AYG43AZR43B5B
1000395,4389G438AR438GB438NG438OR438UB43AYG43AZR43B5B
901912,4389G438AR438GB438NG438OR438UB43AYG43AZR43B5B
690768,4389G438AR438GB438NG438OR438UB43AYG43AZR43B5B
1024315,4389G438AR438GB438NG438OR438UB43AYG43AZR43B5B
901913,4389G438AR438GB438NG438OR438UB43AYG43AZR43B5B
690433,4389G438AR438GB438NG438OR438UB43AYG43AZR43B5B
664682,4389G438AR438GB438NG438OR438UB43AYG43AZR43B5B
690430,4389G438AR438GB438NG438OR438UB43AYG43AZR43B5B
901911,4389G438AR438GB438NG438OR438UB43AYG43AZR43B5B
663451,4389G438AR438GB438NG438OR438UB43AYG43AZR43B5B
690434,4389G438AR438GB438NG438OR438UB43AYG43AZR43B5B
900292,4389G438AR438GB438NG438OR438UB43AYG43AZR43B5B
1006805,4389G438AR438GB438NG438OR438UB43AYG43AZR43B5B
687672,4389G438GB438NG438UB43AYG43B5B43BCG43BJB43DOG
687679,4389G438AR438GB438NG438OR438UB43AYG43AZR43B5B
687677,4389G438GB438NG438UB43AYG43B5B43BCG43BJB43DOG
700927,4389G438AR438GB438NG438OR438UB43AYG43AZR43B5B
687674,4389G438AR438GB438NG438OR438UB43AYG43AZR43B5B
648663,4389G438AR438GB438NG438OR438UB43AYG43AZR43B5B
687676,4389G438AR438GB438NG438OR438UB43AYG43AZR43B5B
983779,4389G438AR438GB438NG438OR438UB43AYG43AZR43B5B
648867,4389G438AR438GB438NG438OR438UB43AYG43AZR43B5B
983771,4389G438AR438GB438NG438OR438UB43AYG43AZR43B5B
648869,4389G438AR438GB438NG438OR438UB43AYG43AZR43B5B
983776,4389G438AR438GB438NG438OR438UB43AYG43AZR43B5B
983784,4389G438AR438GB438NG438OR438UB43AYG43AZR43B5B
983785,4389G438AR438GB438NG438OR438UB43AYG43AZR43B5B
700054,4389G438GB438NG438UB43AYG43B5B43BCG43BJB43DOG
997266,4389G438AR438GB438NG438OR438UB43AYG43AZR43B5B
954571,4388B4389R438FG438MB438NR438TG43AXB43AYR43B4G
954572,4388B4389R438FG438MB438NR438TG43AXB43AYR43B4G
954573,4388B4389R438FG438MB438NR438TG43AXB43AYR43B4G
954574,4388B4389R438FG438MB438NR438TG43AXB43AYR43B4G
954575,4388B4389R438FG438MB438NR438TG43AXB43AYR43B4G
954576,4388B4389R438FG438MB438NR438TG43AXB43AYR43B4G
954577,4388B4389R438FG438MB438NR438TG43AXB43AYR43B4G
954578,4388B4389R438FG438MB438NR438TG43AXB43AYR43B4G
954579,4388B4389R438FG438MB438NR438TG43AXB43AYR43B4G
954580,4388B4389R438FG438MB438NR438TG43AXB43AYR43B4G
954581,4388B4389R438FG438MB438NR438TG43AXB43AYR43B4G
813861,4389G438CR438GB438NG438QR438UB43AYG43B1R43B5B
817858,4389G438CR438GB438NG438QR438UB43AYG43B1R43B5B
813843,4389G438CR438GB438NG438QR438UB43AYG43B1R43B5B
1009782,4389G438CR438GB438NG438QR438UB43AYG43B1R43B5B
647918,4389G438GB438NG438UB43AYG43B5B43BCG43BJB43DOG
696203,4389G438CR438GB438NG438QR438UB43AYG43B1R43B5B
817868,4389G438CR438GB438NG438QR438UB43AYG43B1R43B5B
813858,4389G438CR438GB438NG438QR438UB43AYG43B1R43B5B
817863,4389G438CR438GB438NG438QR438UB43AYG43B1R43B5B
944920,4385G438CB438JG438QB43AUG43B1B43B8G43BFB43BMG
1113438,4385G438CB438JG438QB43AUG43B1B43B8G43BFB43BMG
896019,4385G438CB438JG438QB43AUG43B1B43B8G43BFB43BMG
821436,4385G438CB438JG438QB43AUG43B1B43B8G43BFB43BMG
720563,4385G438CB438JG438QB43AUG43B1B43B8G43BFB43BMG
681822,4385G438CB438JG438QB43AUG43B1B43B8G43BFB43BMG
821417,4385G438CB438JG438QB43AUG43B1B43B8G43BFB43BMG
679806,4385G438CB438JG438QB43AUG43B1B43B8G43BFB43BMG
723894,4385G438CB438JG438QB43AUG43B1B43B8G43BFB43BMG
821419,4385G438CB438JG438QB43AUG43B1B43B8G43BFB43BMG
681773,4385G438CB438JG438QB43AUG43B1B43B8G43BFB43BMG
681790,4385G438CB438JG438QB43AUG43B1B43B8G43BFB43BMG
681783,4385G438CB438JG438QB43AUG43B1B43B8G43BFB43BMG
681791,4385G438CB438JG438QB43AUG43B1B43B8G43BFB43BMG
679787,4385G438CB438JG438QB43AUG43B1B43B8G43BFB43BMG
681800,4385G438CB438JG438QB43AUG43B1B43B8G43BFB43BMG
723901,4385G438CB438JG438QB43AUG43B1B43B8G43BFB43BMG
681837,4385G438CB438JG438QB43AUG43B1B43B8G43BFB43BMG
1008682,4385G438CB438JG438QB43AUG43B1B43B8G43BFB43BMG
820501,4385G438CB438JG438QB43AUG43B1B43B8G43BFB43BMG
1001376,4385G438CB438JG438QB43AUG43B1B43B8G43BFB43BMG
681843,4385G438CB438JG438QB43AUG43B1B43B8G43BFB43BMG
723917,4385G438CB438ER438JG438QB438SR43AUG43B1B43B3R
724253,4385G438CB438ER438JG438QB438SR43AUG43B1B43B3R
723906,4385G438CB438ER438JG438QB438SR43AUG43B1B43B3R
724270,4385G438CB438ER438JG438QB438SR43AUG43B1B43B3R
724266,4385G438CB438ER438JG438QB438SR43AUG43B1B43B3R
724259,4385G438CB438ER438JG438QB438SR43AUG43B1B43B3R
724256,4385G438CB438ER438JG438QB438SR43AUG43B1B43B3R
724255,4385G438CB438ER438JG438QB438SR43AUG43B1B43B3R
681855,4385G438CB438ER438JG438QB438SR43AUG43B1B43B3R
724284,4385G438CB438ER438JG438QB438SR43AUG43B1B43B3R
681796,4385G438CB438ER438JG438QB438SR43AUG43B1B43B3R
679792,4385G438CB438ER438JG438QB438SR43AUG43B1B43B3R
679788,4385G438CB438ER438JG438QB438SR43AUG43B1B43B3R
1008664,4385G438CB438ER438JG438QB438SR43AUG43B1B43B3R
1008666,4385G438CB438ER438JG438QB438SR43AUG43B1B43B3R
679799,4385G438CB438ER438JG438QB438SR43AUG43B1B43B3R
681826,4385G438CB438ER438JG438QB438SR43AUG43B1B43B3R
907359,4385G438CB438JG438QB43AUG43B1B43B8G43BFB43BMG
720872,4385G438CB438ER438JG438QB438SR43AUG43B1B43B3R
724325,4385G438CB438ER438JG438QB438SR43AUG43B1B43B3R
724320,4385G438CB438ER438JG438QB438SR43AUG43B1B43B3R
720558,4385G438CB438ER438JG438QB438SR43AUG43B1B43B3R
720525,4385G438CB438ER438JG438QB438SR43AUG43B1B43B3R
720526,4385G438CB438ER438JG438QB438SR43AUG43B1B43B3R
864078,4385G438CB438ER438JG438QB438SR43AUG43B1B43B3R
681849,4385G438CB438ER438JG438QB438SR43AUG43B1B43B3R
720876,4385G438CB438ER438JG438QB438SR43AUG43B1B43B3R
720510,4385G438CB438ER438JG438QB438SR43AUG43B1B43B3R
720549,4385G438CB438ER438JG438QB438SR43AUG43B1B43B3R
720542,4385G438CB438ER438JG438QB438SR43AUG43B1B43B3R
720554,4385G438CB438JG438QB43AUG43B1B43B8G43BFB43BMG
724314,4385G438CB438JG438QB43AUG43B1B43B8G43BFB43BMG
1027507,4385G438CB438ER438JG438QB438SR43AUG43B1B43B3R
720891,4385G438CB438ER438JG438QB438SR43AUG43B1B43B3R
682260,4385G438CB438ER438JG438QB438SR43AUG43B1B43B3R
679807,4385G438CB438ER438JG438QB438SR43AUG43B1B43B3R
860063,4385G438CB438ER438JG438QB438SR43AUG43B1B43B3R
723891,4385G438CB438ER438JG438QB438SR43AUG43B1B43B3R
723895,4385G438CB438ER438JG438QB438SR43AUG43B1B43B3R
681786,4385G438CB438ER438JG438QB438SR43AUG43B1B43B3R
1042302,4385G438CB438ER438JG438QB438SR43AUG43B1B43B3R
656622,4389G438ER438GB438NG438SR438UB43AYG43B3R43B5B
656623,4389G438ER438GB438NG438SR438UB43AYG43B3R43B5B
1111223,4389G438ER438GB438NG438SR438UB43AYG43B3R43B5B
977731,4386G438DB438KG438RB43AVG43B2B43B9G43BGB43DLG
660751,4386G438DB438KG438RB43AVG43B2B43B9G43BGB43DLG
977729,4386G438DB438KG438RB43AVG43B2B43B9G43BGB43DLG
977730,4386G438DB438GR438KG438RB438UR43AVG43B2B43B5R
977742,4386G438DB438KG438RB43AVG43B2B43B9G43BGB43DLG
977741,4386G438DB438GR438KG438RB438UR43AVG43B2B43B5R
977734,4386G438DB438KG438RB43AVG43B2B43B9G43BGB43DLG
977738,4386G438DB438GR438KG438RB438UR43AVG43B2B43B5R
977736,4386G438DB438KG438RB43AVG43B2B43B9G43BGB43DLG
977735,4386G438DB438KG438RB43AVG43B2B43B9G43BGB43DLG
977711,4386G438DB438KG438RB43AVG43B2B43B9G43BGB43DLG
977717,4386G438DB438KG438RB43AVG43B2B43B9G43BGB43DLG
977724,4386G438DB438KG438RB43AVG43B2B43B9G43BGB43DLG
977723,4386G438DB438GR438KG438RB438UR43AVG43B2B43B5R
977727,4386G438DB438KG438RB43AVG43B2B43B9G43BGB43DLG
977721,4386G438DB438GR438KG438RB438UR43AVG43B2B43B5R
977719,4386G438DB438KG438RB43AVG43B2B43B9G43BGB43DLG
934474,4386G438DB438GR438KG438RB438UR43AVG43B2B43B5R
903510,4386G438DB438GR438KG438RB438UR43AVG43B2B43B5R
934440,4386G438DB438GR438KG438RB438UR43AVG43B2B43B5R
903509,4386G438DB438KG438RB43AVG43B2B43B9G43BGB43DLG
782268,4386G438DB438GR438KG438RB438UR43AVG43B2B43B5R
659841,4386G438DB438GR438KG438RB438UR43AVG43B2B43B5R
934445,4386G438DB438GR438KG438RB438UR43AVG43B2B43B5R
934449,4386G438DB438KG438RB43AVG43B2B43B9G43BGB43DLG
934447,4386G438DB438GR438KG438RB438UR43AVG43B2B43B5R
934076,4386G438DB438KG438RB43AVG43B2B43B9G43BGB43DLG
934079,4386G438DB438GR438KG438RB438UR43AVG43B2B43B5R
934082,4386G438DB438KG438RB43AVG43B2B43B9G43BGB43DLG
782267,4386G438DB438KG438RB43AVG43B2B43B9G43BGB43DLG
659840,4386G438DB438GR438KG438RB438UR43AVG43B2B43B5R
794561,4389F4389G438GB438GF438NF438NG438UB438UF43AYF
794577,4389F4389G4389R438GB438GF438NF438NG438NR438UB
794568,4389F4389G4389R438GB438GF438NF438NG438NR438UB
794566,4389F4389G4389R438GB438GF438NF438NG438NR438UB
794565,4389F4389G4389R438GB438GF438NF438NG438NR438UB
794563,4389F4389G4389R438GB438GF438NF438NG438NR438UB
794562,4389F4389G4389R438GB438GF438NF438NG438NR438UB
794207,4389F4389G4389R438GB438GF438NF438NG438NR438UB
792882,4389F4389G4389R438GB438GF438NF438NG438NR438UB
794196,4389F4389G4389R438GB438GF438NF438NG438NR438UB
739107,4389F4389G4389R438GB438GF438NF438NG438NR438UB
792893,4389F4389G4389R438GB438GF438NF438NG438NR438UB
792891,4389F4389G4389R438GB438GF438NF438NG438NR438UB
792890,4389F4389G4389R438GB438GF438NF438NG438NR438UB
739105,4389F4389G4389R438GB438GF438NF438NG438NR438UB
794198,4389F4389G4389R438GB438GF438NF438NG438NR438UB
792887,4389F4389G4389R438GB438GF438NF438NG438NR438UB
792885,4389F4389G4389R438GB438GF438NF438NG438NR438UB
1024077,4389F4389G4389R438GB438GF438NF438NG438NR438UB
792883,4389F4389G4389R438GB438GF438NF438NG438NR438UB
826953,4389F4389G4389R438GB438GF438NF438NG438NR438UB
792888,4389F4389G4389R438GB438GF438NF438NG438NR438UB
792889,4389F4389G4389R438GB438GF438NF438NG438NR438UB
794212,4389F4389G4389R438GB438GF438NF438NG438NR438UB
1039227,4389F4389G4389R438GB438GF438NF438NG438NR438UB
794211,4389F4389G4389R438GB438GF438NF438NG438NR438UB
794210,4389F4389G438GB438GF438NF438NG438UB438UF43AYF
794208,4389F4389G4389R438GB438GF438NF438NG438NR438UB
794199,4389F4389G4389R438GB438GF438NF438NG438NR438UB
794214,4389F4389G4389R438GB438GF438NF438NG438NR438UB
794205,4389F4389G4389R438GB438GF438NF438NG438NR438UB
794203,4389F4389G4389R438GB438GF438NF438NG438NR438UB
1039226,4389F4389G4389R438GB438GF438NF438NG438NR438UB
794201,4389F4389G4389R438GB438GF438NF438NG438NR438UB
794200,4389F4389G4389R438GB438GF438NF438NG438NR438UB
794197,4389F4389G4389R438GB438GF438NF438NG438NR438UB
794569,4389F4389G4389R438GB438GF438NF438NG438NR438UB
837207,4389F4389G4389R438GB438GF438NF438NG438NR438UB
837206,4389F4389G4389R438GB438GF438NF438NG438NR438UB
837204,4389F4389G4389R438GB438GF438NF438NG438NR438UB
837203,4389F4389G4389R438GB438GF438NF438NG438NR438UB
837201,4389F4389G4389R438GB438GF438NF438NG438NR438UB
1000495,4389F4389G4389R438GB438GF438NF438NG438NR438UB
837208,4389F4389G4389R438GB438GF438NF438NG438NR438UB
793108,4389F4389G4389R438GB438GF438NF438NG438NR438UB
828872,4389F4389G438GB438GF438NF438NG438UB438UF43AYF
793106,4389F4389G4389R438GB438GF438NF438NG438NR438UB
793105,4389F4389G4389R438GB438GF438NF438NG438NR438UB
793104,4389F4389G4389R438GB438GF438NF438NG438NR438UB
837198,4389F4389G4389R438GB438GF438NF438NG438NR438UB
837200,4389F4389G4389R438GB438GF438NF438NG438NR438UB
834068,4389F4389G4389R438GB438GF438NF438NG438NR438UB
834067,4389F4389G4389R438GB438GF438NF438NG438NR438UB
834066,4389F4389G4389R438GB438GF438NF438NG438NR438UB
995887,4389F4389G4389R438GB438GF438NF438NG438NR438UB
834065,4389F4389G4389R438GB438GF438NF438NG438NR438UB
837209,4389F4389G4389R438GB438GF438NF438NG438NR438UB
834070,4389F4389G4389R438GB438GF438NF438NG438NR438UB
837217,4389F4389G4389R438GB438GF438NF438NG438NR438UB
837215,4389F4389G4389R438GB438GF438NF438NG438NR438UB
837214,4389F4389G4389R438GB438GF438NF438NG438NR438UB
837212,4389F4389G4389R438GB438GF438NF438NG438NR438UB
837211,4389F4389G4389R438GB438GF438NF438NG438NR438UB
747551,4389F4389G4389R438GB438GF438NF438NG438NR438UB
794579,4389F4389G4389R438GB438GF438NF438NG438NR438UB
747543,4389F4389G4389R438GB438GF438NF438NG438NR438UB
747542,4389F4389G4389R438GB438GF438NF438NG438NR438UB
780010,4389F4389G4389R438GB438GF438NF438NG438NR438UB
747540,4389F4389G4389R438GB438GF438NF438NG438NR438UB
1042537,4389F4389G4389R438GB438GF438NF438NG438NR438UB
794578,4389F4389G438GB438GF438NF438NG438UB438UF43AYF
780011,4389F4389G4389R438GB438GF438NF438NG438NR438UB
747537,4389F4389G4389R438GB438GF438NF438NG438NR438UB
780009,4389F4389G4389R438GB438GF438NF438NG438NR438UB
826976,4389F4389G4389R438GB438GF438NF438NG438NR438UB
794581,4389F4389G438GB438GF438NF438NG438UB438UF43AYF
794580,4389F4389G4389R438GB438GF438NF438NG438NR438UB
995501,4389F4389G4389R438GB438GF438NF438NG438NR438UB
1011573,4389F4389G4389R438GB438GF438NF438NG438NR438UB
749702,4389F4389G4389R438GB438GF438NF438NG438NR438UB
749701,4389F4389G4389R438GB438GF438NF438NG438NR438UB
749699,4389F4389G438GB438GF438NF438NG438UB438UF43AYF
749698,4389F4389G4389R438GB438GF438NF438NG438NR438UB
995502,4389F4389G438GB438GF438NF438NG438UB438UF43AYF
747545,4389F4389G4389R438GB438GF438NF438NG438NR438UB
749704,4389F4389G4389R438GB438GF438NF438NG438NR438UB
747550,4389F4389G4389R438GB438GF438NF438NG438NR438UB
747549,4389F4389G4389R438GB438GF438NF438NG438NR438UB
780012,4389F4389G4389R438GB438GF438NF438NG438NR438UB
747547,4389F4389G4389R438GB438GF438NF438NG438NR438UB
747546,4389F4389G4389R438GB438GF438NF438NG438NR438UB
739103,4389F4389G4389R438GB438GF438NF438NG438NR438UB
838282,4389F4389G4389R438GB438GF438NF438NG438NR438UB
838307,4389F4389G438GB438GF438NF438NG438UB438UF43AYF
735348,4389F4389G438GB438GF438NF438NG438UB438UF43AYF
838305,4389F4389G4389R438GB438GF438NF438NG438NR438UB
838304,4389F4389G4389R438GB438GF438NF438NG438NR438UB
735347,4389F4389G4389R438GB438GF438NF438NG438NR438UB
838295,4389F4389G4389R438GB438GF438NF438NG438NR438UB
838309,4389F4389G4389R438GB438GF438NF438NG438NR438UB
789503,438AB438DR438HG438OB438RR438VG43AZB43B2R43B6G
906582,438AB438DR438HG438OB438RR438VG43AZB43B2R43B6G
789502,438AB438DR438HG438OB438RR438VG43AZB43B2R43B6G
906583,438AB438DR438HG438OB438RR438VG43AZB43B2R43B6G
789501,438AB438DR438HG438OB438RR438VG43AZB43B2R43B6G
906584,438AB438DR438HG438OB438RR438VG43AZB43B2R43B6G
789500,438AB438DR438HG438OB438RR438VG43AZB43B2R43B6G
906585,438AB438DR438HG438OB438RR438VG43AZB43B2R43B6G
789499,438AB438DR438HG438OB438RR438VG43AZB43B2R43B6G
906586,438AB438DR438HG438OB438RR438VG43AZB43B2R43B6G
789498,438AB438DR438HG438OB438RR438VG43AZB43B2R43B6G
789494,438AB438DR438HG438OB438RR438VG43AZB43B2R43B6G
789493,438AB438DR438HG438OB438RR438VG43AZB43B2R43B6G
789497,438AB438DR438HG438OB438RR438VG43AZB43B2R43B6G
789492,438AB438DR438HG438OB438RR438VG43AZB43B2R43B6G
789496,438AB438DR438HG438OB438RR438VG43AZB43B2R43B6G
789495,438AB438DR438HG438OB438RR438VG43AZB43B2R43B6G
896020,4385G438CB438JG438QB43AUG43B1B43B8G43BFB43BMG
679796,4385G438CB438JG438QB43AUG43B1B43B8G43BFB43BMG
987514,4385G438CB438JG438QB43AUG43B1B43B8G43BFB43BMG
1018286,438AB438HB438OB438VB43AZB43B6B43BDB43BKB43DPB
994502,438AB438HB438OB438VB43AZB43B6B43BDB43BKB43DPB
980849,438AB438HB438OB438VB43AZB43B6B43BDB43BKB43DPB
705984,438AB438HB438OB438VB43AZB43B6B43BDB43BKB43DPB
982184,438AB438HB438OB438VB43AZB43B6B43BDB43BKB43DPB
982183,438AB438HB438OB438VB43AZB43B6B43BDB43BKB43DPB
1027003,438AB438HB438OB438VB43AZB43B6B43BDB43BKB43DPB
859257,4385G438AB438HB438OB438VB43AUG43AZB43B6B43BDB
934186,438AB438HB438OB438VB43AZB43B6B43BDB43BKB43DPB
781057,438AB438HB438OB438VB43AZB43B6B43BDB43BKB43DPB
982189,438AB438HB438OB438VB43AZB43B6B43BDB43BKB43DPB
934189,438AB438HB438OB438VB43AZB43B6B43BDB43BKB43DPB
982191,438AB438HB438OB438VB43AZB43B6B43BDB43BKB43DPB
994503,438AB438HB438OB438VB43AZB43B6B43BDB43BKB43DPB
1006312,438AB438HB438OB438VB43AZB43B6B43BDB43BKB43DPB
982194,438AB438HB438OB438VB43AZB43B6B43BDB43BKB43DPB
859258,438AB438HB438OB438VB43AZB43B6B43BDB43BKB43DPB
995720,438AB438HB438OB438VB43AZB43B6B43BDB43BKB43DPB
982193,4385G438AB438HB438OB438VB43AUG43AZB43B6B43BDB
865621,4385G438AB438HB438OB438VB43AUG43AZB43B6B43BDB
934176,438AB438HB438OB438VB43AZB43B6B43BDB43BKB43DPB
934175,438AB438HB438OB438VB43AZB43B6B43BDB43BKB43DPB
992969,438AB438HB438OB438VB43AZB43B6B43BDB43BKB43DPB
934178,438AB438HB438OB438VB43AZB43B6B43BDB43BKB43DPB
705927,438AB438HB438OB438VB43AZB43B6B43BDB43BKB43DPB
934172,438AB438HB438OB438VB43AZB43B6B43BDB43BKB43DPB
698965,4388B438FG438FR438MB438TG438TR43AXB43B4G43B4R
698978,4388B438FG438FR438MB438TG438TR43AXB43B4G43B4R
698967,4388B438FG438FR438MB438TG438TR43AXB43B4G43B4R
698981,4388B438FG438FR438MB438TG438TR43AXB43B4G43B4R
698971,4388B438FG438FR438MB438TG438TR43AXB43B4G43B4R
698982,4388B438FG438FR438MB438TG438TR43AXB43B4G43B4R
698977,4388B438FG438FR438MB438TG438TR43AXB43B4G43B4R
698983,4388B438FG438FR438MB438TG438TR43AXB43B4G43B4R
694018,4388B438FG438FR438MB438TG438TR43AXB43B4G43B4R
694022,4388B438FG438FR438MB438TG438TR43AXB43B4G43B4R
694023,4388B438FG438FR438MB438TG438TR43AXB43B4G43B4R
694025,4388B438FG438FR438MB438TG438TR43AXB43B4G43B4R
680959,4385G438CB438HR438JG438QB438VR43AUG43B1B43B6R
681848,4385G438CB438HR438JG438QB438VR43AUG43B1B43B6R
681847,4385G438CB438HR438JG438QB438VR43AUG43B1B43B6R
681842,4385G438CB438HR438JG438QB438VR43AUG43B1B43B6R
1027496,4385G438CB438HR438JG438QB438VR43AUG43B1B43B6R
1008680,4385G438CB438HR438JG438QB438VR43AUG43B1B43B6R
1027498,4385G438CB438HR438JG438QB438VR43AUG43B1B43B6R
724261,4385G438CB438HR438JG438QB438VR43AUG43B1B43B6R
724260,4385G438CB438HR438JG438QB438VR43AUG43B1B43B6R
724264,4385G438CB438HR438JG438QB438VR43AUG43B1B43B6R
724267,4385G438CB438HR438JG438QB438VR43AUG43B1B43B6R
723914,4385G438CB438HR438JG438QB438VR43AUG43B1B43B6R
723909,4385G438CB438HR438JG438QB438VR43AUG43B1B43B6R
723919,4385G438CB438HR438JG438QB438VR43AUG43B1B43B6R
723915,4385G438CB438HR438JG438QB438VR43AUG43B1B43B6R
681840,4385G438CB438HR438JG438QB438VR43AUG43B1B43B6R
1008667,4385G438CB438HR438JG438QB438VR43AUG43B1B43B6R
820500,4385G438CB438HR438JG438QB438VR43AUG43B1B43B6R
681853,4385G438CB438HR438JG438QB438VR43AUG43B1B43B6R
724280,4385G438CB438HR438JG438QB438VR43AUG43B1B43B6R
724283,4385G438CB438JG438QB43AUG43B1B43B8G43BFB43BMG
680957,4385G438CB438HR438JG438QB438VR43AUG43B1B43B6R
724290,4385G438CB438HR438JG438QB438VR43AUG43B1B43B6R
681798,4385G438CB438HR438JG438QB438VR43AUG43B1B43B6R
679791,4385G438CB438HR438JG438QB438VR43AUG43B1B43B6R
679790,4385G438CB438HR438JG438QB438VR43AUG43B1B43B6R
681774,4385G438CB438HR438JG438QB438VR43AUG43B1B43B6R
1023155,4385G438CB438HR438JG438QB438VR43AUG43B1B43B6R
1027494,4385G438CB438HR438JG438QB438VR43AUG43B1B43B6R
679795,4385G438CB438HR438JG438QB438VR43AUG43B1B43B6R
1003895,4389B438GG438NB438UG43AYB43B5G43BCB43BJG43DOB
637530,4389B438GG438NB438UG43AYB43B5G43BCB43BJG43DOB
778533,4389B438GG438NB438UG43AYB43B5G43BCB43BJG43DOB
965641,4389B438GG438NB438UG43AYB43B5G43BCB43BJG43DOB
635887,4389B438GG438NB438UG43AYB43B5G43BCB43BJG43DOB
637673,4389B438GG438NB438UG43AYB43B5G43BCB43BJG43DOB
778566,4389B438GG438NB438UG43AYB43B5G43BCB43BJG43DOB
635877,4389B438GG438NB438UG43AYB43B5G43BCB43BJG43DOB
637675,4389B438GG438NB438UG43AYB43B5G43BCB43BJG43DOB
782404,4389B438GG438NB438UG43AYB43B5G43BCB43BJG43DOB
635873,4389B438GG438NB438UG43AYB43B5G43BCB43BJG43DOB
635882,4389B438GG438NB438UG43AYB43B5G43BCB43BJG43DOB
638010,4389B438GG438NB438UG43AYB43B5G43BCB43BJG43DOB
779860,4389B438GG438NB438UG43AYB43B5G43BCB43BJG43DOB
779856,4389B438GG438NB438UG43AYB43B5G43BCB43BJG43DOB
779859,4389B438GG438NB438UG43AYB43B5G43BCB43BJG43DOB
638018,4389B438GG438NB438UG43AYB43B5G43BCB43BJG43DOB
638012,4389B438GG438NB438UG43AYB43B5G43BCB43BJG43DOB
637996,4389B438GG438NB438UG43AYB43B5G43BCB43BJG43DOB
637998,4389B438GG438NB438UG43AYB43B5G43BCB43BJG43DOB
779852,4389B438GG438NB438UG43AYB43B5G43BCB43BJG43DOB
638002,4389B438GG438NB438UG43AYB43B5G43BCB43BJG43DOB
638003,4389B438GG438NB438UG43AYB43B5G43BCB43BJG43DOB
778563,4389B438GG438NB438UG43AYB43B5G43BCB43BJG43DOB
635835,4389B438GG438NB438UG43AYB43B5G43BCB43BJG43DOB
635838,4389B438GG438NB438UG43AYB43B5G43BCB43BJG43DOB
635833,4389B438GG438NB438UG43AYB43B5G43BCB43BJG43DOB
782402,4389B438GG438NB438UG43AYB43B5G43BCB43BJG43DOB
635845,4389B438GG438NB438UG43AYB43B5G43BCB43BJG43DOB
966136,4389B438GG438NB438UG43AYB43B5G43BCB43BJG43DOB
966133,4389B438GG438NB438UG43AYB43B5G43BCB43BJG43DOB
1044923,4389B438GG438NB438UG43AYB43B5G43BCB43BJG43DOB
966130,4389B438GG438NB438UG43AYB43B5G43BCB43BJG43DOB
994582,4389B438GG438NB438UG43AYB43B5G43BCB43BJG43DOB
635830,4389B438GG438NB438UG43AYB43B5G43BCB43BJG43DOB
635861,4389B438GG438NB438UG43AYB43B5G43BCB43BJG43DOB
635866,4389B438GG438NB438UG43AYB43B5G43BCB43BJG43DOB
634145,4389B438GG438NB438UG43AYB43B5G43BCB43BJG43DOB
994585,4389B438GG438NB438UG43AYB43B5G43BCB43BJG43DOB
829657,4389B438GG438NB438UG43AYB43B5G43BCB43BJG43DOB
1011418,4389B438AR438GG438NB438OR438UG43AYB43AZR43B5G
775854,4389B438GG438NB438UG43AYB43B5G43BCB43BJG43DOB
994584,4389B438AR438GG438NB438OR438UG43AYB43AZR43B5G
965278,4389B438GG438NB438UG43AYB43B5G43BCB43BJG43DOB
635850,4389B438AR438GG438NB438OR438UG43AYB43AZR43B5G
783975,4389B438GG438NB438UG43AYB43B5G43BCB43BJG43DOB
778556,4389B438AR438GG438NB438OR438UG43AYB43AZR43B5G
966490,4389B438GG438NB438UG43AYB43B5G43BCB43BJG43DOB
635854,4389B438GG438NB438UG43AYB43B5G43BCB43BJG43DOB
966487,4389B438GG438NB438UG43AYB43B5G43BCB43BJG43DOB
635856,4389B438GG438NB438UG43AYB43B5G43BCB43BJG43DOB
638386,4389B438GG438NB438UG43AYB43B5G43BCB43BJG43DOB
635858,4389B438AR438GG438NB438OR438UG43AYB43AZR43B5G
635831,4389B438GG438NB438UG43AYB43B5G43BCB43BJG43DOB
994571,4389B438AR438GG438NB438OR438UG43AYB43AZR43B5G
966494,4389B438GG438NB438UG43AYB43B5G43BCB43BJG43DOB
994586,4389B438AR438GG438NB438OR438UG43AYB43AZR43B5G
635889,4389B438AR438GG438NB438OR438UG43AYB43AZR43B5G
635878,4389B438AR438GG438NB438OR438UG43AYB43AZR43B5G
681833,4386G4388B438FB438KG438MB438TB43AVG43AXB43B4B
723900,4388B438FB438MB438TB43AXB43B4B43BBB43BIB43DNB
723892,4386G4388B438FB438KG438MB438TB43AVG43AXB43B4B
679800,4386G4388B438FB438KG438MB438TB43AVG43AXB43B4B
679804,4386G4388B438FB438KG438MB438TB43AVG43AXB43B4B
681824,4386G4388B438FB438KG438MB438TB43AVG43AXB43B4B
860064,4386G4388B438FB438KG438MB438TB43AVG43AXB43B4B
682257,4386G4388B438FB438KG438MB438TB43AVG43AXB43B4B
724342,4386G4388B438FB438KG438MB438TB43AVG43AXB43B4B
724326,4386G4388B438FB438KG438MB438TB43AVG43AXB43B4B
720515,4386G4388B438FB438KG438MB438TB43AVG43AXB43B4B
724311,4386G4388B438FB438KG438MB438TB43AVG43AXB43B4B
724318,4386G4388B438FB438KG438MB438TB43AVG43AXB43B4B
720548,4386G4388B438FB438KG438MB438TB43AVG43AXB43B4B
720559,4386G4388B438FB438KG438MB438TB43AVG43AXB43B4B
720540,4386G4388B438FB438KG438MB438TB43AVG43AXB43B4B
882198,4388G438ER438FB438MG438SR438TB43AXG43B3R43B4B
882200,4388G438ER438FB438MG438SR438TB43AXG43B3R43B4B
987412,4385G438CB438JG438QB43AUG43B1B43B8G43BFB43BMG
987413,4385G438CB438JG438QB43AUG43B1B43B8G43BFB43BMG
910472,4385G438CB438JG438QB43AUG43B1B43B8G43BFB43BMG
864079,4385G438CB438HR438JG438QB438VR43AUG43B1B43B6R
725207,4385G438CB438HR438JG438QB438VR43AUG43B1B43B6R
684996,4385G438CB438HR438JG438QB438VR43AUG43B1B43B6R
684995,4385G438CB438HR438JG438QB438VR43AUG43B1B43B6R
684994,4385G438CB438HR438JG438QB438VR43AUG43B1B43B6R
862998,4385G438CB438HR438JG438QB438VR43AUG43B1B43B6R
684993,4385G438CB438HR438JG438QB438VR43AUG43B1B43B6R
684991,4385G438CB438HR438JG438QB438VR43AUG43B1B43B6R
997600,4385G438CB438HR438JG438QB438VR43AUG43B1B43B6R
862999,4385G438CB438HR438JG438QB438VR43AUG43B1B43B6R
684990,4385G438CB438HR438JG438QB438VR43AUG43B1B43B6R
684988,4385G438CB438HR438JG438QB438VR43AUG43B1B43B6R
791029,4385G438CB438JG438QB43AUG43B1B43B8G43BFB43BMG
862996,4385G438CB438HR438JG438QB438VR43AUG43B1B43B6R
791038,4385G438CB438JG438QB43AUG43B1B43B8G43BFB43BMG
684986,4385G438CB438HR438JG438QB438VR43AUG43B1B43B6R
685008,4387B438DG438EB438LB438SB43AWB43B2G43B3B43BAB
685005,4387B438DG438EB438LB438SB43AWB43B2G43B3B43BAB
833845,438AB438HB438HG438OB438VB43AZB43B6B43B6G43BDB
741779,438AB438HB438HG438OB438VB43AZB43B6B43B6G43BDB
878295,438AB438HB438HG438OB438VB43AZB43B6B43B6G43BDB
877025,438AB438HB438HG438OB438VB43AZB43B6B43B6G43BDB
877028,438AB438HB438HG438OB438VB43AZB43B6B43B6G43BDB
999311,438AB438HB438HG438OB438VB43AZB43B6B43B6G43BDB
878705,438AB438HB438HG438OB438VB43AZB43B6B43B6G43BDB
878710,438AB438HB438HG438OB438VB43AZB43B6B43B6G43BDB
778982,438AB438HB438HG438OB438VB43AZB43B6B43B6G43BDB
878702,438AB438HB438HG438OB438VB43AZB43B6B43B6G43BDB
878700,438AB438HB438HG438OB438VB43AZB43B6B43B6G43BDB
873147,438AB438HB438HG438OB438VB43AZB43B6B43B6G43BDB
873153,438AB438HB438HG438OB438VB43AZB43B6B43B6G43BDB
836277,438AB438HB438HG438OB438VB43AZB43B6B43B6G43BDB
832557,438AB438HB438HG438OB438VB43AZB43B6B43B6G43BDB
999356,438AB438HB438HG438OB438VB43AZB43B6B43B6G43BDB
876783,438AB438HB438HG438OB438VB43AZB43B6B43B6G43BDB
741781,438AB438HB438HG438OB438VB43AZB43B6B43B6G43BDB
873203,438AB438HB438HG438OB438VB43AZB43B6B43B6G43BDB
873207,438AB438HB438HG438OB438VB43AZB43B6B43B6G43BDB
873196,438AB438HB438HG438OB438VB43AZB43B6B43B6G43BDB
873199,438AB438HB438HG438OB438VB43AZB43B6B43B6G43BDB
873204,438AB438HB438HG438OB438VB43AZB43B6B43B6G43BDB
873555,438AB438HB438HG438OB438VB43AZB43B6B43B6G43BDB
873553,438AB438HB438HG438OB438VB43AZB43B6B43B6G43BDB
873548,438AB438HB438HG438OB438VB43AZB43B6B43B6G43BDB
996232,438AB438HB438HG438OB438VB43AZB43B6B43B6G43BDB
877039,438AB438HB438HG438OB438VB43AZB43B6B43B6G43BDB
779386,438AB438HB438HG438OB438VB43AZB43B6B43B6G43BDB
873162,438AB438HB438HG438OB438VB43AZB43B6B43B6G43BDB
779387,438AB438HB438HG438OB438VB43AZB43B6B43B6G43BDB
874007,438AB438HB438HG438OB438VB43AZB43B6B43B6G43BDB
996241,438AB438HB438HG438OB438VB43AZB43B6B43B6G43BDB
873993,438AB438HB438HG438OB438VB43AZB43B6B43B6G43BDB
873996,438AB438HB438HG438OB438VB43AZB43B6B43B6G43BDB
779389,438AB438HB438HG438OB438VB43AZB43B6B43B6G43BDB
663548,4385R4386B438DG438JR438KB438RG43AUR43AVB43B2G
1006409,4386B438DG438KB438RG43AVB43B2G43B9B43BGG43DLB
725958,4385R4386B438DG438JR438KB438RG43AUR43AVB43B2G
725973,4385R4386B438DG438JR438KB438RG43AUR43AVB43B2G
786869,4385R4386B438DG438JR438KB438RG43AUR43AVB43B2G
725275,4385R4386B438DG438JR438KB438RG43AUR43AVB43B2G
725267,4385R4386B438DG438JR438KB438RG43AUR43AVB43B2G
725285,4385R4386B438DG438JR438KB438RG43AUR43AVB43B2G
782998,4385R4386B438DG438JR438KB438RG43AUR43AVB43B2G
651039,4385R4386B438DG438JR438KB438RG43AUR43AVB43B2G
663549,4385R4386B438DG438JR438KB438RG43AUR43AVB43B2G
652389,4385R4386B438DG438JR438KB438RG43AUR43AVB43B2G
720824,4385R4386B438DG438JR438KB438RG43AUR43AVB43B2G
650727,4385R4386B438DG438JR438KB438RG43AUR43AVB43B2G
720856,4385R4386B438DG438JR438KB438RG43AUR43AVB43B2G
860708,4385R4386B438DG438JR438KB438RG43AUR43AVB43B2G
725933,4385R4386B438DG438JR438KB438RG43AUR43AVB43B2G
649933,4385R4386B438DG438JR438KB438RG43AUR43AVB43B2G
725929,4385R4386B438DG438JR438KB438RG43AUR43AVB43B2G
649936,4385R4386B438DG438JR438KB438RG43AUR43AVB43B2G
725941,4385R4386B438DG438JR438KB438RG43AUR43AVB43B2G
1046675,4385R4386B438DG438JR438KB438RG43AUR43AVB43B2G
651818,4385R4386B438DG438JR438KB438RG43AUR43AVB43B2G
978181,4385R4386B438DG438JR438KB438RG43AUR43AVB43B2G
651812,4385R4386B438DG438JR438KB438RG43AUR43AVB43B2G
651785,4385R4386B438DG438JR438KB438RG43AUR43AVB43B2G
978174,4385R4386B438DG438JR438KB438RG43AUR43AVB43B2G
720851,4386B438DG438KB438RG43AVB43B2G43B9B43BGG43DLB
785249,4385R4386B438DG438JR438KB438RG43AUR43AVB43B2G
725925,4386B438DG438KB438RG43AVB43B2G43B9B43BGG43DLB
663547,4385R4386B438DG438JR438KB438RG43AUR43AVB43B2G
877454,438AB438HB438HG438OB438VB43AZB43B6B43B6G43BDB
874917,438AB438HB438HG438OB438VB43AZB43B6B43B6G43BDB
873557,438AB438HB438HG438OB438VB43AZB43B6B43B6G43BDB
779373,438AB438HB438HG438OB438VB43AZB43B6B43B6G43BDB
873565,438AB438HB438HG438OB438VB43AZB43B6B43B6G43BDB
877447,438AB438HB438HG438OB438VB43AZB43B6B43B6G43BDB
996261,438AB438HB438HG438OB438VB43AZB43B6B43B6G43BDB
874940,4385R438AB438HB438HG438JR438OB438VB43AUR43AZB
874922,438AB438HB438HG438OB438VB43AZB43B6B43B6G43BDB
874924,438AB438HB438HG438OB438VB43AZB43B6B43B6G43BDB
741785,438AB438HB438HG438OB438VB43AZB43B6B43B6G43BDB
878306,438AB438HB438HG438OB438VB43AZB43B6B43B6G43BDB
997806,438AB438HB438HG438OB438VB43AZB43B6B43B6G43BDB
878313,438AB438HB438HG438OB438VB43AZB43B6B43B6G43BDB
878299,438AB438HB438HG438OB438VB43AZB43B6B43B6G43BDB
878296,438AB438HB438HG438OB438VB43AZB43B6B43B6G43BDB
878303,438AB438HB438HG438OB438VB43AZB43B6B43B6G43BDB
834621,438AB438HB438HG438OB438VB43AZB43B6B43B6G43BDB
834623,438AB438HB438HG438OB438VB43AZB43B6B43B6G43BDB
834969,438AB438HB438HG438OB438VB43AZB43B6B43B6G43BDB
878315,438AB438HB438HG438OB438VB43AZB43B6B43B6G43BDB
878316,438AB438HB438HG438OB438VB43AZB43B6B43B6G43BDB
878319,438AB438HB438HG438OB438VB43AZB43B6B43B6G43BDB
741776,438AB438HB438HG438OB438VB43AZB43B6B43B6G43BDB
833851,438AB438HB438HG438OB438VB43AZB43B6B43B6G43BDB
877020,438AB438HB438HG438OB438VB43AZB43B6B43B6G43BDB
833843,438AB438HB438HG438OB438VB43AZB43B6B43B6G43BDB
833840,438AB438HB438HG438OB438VB43AZB43B6B43B6G43BDB
648055,4388G438DR438FB438MG438RR438TB43AXG43B2R43B4B
646741,4388G438DR438FB438MG438RR438TB43AXG43B2R43B4B
652015,4388G438DR438FB438MG438RR438TB43AXG43B2R43B4B
652014,4388G438DR438FB438MG438RR438TB43AXG43B2R43B4B
648057,4388G438DR438FB438MG438RR438TB43AXG43B2R43B4B
741587,4388G438DR438FB438MG438RR438TB43AXG43B2R43B4B
648053,4388G438DR438FB438MG438RR438TB43AXG43B2R43B4B
646750,4388G438DR438FB438MG438RR438TB43AXG43B2R43B4B
664002,4385G4389R438CB438JG438NR438QB43AUG43AYR43B1B
634590,4385G4389R438CB438JG438NR438QB43AUG43AYR43B1B
659605,4385G4389R438CB438JG438NR438QB43AUG43AYR43B1B
633361,4385G4389R438CB438JG438NR438QB43AUG43AYR43B1B
664001,4385G438CB438JG438QB43AUG43B1B43B8G43BFB43BMG
677277,4385G4389R438CB438JG438NR438QB43AUG43AYR43B1B
941381,4385G438CB438JG438QB43AUG43B1B43B8G43BFB43BMG
678778,4385G438CB438JG438QB43AUG43B1B43B8G43BFB43BMG
664011,4385G4389R438CB438JG438NR438QB43AUG43AYR43B1B
678776,4385G4389R438CB438JG438NR438QB43AUG43AYR43B1B
677103,4385G4389R438CB438JG438NR438QB43AUG43AYR43B1B
677291,4385G4389R438CB438JG438NR438QB43AUG43AYR43B1B
637105,4385G4389R438CB438JG438NR438QB43AUG43AYR43B1B
963855,4385G4389R438CB438JG438NR438QB43AUG43AYR43B1B
659946,4385G4389R438CB438JG438NR438QB43AUG43AYR43B1B
673713,4385G438CB438JG438QB43AUG43B1B43B8G43BFB43BMG
675043,4385G4389R438CB438JG438NR438QB43AUG43AYR43B1B
673673,4385G4389R438CB438JG438NR438QB43AUG43AYR43B1B
673695,4385G4389R438CB438JG438NR438QB43AUG43AYR43B1B
673687,4385G4389R438CB438JG438NR438QB43AUG43AYR43B1B
637981,4385G4389R438CB438JG438NR438QB43AUG43AYR43B1B
676769,4385G4389R438CB438JG438NR438QB43AUG43AYR43B1B
676761,4385G4389R438CB438JG438NR438QB43AUG43AYR43B1B
675069,4385G4389R438CB438JG438NR438QB43AUG43AYR43B1B
775951,4385G4389R438CB438JG438NR438QB43AUG43AYR43B1B
659940,4385G4389R438CB438JG438NR438QB43AUG43AYR43B1B
695839,4385R4386B438DG438JR438KB438RG43AUR43AVB43B2G
1036307,4385R4386B438DG438JR438KB438RG43AUR43AVB43B2G
868692,4385R4386B438DG438JR438KB438RG43AUR43AVB43B2G
871356,4385R4386B438DG438JR438KB438RG43AUR43AVB43B2G
866427,4385R4386B438DG438JR438KB438RG43AUR43AVB43B2G
866064,4385R4386B438DG438JR438KB438RG43AUR43AVB43B2G
1039508,4385R4386B438DG438JR438KB438RG43AUR43AVB43B2G
868234,4385R4386B438DG438JR438KB438RG43AUR43AVB43B2G
868195,4385R4386B438DG438JR438KB438RG43AUR43AVB43B2G
995349,4385R4386B438DG438JR438KB438RG43AUR43AVB43B2G
663538,4385R4386B438DG438JR438KB438RG43AUR43AVB43B2G
868247,4385R4386B438DG438JR438KB438RG43AUR43AVB43B2G
663536,4385R4386B438DG438JR438KB438RG43AUR43AVB43B2G
866424,4385R4386B438DG438JR438KB438RG43AUR43AVB43B2G
663526,4385R4386B438DG438JR438KB438RG43AUR43AVB43B2G
694207,4385R4386B438DG438JR438KB438RG43AUR43AVB43B2G
695825,4385R4386B438DG438JR438KB438RG43AUR43AVB43B2G
867467,4385R4386B438DG438JR438KB438RG43AUR43AVB43B2G
695136,4385R4386B438DG438JR438KB438RG43AUR43AVB43B2G
868727,4385R4386B438DG438JR438KB438RG43AUR43AVB43B2G
867684,4385R4386B438DG438JR438KB438RG43AUR43AVB43B2G
726319,4385R4386B438DG438JR438KB438RG43AUR43AVB43B2G
943136,4385R4386B438DG438JR438KB438RG43AUR43AVB43B2G
863001,4388B438FG438MB438TG43AXB43B4G43BBB43BIG43DNB
1049585,4388B438FG438HR438MB438TG438VR43AXB43B4G43B6R
685003,4388B438FG438HR438MB438TG438VR43AXB43B4G43B6R
863000,4388B438FG438HR438MB438TG438VR43AXB43B4G43B6R
685001,4388B438FG438HR438MB438TG438VR43AXB43B4G43B6R
997601,4388B438FG438HR438MB438TG438VR43AXB43B4G43B6R
684999,4388B438FG438HR438MB438TG438VR43AXB43B4G43B6R
684998,4388B438FG438MB438TG43AXB43B4G43BBB43BIG43DNB
684997,4388B438FG438HR438MB438TG438VR43AXB43B4G43B6R
682643,4388B438FG438MB438TG43AXB43B4G43BBB43BIG43DNB
862997,4388B438FG438HR438MB438TG438VR43AXB43B4G43B6R
682648,4388B438FG438HR438MB438TG438VR43AXB43B4G43B6R
819620,4388B438FG438MB438TG43AXB43B4G43BBB43BIG43DNB
682647,4388B438FG438HR438MB438TG438VR43AXB43B4G43B6R
682646,4388B438FG438HR438MB438TG438VR43AXB43B4G43B6R
819619,4388B438FG438HR438MB438TG438VR43AXB43B4G43B6R
684623,4388B438FG438HR438MB438TG438VR43AXB43B4G43B6R
1027493,4388B438FG438HR438MB438TG438VR43AXB43B4G43B6R
682642,4388B438FG438HR438MB438TG438VR43AXB43B4G43B6R
684626,4388B438FG438HR438MB438TG438VR43AXB43B4G43B6R
684625,4388B438FG438HR438MB438TG438VR43AXB43B4G43B6R
684624,4388B438FG438HR438MB438TG438VR43AXB43B4G43B6R
1049583,4388B438FG438HR438MB438TG438VR43AXB43B4G43B6R
819623,4388B438FG438HR438MB438TG438VR43AXB43B4G43B6R
682645,4388B438FG438HR438MB438TG438VR43AXB43B4G43B6R
862995,4388B438FG438HR438MB438TG438VR43AXB43B4G43B6R
684984,4388B438FG438HR438MB438TG438VR43AXB43B4G43B6R
646749,4388G438DR438FB438MG438RR438TB43AXG43B2R43B4B
860727,4388G438DR438FB438MG438RR438TB43AXG43B2R43B4B
646727,4388G438DR438FB438MG438RR438TB43AXG43B2R43B4B
646725,4388G438DR438FB438MG438RR438TB43AXG43B2R43B4B
860726,4388G438DR438FB438MG438RR438TB43AXG43B2R43B4B
644288,438AB438HB438HG438OB438VB43AZB43B6B43B6G43BDB
644293,438AB438HB438HG438OB438VB43AZB43B6B43B6G43BDB
862439,438AB438HB438HG438OB438VB43AZB43B6B43B6G43BDB
644408,438AB438HB438HG438OB438VB43AZB43B6B43B6G43BDB
1009677,438AB438HB438HG438OB438VB43AZB43B6B43B6G43BDB
644379,438AB438HB438HG438OB438VB43AZB43B6B43B6G43BDB
644747,438AB438HB438HG438OB438VB43AZB43B6B43B6G43BDB
744389,438AB438HB438HG438OB438VB43AZB43B6B43B6G43BDB
644750,438AB438HB438HG438OB438VB43AZB43B6B43B6G43BDB
644757,438AB438HB438HG438OB438VB43AZB43B6B43B6G43BDB
644398,438AB438HB438HG438OB438VB43AZB43B6B43B6G43BDB
681945,438AB438HB438HG438OB438VB43AZB43B6B43B6G43BDB
643078,438AB438HB438HG438OB438VB43AZB43B6B43B6G43BDB
644396,438AB438HB438HG438OB438VB43AZB43B6B43B6G43BDB
644376,438AB438HB438HG438OB438VB43AZB43B6B43B6G43BDB
644749,438AB438HB438HG438OB438VB43AZB43B6B43B6G43BDB
645958,438AB438HB438HG438OB438VB43AZB43B6B43B6G43BDB
641341,438AB438HB438HG438OB438VB43AZB43B6B43B6G43BDB
684982,4389G438NG43AYG43BCG43DOG43E2G43GDG
682650,4389G438DR438GB438NG438RR438UB43AYG43B2R43B5B
1014511,4389G438NG43AYG43BCG43DOG43E2G43GDG
1001369,4389G438DR438GB438NG438RR438UB43AYG43B2R43B5B
682657,4389G438NG43AYG43BCG43DOG43E2G43GDG
682654,4389G438DR438GB438NG438RR438UB43AYG43B2R43B5B
682653,4389G438NG43AYG43BCG43DOG43E2G43GDG
686374,4389G438DR438GB438NG438RR438UB43AYG43B2R43B5B
682651,4389G438NG43AYG43BCG43DOG43E2G43GDG
685009,4389G438DR438GB438NG438RR438UB43AYG43B2R43B5B
819621,4389G438NG43AYG43BCG43DOG43E2G43GDG
686370,4389G438DR438GB438NG438RR438UB43AYG43B2R43B5B
686369,4389G438DR438GB438NG438RR438UB43AYG43B2R43B5B
705904,4389G438NG43AYG43BCG43DOG43E2G43GDG
686366,4389G438DR438GB438NG438RR438UB43AYG43B2R43B5B
686368,4389G438NG43AYG43BCG43DOG43E2G43GDG
686364,4389G438GB438NG438UB43AYG43B5B43BCG43BJB43DOG
686356,4389G438NG43AYG43BCG43DOG43E2G43GDG
686363,4389G438DR438GB438NG438RR438UB43AYG43B2R43B5B
686361,4389G438NG43AYG43BCG43DOG43E2G43GDG
686381,4389G438DR438GB438NG438RR438UB43AYG43B2R43B5B
686360,4389G438NG43AYG43BCG43DOG43E2G43GDG
997623,4389G438DR438GB438NG438RR438UB43AYG43B2R43B5B
686358,4389G438NG43AYG43BCG43DOG43E2G43GDG
686390,4389G438DR438GB438NG438RR438UB43AYG43B2R43B5B
686388,4389G438GB438NG438UB43AYG43B5B43BCG43BJB43DOG
686387,4389G438DR438GB438NG438RR438UB43AYG43B2R43B5B
686385,4389G438GB438NG438UB43AYG43B5B43BCG43BJB43DOG
705905,4389G438DR438GB438NG438RR438UB43AYG43B2R43B5B
686373,4389G438GB438NG438UB43AYG43B5B43BCG43BJB43DOG
686382,4389G438DR438GB438NG438RR438UB43AYG43B2R43B5B
686380,4389G438GB438NG438UB43AYG43B5B43BCG43BJB43DOG
997624,4389G438DR438GB438NG438RR438UB43AYG43B2R43B5B
686378,4389G438GB438NG438UB43AYG43B5B43BCG43BJB43DOG
686377,4389G438DR438GB438NG438RR438UB43AYG43B2R43B5B
686375,4389G438GB438NG438UB43AYG43B5B43BCG43BJB43DOG
705903,4389G438DR438GB438NG438RR438UB43AYG43B2R43B5B
686357,4389G438GB438NG438UB43AYG43B5B43BCG43BJB43DOG
685023,4389G438DR438GB438NG438RR438UB43AYG43B2R43B5B
685022,4389G438GB438NG438UB43AYG43B5B43BCG43BJB43DOG
685021,4389G438GB438NG438UB43AYG43B5B43BCG43BJB43DOG
685019,4389G438GB438NG438UB43AYG43B5B43BCG43BJB43DOG
863005,4389G438DR438GB438NG438RR438UB43AYG43B2R43B5B
685011,4389G438GB438NG438UB43AYG43B5B43BCG43BJB43DOG
685016,4389G438DR438GB438NG438RR438UB43AYG43B2R43B5B
863004,4389G438GB438NG438UB43AYG43B5B43BCG43BJB43DOG
685014,4389G438DR438GB438NG438RR438UB43AYG43B2R43B5B
705902,4389G438GB438NG438UB43AYG43B5B43BCG43BJB43DOG
685013,4389G438DR438GB438NG438RR438UB43AYG43B2R43B5B
686354,4389G438DR438GB438NG438RR438UB43AYG43B2R43B5B
997622,4389G438DR438GB438NG438RR438UB43AYG43B2R43B5B
686352,4389G438DR438GB438NG438RR438UB43AYG43B2R43B5B
686355,4389G438GB438NG438UB43AYG43B5B43BCG43BJB43DOG
683257,4389G438GB438NG438UB43AYG43B5B43BCG43BJB43DOG
861728,4389G438GB438NG438UB43AYG43B5B43BCG43BJB43DOG
705897,4389G438GB438NG438UB43AYG43B5B43BCG43BJB43DOG
683258,4389G438GB438NG438UB43AYG43B5B43BCG43BJB43DOG
683245,4389G438GB438NG438UB43AYG43B5B43BCG43BJB43DOG
683233,4389G438GB438NG438UB43AYG43B5B43BCG43BJB43DOG
680034,4389G438GB438NG438UB43AYG43B5B43BCG43BJB43DOG
680033,4389G438GB438NG438UB43AYG43B5B43BCG43BJB43DOG
683334,4389G438GB438NG438UB43AYG43B5B43BCG43BJB43DOG
683230,4389G438GB438NG438UB43AYG43B5B43BCG43BJB43DOG
683229,4389G438GB438NG438UB43AYG43B5B43BCG43BJB43DOG
683227,4389G438GB438NG438UB43AYG43B5B43BCG43BJB43DOG
680046,438UG43BJG43E9G
680047,4389G438DR438GB438NG438RR438UB43AYG43B2R43B5B
819231,4389G438DR438GB438NG438RR438UB43AYG43B2R43B5B
680044,4389G438NG43AYG43BCG43DOG43E2G43GDG
1001051,4389G438DR438GB438NG438RR438UB43AYG43B2R43B5B
1014229,4389G438NG43AYG43BCG43DOG43E2G43GDG
684602,4389G438DR438GB438NG438RR438UB43AYG43B2R43B5B
684604,4389G438NG43AYG43BCG43DOG43E2G43GDG
705900,4389G438DR438GB438NG438RR438UB43AYG43B2R43B5B
684600,4389G438GB438NG438UB43AYG43B5B43BCG43BJB43DOG
684599,4389G438DR438GB438NG438RR438UB43AYG43B2R43B5B
684597,4389G438GB438NG438UB43AYG43B5B43BCG43BJB43DOG
684606,4389G438GB438NG438UB43AYG43B5B43BCG43BJB43DOG
684596,4389G438DR438GB438NG438RR438UB43AYG43B2R43B5B
684593,4389G438GB438NG438UB43AYG43B5B43BCG43BJB43DOG
684592,4389G438DR438GB438NG438RR438UB43AYG43B2R43B5B
684614,4389G438GB438NG438UB43AYG43B5B43BCG43BJB43DOG
1014509,4389G438DR438GB438NG438RR438UB43AYG43B2R43B5B
997598,4389G438GB438NG438UB43AYG43B5B43BCG43BJB43DOG
684621,4389G438DR438GB438NG438RR438UB43AYG43B2R43B5B
1014510,4389G438DR438GB438NG438RR438UB43AYG43B2R43B5B
684617,4389G438DR438GB438NG438RR438UB43AYG43B2R43B5B
684615,4389G438DR438GB438NG438RR438UB43AYG43B2R43B5B
684609,4389G438DR438GB438NG438RR438UB43AYG43B2R43B5B
997597,4389G438GB438NG438UB43AYG43B5B43BCG43BJB43DOG
684587,4389G438DR438GB438NG438RR438UB43AYG43B2R43B5B
684616,4389G438GB438NG438UB43AYG43B5B43BCG43BJB43DOG
683281,4389G438DR438GB438NG438RR438UB43AYG43B2R43B5B
683280,4389G438GB438NG438UB43AYG43B5B43BCG43BJB43DOG
683278,4389G438GB438NG438UB43AYG43B5B43BCG43BJB43DOG
861731,4389G438GB438NG438UB43AYG43B5B43BCG43BJB43DOG
683276,4389G438DR438GB438NG438RR438UB43AYG43B2R43B5B
683275,438UG43BJG43E9G
997578,4389G438DR438GB438NG438RR438UB43AYG43B2R43B5B
861730,438UG43BJG43E9G
683271,4389G438DR438GB438NG438RR438UB43AYG43B2R43B5B
861732,438UG43BJG43E9G
684580,4389G438DR438GB438NG438RR438UB43AYG43B2R43B5B
684581,438UG43BJG43E9G
684584,4389G438DR438GB438NG438RR438UB43AYG43B2R43B5B
684586,438UG43BJG43E9G
684583,4389G438DR438GB438NG438RR438UB43AYG43B2R43B5B
705899,438UG43BJG43E9G
684582,4389G438DR438GB438NG438RR438UB43AYG43B2R43B5B
683282,438UG43BJG43E9G
684588,438UG43BJG43E9G
684579,438UG43BJG43E9G
684577,438UG43BJG43E9G
684576,438UG43BJG43E9G
683285,438UG43BJG43E9G
683284,438UG43BJG43E9G
723862,438UG43BJG43E9G
681659,438UG43BJG43E9G
681305,438UG43BJG43E9G
681307,438UG43BJG43E9G
681651,438UG43BJG43E9G
681650,438UG43BJG43E9G
681648,438UG43BJG43E9G
822141,438UG43BJG43E9G
681646,438UG43BJG43E9G
681311,438UG43BJG43E9G
681652,438UG43BJG43E9G
1016018,438UG43BJG43E9G
681313,438UG43BJG43E9G
681312,438UG43BJG43E9G
705907,438UG43BJG43E9G
996045,438UG43BJG43E9G
681645,438UG43BJG43E9G
681301,438UG43BJG43E9G
725583,438UG43BJG43E9G
725582,438UG43BJG43E9G
725580,438UG43BJG43E9G
862784,438UG43BJG43E9G
725579,438UG43BJG43E9G
992487,4385R4386B438DG438JR438KB438RG43AUR43AVB43B2G
688051,4385R4386B438DG438JR438KB438RG43AUR43AVB43B2G
688020,4385R4386B438DG438JR438KB438RG43AUR43AVB43B2G
727135,4386B438DG438KB438RG43AVB43B2G43B9B43BGG43DLB
733091,4385R4386B438DG438JR438KB438RG43AUR43AVB43B2G
733087,4385R4386B438DG438JR438KB438RG43AUR43AVB43B2G
688035,4385R4386B438DG438JR438KB438RG43AUR43AVB43B2G
727118,4385R4386B438DG438JR438KB438RG43AUR43AVB43B2G
1005615,4385R4386B438DG438JR438KB438RG43AUR43AVB43B2G
868193,4385R4386B438DG438JR438KB438RG43AUR43AVB43B2G
868205,4385R4386B438DG438JR438KB438RG43AUR43AVB43B2G
868264,4385R4386B438DG438JR438KB438RG43AUR43AVB43B2G
866088,4385R4386B438DG438JR438KB438RG43AUR43AVB43B2G
866089,4385R4386B438DG438JR438KB438RG43AUR43AVB43B2G
1039504,4385R4386B438DG438JR438KB438RG43AUR43AVB43B2G
867763,4385R4386B438DG438JR438KB438RG43AUR43AVB43B2G
1025894,4385R4386B438DG438JR438KB438RG43AUR43AVB43B2G
871008,4385R4386B438DG438JR438KB438RG43AUR43AVB43B2G
871379,4385R4386B438DG438JR438KB438RG43AUR43AVB43B2G
868707,4385R4386B438DG438JR438KB438RG43AUR43AVB43B2G
868704,4385R4386B438DG438JR438KB438RG43AUR43AVB43B2G
867478,4385R4386B438DG438JR438KB438RG43AUR43AVB43B2G
870354,4385R4386B438DG438JR438KB438RG43AUR43AVB43B2G
986286,438AB438ER438HG438OB438SR438VG43AZB43B3R43B6G
986267,438AB438HG438OB438VG43AZB43B6G43BDB43BKG43DPB
986287,438AB438HG438OB438VG43AZB43B6G43BDB43BKG43DPB
986560,438AB438HG438OB438VG43AZB43B6G43BDB43BKG43DPB
986561,438AB438HG438OB438VG43AZB43B6G43BDB43BKG43DPB
828703,4386B4388R438DG438KB438MR438RG43AVB43AXR43B2G
648341,4386B4388R438DG438KB438MR438RG43AVB43AXR43B2G
648339,4386B4388R438DG438KB438MR438RG43AVB43AXR43B2G
648342,4386B4388R438DG438KB438MR438RG43AVB43AXR43B2G
648672,4386B4388R438DG438KB438MR438RG43AVB43AXR43B2G
648675,4386B4388R438DG438KB438MR438RG43AVB43AXR43B2G
647435,4386B4388R438DG438KB438MR438RG43AVB43AXR43B2G
646110,4386B4388R438DG438KB438MR438RG43AVB43AXR43B2G
647436,4386B4388R438DG438KB438MR438RG43AVB43AXR43B2G
901689,4386B4388R438DG438KB438MR438RG43AVB43AXR43B2G
647433,4386B4388R438DG438KB438MR438RG43AVB43AXR43B2G
665536,4386B4388R438DG438KB438MR438RG43AVB43AXR43B2G
648692,4386B4388R438DG438KB438MR438RG43AVB43AXR43B2G
903014,4386B4388R438DG438KB438MR438RG43AVB43AXR43B2G
648698,4386B4388R438DG438KB438MR438RG43AVB43AXR43B2G
1017711,4386B4388R438DG438KB438MR438RG43AVB43AXR43B2G
1028688,4386B4388R438DG438KB438MR438RG43AVB43AXR43B2G
983323,4386B438DG438KB438RG43AVB43B2G43B9B43BGG43DLB
983327,4386B4388R438DG438KB438MR438RG43AVB43AXR43B2G
983328,4386B438DG438KB438RG43AVB43B2G43B9B43BGG43DLB
983331,4386B4388R438DG438KB438MR438RG43AVB43AXR43B2G
983314,4386B438DG438KB438RG43AVB43B2G43B9B43BGG43DLB
983310,4386B438DG438KB438RG43AVB43B2G43B9B43BGG43DLB
997257,4386B438DG438KB438RG43AVB43B2G43B9B43BGG43DLB
865886,4385R4386B438DG438JR438KB438RG43AUR43AVB43B2G
871252,4386B438DG438KB438RG43AVB43B2G43B9B43BGG43DLB
1039514,4385R4386B438DG438JR438KB438RG43AUR43AVB43B2G
866228,4385R4386B438DG438JR438KB438RG43AUR43AVB43B2G
694533,4386B438DG438KB438RG43AVB43B2G43B9B43BGG43DLB
1039519,4385R4386B438DG438JR438KB438RG43AUR43AVB43B2G
866061,4385R4386B438DG438JR438KB438RG43AUR43AVB43B2G
868254,4385R4386B438DG438JR438KB438RG43AUR43AVB43B2G
694579,4385R4386B438DG438JR438KB438RG43AUR43AVB43B2G
694575,4385R4386B438DG438JR438KB438RG43AUR43AVB43B2G
868672,4385R4386B438DG438JR438KB438RG43AUR43AVB43B2G
868666,4385R4386B438DG438JR438KB438RG43AUR43AVB43B2G
940997,4387B438EG438LB438SG43AWB43B3G43BAB43BHG43DMB
1027124,4385R4386B438DG438JR438KB438RG43AUR43AVB43B2G
871007,4387B438EG438LB438SG43AWB43B3G43BAB43BHG43DMB
941514,4385R4386B438DG438JR438KB438RG43AUR43AVB43B2G
940998,4387B438EG438LB438SG43AWB43B3G43BAB43BHG43DMB
867492,4387B438EG438LB438SG43AWB43B3G43BAB43BHG43DMB
941000,4385R4386B438DG438JR438KB438RG43AUR43AVB43B2G
1025919,4385R4387B438EG438JR438LB438SG43AUR43AWB43B3G
995327,4385R4386B438DG438JR438KB438RG43AUR43AVB43B2G
871245,4387B438EG438LB438SG43AWB43B3G43BAB43BHG43DMB
943137,4386B438DG438KB438RG43AVB43B2G43B9B43BGG43DLB
940999,4385R4387B438EG438JR438LB438SG43AUR43AWB43B3G
871241,4385R4387B438EG438JR438LB438SG43AUR43AWB43B3G
943138,4385R4387B438EG438JR438LB438SG43AUR43AWB43B3G
1019681,4387B438EG438LB438SG43AWB43B3G43BAB43BHG43DMB
695838,4387B438EG438LB438SG43AWB43B3G43BAB43BHG43DMB
866224,4385R4387B438EG438JR438LB438SG43AUR43AWB43B3G
992489,4385R4387B438EG438JR438LB438SG43AUR43AWB43B3G
663524,4385R4387B438EG438JR438LB438SG43AUR43AWB43B3G
1032612,4386B438DG438KB438RG43AVB43B2G43B9B43BGG43DLB
695835,4386B438DG438KB438RG43AVB43B2G43B9B43BGG43DLB
995343,4385R4386B438DG438JR438KB438RG43AUR43AVB43B2G
941513,4385R4387B438EG438JR438LB438SG43AUR43AWB43B3G
866227,4385R4387B438EG438JR438LB438SG43AUR43AWB43B3G
871006,4385R4386B438DG438JR438KB438RG43AUR43AVB43B2G
1113623,4387B438CR438EG438LB438QR438SG43AWB43B1R43B3G
1113622,4387B438CR438EG438LB438QR438SG43AWB43B1R43B3G
1113621,4387B438CR438EG438LB438QR438SG43AWB43B1R43B3G
1113620,4387B438EG438LB438SG43AWB43B3G43BAB43BHG43DMB
1113619,4387B438CR438EG438LB438QR438SG43AWB43B1R43B3G
1113618,4387B438CR438EG438LB438QR438SG43AWB43B1R43B3G
711581,4385G438CB438ER438JG438QB438SR43AUG43B1B43B3R
738758,4385G438CB438ER438JG438QB438SR43AUG43B1B43B3R
711585,4385G438CB438ER438JG438QB438SR43AUG43B1B43B3R
711587,4385G438CB438ER438JG438QB438SR43AUG43B1B43B3R
711574,4385G438CB438ER438JG438QB438SR43AUG43B1B43B3R
738754,4385G438CB438ER438JG438QB438SR43AUG43B1B43B3R
711572,4385G438CB438ER438JG438QB438SR43AUG43B1B43B3R
711573,4385G438CB438ER438JG438QB438SR43AUG43B1B43B3R
872089,4386R4388F4388G438FB438FF438KR438MF438MG438TB
872091,4386R4388F4388G438FB438FF438KR438MF438MG438TB
872094,4386R4388F4388G438FB438FF438KR438MF438MG438TB
868504,4386R4388F4388G438FB438FF438KR438MF438MG438TB
693890,4386R4388F4388G438FB438FF438KR438MF438MG438TB
1018125,4388F4388G438FB438FF438MF438MG438TB438TF43AXF
1101784,4389B438ER438GG438NB438SR438UG43AYB43B3R43B5G
1101801,4389B438ER438GG438NB438SR438UG43AYB43B3R43B5G
1101785,4389B438ER438GG438NB438SR438UG43AYB43B3R43B5G
1101800,4389B438ER438GG438NB438SR438UG43AYB43B3R43B5G
1101786,4389B438ER438GG438NB438SR438UG43AYB43B3R43B5G
1101799,4389B438ER438GG438NB438SR438UG43AYB43B3R43B5G
1101787,4389B438ER438GG438NB438SR438UG43AYB43B3R43B5G
1101798,4389B438ER438GG438NB438SR438UG43AYB43B3R43B5G
1101788,4389B438ER438GG438NB438SR438UG43AYB43B3R43B5G
1101797,4389B438ER438GG438NB438SR438UG43AYB43B3R43B5G
1101789,4389B438ER438GG438NB438SR438UG43AYB43B3R43B5G
1101796,4389B438ER438GG438NB438SR438UG43AYB43B3R43B5G
1101795,4389B438ER438GG438NB438SR438UG43AYB43B3R43B5G
1101790,4389B438ER438GG438NB438SR438UG43AYB43B3R43B5G
1101794,4389B438ER438GG438NB438SR438UG43AYB43B3R43B5G
1101791,4389B438ER438GG438NB438SR438UG43AYB43B3R43B5G
1101793,4389B438ER438GG438NB438SR438UG43AYB43B3R43B5G
1101792,4389B438ER438GG438NB438SR438UG43AYB43B3R43B5G
903851,4385G4388R438CB438JG438MR438QB43AUG43AXR43B1B
831372,4385G4388R438CB438JG438MR438QB43AUG43AXR43B1B
903850,4385G4388R438CB438JG438MR438QB43AUG43AXR43B1B
978098,4385G4388R438CB438JG438MR438QB43AUG43AXR43B1B
981346,4385G4388R438CB438JG438MR438QB43AUG43AXR43B1B
1110053,438AB438HG438OB438VG43AZB43B6G43BDB43BKG43DPB
1110045,4386R438AB438HG438KR438OB438VG43AVR43AZB43B6G
1110068,438AB438HG438OB438VG43AZB43B6G43BDB43BKG43DPB
1110046,438AB438HG438OB438VG43AZB43B6G43BDB43BKG43DPB
1110067,438AB438HG438OB438VG43AZB43B6G43BDB43BKG43DPB
1110047,438AB438HG438OB438VG43AZB43B6G43BDB43BKG43DPB
1056994,4385B4388R438CG438JB438MR438QG43AUB43AXR43B1G
1057007,4385B4388R438CG438JB438MR438QG43AUB43AXR43B1G
1056995,4385B438CG438JB438QG43AUB43B1G43B8B43BFG43BMB
1057008,4385B4388R438CG438JB438MR438QG43AUB43AXR43B1G
1057009,4385B4388R438CG438JB438MR438QG43AUB43AXR43B1G
1057010,4385B4388R438CG438JB438MR438QG43AUB43AXR43B1G
1057011,4385B4388R438CG438JB438MR438QG43AUB43AXR43B1G
1057012,4385B4388R438CG438JB438MR438QG43AUB43AXR43B1G
1057013,4385B4388R438CG438JB438MR438QG43AUB43AXR43B1G
1057014,4385B4388R438CG438JB438MR438QG43AUB43AXR43B1G
1057015,4385B4388R438CG438JB438MR438QG43AUB43AXR43B1G
1057016,4385B4388R438CG438JB438MR438QG43AUB43AXR43B1G
1057017,4385B4388R438CG438JB438MR438QG43AUB43AXR43B1G
1057018,4385B4388R438CG438JB438MR438QG43AUB43AXR43B1G
1057005,4385B4388R438CG438JB438MR438QG43AUB43AXR43B1G
1057019,4385B4388R438CG438JB438MR438QG43AUB43AXR43B1G
1057006,4385B4388R438CG438JB438MR438QG43AUB43AXR43B1G
1057020,4385B4388R438CG438JB438MR438QG43AUB43AXR43B1G
1057021,4385B4388R438CG438JB438MR438QG43AUB43AXR43B1G
1057022,4385B4388R438CG438JB438MR438QG43AUB43AXR43B1G
1057023,4385B4388R438CG438JB438MR438QG43AUB43AXR43B1G
681278,4385G438CB438HR438JG438QB438VR43AUG43B1B43B6R
681277,4385G438CB438HR438JG438QB438VR43AUG43B1B43B6R
681275,4385G438CB438JG438QB43AUG43B1B43B8G43BFB43BMG
681274,4385G438CB438HR438JG438QB438VR43AUG43B1B43B6R
681294,4385G438CB438HR438JG438QB438VR43AUG43B1B43B6R
725578,4385G438CB438HR438JG438QB438VR43AUG43B1B43B6R
681297,4385G438CB438HR438JG438QB438VR43AUG43B1B43B6R
997964,4385G438CB438HR438JG438QB438VR43AUG43B1B43B6R
681296,4385G438CB438HR438JG438QB438VR43AUG43B1B43B6R
822133,4385G438CB438HR438JG438QB438VR43AUG43B1B43B6R
725584,4385G438CB438HR438JG438QB438VR43AUG43B1B43B6R
681293,4385G438CB438JG438QB43AUG43B1B43B8G43BFB43BMG
681291,4385G438CB438HR438JG438QB438VR43AUG43B1B43B6R
1016017,4385G438CB438JG438QB43AUG43B1B43B8G43BFB43BMG
681289,4385G438CB438HR438JG438QB438VR43AUG43B1B43B6R
681288,4385G438CB438HR438JG438QB438VR43AUG43B1B43B6R
681286,4385G438CB438HR438JG438QB438VR43AUG43B1B43B6R
1005632,4385G438CB438HR438JG438QB438VR43AUG43B1B43B6R
1027480,4385G438CB438HR438JG438QB438VR43AUG43B1B43B6R
682930,4385G438CB438HR438JG438QB438VR43AUG43B1B43B6R
1027288,4388B4388R438FG438MB438MR438TG43AXB43AXR43B4G
1034107,4388B4388R438FG438MB438MR438TG43AXB43AXR43B4G
1034108,4388B4388R438FG438MB438MR438TG43AXB43AXR43B4G
1038228,4388B4388R438FG438MB438MR438TG43AXB43AXR43B4G
1034109,4388B4388R438FG438MB438MR438TG43AXB43AXR43B4G
911909,4388B4388R438FG438MB438MR438TG43AXB43AXR43B4G
1034110,4388B4388R438FG438MB438MR438TG43AXB43AXR43B4G
949607,4388B4388R438FG438MB438MR438TG43AXB43AXR43B4G
911545,4388B4388R438FG438MB438MR438TG43AXB43AXR43B4G
699599,4388B4388R438FG438MB438MR438TG43AXB43AXR43B4G
1034111,4388B4388R438FG438MB438MR438TG43AXB43AXR43B4G
699600,4388B4388R438FG438MB438MR438TG43AXB43AXR43B4G
1034112,4388B4389R438FG438MB438NR438TG43AXB43AYR43B4G
699601,4388B4388R438FG438MB438MR438TG43AXB43AXR43B4G
1034113,4388B4389R438FG438MB438NR438TG43AXB43AYR43B4G
1034157,4388B4388R438FG438MB438MR438TG43AXB43AXR43B4G
1034114,4388B4389R438FG438MB438NR438TG43AXB43AYR43B4G
698632,4388B4388R438FG438MB438MR438TG43AXB43AXR43B4G
1034115,4388B4389R438FG438MB438NR438TG43AXB43AYR43B4G
698633,4388B4388R438FG438MB438MR438TG43AXB43AXR43B4G
1034116,4388B4389R438FG438MB438NR438TG43AXB43AYR43B4G
695810,4388B4388R438FG438MB438MR438TG43AXB43AXR43B4G
789862,4388B4389R438FG438MB438NR438TG43AXB43AYR43B4G
993490,4388B4388R438FG438MB438MR438TG43AXB43AXR43B4G
1034117,4388B4389R438FG438MB438NR438TG43AXB43AYR43B4G
993489,4388B4388R438FG438MB438MR438TG43AXB43AXR43B4G
1034118,4388B4389R438FG438MB438NR438TG43AXB43AYR43B4G
1006917,4388B4388R438FG438MB438MR438TG43AXB43AXR43B4G
1030734,4388B4389R438FG438MB438NR438TG43AXB43AYR43B4G
1031058,4388B4389R438FG438MB438NR438TG43AXB43AYR43B4G
1031057,4388B4389R438FG438MB438NR438TG43AXB43AYR43B4G
1031056,4388B4389R438FG438MB438NR438TG43AXB43AYR43B4G
1031055,4388B4389R438FG438MB438NR438TG43AXB43AYR43B4G
839615,4387G438DR438EB438LG438RR438SB43AWG43B2R43B3B
844343,4387G438DR438EB438LG438RR438SB43AWG43B2R43B3B
799422,4387G438EB438LG438SB43AWG43B3B43BAG43BHB43DMG
799426,4387G438EB438LG438SB43AWG43B3B43BAG43BHB43DMG
798156,4387G438EB438LG438SB43AWG43B3B43BAG43BHB43DMG
896021,4387G438EB438LG438SB43AWG43B3B43BAG43BHB43DMG
798154,4387G438EB438LG438SB43AWG43B3B43BAG43BHB43DMG
798158,4387G438EB438LG438SB43AWG43B3B43BAG43BHB43DMG
799434,4387G438EB438LG438SB43AWG43B3B43BAG43BHB43DMG
868900,438AF438AG438ER438HB438HF438OF438OG438SR438VB
998100,438AF438AG438ER438HB438HF438OF438OG438SR438VB
867161,438AF438AG438ER438HB438HF438OF438OG438SR438VB
1034472,438AF438AG438HB438HF438OF438OG438VB438VF43AZF
870241,438AF438AG438ER438HB438HF438OF438OG438SR438VB
1038864,438AF438AG438ER438HB438HF438OF438OG438SR438VB
787723,438AF438AG438HB438HF438OF438OG438VB438VF43AZF
923562,4388G438FB438MG438TB43AXG43B4B43BBG43BIB43DNG
925070,4388G438FB438MG438TB43AXG43B4B43BBG43BIB43DNG
921791,4388G438ER438FB438MG438SR438TB43AXG43B3R43B4B
682941,4387B438EB438LB438SB438TG43AWB43B3B43BAB43BHB
682940,4387B438EB438LB438SB438TG43AWB43B3B43BAB43BHB
682938,4387B438EB438LB438SB438TG43AWB43B3B43BAB43BHB
682937,4387B438EB438LB438SB438TG43AWB43B3B43BAB43BHB
682932,4387B438EB438LB438SB438TG43AWB43B3B43BAB43BHB
682934,4387B438EB438LB438SB438TG43AWB43B3B43BAB43BHB
681653,4387B438EB438LB438SB438TG43AWB43B3B43BAB43BHB
681657,4387B438EB438LB438SB438TG43AWB43B3B43BAB43BHB
681656,4387B438EB438LB438SB438TG43AWB43B3B43BAB43BHB
681655,4387B438EB438LB438SB438TG43AWB43B3B43BAB43BHB
822143,4387B438EB438LB438SB438TG43AWB43B3B43BAB43BHB
681654,4387B438EB438LB438SB438TG43AWB43B3B43BAB43BHB
996046,4387B438EB438LB438SB438TG43AWB43B3B43BAB43BHB
996047,4387B438EB438LB438SB438TG43AWB43B3B43BAB43BHB
681658,4387B438EB438LB438SB438TG43AWB43B3B43BAB43BHB
681668,4387B438EB438LB438SB438TG43AWB43B3B43BAB43BHB
681667,4387B438EB438LB438SB438TG43AWB43B3B43BAB43BHB
681666,4387B438EB438LB438SB438TG43AWB43B3B43BAB43BHB
823048,4387B438EB438LB438SB438TG43AWB43B3B43BAB43BHB
681665,4387B438EB438LB438SB438TG43AWB43B3B43BAB43BHB
1016019,4387B438EB438LB438SB438TG43AWB43B3B43BAB43BHB
823049,4387B438EB438LB438SB438TG43AWB43B3B43BAB43BHB
823047,4387B438EB438LB438SB438TG43AWB43B3B43BAB43BHB
681663,4387B438EB438LB438SB438TG43AWB43B3B43BAB43BHB
681661,4387B438EB438LB438SB438TG43AWB43B3B43BAB43BHB
681660,4387B438EB438LB438SB438TG43AWB43B3B43BAB43BHB
997961,4387B438EB438LB438SB438TG43AWB43B3B43BAB43BHB
682933,4387B438EB438LB438SB438TG43AWB43B3B43BAB43BHB
679845,4387B438EB438LB438SB438TG43AWB43B3B43BAB43BHB
679844,4387B438EB438LB438SB438TG43AWB43B3B43BAB43BHB
679842,4387B438EB438LB438SB438TG43AWB43B3B43BAB43BHB
906247,4387B438EB438LB438SB438TG43AWB43B3B43BAB43BHB
679840,4387B438EB438LB438SB438TG43AWB43B3B43BAB43BHB
679839,4387B438EB438LB438SB438TG43AWB43B3B43BAB43BHB
821748,4387B438EB438LB438SB438TG43AWB43B3B43BAB43BHB
821749,4387B438EB438LB438SB438TG43AWB43B3B43BAB43BHB
679837,4387B438EB438LB438SB438TG43AWB43B3B43BAB43BHB
821747,4387B438EB438LB438SB438TG43AWB43B3B43BAB43BHB
