1114025,4Y0GB4Y0GR4Y0NG4Y0UB4Y0UR4Y11G4Y35B4Y35R4Y3CG
1114017,4Y0GB4Y0GR4Y0NG4Y0UB4Y0UR4Y11G4Y35B4Y35R4Y3CG
1114024,4Y0GB4Y0GR4Y0NG4Y0UB4Y0UR4Y11G4Y35B4Y35R4Y3CG
1114023,4Y0GB4Y0GR4Y0NG4Y0UB4Y0UR4Y11G4Y35B4Y35R4Y3CG
1114018,4Y0GB4Y0GR4Y0NG4Y0UB4Y0UR4Y11G4Y35B4Y35R4Y3CG
1114022,4Y0GB4Y0GR4Y0NG4Y0UB4Y0UR4Y11G4Y35B4Y35R4Y3CG
1114019,4Y0GB4Y0GR4Y0NG4Y0UB4Y0UR4Y11G4Y35B4Y35R4Y3CG
1114021,4Y0GB4Y0GR4Y0NG4Y0UB4Y0UR4Y11G4Y35B4Y35R4Y3CG
1114020,4Y0GB4Y0GR4Y0NG4Y0UB4Y0UR4Y11G4Y35B4Y35R4Y3CG
1114012,4Y0GB4Y0GR4Y0NG4Y0UB4Y0UR4Y11G4Y35B4Y35R4Y3CG
1114029,4Y0GB4Y0GR4Y0NG4Y0UB4Y0UR4Y11G4Y35B4Y35R4Y3CG
1114013,4Y0GB4Y0GR4Y0NG4Y0UB4Y0UR4Y11G4Y35B4Y35R4Y3CG
1114028,4Y0GB4Y0GR4Y0NG4Y0UB4Y0UR4Y11G4Y35B4Y35R4Y3CG
1114014,4Y0GB4Y0GR4Y0NG4Y0UB4Y0UR4Y11G4Y35B4Y35R4Y3CG
1114027,4Y0GB4Y0GR4Y0NG4Y0UB4Y0UR4Y11G4Y35B4Y35R4Y3CG
1114015,4Y0GB4Y0GR4Y0NG4Y0UB4Y0UR4Y11G4Y35B4Y35R4Y3CG
1114026,4Y0GB4Y0GR4Y0NG4Y0UB4Y0UR4Y11G4Y35B4Y35R4Y3CG
1114016,4Y0GB4Y0GR4Y0NG4Y0UB4Y0UR4Y11G4Y35B4Y35R4Y3CG
986815,4Y0FG4Y0MB4Y0QR4Y0TG4Y10B4Y14R4Y17G4Y3BB4Y3FR
700324,4Y0FG4Y0MB4Y0QR4Y0TG4Y10B4Y14R4Y17G4Y3BB4Y3FR
940707,4Y0FG4Y0MB4Y0QR4Y0TG4Y10B4Y14R4Y17G4Y3BB4Y3FR
940689,4Y0FG4Y0MB4Y0QR4Y0TG4Y10B4Y14R4Y17G4Y3BB4Y3FR
940690,4Y0FG4Y0MB4Y0QR4Y0TG4Y10B4Y14R4Y17G4Y3BB4Y3FR
701233,4Y0FG4Y0MB4Y0QR4Y0TG4Y10B4Y14R4Y17G4Y3BB4Y3FR
1023817,4Y0FG4Y0MB4Y0QR4Y0TG4Y10B4Y14R4Y17G4Y3BB4Y3FR
986810,4Y0FG4Y0MB4Y0QR4Y0TG4Y10B4Y14R4Y17G4Y3BB4Y3FR
940691,4Y0FG4Y0MB4Y0QR4Y0TG4Y10B4Y14R4Y17G4Y3BB4Y3FR
940692,4Y0FG4Y0MB4Y0QR4Y0TG4Y10B4Y14R4Y17G4Y3BB4Y3FR
940693,4Y0FG4Y0MB4Y0QR4Y0TG4Y10B4Y14R4Y17G4Y3BB4Y3FR
940694,4Y0FG4Y0MB4Y0QR4Y0TG4Y10B4Y14R4Y17G4Y3BB4Y3FR
826984,4Y0IG4Y0OR4Y0PB4Y0WG4Y12R4Y13B4Y37G4Y3DR4Y3EB
794991,4Y0OR4Y0PB4Y12R4Y13B4Y3DR4Y3EB4Y3RR4Y3SB4Y62R
795003,4Y0IG4Y0OR4Y0PB4Y0WG4Y12R4Y13B4Y37G4Y3DR4Y3EB
795005,4Y0IG4Y0OR4Y0PB4Y0WG4Y12R4Y13B4Y37G4Y3DR4Y3EB
795007,4Y0IG4Y0OR4Y0PB4Y0WG4Y12R4Y13B4Y37G4Y3DR4Y3EB
795009,4Y0IG4Y0OR4Y0PB4Y0WG4Y12R4Y13B4Y37G4Y3DR4Y3EB
795010,4Y0IG4Y0OR4Y0PB4Y0WG4Y12R4Y13B4Y37G4Y3DR4Y3EB
796008,4Y0IG4Y0OR4Y0PB4Y0WG4Y12R4Y13B4Y37G4Y3DR4Y3EB
830403,4Y0IG4Y0OR4Y0PB4Y0WG4Y12R4Y13B4Y37G4Y3DR4Y3EB
733772,4Y0IG4Y0OR4Y0PB4Y0WG4Y12R4Y13B4Y37G4Y3DR4Y3EB
796014,4Y0IG4Y0OR4Y0PB4Y0WG4Y12R4Y13B4Y37G4Y3DR4Y3EB
795034,4Y0IG4Y0OR4Y0PB4Y0WG4Y12R4Y13B4Y37G4Y3DR4Y3EB
796010,4Y0IG4Y0OR4Y0PB4Y0WG4Y12R4Y13B4Y37G4Y3DR4Y3EB
1042581,4Y0IG4Y0OR4Y0PB4Y0WG4Y12R4Y13B4Y37G4Y3DR4Y3EB
796012,4Y0IG4Y0OR4Y0PB4Y0WG4Y12R4Y13B4Y37G4Y3DR4Y3EB
796013,4Y0IG4Y0OR4Y0PB4Y0WG4Y12R4Y13B4Y37G4Y3DR4Y3EB
795030,4Y0IG4Y0OR4Y0PB4Y0WG4Y12R4Y13B4Y37G4Y3DR4Y3EB
795029,4Y0IG4Y0OR4Y0PB4Y0WG4Y12R4Y13B4Y37G4Y3DR4Y3EB
795024,4Y0IG4Y0OR4Y0PB4Y0WG4Y12R4Y13B4Y37G4Y3DR4Y3EB
795025,4Y0IG4Y0OR4Y0PB4Y0WG4Y12R4Y13B4Y37G4Y3DR4Y3EB
826986,4Y0IG4Y0OR4Y0PB4Y0WG4Y12R4Y13B4Y37G4Y3DR4Y3EB
795026,4Y0IG4Y0OR4Y0PB4Y0WG4Y12R4Y13B4Y37G4Y3DR4Y3EB
795027,4Y0IG4Y0OR4Y0PB4Y0WG4Y12R4Y13B4Y37G4Y3DR4Y3EB
733775,4Y0IG4Y0OR4Y0PB4Y0WG4Y12R4Y13B4Y37G4Y3DR4Y3EB
1016534,4Y0IG4Y0OR4Y0PB4Y0WG4Y12R4Y13B4Y37G4Y3DR4Y3EB
795023,4Y0IG4Y0OR4Y0PB4Y0WG4Y12R4Y13B4Y37G4Y3DR4Y3EB
795031,4Y0IG4Y0OR4Y0PB4Y0WG4Y12R4Y13B4Y37G4Y3DR4Y3EB
795032,4Y0IG4Y0OR4Y0PB4Y0WG4Y12R4Y13B4Y37G4Y3DR4Y3EB
1042577,4Y0IG4Y0OR4Y0PB4Y0WG4Y12R4Y13B4Y37G4Y3DR4Y3EB
826987,4Y0IG4Y0PB4Y0WG4Y13B4Y37G4Y3EB4Y3LG4Y3SB4Y3ZG
733777,4Y0IG4Y0OR4Y0PB4Y0WG4Y12R4Y13B4Y37G4Y3DR4Y3EB
733773,4Y0IG4Y0OR4Y0PB4Y0WG4Y12R4Y13B4Y37G4Y3DR4Y3EB
828873,4Y0IG4Y0OR4Y0PB4Y0WG4Y12R4Y13B4Y37G4Y3DR4Y3EB
792164,4Y0IG4Y0OR4Y0PB4Y0WG4Y12R4Y13B4Y37G4Y3DR4Y3EB
797457,4Y0IG4Y0OR4Y0PB4Y0WG4Y12R4Y13B4Y37G4Y3DR4Y3EB
797458,4Y0IG4Y0OR4Y0PB4Y0WG4Y12R4Y13B4Y37G4Y3DR4Y3EB
795001,4Y0IG4Y0OR4Y0PB4Y0WG4Y12R4Y13B4Y37G4Y3DR4Y3EB
733771,4Y0IG4Y0OR4Y0PB4Y0WG4Y12R4Y13B4Y37G4Y3DR4Y3EB
794992,4Y0IG4Y0OR4Y0PB4Y0WG4Y12R4Y13B4Y37G4Y3DR4Y3EB
1042575,4Y0IG4Y0OR4Y0PB4Y0WG4Y12R4Y13B4Y37G4Y3DR4Y3EB
794995,4Y0IG4Y0OR4Y0PB4Y0WG4Y12R4Y13B4Y37G4Y3DR4Y3EB
794997,4Y0IG4Y0OR4Y0PB4Y0WG4Y12R4Y13B4Y37G4Y3DR4Y3EB
978026,4Y0IB4Y0JR4Y0PG4Y0WB4Y0XR4Y13G4Y37B4Y38R4Y3EG
978025,4Y0IB4Y0JR4Y0PG4Y0WB4Y0XR4Y13G4Y37B4Y38R4Y3EG
978016,4Y0IB4Y0JR4Y0PG4Y0WB4Y0XR4Y13G4Y37B4Y38R4Y3EG
743644,4Y0IB4Y0JR4Y0PG4Y0WB4Y0XR4Y13G4Y37B4Y38R4Y3EG
903808,4Y0IB4Y0JR4Y0PG4Y0WB4Y0XR4Y13G4Y37B4Y38R4Y3EG
978020,4Y0IB4Y0PG4Y0WB4Y13G4Y37B4Y3EG4Y3LB4Y3SG4Y3ZB
978019,4Y0IB4Y0JR4Y0PG4Y0WB4Y0XR4Y13G4Y37B4Y38R4Y3EG
861916,4Y0IB4Y0JR4Y0PG4Y0WB4Y0XR4Y13G4Y37B4Y38R4Y3EG
903807,4Y0IB4Y0JR4Y0PG4Y0WB4Y0XR4Y13G4Y37B4Y38R4Y3EG
977627,4Y0IB4Y0JR4Y0PG4Y0WB4Y0XR4Y13G4Y37B4Y38R4Y3EG
978033,4Y0IB4Y0JR4Y0PG4Y0WB4Y0XR4Y13G4Y37B4Y38R4Y3EG
978022,4Y0IB4Y0JR4Y0PG4Y0WB4Y0XR4Y13G4Y37B4Y38R4Y3EG
903814,4Y0IB4Y0JR4Y0PG4Y0WB4Y0XR4Y13G4Y37B4Y38R4Y3EG
977626,4Y0IB4Y0JR4Y0PG4Y0WB4Y0XR4Y13G4Y37B4Y38R4Y3EG
937998,4Y0IB4Y0JR4Y0PG4Y0WB4Y0XR4Y13G4Y37B4Y38R4Y3EG
863953,4Y0IB4Y0JR4Y0PG4Y0WB4Y0XR4Y13G4Y37B4Y38R4Y3EG
937994,4Y0IB4Y0JR4Y0PG4Y0WB4Y0XR4Y13G4Y37B4Y38R4Y3EG
977988,4Y0IB4Y0JR4Y0PG4Y0WB4Y0XR4Y13G4Y37B4Y38R4Y3EG
903810,4Y0IB4Y0JR4Y0PG4Y0WB4Y0XR4Y13G4Y37B4Y38R4Y3EG
978028,4Y0IB4Y0JR4Y0PG4Y0WB4Y0XR4Y13G4Y37B4Y38R4Y3EG
978027,4Y0IB4Y0JR4Y0PG4Y0WB4Y0XR4Y13G4Y37B4Y38R4Y3EG
1117814,4Y0FR4Y0KB4Y0RG4Y0TR4Y0YB4Y15G4Y17R4Y39B4Y3GG
1117813,4Y0FR4Y0KB4Y0RG4Y0TR4Y0YB4Y15G4Y17R4Y39B4Y3GG
1117812,4Y0KB4Y0RG4Y0YB4Y15G4Y39B4Y3GG4Y3NB4Y3UG4Y5YB
1117811,4Y0FR4Y0KB4Y0RG4Y0TR4Y0YB4Y15G4Y17R4Y39B4Y3GG
1117810,4Y0FR4Y0KB4Y0RG4Y0TR4Y0YB4Y15G4Y17R4Y39B4Y3GG
1117822,4Y0FR4Y0KB4Y0RG4Y0TR4Y0YB4Y15G4Y17R4Y39B4Y3GG
1117818,4Y0FR4Y0KB4Y0RG4Y0TR4Y0YB4Y15G4Y17R4Y39B4Y3GG
1117823,4Y0FR4Y0KB4Y0RG4Y0TR4Y0YB4Y15G4Y17R4Y39B4Y3GG
1117817,4Y0FR4Y0KB4Y0RG4Y0TR4Y0YB4Y15G4Y17R4Y39B4Y3GG
1117824,4Y0FR4Y0KB4Y0RG4Y0TR4Y0YB4Y15G4Y17R4Y39B4Y3GG
1117816,4Y0FR4Y0KB4Y0RG4Y0TR4Y0YB4Y15G4Y17R4Y39B4Y3GG
1117825,4Y0FR4Y0KB4Y0RG4Y0TR4Y0YB4Y15G4Y17R4Y39B4Y3GG
1117815,4Y0FR4Y0KB4Y0RG4Y0TR4Y0YB4Y15G4Y17R4Y39B4Y3GG
1094727,4Y0HG4Y0IR4Y0OB4Y0VG4Y0WR4Y12B4Y36G4Y37R4Y3DB
1094760,4Y0HG4Y0IR4Y0OB4Y0VG4Y0WR4Y12B4Y36G4Y37R4Y3DB
1094728,4Y0HG4Y0IR4Y0OB4Y0VG4Y0WR4Y12B4Y36G4Y37R4Y3DB
1094729,4Y0HG4Y0IR4Y0OB4Y0VG4Y0WR4Y12B4Y36G4Y37R4Y3DB
1094759,4Y0HG4Y0IR4Y0OB4Y0VG4Y0WR4Y12B4Y36G4Y37R4Y3DB
1094730,4Y0HG4Y0IR4Y0OB4Y0VG4Y0WR4Y12B4Y36G4Y37R4Y3DB
1094758,4Y0HG4Y0IR4Y0OB4Y0VG4Y0WR4Y12B4Y36G4Y37R4Y3DB
1094731,4Y0HG4Y0OB4Y0VG4Y12B4Y36G4Y3DB4Y3KG4Y3RB4Y3YG
1094757,4Y0HG4Y0OB4Y0VG4Y12B4Y36G4Y3DB4Y3KG4Y3RB4Y3YG
1094765,4Y0HG4Y0IR4Y0OB4Y0VG4Y0WR4Y12B4Y36G4Y37R4Y3DB
1094732,4Y0HG4Y0IR4Y0OB4Y0VG4Y0WR4Y12B4Y36G4Y37R4Y3DB
1094756,4Y0HG4Y0OB4Y0VG4Y12B4Y36G4Y3DB4Y3KG4Y3RB4Y3YG
1094733,4Y0HG4Y0IR4Y0OB4Y0VG4Y0WR4Y12B4Y36G4Y37R4Y3DB
1094755,4Y0HG4Y0IR4Y0OB4Y0VG4Y0WR4Y12B4Y36G4Y37R4Y3DB
1094734,4Y0HG4Y0IR4Y0OB4Y0VG4Y0WR4Y12B4Y36G4Y37R4Y3DB
1094754,4Y0HG4Y0IR4Y0OB4Y0VG4Y0WR4Y12B4Y36G4Y37R4Y3DB
1094735,4Y0HG4Y0IR4Y0OB4Y0VG4Y0WR4Y12B4Y36G4Y37R4Y3DB
1094753,4Y0HG4Y0OB4Y0VG4Y12B4Y36G4Y3DB4Y3KG4Y3RB4Y3YG
1094736,4Y0HG4Y0IR4Y0OB4Y0VG4Y0WR4Y12B4Y36G4Y37R4Y3DB
1094752,4Y0HG4Y0OB4Y0VG4Y12B4Y36G4Y3DB4Y3KG4Y3RB4Y3YG
1094723,4Y0HG4Y0IR4Y0OB4Y0VG4Y0WR4Y12B4Y36G4Y37R4Y3DB
1094737,4Y0HG4Y0IR4Y0OB4Y0VG4Y0WR4Y12B4Y36G4Y37R4Y3DB
1094751,4Y0HG4Y0IR4Y0OB4Y0VG4Y0WR4Y12B4Y36G4Y37R4Y3DB
1094738,4Y0HG4Y0IR4Y0OB4Y0VG4Y0WR4Y12B4Y36G4Y37R4Y3DB
1094750,4Y0HG4Y0OB4Y0VG4Y12B4Y36G4Y3DB4Y3KG4Y3RB4Y3YG
1094739,4Y0HG4Y0IR4Y0OB4Y0VG4Y0WR4Y12B4Y36G4Y37R4Y3DB
1094749,4Y0HG4Y0OB4Y0VG4Y12B4Y36G4Y3DB4Y3KG4Y3RB4Y3YG
1094748,4Y0HG4Y0IR4Y0OB4Y0VG4Y0WR4Y12B4Y36G4Y37R4Y3DB
1094747,4Y0HG4Y0IR4Y0OB4Y0VG4Y0WR4Y12B4Y36G4Y37R4Y3DB
1094764,4Y0IR4Y0OB4Y0WR4Y12B4Y37R4Y3DB4Y3LR4Y3RB4Y3ZR
1094746,4Y0HG4Y0OB4Y0VG4Y12B4Y36G4Y3DB4Y3KG4Y3RB4Y3YG
1094745,4Y0HG4Y0IR4Y0OB4Y0VG4Y0WR4Y12B4Y36G4Y37R4Y3DB
1094744,4Y0HG4Y0IR4Y0OB4Y0VG4Y0WR4Y12B4Y36G4Y37R4Y3DB
1094743,4Y0HG4Y0IR4Y0OB4Y0VG4Y0WR4Y12B4Y36G4Y37R4Y3DB
1094742,4Y0HG4Y0IR4Y0OB4Y0VG4Y0WR4Y12B4Y36G4Y37R4Y3DB
1094724,4Y0HG4Y0IR4Y0OB4Y0VG4Y0WR4Y12B4Y36G4Y37R4Y3DB
1094741,4Y0HG4Y0IR4Y0OB4Y0VG4Y0WR4Y12B4Y36G4Y37R4Y3DB
1094740,4Y0HG4Y0IR4Y0OB4Y0VG4Y0WR4Y12B4Y36G4Y37R4Y3DB
1094763,4Y0HG4Y0OB4Y0VG4Y12B4Y36G4Y3DB4Y3KG4Y3RB4Y3YG
1094725,4Y0IR4Y0OB4Y0WR4Y12B4Y37R4Y3DB4Y3LR4Y3RB4Y3ZR
1094762,4Y0HG4Y0IR4Y0OB4Y0VG4Y0WR4Y12B4Y36G4Y37R4Y3DB
1094726,4Y0HG4Y0IR4Y0OB4Y0VG4Y0WR4Y12B4Y36G4Y37R4Y3DB
1094761,4Y0HG4Y0OB4Y0VG4Y12B4Y36G4Y3DB4Y3KG4Y3RB4Y3YG
795354,4Y0HR4Y0IG4Y0PB4Y0VR4Y0WG4Y13B4Y36R4Y37G4Y3EB
797442,4Y0HR4Y0IG4Y0PB4Y0VR4Y0WG4Y13B4Y36R4Y37G4Y3EB
797455,4Y0HR4Y0IG4Y0PB4Y0VR4Y0WG4Y13B4Y36R4Y37G4Y3EB
1024033,4Y0HR4Y0IG4Y0PB4Y0VR4Y0WG4Y13B4Y36R4Y37G4Y3EB
780925,4Y0HR4Y0IG4Y0PB4Y0VR4Y0WG4Y13B4Y36R4Y37G4Y3EB
797416,4Y0HR4Y0IG4Y0PB4Y0VR4Y0WG4Y13B4Y36R4Y37G4Y3EB
1003851,4Y0HR4Y0IG4Y0PB4Y0VR4Y0WG4Y13B4Y36R4Y37G4Y3EB
797417,4Y0HR4Y0IG4Y0PB4Y0VR4Y0WG4Y13B4Y36R4Y37G4Y3EB
1029045,4Y0HR4Y0IG4Y0PB4Y0VR4Y0WG4Y13B4Y36R4Y37G4Y3EB
795341,4Y0HR4Y0IG4Y0PB4Y0VR4Y0WG4Y13B4Y36R4Y37G4Y3EB
795343,4Y0HR4Y0IG4Y0PB4Y0VR4Y0WG4Y13B4Y36R4Y37G4Y3EB
1029054,4Y0HR4Y0IG4Y0PB4Y0VR4Y0WG4Y13B4Y36R4Y37G4Y3EB
795356,4Y0HR4Y0IG4Y0PB4Y0VR4Y0WG4Y13B4Y36R4Y37G4Y3EB
795346,4Y0HR4Y0IG4Y0PB4Y0VR4Y0WG4Y13B4Y36R4Y37G4Y3EB
795348,4Y0HR4Y0IG4Y0PB4Y0VR4Y0WG4Y13B4Y36R4Y37G4Y3EB
795350,4Y0HR4Y0IG4Y0PB4Y0VR4Y0WG4Y13B4Y36R4Y37G4Y3EB
795352,4Y0HR4Y0IG4Y0PB4Y0VR4Y0WG4Y13B4Y36R4Y37G4Y3EB
1022847,4Y0HR4Y0IG4Y0PB4Y0VR4Y0WG4Y13B4Y36R4Y37G4Y3EB
797067,4Y0JB4Y0MR4Y0QB4Y0XB4Y10R4Y14B4Y14G4Y38B4Y3BR
797068,4Y0JB4Y0MR4Y0QB4Y0XB4Y10R4Y14B4Y14G4Y38B4Y3BR
797069,4Y0JB4Y0MR4Y0QB4Y0XB4Y10R4Y14B4Y14G4Y38B4Y3BR
797070,4Y0JB4Y0MR4Y0QB4Y0XB4Y10R4Y14B4Y14G4Y38B4Y3BR
797412,4Y0JB4Y0MR4Y0QB4Y0XB4Y10R4Y14B4Y14G4Y38B4Y3BR
797071,4Y0JB4Y0QB4Y0XB4Y14B4Y14G4Y38B4Y3FB4Y3MB4Y3TB
797408,4Y0JB4Y0QB4Y0XB4Y14B4Y14G4Y38B4Y3FB4Y3MB4Y3TB
797419,4Y0JB4Y0MR4Y0QB4Y0XB4Y10R4Y14B4Y14G4Y38B4Y3BR
797421,4Y0JB4Y0MR4Y0QB4Y0XB4Y10R4Y14B4Y14G4Y38B4Y3BR
796668,4Y0JB4Y0MR4Y0QB4Y0XB4Y10R4Y14B4Y14G4Y38B4Y3BR
796670,4Y0JB4Y0MR4Y0QB4Y0XB4Y10R4Y14B4Y14G4Y38B4Y3BR
796672,4Y0JB4Y0MR4Y0QB4Y0XB4Y10R4Y14B4Y14G4Y38B4Y3BR
1047904,4Y0JB4Y0MR4Y0QB4Y0XB4Y10R4Y14B4Y14G4Y38B4Y3BR
1022858,4Y0JB4Y0MR4Y0QB4Y0XB4Y10R4Y14B4Y14G4Y38B4Y3BR
797420,4Y0JB4Y0MR4Y0QB4Y0XB4Y10R4Y14B4Y14G4Y38B4Y3BR
797066,4Y0JB4Y0MR4Y0QB4Y0XB4Y10R4Y14B4Y14G4Y38B4Y3BR
733678,4Y0JB4Y0MR4Y0QB4Y0XB4Y10R4Y14B4Y14G4Y38B4Y3BR
797444,4Y0JB4Y0QB4Y0XB4Y14B4Y14G4Y38B4Y3FB4Y3MB4Y3TB
1047893,4Y0JB4Y0QB4Y0XB4Y14B4Y14G4Y38B4Y3FB4Y3MB4Y3TB
797441,4Y0JB4Y0QB4Y0XB4Y14B4Y14G4Y38B4Y3FB4Y3MB4Y3TB
797447,4Y0JB4Y0QB4Y0XB4Y14B4Y14G4Y38B4Y3FB4Y3MB4Y3TB
1047892,4Y0JB4Y0MR4Y0QB4Y0XB4Y10R4Y14B4Y14G4Y38B4Y3BR
797450,4Y0JB4Y0MR4Y0QB4Y0XB4Y10R4Y14B4Y14G4Y38B4Y3BR
734876,4Y0JB4Y0MR4Y0QB4Y0XB4Y10R4Y14B4Y14G4Y38B4Y3BR
797451,4Y0JB4Y0QB4Y0XB4Y14B4Y14G4Y38B4Y3FB4Y3MB4Y3TB
797452,4Y0JB4Y0MR4Y0QB4Y0XB4Y10R4Y14B4Y14G4Y38B4Y3BR
797445,4Y0JB4Y0QB4Y0XB4Y14B4Y14G4Y38B4Y3FB4Y3MB4Y3TB
796679,4Y0JB4Y0MR4Y0QB4Y0XB4Y10R4Y14B4Y14G4Y38B4Y3BR
796676,4Y0JB4Y0MR4Y0QB4Y0XB4Y10R4Y14B4Y14G4Y38B4Y3BR
796677,4Y0JB4Y0QB4Y0XB4Y14B4Y14G4Y38B4Y3FB4Y3MB4Y3TB
797409,4Y0JB4Y0MR4Y0QB4Y0XB4Y10R4Y14B4Y14G4Y38B4Y3BR
797440,4Y0JB4Y0QB4Y0XB4Y14B4Y14G4Y38B4Y3FB4Y3MB4Y3TB
796678,4Y0JB4Y0MR4Y0QB4Y0XB4Y10R4Y14B4Y14G4Y38B4Y3BR
796675,4Y0JB4Y0QB4Y0XB4Y14B4Y14G4Y38B4Y3FB4Y3MB4Y3TB
796680,4Y0JB4Y0QB4Y0XB4Y14B4Y14G4Y38B4Y3FB4Y3MB4Y3TB
796682,4Y0JB4Y0MR4Y0QB4Y0XB4Y10R4Y14B4Y14G4Y38B4Y3BR
796681,4Y0JB4Y0MR4Y0QB4Y0XB4Y10R4Y14B4Y14G4Y38B4Y3BR
796683,4Y0JB4Y0MR4Y0QB4Y0XB4Y10R4Y14B4Y14G4Y38B4Y3BR
791515,4Y0JB4Y0MR4Y0QB4Y0XB4Y10R4Y14B4Y14G4Y38B4Y3BR
795747,4Y0JB4Y0QB4Y0XB4Y14B4Y14G4Y38B4Y3FB4Y3MB4Y3TB
1047900,4Y0JB4Y0QB4Y0XB4Y14B4Y14G4Y38B4Y3FB4Y3MB4Y3TB
733669,4Y0JB4Y0MR4Y0QB4Y0XB4Y10R4Y14B4Y14G4Y38B4Y3BR
795750,4Y0JB4Y0QB4Y0XB4Y14B4Y14G4Y38B4Y3FB4Y3MB4Y3TB
737435,4Y0JB4Y0MR4Y0QB4Y0XB4Y10R4Y14B4Y14G4Y38B4Y3BR
795757,4Y0JB4Y0QB4Y0XB4Y14B4Y14G4Y38B4Y3FB4Y3MB4Y3TB
795752,4Y0JB4Y0QB4Y0XB4Y14B4Y14G4Y38B4Y3FB4Y3MB4Y3TB
781624,4Y0JB4Y0QB4Y0XB4Y14B4Y14G4Y38B4Y3FB4Y3MB4Y3TB
737436,4Y0JB4Y0QB4Y0XB4Y14B4Y14G4Y38B4Y3FB4Y3MB4Y3TB
1047901,4Y0JB4Y0QB4Y0XB4Y14B4Y14G4Y38B4Y3FB4Y3MB4Y3TB
795754,4Y0JB4Y0QB4Y0XB4Y14B4Y14G4Y38B4Y3FB4Y3MB4Y3TB
795755,4Y0JB4Y0MR4Y0QB4Y0XB4Y10R4Y14B4Y14G4Y38B4Y3BR
795419,4Y0JB4Y0MR4Y0QB4Y0XB4Y10R4Y14B4Y14G4Y38B4Y3BR
797410,4Y0JB4Y0MR4Y0QB4Y0XB4Y10R4Y14B4Y14G4Y38B4Y3BR
781623,4Y0JB4Y0MR4Y0QB4Y0XB4Y10R4Y14B4Y14G4Y38B4Y3BR
795413,4Y0JB4Y0QB4Y0XB4Y14B4Y14G4Y38B4Y3FB4Y3MB4Y3TB
795415,4Y0JB4Y0QB4Y0XB4Y14B4Y14G4Y38B4Y3FB4Y3MB4Y3TB
795417,4Y0JB4Y0MR4Y0QB4Y0XB4Y10R4Y14B4Y14G4Y38B4Y3BR
737433,4Y0JB4Y0MR4Y0QB4Y0XB4Y10R4Y14B4Y14G4Y38B4Y3BR
795420,4Y0JB4Y0QB4Y0XB4Y14B4Y14G4Y38B4Y3FB4Y3MB4Y3TB
736563,4Y0JB4Y0QB4Y0XB4Y14B4Y14G4Y38B4Y3FB4Y3MB4Y3TB
797411,4Y0JB4Y0QB4Y0XB4Y14B4Y14G4Y38B4Y3FB4Y3MB4Y3TB
797443,4Y0JB4Y0MR4Y0QB4Y0XB4Y10R4Y14B4Y14G4Y38B4Y3BR
691095,4Y0FG4Y0MB4Y0RR4Y0TG4Y10B4Y15R4Y17G4Y3BB4Y3GR
647097,4Y0FG4Y0MB4Y0RR4Y0TG4Y10B4Y15R4Y17G4Y3BB4Y3GR
647105,4Y0FG4Y0MB4Y0RR4Y0TG4Y10B4Y15R4Y17G4Y3BB4Y3GR
649761,4Y0FG4Y0MB4Y0RR4Y0TG4Y10B4Y15R4Y17G4Y3BB4Y3GR
691118,4Y0FG4Y0MB4Y0RR4Y0TG4Y10B4Y15R4Y17G4Y3BB4Y3GR
649765,4Y0FG4Y0MB4Y0RR4Y0TG4Y10B4Y15R4Y17G4Y3BB4Y3GR
664354,4Y0FG4Y0MB4Y0RR4Y0TG4Y10B4Y15R4Y17G4Y3BB4Y3GR
860686,4Y0FG4Y0MB4Y0RR4Y0TG4Y10B4Y15R4Y17G4Y3BB4Y3GR
649770,4Y0FG4Y0MB4Y0RR4Y0TG4Y10B4Y15R4Y17G4Y3BB4Y3GR
859453,4Y0FG4Y0MB4Y0RR4Y0TG4Y10B4Y15R4Y17G4Y3BB4Y3GR
859448,4Y0FG4Y0MB4Y0RR4Y0TG4Y10B4Y15R4Y17G4Y3BB4Y3GR
792901,4Y0IB4Y0IR4Y0PG4Y0WB4Y0WR4Y13G4Y37B4Y37R4Y3EG
1015058,4Y0IB4Y0IR4Y0PG4Y0WB4Y0WR4Y13G4Y37B4Y37R4Y3EG
792903,4Y0IB4Y0PG4Y0WB4Y13G4Y37B4Y3EG4Y3LB4Y3SG4Y3ZB
795421,4Y0IB4Y0IR4Y0PG4Y0WB4Y0WR4Y13G4Y37B4Y37R4Y3EG
795412,4Y0IB4Y0IR4Y0PG4Y0WB4Y0WR4Y13G4Y37B4Y37R4Y3EG
792898,4Y0IB4Y0IR4Y0PG4Y0WB4Y0WR4Y13G4Y37B4Y37R4Y3EG
792899,4Y0IB4Y0IR4Y0PG4Y0WB4Y0WR4Y13G4Y37B4Y37R4Y3EG
795759,4Y0IB4Y0IR4Y0PG4Y0WB4Y0WR4Y13G4Y37B4Y37R4Y3EG
795760,4Y0IB4Y0IR4Y0PG4Y0WB4Y0WR4Y13G4Y37B4Y37R4Y3EG
791868,4Y0IB4Y0IR4Y0PG4Y0WB4Y0WR4Y13G4Y37B4Y37R4Y3EG
793233,4Y0IB4Y0IR4Y0PG4Y0WB4Y0WR4Y13G4Y37B4Y37R4Y3EG
792896,4Y0IB4Y0PG4Y0WB4Y13G4Y37B4Y3EG4Y3LB4Y3SG4Y3ZB
792907,4Y0IB4Y0IR4Y0PG4Y0WB4Y0WR4Y13G4Y37B4Y37R4Y3EG
740781,4Y0IB4Y0PG4Y0WB4Y13G4Y37B4Y3EG4Y3LB4Y3SG4Y3ZB
793227,4Y0IB4Y0IR4Y0PG4Y0WB4Y0WR4Y13G4Y37B4Y37R4Y3EG
793229,4Y0IB4Y0PG4Y0WB4Y13G4Y37B4Y3EG4Y3LB4Y3SG4Y3ZB
793231,4Y0IB4Y0PG4Y0WB4Y13G4Y37B4Y3EG4Y3LB4Y3SG4Y3ZB
793232,4Y0IB4Y0PG4Y0WB4Y13G4Y37B4Y3EG4Y3LB4Y3SG4Y3ZB
795758,4Y0IB4Y0IR4Y0PG4Y0WB4Y0WR4Y13G4Y37B4Y37R4Y3EG
739058,4Y0IB4Y0PG4Y0WB4Y13G4Y37B4Y3EG4Y3LB4Y3SG4Y3ZB
792894,4Y0IB4Y0PG4Y0WB4Y13G4Y37B4Y3EG4Y3LB4Y3SG4Y3ZB
792905,4Y0IB4Y0PG4Y0WB4Y13G4Y37B4Y3EG4Y3LB4Y3SG4Y3ZB
795423,4Y0IB4Y0PG4Y0WB4Y13G4Y37B4Y3EG4Y3LB4Y3SG4Y3ZB
791529,4Y0IB4Y0PG4Y0WB4Y13G4Y37B4Y3EG4Y3LB4Y3SG4Y3ZB
791531,4Y0IB4Y0PG4Y0WB4Y13G4Y37B4Y3EG4Y3LB4Y3SG4Y3ZB
791534,4Y0IB4Y0PG4Y0WB4Y13G4Y37B4Y3EG4Y3LB4Y3SG4Y3ZB
795390,4Y0IB4Y0PG4Y0WB4Y13G4Y37B4Y3EG4Y3LB4Y3SG4Y3ZB
911446,4Y0IB4Y0PG4Y0WB4Y13G4Y37B4Y3EG4Y3LB4Y3SG4Y3ZB
791539,4Y0IB4Y0PG4Y0WB4Y13G4Y37B4Y3EG4Y3LB4Y3SG4Y3ZB
791541,4Y0IB4Y0PG4Y0WB4Y13G4Y37B4Y3EG4Y3LB4Y3SG4Y3ZB
791543,4Y0IB4Y0PG4Y0WB4Y13G4Y37B4Y3EG4Y3LB4Y3SG4Y3ZB
791516,4Y0IB4Y0PG4Y0WB4Y13G4Y37B4Y3EG4Y3LB4Y3SG4Y3ZB
791537,4Y0IB4Y0PG4Y0WB4Y13G4Y37B4Y3EG4Y3LB4Y3SG4Y3ZB
791185,4Y0IB4Y0PG4Y0WB4Y13G4Y37B4Y3EG4Y3LB4Y3SG4Y3ZB
740779,4Y0IB4Y0PG4Y0WB4Y13G4Y37B4Y3EG4Y3LB4Y3SG4Y3ZB
791188,4Y0IB4Y0PG4Y0WB4Y13G4Y37B4Y3EG4Y3LB4Y3SG4Y3ZB
791189,4Y0IB4Y0PG4Y0WB4Y13G4Y37B4Y3EG4Y3LB4Y3SG4Y3ZB
792895,4Y0IB4Y0PG4Y0WB4Y13G4Y37B4Y3EG4Y3LB4Y3SG4Y3ZB
791604,4Y0IB4Y0PG4Y0WB4Y13G4Y37B4Y3EG4Y3LB4Y3SG4Y3ZB
791606,4Y0IB4Y0PG4Y0WB4Y13G4Y37B4Y3EG4Y3LB4Y3SG4Y3ZB
791607,4Y0IB4Y0PG4Y0WB4Y13G4Y37B4Y3EG4Y3LB4Y3SG4Y3ZB
795392,4Y0IB4Y0IR4Y0PG4Y0WB4Y0WR4Y13G4Y37B4Y37R4Y3EG
740777,4Y0IB4Y0IR4Y0PG4Y0WB4Y0WR4Y13G4Y37B4Y37R4Y3EG
791527,4Y0IB4Y0IR4Y0PG4Y0WB4Y0WR4Y13G4Y37B4Y37R4Y3EG
791184,4Y0IB4Y0PG4Y0WB4Y13G4Y37B4Y3EG4Y3LB4Y3SG4Y3ZB
791517,4Y0IB4Y0IR4Y0PG4Y0WB4Y0WR4Y13G4Y37B4Y37R4Y3EG
791519,4Y0IB4Y0PG4Y0WB4Y13G4Y37B4Y3EG4Y3LB4Y3SG4Y3ZB
791521,4Y0IB4Y0IR4Y0PG4Y0WB4Y0WR4Y13G4Y37B4Y37R4Y3EG
791523,4Y0IB4Y0IR4Y0PG4Y0WB4Y0WR4Y13G4Y37B4Y37R4Y3EG
791524,4Y0IB4Y0PG4Y0WB4Y13G4Y37B4Y3EG4Y3LB4Y3SG4Y3ZB
993950,4Y0IB4Y0PG4Y0WB4Y13G4Y37B4Y3EG4Y3LB4Y3SG4Y3ZB
993961,4Y0IB4Y0PG4Y0WB4Y13G4Y37B4Y3EG4Y3LB4Y3SG4Y3ZB
1055208,4Y0IB4Y0PG4Y0WB4Y13G4Y37B4Y3EG4Y3LB4Y3SG4Y3ZB
649356,4Y0IR4Y0KG4Y0RB4Y0WR4Y0YG4Y15B4Y37R4Y39G4Y3GB
909500,4Y0IR4Y0KG4Y0RB4Y0WR4Y0YG4Y15B4Y37R4Y39G4Y3GB
861599,4Y0IR4Y0KG4Y0RB4Y0WR4Y0YG4Y15B4Y37R4Y39G4Y3GB
649346,4Y0IR4Y0KG4Y0RB4Y0WR4Y0YG4Y15B4Y37R4Y39G4Y3GB
861598,4Y0IR4Y0KG4Y0RB4Y0WR4Y0YG4Y15B4Y37R4Y39G4Y3GB
649350,4Y0IR4Y0KG4Y0RB4Y0WR4Y0YG4Y15B4Y37R4Y39G4Y3GB
649347,4Y0IR4Y0KG4Y0RB4Y0WR4Y0YG4Y15B4Y37R4Y39G4Y3GB
1006799,4Y0IR4Y0KG4Y0RB4Y0WR4Y0YG4Y15B4Y37R4Y39G4Y3GB
686860,4Y0IR4Y0KG4Y0RB4Y0WR4Y0YG4Y15B4Y37R4Y39G4Y3GB
686858,4Y0IR4Y0KG4Y0RB4Y0WR4Y0YG4Y15B4Y37R4Y39G4Y3GB
686855,4Y0KG4Y0RB4Y0YG4Y15B4Y39G4Y3GB4Y3NG4Y3UB4Y5YG
1000387,4Y0IR4Y0KG4Y0RB4Y0WR4Y0YG4Y15B4Y37R4Y39G4Y3GB
686852,4Y0IR4Y0KG4Y0RB4Y0WR4Y0YG4Y15B4Y37R4Y39G4Y3GB
686851,4Y0IR4Y0KG4Y0RB4Y0WR4Y0YG4Y15B4Y37R4Y39G4Y3GB
649362,4Y0IR4Y0KG4Y0RB4Y0WR4Y0YG4Y15B4Y37R4Y39G4Y3GB
686840,4Y0IR4Y0KG4Y0RB4Y0WR4Y0YG4Y15B4Y37R4Y39G4Y3GB
691131,4Y0IR4Y0KG4Y0RB4Y0WR4Y0YG4Y15B4Y37R4Y39G4Y3GB
1034582,4Y0IR4Y0KG4Y0RB4Y0WR4Y0YG4Y15B4Y37R4Y39G4Y3GB
687234,4Y0IR4Y0KG4Y0RB4Y0WR4Y0YG4Y15B4Y37R4Y39G4Y3GB
906154,4Y0KG4Y0RB4Y0YG4Y15B4Y39G4Y3GB4Y3NG4Y3UB4Y5YG
1034584,4Y0IR4Y0KG4Y0RB4Y0WR4Y0YG4Y15B4Y37R4Y39G4Y3GB
691120,4Y0IR4Y0KG4Y0RB4Y0WR4Y0YG4Y15B4Y37R4Y39G4Y3GB
687229,4Y0IR4Y0KG4Y0RB4Y0WR4Y0YG4Y15B4Y37R4Y39G4Y3GB
687227,4Y0IR4Y0KG4Y0RB4Y0WR4Y0YG4Y15B4Y37R4Y39G4Y3GB
1034580,4Y0IR4Y0KG4Y0RB4Y0WR4Y0YG4Y15B4Y37R4Y39G4Y3GB
649361,4Y0IR4Y0KG4Y0RB4Y0WR4Y0YG4Y15B4Y37R4Y39G4Y3GB
691126,4Y0IR4Y0KG4Y0RB4Y0WR4Y0YG4Y15B4Y37R4Y39G4Y3GB
904488,4Y0IR4Y0KG4Y0RB4Y0WR4Y0YG4Y15B4Y37R4Y39G4Y3GB
691129,4Y0IR4Y0KG4Y0RB4Y0WR4Y0YG4Y15B4Y37R4Y39G4Y3GB
904487,4Y0IR4Y0KG4Y0RB4Y0WR4Y0YG4Y15B4Y37R4Y39G4Y3GB
691125,4Y0IR4Y0KG4Y0RB4Y0WR4Y0YG4Y15B4Y37R4Y39G4Y3GB
691124,4Y0IR4Y0KG4Y0RB4Y0WR4Y0YG4Y15B4Y37R4Y39G4Y3GB
1005301,4Y0IR4Y0KG4Y0RB4Y0WR4Y0YG4Y15B4Y37R4Y39G4Y3GB
825687,4Y0IR4Y0KG4Y0RB4Y0WR4Y0YG4Y15B4Y37R4Y39G4Y3GB
691121,4Y0IR4Y0KG4Y0RB4Y0WR4Y0YG4Y15B4Y37R4Y39G4Y3GB
687230,4Y0IR4Y0KG4Y0RB4Y0WR4Y0YG4Y15B4Y37R4Y39G4Y3GB
686832,4Y0IR4Y0KG4Y0RB4Y0WR4Y0YG4Y15B4Y37R4Y39G4Y3GB
686875,4Y0IR4Y0KG4Y0RB4Y0WR4Y0YG4Y15B4Y37R4Y39G4Y3GB
686872,4Y0IR4Y0KG4Y0RB4Y0WR4Y0YG4Y15B4Y37R4Y39G4Y3GB
686871,4Y0IR4Y0KG4Y0RB4Y0WR4Y0YG4Y15B4Y37R4Y39G4Y3GB
686869,4Y0IR4Y0KG4Y0RB4Y0WR4Y0YG4Y15B4Y37R4Y39G4Y3GB
686867,4Y0IR4Y0KG4Y0RB4Y0WR4Y0YG4Y15B4Y37R4Y39G4Y3GB
686866,4Y0IR4Y0KG4Y0RB4Y0WR4Y0YG4Y15B4Y37R4Y39G4Y3GB
686865,4Y0IR4Y0KG4Y0RB4Y0WR4Y0YG4Y15B4Y37R4Y39G4Y3GB
687219,4Y0IR4Y0KG4Y0RB4Y0WR4Y0YG4Y15B4Y37R4Y39G4Y3GB
1034583,4Y0KG4Y0RB4Y0YG4Y15B4Y39G4Y3GB4Y3NG4Y3UB4Y5YG
687223,4Y0IR4Y0KG4Y0RB4Y0WR4Y0YG4Y15B4Y37R4Y39G4Y3GB
686830,4Y0IR4Y0KG4Y0RB4Y0WR4Y0YG4Y15B4Y37R4Y39G4Y3GB
687222,4Y0IR4Y0KG4Y0RB4Y0WR4Y0YG4Y15B4Y37R4Y39G4Y3GB
1000388,4Y0IR4Y0KG4Y0RB4Y0WR4Y0YG4Y15B4Y37R4Y39G4Y3GB
687220,4Y0IR4Y0KG4Y0RB4Y0WR4Y0YG4Y15B4Y37R4Y39G4Y3GB
687217,4Y0IR4Y0KG4Y0RB4Y0WR4Y0YG4Y15B4Y37R4Y39G4Y3GB
687216,4Y0IR4Y0KG4Y0RB4Y0WR4Y0YG4Y15B4Y37R4Y39G4Y3GB
687214,4Y0IR4Y0KG4Y0RB4Y0WR4Y0YG4Y15B4Y37R4Y39G4Y3GB
691119,4Y0IR4Y0KG4Y0RB4Y0WR4Y0YG4Y15B4Y37R4Y39G4Y3GB
648620,4Y0IR4Y0KG4Y0RB4Y0WR4Y0YG4Y15B4Y37R4Y39G4Y3GB
648618,4Y0IR4Y0KG4Y0RB4Y0WR4Y0YG4Y15B4Y37R4Y39G4Y3GB
648615,4Y0IR4Y0KG4Y0RB4Y0WR4Y0YG4Y15B4Y37R4Y39G4Y3GB
686828,4Y0IR4Y0KG4Y0RB4Y0WR4Y0YG4Y15B4Y37R4Y39G4Y3GB
648614,4Y0IR4Y0KG4Y0RB4Y0WR4Y0YG4Y15B4Y37R4Y39G4Y3GB
648621,4Y0IR4Y0KG4Y0RB4Y0WR4Y0YG4Y15B4Y37R4Y39G4Y3GB
648611,4Y0IR4Y0KG4Y0RB4Y0WR4Y0YG4Y15B4Y37R4Y39G4Y3GB
908348,4Y0IR4Y0KG4Y0RB4Y0WR4Y0YG4Y15B4Y37R4Y39G4Y3GB
649363,4Y0IR4Y0KG4Y0RB4Y0WR4Y0YG4Y15B4Y37R4Y39G4Y3GB
861602,4Y0IR4Y0KG4Y0RB4Y0WR4Y0YG4Y15B4Y37R4Y39G4Y3GB
649360,4Y0IR4Y0KG4Y0RB4Y0WR4Y0YG4Y15B4Y37R4Y39G4Y3GB
861601,4Y0IR4Y0KG4Y0RB4Y0WR4Y0YG4Y15B4Y37R4Y39G4Y3GB
1030113,4Y0IR4Y0KG4Y0RB4Y0WR4Y0YG4Y15B4Y37R4Y39G4Y3GB
648624,4Y0IR4Y0KG4Y0RB4Y0WR4Y0YG4Y15B4Y37R4Y39G4Y3GB
648633,4Y0IR4Y0KG4Y0WR4Y0YG4Y37R4Y39G4Y3LR4Y3NG4Y3ZR
648612,4Y0IR4Y0KG4Y0RB4Y0WR4Y0YG4Y15B4Y37R4Y39G4Y3GB
648588,4Y0IR4Y0KG4Y0RB4Y0WR4Y0YG4Y15B4Y37R4Y39G4Y3GB
1017406,4Y0IR4Y0KG4Y0RB4Y0WR4Y0YG4Y15B4Y37R4Y39G4Y3GB
648585,4Y0KG4Y0RB4Y0YG4Y15B4Y39G4Y3GB4Y3NG4Y3UB4Y5YG
648583,4Y0IR4Y0KG4Y0RB4Y0WR4Y0YG4Y15B4Y37R4Y39G4Y3GB
648582,4Y0IR4Y0KG4Y0RB4Y0WR4Y0YG4Y15B4Y37R4Y39G4Y3GB
648608,4Y0IR4Y0KG4Y0RB4Y0WR4Y0YG4Y15B4Y37R4Y39G4Y3GB
648580,4Y0KG4Y0RB4Y0YG4Y15B4Y39G4Y3GB4Y3NG4Y3UB4Y5YG
1030124,4Y0IR4Y0KG4Y0RB4Y0WR4Y0YG4Y15B4Y37R4Y39G4Y3GB
648627,4Y0IR4Y0KG4Y0RB4Y0WR4Y0YG4Y15B4Y37R4Y39G4Y3GB
905562,4Y0IR4Y0KG4Y0RB4Y0WR4Y0YG4Y15B4Y37R4Y39G4Y3GB
648632,4Y0IR4Y0KG4Y0RB4Y0WR4Y0YG4Y15B4Y37R4Y39G4Y3GB
648629,4Y0KG4Y0RB4Y0YG4Y15B4Y39G4Y3GB4Y3NG4Y3UB4Y5YG
1030126,4Y0IR4Y0KG4Y0RB4Y0WR4Y0YG4Y15B4Y37R4Y39G4Y3GB
648634,4Y0IR4Y0KG4Y0RB4Y0WR4Y0YG4Y15B4Y37R4Y39G4Y3GB
648625,4Y0IR4Y0KG4Y0RB4Y0WR4Y0YG4Y15B4Y37R4Y39G4Y3GB
1043945,4Y0IR4Y0KG4Y0RB4Y0WR4Y0YG4Y15B4Y37R4Y39G4Y3GB
648599,4Y0IR4Y0KG4Y0RB4Y0WR4Y0YG4Y15B4Y37R4Y39G4Y3GB
648596,4Y0IR4Y0KG4Y0RB4Y0WR4Y0YG4Y15B4Y37R4Y39G4Y3GB
908347,4Y0IR4Y0KG4Y0RB4Y0WR4Y0YG4Y15B4Y37R4Y39G4Y3GB
648594,4Y0IR4Y0KG4Y0RB4Y0WR4Y0YG4Y15B4Y37R4Y39G4Y3GB
648635,4Y0IR4Y0KG4Y0RB4Y0WR4Y0YG4Y15B4Y37R4Y39G4Y3GB
649330,4Y0IR4Y0KG4Y0RB4Y0WR4Y0YG4Y15B4Y37R4Y39G4Y3GB
1018840,4Y0IR4Y0KG4Y0RB4Y0WR4Y0YG4Y15B4Y37R4Y39G4Y3GB
909498,4Y0IR4Y0KG4Y0RB4Y0WR4Y0YG4Y15B4Y37R4Y39G4Y3GB
905565,4Y0IR4Y0RB4Y0WR4Y15B4Y37R4Y3GB4Y3LR4Y3UB4Y3ZR
648993,4Y0IR4Y0KG4Y0RB4Y0WR4Y0YG4Y15B4Y37R4Y39G4Y3GB
882937,4Y0IR4Y0KG4Y0RB4Y0WR4Y0YG4Y15B4Y37R4Y39G4Y3GB
648991,4Y0IR4Y0KG4Y0RB4Y0WR4Y0YG4Y15B4Y37R4Y39G4Y3GB
648989,4Y0IR4Y0KG4Y0RB4Y0WR4Y0YG4Y15B4Y37R4Y39G4Y3GB
648658,4Y0KG4Y0RB4Y0YG4Y15B4Y39G4Y3GB4Y3NG4Y3UB4Y5YG
908346,4Y0IR4Y0KG4Y0RB4Y0WR4Y0YG4Y15B4Y37R4Y39G4Y3GB
1030127,4Y0IR4Y0KG4Y0RB4Y0WR4Y0YG4Y15B4Y37R4Y39G4Y3GB
649339,4Y0IR4Y0KG4Y0RB4Y0WR4Y0YG4Y15B4Y37R4Y39G4Y3GB
648992,4Y0IR4Y0KG4Y0RB4Y0WR4Y0YG4Y15B4Y37R4Y39G4Y3GB
909499,4Y0IR4Y0KG4Y0RB4Y0WR4Y0YG4Y15B4Y37R4Y39G4Y3GB
649341,4Y0IR4Y0KG4Y0RB4Y0WR4Y0YG4Y15B4Y37R4Y39G4Y3GB
648643,4Y0IR4Y0KG4Y0RB4Y0WR4Y0YG4Y15B4Y37R4Y39G4Y3GB
649340,4Y0IR4Y0KG4Y0RB4Y0WR4Y0YG4Y15B4Y37R4Y39G4Y3GB
649345,4Y0IR4Y0KG4Y0RB4Y0WR4Y0YG4Y15B4Y37R4Y39G4Y3GB
1030112,4Y0IR4Y0KG4Y0RB4Y0WR4Y0YG4Y15B4Y37R4Y39G4Y3GB
649336,4Y0IR4Y0KG4Y0RB4Y0WR4Y0YG4Y15B4Y37R4Y39G4Y3GB
649335,4Y0IR4Y0KG4Y0RB4Y0WR4Y0YG4Y15B4Y37R4Y39G4Y3GB
648605,4Y0KG4Y0RB4Y0YG4Y15B4Y39G4Y3GB4Y3NG4Y3UB4Y5YG
649344,4Y0IR4Y0KG4Y0RB4Y0WR4Y0YG4Y15B4Y37R4Y39G4Y3GB
790337,4Y0IR4Y0KG4Y0RB4Y0WR4Y0YG4Y15B4Y37R4Y39G4Y3GB
648604,4Y0IR4Y0KG4Y0RB4Y0WR4Y0YG4Y15B4Y37R4Y39G4Y3GB
648640,4Y0IR4Y0KG4Y0RB4Y0WR4Y0YG4Y15B4Y37R4Y39G4Y3GB
1030125,4Y0IR4Y0KG4Y0RB4Y0WR4Y0YG4Y15B4Y37R4Y39G4Y3GB
648601,4Y0IR4Y0KG4Y0RB4Y0WR4Y0YG4Y15B4Y37R4Y39G4Y3GB
1039000,4Y0HG4Y0OB4Y0VG4Y12B4Y36G4Y3DB4Y3KG4Y3RB4Y3YG
1009129,4Y0HG4Y0OB4Y0VG4Y12B4Y36G4Y3DB4Y3KG4Y3RB4Y3YG
904334,4Y0GG4Y0JR4Y0NB4Y0UG4Y0XR4Y11B4Y35G4Y38R4Y3CB
980653,4Y0GG4Y0JR4Y0NB4Y0UG4Y0XR4Y11B4Y35G4Y38R4Y3CB
979313,4Y0GG4Y0JR4Y0NB4Y0UG4Y0XR4Y11B4Y35G4Y38R4Y3CB
659890,4Y0GG4Y0JR4Y0NB4Y0UG4Y0XR4Y11B4Y35G4Y38R4Y3CB
982850,4Y0GG4Y0JR4Y0NB4Y0UG4Y0XR4Y11B4Y35G4Y38R4Y3CB
982860,4Y0GG4Y0JR4Y0NB4Y0UG4Y0XR4Y11B4Y35G4Y38R4Y3CB
978965,4Y0GG4Y0JR4Y0NB4Y0UG4Y0XR4Y11B4Y35G4Y38R4Y3CB
978971,4Y0GG4Y0JR4Y0NB4Y0UG4Y0XR4Y11B4Y35G4Y38R4Y3CB
978944,4Y0GG4Y0JR4Y0NB4Y0UG4Y0XR4Y11B4Y35G4Y38R4Y3CB
978955,4Y0GG4Y0JR4Y0NB4Y0UG4Y0XR4Y11B4Y35G4Y38R4Y3CB
978958,4Y0GG4Y0JR4Y0NB4Y0UG4Y0XR4Y11B4Y35G4Y38R4Y3CB
978962,4Y0GG4Y0JR4Y0NB4Y0UG4Y0XR4Y11B4Y35G4Y38R4Y3CB
1011817,4Y0GG4Y0JR4Y0NB4Y0UG4Y0XR4Y11B4Y35G4Y38R4Y3CB
1027527,4Y0GB4Y0NG4Y0UB4Y11G4Y35B4Y3CG4Y3JB4Y3QG4Y3XB
687033,4Y0GB4Y0NG4Y0UB4Y11G4Y35B4Y3CG4Y3JB4Y3QG4Y3XB
692157,4Y0GB4Y0NG4Y0UB4Y11G4Y35B4Y3CG4Y3JB4Y3QG4Y3XB
904954,4Y0GB4Y0NG4Y0UB4Y11G4Y35B4Y3CG4Y3JB4Y3QG4Y3XB
904569,4Y0GB4Y0NG4Y0UB4Y11G4Y35B4Y3CG4Y3JB4Y3QG4Y3XB
688334,4Y0GB4Y0KR4Y0NG4Y0UB4Y0YR4Y11G4Y35B4Y39R4Y3CG
659346,4Y0GB4Y0KR4Y0NG4Y0UB4Y0YR4Y11G4Y35B4Y39R4Y3CG
860756,4Y0GB4Y0KR4Y0NG4Y0UB4Y0YR4Y11G4Y35B4Y39R4Y3CG
659342,4Y0GB4Y0NG4Y0UB4Y11G4Y35B4Y3CG4Y3JB4Y3QG4Y3XB
1027523,4Y0GB4Y0NG4Y0UB4Y11G4Y35B4Y3CG4Y3JB4Y3QG4Y3XB
692267,4Y0GB4Y0NG4Y0UB4Y11G4Y35B4Y3CG4Y3JB4Y3QG4Y3XB
905669,4Y0JG4Y0KR4Y0QB4Y0XG4Y0YR4Y14B4Y38G4Y39R4Y3FB
904568,4Y0JG4Y0KR4Y0QB4Y0XG4Y0YR4Y14B4Y38G4Y39R4Y3FB
904961,4Y0JG4Y0KR4Y0QB4Y0XG4Y0YR4Y14B4Y38G4Y39R4Y3FB
730128,4Y0JG4Y0KR4Y0QB4Y0XG4Y0YR4Y14B4Y38G4Y39R4Y3FB
692190,4Y0JG4Y0KR4Y0QB4Y0XG4Y0YR4Y14B4Y38G4Y39R4Y3FB
690805,4Y0JG4Y0KR4Y0QB4Y0XG4Y0YR4Y14B4Y38G4Y39R4Y3FB
903212,4Y0GB4Y0NG4Y0UB4Y11G4Y35B4Y3CG4Y3JB4Y3QG4Y3XB
751437,4Y0GB4Y0KR4Y0NG4Y0UB4Y0YR4Y11G4Y35B4Y39R4Y3CG
751439,4Y0GB4Y0KR4Y0NG4Y0UB4Y0YR4Y11G4Y35B4Y39R4Y3CG
766616,4Y0IR4Y0KG4Y0RB4Y0WR4Y0YG4Y15B4Y37R4Y39G4Y3GB
1043946,4Y0IR4Y0KG4Y0RB4Y0WR4Y0YG4Y15B4Y37R4Y39G4Y3GB
810071,4Y0KG4Y0RB4Y0YG4Y15B4Y39G4Y3GB4Y3NG4Y3UB4Y5YG
806733,4Y0IR4Y0KG4Y0RB4Y0WR4Y0YG4Y15B4Y37R4Y39G4Y3GB
1043450,4Y0KG4Y0RB4Y0YG4Y15B4Y39G4Y3GB4Y3NG4Y3UB4Y5YG
795409,4Y0FG4Y0KB4Y0RB4Y0TG4Y0YB4Y15B4Y17G4Y39B4Y3GB
1042571,4Y0FG4Y0KB4Y0RB4Y0TG4Y0YB4Y15B4Y17G4Y39B4Y3GB
739959,4Y0FG4Y0MB4Y0QR4Y0TG4Y10B4Y14R4Y17G4Y3BB4Y3FR
790441,4Y0FG4Y0KB4Y0RB4Y0TG4Y0YB4Y15B4Y17G4Y39B4Y3GB
751843,4Y0FG4Y0MB4Y0TG4Y10B4Y17G4Y3BB4Y3IG4Y3PB4Y3WG
795397,4Y0FG4Y0KB4Y0RB4Y0TG4Y0YB4Y15B4Y17G4Y39B4Y3GB
752135,4Y0FG4Y0MB4Y0QR4Y0TG4Y10B4Y14R4Y17G4Y3BB4Y3FR
795398,4Y0FG4Y0KB4Y0RB4Y0TG4Y0YB4Y15B4Y17G4Y39B4Y3GB
739960,4Y0FG4Y0MB4Y0TG4Y10B4Y17G4Y3BB4Y3IG4Y3PB4Y3WG
795400,4Y0FG4Y0KB4Y0RB4Y0TG4Y0YB4Y15B4Y17G4Y39B4Y3GB
736561,4Y0FG4Y0KB4Y0RB4Y0TG4Y0YB4Y15B4Y17G4Y39B4Y3GB
1047575,4Y0FG4Y0KB4Y0RB4Y0TG4Y0YB4Y15B4Y17G4Y39B4Y3GB
795404,4Y0FG4Y0MB4Y0QR4Y0TG4Y10B4Y14R4Y17G4Y3BB4Y3FR
736562,4Y0FG4Y0KB4Y0RB4Y0TG4Y0YB4Y15B4Y17G4Y39B4Y3GB
795410,4Y0FG4Y0KB4Y0RB4Y0TG4Y0YB4Y15B4Y17G4Y39B4Y3GB
795407,4Y0FG4Y0MB4Y0QR4Y0TG4Y10B4Y14R4Y17G4Y3BB4Y3FR
795411,4Y0FG4Y0KB4Y0RB4Y0TG4Y0YB4Y15B4Y17G4Y39B4Y3GB
795402,4Y0FG4Y0MB4Y0TG4Y10B4Y17G4Y3BB4Y3IG4Y3PB4Y3WG
994024,4Y0FG4Y0KB4Y0RB4Y0TG4Y0YB4Y15B4Y17G4Y39B4Y3GB
797024,4Y0FG4Y0MB4Y0QR4Y0TG4Y10B4Y14R4Y17G4Y3BB4Y3FR
795393,4Y0FG4Y0KB4Y0RB4Y0TG4Y0YB4Y15B4Y17G4Y39B4Y3GB
733677,4Y0FG4Y0MB4Y0QR4Y0TG4Y10B4Y14R4Y17G4Y3BB4Y3FR
795395,4Y0FG4Y0KB4Y0RB4Y0TG4Y0YB4Y15B4Y17G4Y39B4Y3GB
751839,4Y0FG4Y0MB4Y0QR4Y0TG4Y10B4Y14R4Y17G4Y3BB4Y3FR
1022849,4Y0FG4Y0KB4Y0RB4Y0TG4Y0YB4Y15B4Y17G4Y39B4Y3GB
751841,4Y0FG4Y0MB4Y0QR4Y0TG4Y10B4Y14R4Y17G4Y3BB4Y3FR
781622,4Y0FG4Y0KB4Y0RB4Y0TG4Y0YB4Y15B4Y17G4Y39B4Y3GB
751842,4Y0FG4Y0MB4Y0TG4Y10B4Y17G4Y3BB4Y3IG4Y3PB4Y3WG
793381,4Y0FG4Y0MB4Y0QR4Y0TG4Y10B4Y14R4Y17G4Y3BB4Y3FR
752138,4Y0FG4Y0MB4Y0QR4Y0TG4Y10B4Y14R4Y17G4Y3BB4Y3FR
739961,4Y0FG4Y0MB4Y0QR4Y0TG4Y10B4Y14R4Y17G4Y3BB4Y3FR
752141,4Y0FG4Y0MB4Y0QR4Y0TG4Y10B4Y14R4Y17G4Y3BB4Y3FR
739962,4Y0FG4Y0MB4Y0QR4Y0TG4Y10B4Y14R4Y17G4Y3BB4Y3FR
1038088,4Y0FG4Y0MB4Y0QR4Y0TG4Y10B4Y14R4Y17G4Y3BB4Y3FR
752137,4Y0FG4Y0MB4Y0QR4Y0TG4Y10B4Y14R4Y17G4Y3BB4Y3FR
793379,4Y0FG4Y0MB4Y0QR4Y0TG4Y10B4Y14R4Y17G4Y3BB4Y3FR
793380,4Y0FG4Y0MB4Y0QR4Y0TG4Y10B4Y14R4Y17G4Y3BB4Y3FR
1042579,4Y0FG4Y0MB4Y0QR4Y0TG4Y10B4Y14R4Y17G4Y3BB4Y3FR
751837,4Y0JB4Y0OR4Y0QG4Y0XB4Y12R4Y14G4Y38B4Y3DR4Y3FG
752169,4Y0JB4Y0OR4Y0QG4Y0XB4Y12R4Y14G4Y38B4Y3DR4Y3FG
752143,4Y0JB4Y0OR4Y0QG4Y0XB4Y12R4Y14G4Y38B4Y3DR4Y3FG
752160,4Y0JB4Y0OR4Y0QG4Y0XB4Y12R4Y14G4Y38B4Y3DR4Y3FG
752161,4Y0JB4Y0OR4Y0QG4Y0XB4Y12R4Y14G4Y38B4Y3DR4Y3FG
752162,4Y0JB4Y0OR4Y0QG4Y0XB4Y12R4Y14G4Y38B4Y3DR4Y3FG
739968,4Y0JB4Y0OR4Y0QG4Y0XB4Y12R4Y14G4Y38B4Y3DR4Y3FG
752163,4Y0JB4Y0OR4Y0QG4Y0XB4Y12R4Y14G4Y38B4Y3DR4Y3FG
752164,4Y0JB4Y0OR4Y0QG4Y0XB4Y12R4Y14G4Y38B4Y3DR4Y3FG
736662,4Y0JB4Y0OR4Y0QG4Y0XB4Y12R4Y14G4Y38B4Y3DR4Y3FG
752165,4Y0JB4Y0OR4Y0QG4Y0XB4Y12R4Y14G4Y38B4Y3DR4Y3FG
752166,4Y0JB4Y0OR4Y0QG4Y0XB4Y12R4Y14G4Y38B4Y3DR4Y3FG
739969,4Y0JB4Y0OR4Y0QG4Y0XB4Y12R4Y14G4Y38B4Y3DR4Y3FG
739972,4Y0JB4Y0OR4Y0QG4Y0XB4Y12R4Y14G4Y38B4Y3DR4Y3FG
752168,4Y0JB4Y0OR4Y0QG4Y0XB4Y12R4Y14G4Y38B4Y3DR4Y3FG
752170,4Y0JB4Y0OR4Y0QG4Y0XB4Y12R4Y14G4Y38B4Y3DR4Y3FG
1038089,4Y0JB4Y0OR4Y0QG4Y0XB4Y12R4Y14G4Y38B4Y3DR4Y3FG
751838,4Y0JB4Y0OR4Y0QG4Y0XB4Y12R4Y14G4Y38B4Y3DR4Y3FG
793382,4Y0JB4Y0QG4Y0XB4Y14G4Y38B4Y3FG4Y3MB4Y3TG4Y5XB
825472,4Y0JB4Y0OR4Y0QG4Y0XB4Y12R4Y14G4Y38B4Y3DR4Y3FG
793383,4Y0JB4Y0OR4Y0QG4Y0XB4Y12R4Y14G4Y38B4Y3DR4Y3FG
793384,4Y0JB4Y0OR4Y0QG4Y0XB4Y12R4Y14G4Y38B4Y3DR4Y3FG
736663,4Y0JB4Y0OR4Y0QG4Y0XB4Y12R4Y14G4Y38B4Y3DR4Y3FG
751835,4Y0JB4Y0OR4Y0QG4Y0XB4Y12R4Y14G4Y38B4Y3DR4Y3FG
971144,4Y0GB4Y0GB4Y0JG4Y0KB4Y0KB4Y0NB4Y0NB4Y0QG4Y0RB
971154,4Y0GB4Y0GB4Y0JG4Y0KB4Y0KB4Y0NB4Y0NB4Y0QG4Y0RB
640149,4Y0GB4Y0GB4Y0JG4Y0KB4Y0KB4Y0NB4Y0NB4Y0QG4Y0RB
971158,4Y0GB4Y0GB4Y0JG4Y0KB4Y0KB4Y0NB4Y0NB4Y0QG4Y0RB
1022956,4Y0GB4Y0NB4Y0UB4Y0YG4Y11B4Y35B4Y3CB4Y3JB4Y3NG
971155,4Y0GB4Y0GB4Y0JG4Y0KB4Y0KB4Y0NB4Y0NB4Y0QG4Y0RB
971156,4Y0GB4Y0GB4Y0JG4Y0KB4Y0KB4Y0NB4Y0NB4Y0QG4Y0RB
971136,4Y0GB4Y0GB4Y0JG4Y0KB4Y0KB4Y0NB4Y0NB4Y0QG4Y0RB
661636,4Y0GB4Y0GB4Y0JG4Y0KB4Y0KB4Y0NB4Y0NB4Y0QG4Y0RB
970762,4Y0GB4Y0GB4Y0JG4Y0KB4Y0KB4Y0NB4Y0NB4Y0QG4Y0RB
970770,4Y0GB4Y0GB4Y0JG4Y0KB4Y0KB4Y0NB4Y0NB4Y0QG4Y0RB
951685,4Y0GB4Y0GB4Y0JG4Y0KB4Y0KB4Y0NB4Y0NB4Y0QG4Y0RB
865108,4Y0GB4Y0GB4Y0JG4Y0KB4Y0KB4Y0NB4Y0NB4Y0QG4Y0RB
991041,4Y0GB4Y0GB4Y0JG4Y0KB4Y0KB4Y0NB4Y0NB4Y0QG4Y0RB
970755,4Y0GB4Y0GB4Y0JG4Y0KB4Y0KB4Y0NB4Y0NB4Y0QG4Y0RB
951684,4Y0GB4Y0GB4Y0JG4Y0KB4Y0KB4Y0NB4Y0NB4Y0QG4Y0RB
970752,4Y0GB4Y0GB4Y0JG4Y0KB4Y0KB4Y0NB4Y0NB4Y0QG4Y0RB
970759,4Y0GB4Y0GB4Y0JG4Y0KB4Y0KB4Y0NB4Y0NB4Y0QG4Y0RB
1015068,4Y0GB4Y0GB4Y0JG4Y0KB4Y0KB4Y0NB4Y0NB4Y0QG4Y0RB
970757,4Y0GB4Y0GB4Y0JG4Y0KB4Y0KB4Y0NB4Y0NB4Y0QG4Y0RB
970769,4Y0GB4Y0GB4Y0JG4Y0KB4Y0KB4Y0NB4Y0NB4Y0QG4Y0RB
951686,4Y0GB4Y0GB4Y0JG4Y0KB4Y0KB4Y0NB4Y0NB4Y0QG4Y0RB
970787,4Y0GB4Y0GB4Y0JG4Y0KB4Y0KB4Y0NB4Y0NB4Y0QG4Y0RB
971151,4Y0GB4Y0GB4Y0JG4Y0KB4Y0KB4Y0NB4Y0NB4Y0QG4Y0RB
970785,4Y0GB4Y0GB4Y0JG4Y0KB4Y0KB4Y0NB4Y0NB4Y0QG4Y0RB
782965,4Y0GB4Y0GB4Y0JG4Y0KB4Y0KB4Y0NB4Y0NB4Y0QG4Y0RB
661637,4Y0GB4Y0GB4Y0JG4Y0KB4Y0KB4Y0NB4Y0NB4Y0QG4Y0RB
970790,4Y0GB4Y0GB4Y0JG4Y0KB4Y0KB4Y0NB4Y0NB4Y0QG4Y0RB
970774,4Y0GB4Y0GB4Y0JG4Y0KB4Y0KB4Y0NB4Y0NB4Y0QG4Y0RB
993073,4Y0GB4Y0GB4Y0JG4Y0KB4Y0KB4Y0NB4Y0NB4Y0QG4Y0RB
970777,4Y0GB4Y0GB4Y0JG4Y0KB4Y0KB4Y0NB4Y0NB4Y0QG4Y0RB
970781,4Y0GB4Y0GB4Y0JG4Y0KB4Y0KB4Y0NB4Y0NB4Y0QG4Y0RB
970783,4Y0GB4Y0GB4Y0JG4Y0KB4Y0KB4Y0NB4Y0NB4Y0QG4Y0RB
1001912,4Y0GB4Y0GB4Y0JG4Y0KB4Y0KB4Y0NB4Y0NB4Y0QG4Y0RB
865112,4Y0GB4Y0GB4Y0JG4Y0KB4Y0KB4Y0NB4Y0NB4Y0QG4Y0RB
683994,4Y0GB4Y0GB4Y0JG4Y0KB4Y0KB4Y0NB4Y0NB4Y0QG4Y0RB
684006,4Y0GB4Y0GB4Y0JG4Y0KB4Y0KB4Y0NB4Y0NB4Y0QG4Y0RB
683999,4Y0GB4Y0GB4Y0JG4Y0KB4Y0KB4Y0NB4Y0NB4Y0QG4Y0RB
684002,4Y0GB4Y0GB4Y0JG4Y0KB4Y0KB4Y0NB4Y0NB4Y0QG4Y0RB
645243,4Y0GB4Y0GB4Y0JG4Y0KB4Y0KB4Y0NB4Y0NB4Y0QG4Y0RB
645237,4Y0GB4Y0GB4Y0JG4Y0KB4Y0KB4Y0NB4Y0NB4Y0QG4Y0RB
865352,4Y0GB4Y0GB4Y0JG4Y0KB4Y0KB4Y0NB4Y0NB4Y0QG4Y0RB
639720,4Y0GB4Y0GB4Y0JG4Y0KB4Y0KB4Y0NB4Y0NB4Y0QG4Y0RB
645244,4Y0GB4Y0GB4Y0JG4Y0KB4Y0KB4Y0NB4Y0NB4Y0QG4Y0RB
865353,4Y0GB4Y0GB4Y0JG4Y0KB4Y0KB4Y0NB4Y0NB4Y0QG4Y0RB
974064,4Y0GB4Y0GB4Y0JG4Y0KB4Y0KB4Y0NB4Y0NB4Y0QG4Y0RB
684007,4Y0GB4Y0GB4Y0JG4Y0KB4Y0KB4Y0NB4Y0NB4Y0QG4Y0RB
639746,4Y0GB4Y0GB4Y0JG4Y0KB4Y0KB4Y0NB4Y0NB4Y0QG4Y0RB
639748,4Y0GB4Y0GB4Y0JG4Y0KB4Y0KB4Y0NB4Y0NB4Y0QG4Y0RB
992915,4Y0GB4Y0GB4Y0JG4Y0KB4Y0KB4Y0NB4Y0NB4Y0QG4Y0RB
639754,4Y0GB4Y0GB4Y0JG4Y0KB4Y0KB4Y0NB4Y0NB4Y0QG4Y0RB
989969,4Y0GB4Y0GB4Y0JG4Y0KB4Y0KB4Y0NB4Y0NB4Y0QG4Y0RB
684013,4Y0GB4Y0GB4Y0JG4Y0KB4Y0KB4Y0NB4Y0NB4Y0QG4Y0RB
1031170,4Y0GB4Y0GB4Y0JG4Y0KB4Y0KB4Y0NB4Y0NB4Y0QG4Y0RB
989968,4Y0GB4Y0GB4Y0JG4Y0KB4Y0KB4Y0NB4Y0NB4Y0QG4Y0RB
684012,4Y0GB4Y0GB4Y0JG4Y0KB4Y0KB4Y0NB4Y0NB4Y0QG4Y0RB
948394,4Y0GB4Y0GB4Y0JG4Y0KB4Y0KB4Y0NB4Y0NB4Y0QG4Y0RB
639737,4Y0GB4Y0GB4Y0JG4Y0KB4Y0KB4Y0NB4Y0NB4Y0QG4Y0RB
639740,4Y0GB4Y0GB4Y0JG4Y0KB4Y0KB4Y0NB4Y0NB4Y0QG4Y0RB
639745,4Y0GB4Y0GB4Y0JG4Y0KB4Y0KB4Y0NB4Y0NB4Y0QG4Y0RB
865037,4Y0GB4Y0GB4Y0JG4Y0KB4Y0KB4Y0NB4Y0NB4Y0QG4Y0RB
1009699,4Y0GB4Y0GB4Y0JG4Y0KB4Y0KB4Y0NB4Y0NB4Y0QG4Y0RB
827483,4Y0GB4Y0GB4Y0JG4Y0KB4Y0KB4Y0NB4Y0NB4Y0QG4Y0RB
865039,4Y0GB4Y0GB4Y0JG4Y0KB4Y0KB4Y0NB4Y0NB4Y0QG4Y0RB
645210,4Y0GB4Y0GB4Y0JG4Y0KB4Y0KB4Y0NB4Y0NB4Y0QG4Y0RB
645205,4Y0GB4Y0GB4Y0JG4Y0KB4Y0KB4Y0NB4Y0NB4Y0QG4Y0RB
645192,4Y0GB4Y0GB4Y0JG4Y0KB4Y0KB4Y0NB4Y0NB4Y0QG4Y0RB
661638,4Y0GB4Y0GB4Y0JG4Y0KB4Y0KB4Y0NB4Y0NB4Y0QG4Y0RB
645194,4Y0GB4Y0GB4Y0JG4Y0KB4Y0KB4Y0NB4Y0NB4Y0QG4Y0RB
703670,4Y0GB4Y0GB4Y0JG4Y0KB4Y0KB4Y0NB4Y0NB4Y0QG4Y0RB
1029744,4Y0GB4Y0GB4Y0JG4Y0KB4Y0KB4Y0NB4Y0NB4Y0QG4Y0RB
645199,4Y0GB4Y0GB4Y0JG4Y0KB4Y0KB4Y0NB4Y0NB4Y0QG4Y0RB
989858,4Y0GB4Y0GB4Y0JG4Y0KB4Y0KB4Y0NB4Y0NB4Y0QG4Y0RB
703671,4Y0GB4Y0GB4Y0JG4Y0KB4Y0KB4Y0NB4Y0NB4Y0QG4Y0RB
645229,4Y0GB4Y0GB4Y0JG4Y0KB4Y0KB4Y0NB4Y0NB4Y0QG4Y0RB
645232,4Y0GB4Y0GB4Y0JG4Y0KB4Y0KB4Y0NB4Y0NB4Y0QG4Y0RB
865350,4Y0GB4Y0GB4Y0JG4Y0KB4Y0KB4Y0NB4Y0NB4Y0QG4Y0RB
645235,4Y0GB4Y0GB4Y0JG4Y0KB4Y0KB4Y0NB4Y0NB4Y0QG4Y0RB
974063,4Y0GB4Y0GB4Y0JG4Y0KB4Y0KB4Y0NB4Y0NB4Y0QG4Y0RB
645214,4Y0GB4Y0GB4Y0JG4Y0KB4Y0KB4Y0NB4Y0NB4Y0QG4Y0RB
645217,4Y0GB4Y0GB4Y0JG4Y0KB4Y0KB4Y0NB4Y0NB4Y0QG4Y0RB
865042,4Y0GB4Y0GB4Y0JG4Y0KB4Y0KB4Y0NB4Y0NB4Y0QG4Y0RB
1029745,4Y0GB4Y0GB4Y0JG4Y0KB4Y0KB4Y0NB4Y0NB4Y0QG4Y0RB
645223,4Y0GB4Y0GB4Y0JG4Y0KB4Y0KB4Y0NB4Y0NB4Y0QG4Y0RB
645200,4Y0GB4Y0GB4Y0JG4Y0KB4Y0KB4Y0NB4Y0NB4Y0QG4Y0RB
640139,4Y0GB4Y0GB4Y0JG4Y0KB4Y0KB4Y0NB4Y0NB4Y0QG4Y0RB
640141,4Y0GB4Y0GB4Y0JG4Y0KB4Y0KB4Y0NB4Y0NB4Y0QG4Y0RB
640143,4Y0GB4Y0GB4Y0JG4Y0KB4Y0KB4Y0NB4Y0NB4Y0QG4Y0RB
640144,4Y0GB4Y0GB4Y0JG4Y0KB4Y0KB4Y0NB4Y0NB4Y0QG4Y0RB
971160,4Y0GB4Y0GB4Y0JG4Y0KB4Y0KB4Y0NB4Y0NB4Y0QG4Y0RB
645868,4Y0GB4Y0GB4Y0JG4Y0KB4Y0KB4Y0NB4Y0NB4Y0QG4Y0RB
859894,4Y0GB4Y0GB4Y0JG4Y0KB4Y0KB4Y0NB4Y0NB4Y0QG4Y0RB
991040,4Y0GB4Y0GB4Y0JG4Y0KB4Y0KB4Y0NB4Y0NB4Y0QG4Y0RB
1029748,4Y0GB4Y0GB4Y0JG4Y0KB4Y0KB4Y0NB4Y0NB4Y0QG4Y0RB
640131,4Y0GB4Y0GB4Y0JG4Y0KB4Y0KB4Y0NB4Y0NB4Y0QG4Y0RB
640134,4Y0GB4Y0GB4Y0JG4Y0KB4Y0KB4Y0NB4Y0NB4Y0QG4Y0RB
703673,4Y0GB4Y0GB4Y0JG4Y0KB4Y0KB4Y0NB4Y0NB4Y0QG4Y0RB
1029749,4Y0GB4Y0GB4Y0JG4Y0KB4Y0KB4Y0NB4Y0NB4Y0QG4Y0RB
859897,4Y0GB4Y0GB4Y0JG4Y0KB4Y0KB4Y0NB4Y0NB4Y0QG4Y0RB
640155,4Y0GB4Y0GB4Y0JG4Y0KB4Y0KB4Y0NB4Y0NB4Y0QG4Y0RB
896554,4Y0GG4Y0NB4Y0UG4Y11B4Y35G4Y3CB4Y3JG4Y3QB4Y3XG
896555,4Y0GG4Y0NB4Y0UG4Y11B4Y35G4Y3CB4Y3JG4Y3QB4Y3XG
896556,4Y0GG4Y0NB4Y0UG4Y11B4Y35G4Y3CB4Y3JG4Y3QB4Y3XG
896557,4Y0GG4Y0NB4Y0UG4Y11B4Y35G4Y3CB4Y3JG4Y3QB4Y3XG
1026933,4Y0GG4Y0NB4Y0UG4Y11B4Y35G4Y3CB4Y3JG4Y3QB4Y3XG
896558,4Y0GG4Y0NB4Y0UG4Y11B4Y35G4Y3CB4Y3JG4Y3QB4Y3XG
865027,4Y0FR4Y0GB4Y0NG4Y0TR4Y0UB4Y11G4Y17R4Y35B4Y3CG
746007,4Y0FR4Y0GB4Y0NG4Y0TR4Y0UB4Y11G4Y17R4Y35B4Y3CG
644796,4Y0FR4Y0GB4Y0NG4Y0TR4Y0UB4Y11G4Y17R4Y35B4Y3CG
644795,4Y0FR4Y0GB4Y0NG4Y0TR4Y0UB4Y11G4Y17R4Y35B4Y3CG
644794,4Y0FR4Y0GB4Y0NG4Y0TR4Y0UB4Y11G4Y17R4Y35B4Y3CG
644785,4Y0FR4Y0GB4Y0NG4Y0TR4Y0UB4Y11G4Y17R4Y35B4Y3CG
644792,4Y0FR4Y0GB4Y0NG4Y0TR4Y0UB4Y11G4Y17R4Y35B4Y3CG
750158,4Y0FG4Y0MB4Y0QR4Y0TG4Y10B4Y14R4Y17G4Y3BB4Y3FR
781573,4Y0FG4Y0MB4Y0QR4Y0TG4Y10B4Y14R4Y17G4Y3BB4Y3FR
750160,4Y0FG4Y0MB4Y0QR4Y0TG4Y10B4Y14R4Y17G4Y3BB4Y3FR
750162,4Y0FG4Y0MB4Y0QR4Y0TG4Y10B4Y14R4Y17G4Y3BB4Y3FR
733623,4Y0FG4Y0MB4Y0TG4Y10B4Y17G4Y3BB4Y3IG4Y3PB4Y3WG
796102,4Y0FG4Y0MB4Y0QR4Y0TG4Y10B4Y14R4Y17G4Y3BB4Y3FR
796103,4Y0FG4Y0MB4Y0QR4Y0TG4Y10B4Y14R4Y17G4Y3BB4Y3FR
733624,4Y0FG4Y0MB4Y0QR4Y0TG4Y10B4Y14R4Y17G4Y3BB4Y3FR
796105,4Y0FG4Y0MB4Y0QR4Y0TG4Y10B4Y14R4Y17G4Y3BB4Y3FR
1042562,4Y0FG4Y0MB4Y0QR4Y0TG4Y10B4Y14R4Y17G4Y3BB4Y3FR
750145,4Y0FG4Y0MB4Y0QR4Y0TG4Y10B4Y14R4Y17G4Y3BB4Y3FR
796101,4Y0FG4Y0MB4Y0QR4Y0TG4Y10B4Y14R4Y17G4Y3BB4Y3FR
752174,4Y0FG4Y0MB4Y0QR4Y0TG4Y10B4Y14R4Y17G4Y3BB4Y3FR
1003559,4Y0FG4Y0MB4Y0QR4Y0TG4Y10B4Y14R4Y17G4Y3BB4Y3FR
752176,4Y0FG4Y0MB4Y0QR4Y0TG4Y10B4Y14R4Y17G4Y3BB4Y3FR
752177,4Y0FG4Y0MB4Y0QR4Y0TG4Y10B4Y14R4Y17G4Y3BB4Y3FR
1038091,4Y0FG4Y0MB4Y0QR4Y0TG4Y10B4Y14R4Y17G4Y3BB4Y3FR
750155,4Y0FG4Y0MB4Y0QR4Y0TG4Y10B4Y14R4Y17G4Y3BB4Y3FR
752173,4Y0FG4Y0MB4Y0QR4Y0TG4Y10B4Y14R4Y17G4Y3BB4Y3FR
1022568,4Y0FG4Y0MB4Y0QR4Y0TG4Y10B4Y14R4Y17G4Y3BB4Y3FR
750147,4Y0FG4Y0MB4Y0QR4Y0TG4Y10B4Y14R4Y17G4Y3BB4Y3FR
750149,4Y0FG4Y0MB4Y0QR4Y0TG4Y10B4Y14R4Y17G4Y3BB4Y3FR
750151,4Y0FG4Y0MB4Y0QR4Y0TG4Y10B4Y14R4Y17G4Y3BB4Y3FR
750152,4Y0FG4Y0MB4Y0QR4Y0TG4Y10B4Y14R4Y17G4Y3BB4Y3FR
797038,4Y0FG4Y0MB4Y0QR4Y0TG4Y10B4Y14R4Y17G4Y3BB4Y3FR
750154,4Y0FG4Y0MB4Y0QR4Y0TG4Y10B4Y14R4Y17G4Y3BB4Y3FR
781619,4Y0FG4Y0MB4Y0QR4Y0TG4Y10B4Y14R4Y17G4Y3BB4Y3FR
796125,4Y0FG4Y0MB4Y0QR4Y0TG4Y10B4Y14R4Y17G4Y3BB4Y3FR
796126,4Y0FG4Y0MB4Y0QR4Y0TG4Y10B4Y14R4Y17G4Y3BB4Y3FR
794944,4Y0FG4Y0MB4Y0QR4Y0TG4Y10B4Y14R4Y17G4Y3BB4Y3FR
1042565,4Y0FG4Y0MB4Y0QR4Y0TG4Y10B4Y14R4Y17G4Y3BB4Y3FR
733631,4Y0FG4Y0MB4Y0QR4Y0TG4Y10B4Y14R4Y17G4Y3BB4Y3FR
797023,4Y0FG4Y0MB4Y0QR4Y0TG4Y10B4Y14R4Y17G4Y3BB4Y3FR
872069,4Y0IR4Y0KG4Y0RB4Y0WR4Y0YG4Y15B4Y37R4Y39G4Y3GB
868480,4Y0KG4Y0RB4Y0YG4Y15B4Y39G4Y3GB4Y3NG4Y3UB4Y5YG
866590,4Y0IR4Y0KG4Y0RB4Y0WR4Y0YG4Y15B4Y37R4Y39G4Y3GB
866601,4Y0IR4Y0KG4Y0RB4Y0WR4Y0YG4Y15B4Y37R4Y39G4Y3GB
866546,4Y0IR4Y0KG4Y0RB4Y0WR4Y0YG4Y15B4Y37R4Y39G4Y3GB
866536,4Y0KG4Y0RB4Y0YG4Y15B4Y39G4Y3GB4Y3NG4Y3UB4Y5YG
1028719,4Y0KG4Y0RB4Y0YG4Y15B4Y39G4Y3GB4Y3NG4Y3UB4Y5YG
871632,4Y0KG4Y0RB4Y0YG4Y15B4Y39G4Y3GB4Y3NG4Y3UB4Y5YG
872053,4Y0IR4Y0KG4Y0RB4Y0WR4Y0YG4Y15B4Y37R4Y39G4Y3GB
866552,4Y0IR4Y0KG4Y0RB4Y0WR4Y0YG4Y15B4Y37R4Y39G4Y3GB
870587,4Y0IR4Y0KG4Y0RB4Y0RB4Y0WR4Y0YG4Y15B4Y15B4Y37R
870597,4Y0IR4Y0KG4Y0RB4Y0WR4Y0YG4Y15B4Y37R4Y39G4Y3GB
998139,4Y0IR4Y0KG4Y0RB4Y0WR4Y0YG4Y15B4Y37R4Y39G4Y3GB
870460,4Y0IR4Y0KG4Y0RB4Y0WR4Y0YG4Y15B4Y37R4Y39G4Y3GB
693897,4Y0IR4Y0KG4Y0RB4Y0WR4Y0YG4Y15B4Y37R4Y39G4Y3GB
870125,4Y0IR4Y0KG4Y0RB4Y0WR4Y0YG4Y15B4Y37R4Y39G4Y3GB
872055,4Y0IR4Y0KG4Y0RB4Y0WR4Y0YG4Y15B4Y37R4Y39G4Y3GB
698161,4Y0IR4Y0KG4Y0RB4Y0WR4Y0YG4Y15B4Y37R4Y39G4Y3GB
870622,4Y0IR4Y0KG4Y0RB4Y0WR4Y0YG4Y15B4Y37R4Y39G4Y3GB
870155,4Y0IR4Y0KG4Y0RB4Y0WR4Y0YG4Y15B4Y37R4Y39G4Y3GB
870474,4Y0IR4Y0KG4Y0RB4Y0WR4Y0YG4Y15B4Y37R4Y39G4Y3GB
1013202,4Y0IR4Y0KG4Y0RB4Y0WR4Y0YG4Y15B4Y37R4Y39G4Y3GB
869768,4Y0IR4Y0KG4Y0RB4Y0WR4Y0YG4Y15B4Y37R4Y39G4Y3GB
1037477,4Y0IR4Y0KG4Y0RB4Y0WR4Y0YG4Y15B4Y37R4Y39G4Y3GB
870128,4Y0IR4Y0KG4Y0RB4Y0WR4Y0YG4Y15B4Y37R4Y39G4Y3GB
1037478,4Y0IR4Y0KG4Y0RB4Y0WR4Y0YG4Y15B4Y37R4Y39G4Y3GB
867613,4Y0IR4Y0KG4Y0RB4Y0WR4Y0YG4Y15B4Y37R4Y39G4Y3GB
867600,4Y0IR4Y0KG4Y0RB4Y0WR4Y0YG4Y15B4Y37R4Y39G4Y3GB
868460,4Y0IR4Y0KG4Y0RB4Y0WR4Y0YG4Y15B4Y37R4Y39G4Y3GB
739287,4Y0IR4Y0KG4Y0RB4Y0WR4Y0YG4Y15B4Y37R4Y39G4Y3GB
867977,4Y0IR4Y0KG4Y0RB4Y0WR4Y0YG4Y15B4Y37R4Y39G4Y3GB
871190,4Y0IR4Y0KG4Y0RB4Y0WR4Y0YG4Y15B4Y37R4Y39G4Y3GB
870267,4Y0IR4Y0KG4Y0RB4Y0WR4Y0YG4Y15B4Y37R4Y39G4Y3GB
1038898,4Y0IR4Y0KG4Y0RB4Y0WR4Y0YG4Y15B4Y37R4Y39G4Y3GB
871580,4Y0IR4Y0KG4Y0RB4Y0WR4Y0YG4Y15B4Y37R4Y39G4Y3GB
869828,4Y0IR4Y0KG4Y0RB4Y0WR4Y0YG4Y15B4Y37R4Y39G4Y3GB
871154,4Y0IR4Y0KG4Y0RB4Y0WR4Y0YG4Y15B4Y37R4Y39G4Y3GB
870140,4Y0IR4Y0KG4Y0RB4Y0WR4Y0YG4Y15B4Y37R4Y39G4Y3GB
739264,4Y0IR4Y0KG4Y0RB4Y0WR4Y0YG4Y15B4Y37R4Y39G4Y3GB
871166,4Y0IR4Y0KG4Y0RB4Y0WR4Y0YG4Y15B4Y37R4Y39G4Y3GB
871618,4Y0IR4Y0KG4Y0RB4Y0WR4Y0YG4Y15B4Y37R4Y39G4Y3GB
870627,4Y0IR4Y0KG4Y0RB4Y0WR4Y0YG4Y15B4Y37R4Y39G4Y3GB
872075,4Y0IR4Y0KG4Y0RB4Y0WR4Y0YG4Y15B4Y37R4Y39G4Y3GB
871182,4Y0IR4Y0KG4Y0RB4Y0WR4Y0YG4Y15B4Y37R4Y39G4Y3GB
871171,4Y0IR4Y0KG4Y0RB4Y0WR4Y0YG4Y15B4Y37R4Y39G4Y3GB
871479,4Y0IR4Y0KG4Y0RB4Y0WR4Y0YG4Y15B4Y37R4Y39G4Y3GB
739315,4Y0IR4Y0KG4Y0RB4Y0WR4Y0YG4Y15B4Y37R4Y39G4Y3GB
739318,4Y0IR4Y0KG4Y0RB4Y0WR4Y0YG4Y15B4Y37R4Y39G4Y3GB
865951,4Y0IR4Y0KG4Y0RB4Y0WR4Y0YG4Y15B4Y37R4Y39G4Y3GB
996529,4Y0IR4Y0KG4Y0RB4Y0WR4Y0YG4Y15B4Y37R4Y39G4Y3GB
867653,4Y0IR4Y0KG4Y0RB4Y0WR4Y0YG4Y15B4Y37R4Y39G4Y3GB
867643,4Y0IR4Y0KG4Y0RB4Y0WR4Y0YG4Y15B4Y37R4Y39G4Y3GB
739312,4Y0IR4Y0KG4Y0RB4Y0WR4Y0YG4Y15B4Y37R4Y39G4Y3GB
868845,4Y0IR4Y0KG4Y0RB4Y0WR4Y0YG4Y15B4Y37R4Y39G4Y3GB
1038871,4Y0IR4Y0KG4Y0RB4Y0WR4Y0YG4Y15B4Y37R4Y39G4Y3GB
739311,4Y0IR4Y0KG4Y0RB4Y0WR4Y0YG4Y15B4Y37R4Y39G4Y3GB
866101,4Y0IR4Y0KG4Y0RB4Y0WR4Y0YG4Y15B4Y37R4Y39G4Y3GB
866138,4Y0IR4Y0KG4Y0RB4Y0WR4Y0YG4Y15B4Y37R4Y39G4Y3GB
866124,4Y0IR4Y0KG4Y0RB4Y0WR4Y0YG4Y15B4Y37R4Y39G4Y3GB
866131,4Y0IR4Y0KG4Y0RB4Y0WR4Y0YG4Y15B4Y37R4Y39G4Y3GB
866108,4Y0KG4Y0RB4Y0YG4Y15B4Y39G4Y3GB4Y3NG4Y3UB4Y5YG
867453,4Y0IR4Y0KG4Y0RB4Y0WR4Y0YG4Y15B4Y37R4Y39G4Y3GB
867444,4Y0IR4Y0KG4Y0RB4Y0WR4Y0YG4Y15B4Y37R4Y39G4Y3GB
786653,4Y0IR4Y0KG4Y0RB4Y0WR4Y0YG4Y15B4Y37R4Y39G4Y3GB
868498,4Y0KG4Y0RB4Y0YG4Y15B4Y39G4Y3GB4Y3NG4Y3UB4Y5YG
867158,4Y0IR4Y0KG4Y0RB4Y0WR4Y0YG4Y15B4Y37R4Y39G4Y3GB
867460,4Y0IR4Y0KG4Y0RB4Y0WR4Y0YG4Y15B4Y37R4Y39G4Y3GB
737284,4Y0IR4Y0KG4Y0RB4Y0WR4Y0YG4Y15B4Y37R4Y39G4Y3GB
869894,4Y0IR4Y0KG4Y0RB4Y0WR4Y0YG4Y15B4Y37R4Y39G4Y3GB
1038890,4Y0IR4Y0KG4Y0RB4Y0WR4Y0YG4Y15B4Y37R4Y39G4Y3GB
870246,4Y0IR4Y0KG4Y0RB4Y0WR4Y0YG4Y15B4Y37R4Y39G4Y3GB
870248,4Y0IR4Y0KG4Y0RB4Y0WR4Y0YG4Y15B4Y37R4Y39G4Y3GB
868852,4Y0KG4Y0RB4Y0YG4Y15B4Y39G4Y3GB4Y3NG4Y3UB4Y5YG
1038885,4Y0IR4Y0KG4Y0RB4Y0WR4Y0YG4Y15B4Y37R4Y39G4Y3GB
872076,4Y0IR4Y0KG4Y0RB4Y0WR4Y0YG4Y15B4Y37R4Y39G4Y3GB
1038902,4Y0IR4Y0KG4Y0RB4Y0WR4Y0YG4Y15B4Y37R4Y39G4Y3GB
1019699,4Y0KG4Y0RB4Y0YG4Y15B4Y39G4Y3GB4Y3NG4Y3UB4Y5YG
1121602,4Y0IR4Y0KG4Y0RB4Y0WR4Y0YG4Y15B4Y37R4Y39G4Y3GB
1121603,4Y0IR4Y0KG4Y0RB4Y0WR4Y0YG4Y15B4Y37R4Y39G4Y3GB
1121604,4Y0IR4Y0KG4Y0RB4Y0WR4Y0YG4Y15B4Y37R4Y39G4Y3GB
1121605,4Y0IR4Y0KG4Y0RB4Y0WR4Y0YG4Y15B4Y37R4Y39G4Y3GB
1121606,4Y0IR4Y0KG4Y0RB4Y0WR4Y0YG4Y15B4Y37R4Y39G4Y3GB
1121607,4Y0IR4Y0KG4Y0RB4Y0WR4Y0YG4Y15B4Y37R4Y39G4Y3GB
1121608,4Y0IR4Y0KG4Y0RB4Y0WR4Y0YG4Y15B4Y37R4Y39G4Y3GB
1121609,4Y0IR4Y0KG4Y0RB4Y0WR4Y0YG4Y15B4Y37R4Y39G4Y3GB
1097160,4Y0IR4Y0KG4Y0RB4Y0WR4Y0YG4Y15B4Y37R4Y39G4Y3GB
794958,4Y0JB4Y0OR4Y0QG4Y0XB4Y12R4Y14G4Y38B4Y3DR4Y3FG
796117,4Y0JB4Y0OR4Y0QG4Y0XB4Y12R4Y14G4Y38B4Y3DR4Y3FG
794948,4Y0JB4Y0OR4Y0QG4Y0XB4Y12R4Y14G4Y38B4Y3DR4Y3FG
796111,4Y0JB4Y0OR4Y0QG4Y0XB4Y12R4Y14G4Y38B4Y3DR4Y3FG
733627,4Y0JB4Y0OR4Y0QG4Y0XB4Y12R4Y14G4Y38B4Y3DR4Y3FG
796113,4Y0JB4Y0OR4Y0QG4Y0XB4Y12R4Y14G4Y38B4Y3DR4Y3FG
796115,4Y0JB4Y0OR4Y0QG4Y0XB4Y12R4Y14G4Y38B4Y3DR4Y3FG
796116,4Y0JB4Y0OR4Y0QG4Y0XB4Y12R4Y14G4Y38B4Y3DR4Y3FG
1003838,4Y0JB4Y0OR4Y0QG4Y0XB4Y12R4Y14G4Y38B4Y3DR4Y3FG
1042570,4Y0JB4Y0OR4Y0QG4Y0XB4Y12R4Y14G4Y38B4Y3DR4Y3FG
796119,4Y0JB4Y0OR4Y0QG4Y0XB4Y12R4Y14G4Y38B4Y3DR4Y3FG
780907,4Y0JB4Y0QG4Y0XB4Y14G4Y38B4Y3FG4Y3MB4Y3TG4Y5XB
796121,4Y0JB4Y0OR4Y0QG4Y0XB4Y12R4Y14G4Y38B4Y3DR4Y3FG
796122,4Y0JB4Y0OR4Y0QG4Y0XB4Y12R4Y14G4Y38B4Y3DR4Y3FG
1042563,4Y0JB4Y0OR4Y0QG4Y0XB4Y12R4Y14G4Y38B4Y3DR4Y3FG
739189,4Y0JB4Y0OR4Y0QG4Y0XB4Y12R4Y14G4Y38B4Y3DR4Y3FG
794946,4Y0JB4Y0OR4Y0QG4Y0XB4Y12R4Y14G4Y38B4Y3DR4Y3FG
794947,4Y0JB4Y0OR4Y0QG4Y0XB4Y12R4Y14G4Y38B4Y3DR4Y3FG
794949,4Y0JB4Y0OR4Y0QG4Y0XB4Y12R4Y14G4Y38B4Y3DR4Y3FG
794950,4Y0JB4Y0OR4Y0QG4Y0XB4Y12R4Y14G4Y38B4Y3DR4Y3FG
794952,4Y0JB4Y0OR4Y0QG4Y0XB4Y12R4Y14G4Y38B4Y3DR4Y3FG
1021370,4Y0JB4Y0OR4Y0QG4Y0XB4Y12R4Y14G4Y38B4Y3DR4Y3FG
794954,4Y0JB4Y0OR4Y0QG4Y0XB4Y12R4Y14G4Y38B4Y3DR4Y3FG
794956,4Y0JB4Y0OR4Y0QG4Y0XB4Y12R4Y14G4Y38B4Y3DR4Y3FG
1053288,4Y0JB4Y0OR4Y0QG4Y0XB4Y12R4Y14G4Y38B4Y3DR4Y3FG
935491,4Y0JB4Y0QG4Y0QR4Y0XB4Y14G4Y14R4Y38B4Y3FG4Y3FR
860143,4Y0JB4Y0QG4Y0QR4Y0XB4Y14G4Y14R4Y38B4Y3FG4Y3FR
935495,4Y0JB4Y0QG4Y0QR4Y0XB4Y14G4Y14R4Y38B4Y3FG4Y3FR
935492,4Y0JB4Y0QG4Y0QR4Y0XB4Y14G4Y14R4Y38B4Y3FG4Y3FR
860141,4Y0JB4Y0QG4Y0QR4Y0XB4Y14G4Y14R4Y38B4Y3FG4Y3FR
935488,4Y0JB4Y0QG4Y0QR4Y0XB4Y14G4Y14R4Y38B4Y3FG4Y3FR
689316,4Y0JB4Y0QG4Y0QR4Y0XB4Y14G4Y14R4Y38B4Y3FG4Y3FR
934074,4Y0JB4Y0QG4Y0QR4Y0XB4Y14G4Y14R4Y38B4Y3FG4Y3FR
979619,4Y0JB4Y0QG4Y0QR4Y0XB4Y14G4Y14R4Y38B4Y3FG4Y3FR
979968,4Y0JB4Y0QG4Y0QR4Y0XB4Y14G4Y14R4Y38B4Y3FG4Y3FR
934066,4Y0JB4Y0QG4Y0QR4Y0XB4Y14G4Y14R4Y38B4Y3FG4Y3FR
934065,4Y0JB4Y0QG4Y0QR4Y0XB4Y14G4Y14R4Y38B4Y3FG4Y3FR
865669,4Y0JB4Y0QG4Y0QR4Y0XB4Y14G4Y14R4Y38B4Y3FG4Y3FR
935484,4Y0JB4Y0QG4Y0QR4Y0XB4Y14G4Y14R4Y38B4Y3FG4Y3FR
860139,4Y0JB4Y0QG4Y0QR4Y0XB4Y14G4Y14R4Y38B4Y3FG4Y3FR
660122,4Y0JB4Y0QG4Y0QR4Y0XB4Y14G4Y14R4Y38B4Y3FG4Y3FR
860140,4Y0JB4Y0QG4Y0QR4Y0XB4Y14G4Y14R4Y38B4Y3FG4Y3FR
935480,4Y0JB4Y0QG4Y0QR4Y0XB4Y14G4Y14R4Y38B4Y3FG4Y3FR
860142,4Y0JB4Y0QG4Y0QR4Y0XB4Y14G4Y14R4Y38B4Y3FG4Y3FR
835294,4Y0JB4Y0OR4Y0QG4Y0XB4Y12R4Y14G4Y38B4Y3DR4Y3FG
734043,4Y0JB4Y0OR4Y0QG4Y0XB4Y12R4Y14G4Y38B4Y3DR4Y3FG
835279,4Y0JB4Y0OR4Y0QG4Y0XB4Y12R4Y14G4Y38B4Y3DR4Y3FG
834963,4Y0JB4Y0OR4Y0QG4Y0XB4Y12R4Y14G4Y38B4Y3DR4Y3FG
835282,4Y0JB4Y0OR4Y0QG4Y0XB4Y12R4Y14G4Y38B4Y3DR4Y3FG
835286,4Y0JB4Y0OR4Y0QG4Y0XB4Y12R4Y14G4Y38B4Y3DR4Y3FG
1042600,4Y0JB4Y0OR4Y0QG4Y0XB4Y12R4Y14G4Y38B4Y3DR4Y3FG
835301,4Y0JB4Y0OR4Y0QG4Y0XB4Y12R4Y14G4Y38B4Y3DR4Y3FG
835295,4Y0JB4Y0OR4Y0QG4Y0XB4Y12R4Y14G4Y38B4Y3DR4Y3FG
834012,4Y0JB4Y0OR4Y0QG4Y0XB4Y12R4Y14G4Y38B4Y3DR4Y3FG
835312,4Y0JB4Y0OR4Y0QG4Y0XB4Y12R4Y14G4Y38B4Y3DR4Y3FG
1042596,4Y0JB4Y0OR4Y0QG4Y0XB4Y12R4Y14G4Y38B4Y3DR4Y3FG
836484,4Y0JB4Y0OR4Y0QG4Y0XB4Y12R4Y14G4Y38B4Y3DR4Y3FG
836812,4Y0JB4Y0OR4Y0QG4Y0XB4Y12R4Y14G4Y38B4Y3DR4Y3FG
832350,4Y0JB4Y0OR4Y0QG4Y0XB4Y12R4Y14G4Y38B4Y3DR4Y3FG
838258,4Y0JB4Y0OR4Y0QG4Y0XB4Y12R4Y14G4Y38B4Y3DR4Y3FG
834020,4Y0JB4Y0OR4Y0QG4Y0XB4Y12R4Y14G4Y38B4Y3DR4Y3FG
838264,4Y0JB4Y0QG4Y0XB4Y14G4Y38B4Y3FG4Y3MB4Y3TG4Y5XB
834005,4Y0JB4Y0QG4Y0XB4Y14G4Y38B4Y3FG4Y3MB4Y3TG4Y5XB
834965,4Y0JB4Y0OR4Y0QG4Y0XB4Y12R4Y14G4Y38B4Y3DR4Y3FG
835314,4Y0JB4Y0OR4Y0QG4Y0XB4Y12R4Y14G4Y38B4Y3DR4Y3FG
995884,4Y0JB4Y0QG4Y0XB4Y14G4Y38B4Y3FG4Y3MB4Y3TG4Y5XB
1000864,4Y0JB4Y0OR4Y0QG4Y0XB4Y12R4Y14G4Y38B4Y3DR4Y3FG
832348,4Y0JB4Y0QG4Y0XB4Y14G4Y38B4Y3FG4Y3MB4Y3TG4Y5XB
834003,4Y0JB4Y0QG4Y0XB4Y14G4Y38B4Y3FG4Y3MB4Y3TG4Y5XB
739347,4Y0JB4Y0OR4Y0QG4Y0XB4Y12R4Y14G4Y38B4Y3DR4Y3FG
832360,4Y0JB4Y0OR4Y0QG4Y0XB4Y12R4Y14G4Y38B4Y3DR4Y3FG
832359,4Y0JB4Y0OR4Y0QG4Y0XB4Y12R4Y14G4Y38B4Y3DR4Y3FG
836489,4Y0JB4Y0OR4Y0QG4Y0XB4Y12R4Y14G4Y38B4Y3DR4Y3FG
1003398,4Y0JB4Y0OR4Y0QG4Y0XB4Y12R4Y14G4Y38B4Y3DR4Y3FG
836495,4Y0JB4Y0OR4Y0QG4Y0XB4Y12R4Y14G4Y38B4Y3DR4Y3FG
659467,4Y0IB4Y0PG4Y0WB4Y13G4Y37B4Y3EG4Y3LB4Y3SG4Y3ZB
751626,4Y0IB4Y0PG4Y0WB4Y13G4Y37B4Y3EG4Y3LB4Y3SG4Y3ZB
825385,4Y0IB4Y0PG4Y0WB4Y13G4Y37B4Y3EG4Y3LB4Y3SG4Y3ZB
751624,4Y0IB4Y0PG4Y0WB4Y13G4Y37B4Y3EG4Y3LB4Y3SG4Y3ZB
1028836,4Y0IB4Y0PG4Y0WB4Y13G4Y37B4Y3EG4Y3LB4Y3SG4Y3ZB
751627,4Y0IB4Y0PG4Y0WB4Y13G4Y37B4Y3EG4Y3LB4Y3SG4Y3ZB
844815,4Y0IB4Y0PG4Y0WB4Y13G4Y37B4Y3EG4Y3LB4Y3SG4Y3ZB
646158,4Y0IG4Y0JR4Y0PB4Y0WG4Y0XR4Y13B4Y37G4Y38R4Y3EB
646232,4Y0IG4Y0JR4Y0PB4Y0WG4Y0XR4Y13B4Y37G4Y38R4Y3EB
646160,4Y0IG4Y0JR4Y0PB4Y0WG4Y0XR4Y13B4Y37G4Y38R4Y3EB
646163,4Y0IG4Y0JR4Y0PB4Y0WG4Y0XR4Y13B4Y37G4Y38R4Y3EB
646231,4Y0IG4Y0JR4Y0PB4Y0WG4Y0XR4Y13B4Y37G4Y38R4Y3EB
646165,4Y0IG4Y0JR4Y0PB4Y0WG4Y0XR4Y13B4Y37G4Y38R4Y3EB
1042122,4Y0IG4Y0JR4Y0PB4Y0WG4Y0XR4Y13B4Y37G4Y38R4Y3EB
649305,4Y0IG4Y0JR4Y0PB4Y0WG4Y0XR4Y13B4Y37G4Y38R4Y3EB
1019181,4Y0IG4Y0JR4Y0PB4Y0WG4Y0XR4Y13B4Y37G4Y38R4Y3EB
774998,4Y0IG4Y0JR4Y0PB4Y0WG4Y0XR4Y13B4Y37G4Y38R4Y3EB
652741,4Y0IG4Y0JR4Y0PB4Y0WG4Y0XR4Y13B4Y37G4Y38R4Y3EB
647923,4Y0IG4Y0JR4Y0PB4Y0WG4Y0XR4Y13B4Y37G4Y38R4Y3EB
1042120,4Y0IG4Y0JR4Y0PB4Y0WG4Y0XR4Y13B4Y37G4Y38R4Y3EB
646152,4Y0IG4Y0JR4Y0PB4Y0WG4Y0XR4Y13B4Y37G4Y38R4Y3EB
646540,4Y0IG4Y0JR4Y0PB4Y0WG4Y0XR4Y13B4Y37G4Y38R4Y3EB
646153,4Y0IG4Y0JR4Y0PB4Y0WG4Y0XR4Y13B4Y37G4Y38R4Y3EB
646545,4Y0IG4Y0JR4Y0PB4Y0WG4Y0XR4Y13B4Y37G4Y38R4Y3EB
646156,4Y0IG4Y0JR4Y0PB4Y0WG4Y0XR4Y13B4Y37G4Y38R4Y3EB
646543,4Y0IG4Y0JR4Y0PB4Y0WG4Y0XR4Y13B4Y37G4Y38R4Y3EB
1008197,4Y0IG4Y0JR4Y0PB4Y0WG4Y0XR4Y13B4Y37G4Y38R4Y3EB
863564,4Y0IG4Y0JR4Y0PB4Y0WG4Y0XR4Y13B4Y37G4Y38R4Y3EB
967906,4Y0FG4Y0KR4Y0MB4Y0TG4Y0YR4Y10B4Y17G4Y39R4Y3BB
967903,4Y0FG4Y0KR4Y0MB4Y0TG4Y0YR4Y10B4Y17G4Y39R4Y3BB
966642,4Y0FG4Y0KR4Y0MB4Y0TG4Y0YR4Y10B4Y17G4Y39R4Y3BB
966699,4Y0FG4Y0KR4Y0MB4Y0TG4Y0YR4Y10B4Y17G4Y39R4Y3BB
966635,4Y0FG4Y0KR4Y0MB4Y0TG4Y0YR4Y10B4Y17G4Y39R4Y3BB
966604,4Y0FG4Y0KR4Y0MB4Y0TG4Y0YR4Y10B4Y17G4Y39R4Y3BB
966603,4Y0FG4Y0KR4Y0MB4Y0TG4Y0YR4Y10B4Y17G4Y39R4Y3BB
775396,4Y0FG4Y0KR4Y0MB4Y0TG4Y0YR4Y10B4Y17G4Y39R4Y3BB
875163,4Y0FG4Y0MB4Y0TG4Y10B4Y17G4Y3BB4Y3IG4Y3PB4Y3WG
964926,4Y0FG4Y0KR4Y0MB4Y0TG4Y0YR4Y10B4Y17G4Y39R4Y3BB
967919,4Y0FG4Y0KR4Y0MB4Y0TG4Y0YR4Y10B4Y17G4Y39R4Y3BB
967915,4Y0FG4Y0KR4Y0MB4Y0TG4Y0YR4Y10B4Y17G4Y39R4Y3BB
967895,4Y0FG4Y0KR4Y0MB4Y0TG4Y0YR4Y10B4Y17G4Y39R4Y3BB
967912,4Y0FG4Y0KR4Y0MB4Y0TG4Y0YR4Y10B4Y17G4Y39R4Y3BB
1123750,4Y0FG4Y0KR4Y0MB4Y0TG4Y0YR4Y10B4Y17G4Y39R4Y3BB
967900,4Y0FG4Y0KR4Y0MB4Y0TG4Y0YR4Y10B4Y17G4Y39R4Y3BB
967921,4Y0FG4Y0KR4Y0MB4Y0TG4Y0YR4Y10B4Y17G4Y39R4Y3BB
967928,4Y0FG4Y0KR4Y0MB4Y0TG4Y0YR4Y10B4Y17G4Y39R4Y3BB
870333,4Y0IG4Y0IR4Y0PB4Y0WG4Y0WR4Y13B4Y37G4Y37R4Y3EB
1038922,4Y0IG4Y0IR4Y0PB4Y0WG4Y0WR4Y13B4Y37G4Y37R4Y3EB
1019685,4Y0IG4Y0IR4Y0PB4Y0WG4Y0WR4Y13B4Y37G4Y37R4Y3EB
871667,4Y0IG4Y0IR4Y0PB4Y0WG4Y0WR4Y13B4Y37G4Y37R4Y3EB
867118,4Y0IG4Y0IR4Y0PB4Y0WG4Y0WR4Y13B4Y37G4Y37R4Y3EB
1004206,4Y0IG4Y0IR4Y0PB4Y0WG4Y0WR4Y13B4Y37G4Y37R4Y3EB
1037474,4Y0IG4Y0IR4Y0PB4Y0WG4Y0WR4Y13B4Y37G4Y37R4Y3EB
866705,4Y0IG4Y0IR4Y0PB4Y0WG4Y0WR4Y13B4Y37G4Y37R4Y3EB
1038886,4Y0IG4Y0IR4Y0PB4Y0WG4Y0WR4Y13B4Y37G4Y37R4Y3EB
994952,4Y0IG4Y0IR4Y0PB4Y0WG4Y0WR4Y13B4Y37G4Y37R4Y3EB
869870,4Y0IG4Y0IR4Y0PB4Y0WG4Y0WR4Y13B4Y37G4Y37R4Y3EB
871709,4Y0IG4Y0IR4Y0PB4Y0WG4Y0WR4Y13B4Y37G4Y37R4Y3EB
871684,4Y0IG4Y0IR4Y0PB4Y0WG4Y0WR4Y13B4Y37G4Y37R4Y3EB
871727,4Y0IG4Y0IR4Y0PB4Y0WG4Y0WR4Y13B4Y37G4Y37R4Y3EB
872110,4Y0IG4Y0IR4Y0PB4Y0WG4Y0WR4Y13B4Y37G4Y37R4Y3EB
871725,4Y0IG4Y0IR4Y0PB4Y0WG4Y0WR4Y13B4Y37G4Y37R4Y3EB
870012,4Y0IG4Y0IR4Y0PB4Y0WG4Y0WR4Y13B4Y37G4Y37R4Y3EB
933945,4Y0FG4Y0MB4Y0QR4Y0TG4Y10B4Y14R4Y17G4Y3BB4Y3FR
933963,4Y0FG4Y0MB4Y0QR4Y0TG4Y10B4Y14R4Y17G4Y3BB4Y3FR
990849,4Y0FG4Y0MB4Y0QR4Y0TG4Y10B4Y14R4Y17G4Y3BB4Y3FR
1031416,4Y0FG4Y0MB4Y0QR4Y0TG4Y10B4Y14R4Y17G4Y3BB4Y3FR
966619,4Y0FG4Y0MB4Y0MB4Y0TG4Y10B4Y10B4Y17G4Y3BB4Y3BB
933927,4Y0FG4Y0MB4Y0QR4Y0TG4Y10B4Y14R4Y17G4Y3BB4Y3FR
966698,4Y0FG4Y0MB4Y0MB4Y0TG4Y10B4Y10B4Y17G4Y3BB4Y3BB
966701,4Y0FG4Y0MB4Y0MB4Y0TG4Y10B4Y10B4Y17G4Y3BB4Y3BB
1141722,4Y0HR4Y0JB4Y0QG4Y0VR4Y0XB4Y14G4Y36R4Y38B4Y3FG
967984,4Y0FG4Y0MB4Y0MB4Y0TG4Y10B4Y10B4Y17G4Y3BB4Y3BB
1141635,4Y0HR4Y0JB4Y0QG4Y0VR4Y0XB4Y14G4Y36R4Y38B4Y3FG
793869,4Y0FG4Y0MB4Y0MB4Y0TG4Y10B4Y10B4Y17G4Y3BB4Y3BB
793876,4Y0FG4Y0MB4Y0MB4Y0TG4Y10B4Y10B4Y17G4Y3BB4Y3BB
1141634,4Y0HR4Y0JB4Y0QG4Y0VR4Y0XB4Y14G4Y36R4Y38B4Y3FG
865469,4Y0FG4Y0MB4Y0MB4Y0TG4Y10B4Y10B4Y17G4Y3BB4Y3BB
989540,4Y0FG4Y0MB4Y0MB4Y0TG4Y10B4Y10B4Y17G4Y3BB4Y3BB
1141633,4Y0HR4Y0JB4Y0QG4Y0VR4Y0XB4Y14G4Y36R4Y38B4Y3FG
683631,4Y0FG4Y0MB4Y0MB4Y0TG4Y10B4Y10B4Y17G4Y3BB4Y3BB
1031169,4Y0FG4Y0MB4Y0MB4Y0TG4Y10B4Y10B4Y17G4Y3BB4Y3BB
933947,4Y0FG4Y0MB4Y0QR4Y0TG4Y10B4Y14R4Y17G4Y3BB4Y3FR
933959,4Y0FG4Y0MB4Y0QR4Y0TG4Y10B4Y14R4Y17G4Y3BB4Y3FR
1047795,4Y0FG4Y0MB4Y0QR4Y0TG4Y10B4Y14R4Y17G4Y3BB4Y3FR
933936,4Y0FG4Y0MB4Y0QR4Y0TG4Y10B4Y14R4Y17G4Y3BB4Y3FR
1034982,4Y0FG4Y0MB4Y0MB4Y0TG4Y10B4Y10B4Y17G4Y3BB4Y3BB
933937,4Y0FG4Y0MB4Y0QR4Y0TG4Y10B4Y14R4Y17G4Y3BB4Y3FR
933967,4Y0FG4Y0MB4Y0QR4Y0TG4Y10B4Y14R4Y17G4Y3BB4Y3FR
661839,4Y0FG4Y0MB4Y0QR4Y0TG4Y10B4Y14R4Y17G4Y3BB4Y3FR
949666,4Y0FG4Y0MB4Y0MB4Y0TG4Y10B4Y10B4Y17G4Y3BB4Y3BB
774114,4Y0FG4Y0MB4Y0MB4Y0TG4Y10B4Y10B4Y17G4Y3BB4Y3BB
966671,4Y0FG4Y0MB4Y0MB4Y0TG4Y10B4Y10B4Y17G4Y3BB4Y3BB
788228,4Y0FG4Y0MB4Y0MB4Y0TG4Y10B4Y10B4Y17G4Y3BB4Y3BB
774116,4Y0FG4Y0MB4Y0MB4Y0TG4Y10B4Y10B4Y17G4Y3BB4Y3BB
1141724,4Y0HR4Y0JB4Y0QG4Y0VR4Y0XB4Y14G4Y36R4Y38B4Y3FG
966695,4Y0FG4Y0MB4Y0MB4Y0TG4Y10B4Y10B4Y17G4Y3BB4Y3BB
1043374,4Y0FG4Y0MB4Y0MB4Y0TG4Y10B4Y10B4Y17G4Y3BB4Y3BB
1141723,4Y0HR4Y0JB4Y0QG4Y0VR4Y0XB4Y14G4Y36R4Y38B4Y3FG
936672,4Y0FG4Y0MB4Y0QR4Y0TG4Y10B4Y14R4Y17G4Y3BB4Y3FR
939552,4Y0FG4Y0MB4Y0TG4Y10B4Y17G4Y3BB4Y3IG4Y3PB4Y3WG
863554,4Y0FR4Y0GB4Y0NG4Y0TR4Y0UB4Y11G4Y17R4Y35B4Y3CG
827144,4Y0FR4Y0GB4Y0NG4Y0TR4Y0UB4Y11G4Y17R4Y35B4Y3CG
646197,4Y0FR4Y0GB4Y0NG4Y0TR4Y0UB4Y11G4Y17R4Y35B4Y3CG
687532,4Y0FR4Y0GB4Y0NG4Y0TR4Y0UB4Y11G4Y17R4Y35B4Y3CG
687519,4Y0FR4Y0GB4Y0NG4Y0TR4Y0UB4Y11G4Y17R4Y35B4Y3CG
687539,4Y0FR4Y0GB4Y0NG4Y0TR4Y0UB4Y11G4Y17R4Y35B4Y3CG
687542,4Y0FR4Y0GB4Y0NG4Y0TR4Y0UB4Y11G4Y17R4Y35B4Y3CG
1019277,4Y0FR4Y0GB4Y0NG4Y0TR4Y0UB4Y11G4Y17R4Y35B4Y3CG
687524,4Y0FR4Y0GB4Y0NG4Y0TR4Y0UB4Y11G4Y17R4Y35B4Y3CG
687521,4Y0FR4Y0GB4Y0NG4Y0TR4Y0UB4Y11G4Y17R4Y35B4Y3CG
687547,4Y0FR4Y0GB4Y0NG4Y0TR4Y0UB4Y11G4Y17R4Y35B4Y3CG
687898,4Y0FR4Y0GB4Y0NG4Y0TR4Y0UB4Y11G4Y17R4Y35B4Y3CG
646204,4Y0FR4Y0GB4Y0NG4Y0TR4Y0UB4Y11G4Y17R4Y35B4Y3CG
687896,4Y0FR4Y0GB4Y0NG4Y0TR4Y0UB4Y11G4Y17R4Y35B4Y3CG
687550,4Y0FR4Y0GB4Y0NG4Y0TR4Y0UB4Y11G4Y17R4Y35B4Y3CG
646195,4Y0FR4Y0GB4Y0NG4Y0TR4Y0UB4Y11G4Y17R4Y35B4Y3CG
687545,4Y0FR4Y0GB4Y0NG4Y0TR4Y0UB4Y11G4Y17R4Y35B4Y3CG
1008199,4Y0FR4Y0GB4Y0NG4Y0TR4Y0UB4Y11G4Y17R4Y35B4Y3CG
905687,4Y0FR4Y0GB4Y0NG4Y0TR4Y0UB4Y11G4Y17R4Y35B4Y3CG
646200,4Y0FR4Y0GB4Y0NG4Y0TR4Y0UB4Y11G4Y17R4Y35B4Y3CG
687540,4Y0FR4Y0GB4Y0NG4Y0TR4Y0UB4Y11G4Y17R4Y35B4Y3CG
743048,4Y0FR4Y0GB4Y0NG4Y0TR4Y0UB4Y11G4Y17R4Y35B4Y3CG
642532,4Y0JG4Y0KR4Y0QB4Y0XG4Y0YR4Y14B4Y38G4Y39R4Y3FB
642555,4Y0JG4Y0KR4Y0QB4Y0XG4Y0YR4Y14B4Y38G4Y39R4Y3FB
642561,4Y0JG4Y0KR4Y0QB4Y0XG4Y0YR4Y14B4Y38G4Y39R4Y3FB
642560,4Y0JG4Y0KR4Y0QB4Y0XG4Y0YR4Y14B4Y38G4Y39R4Y3FB
819180,4Y0JG4Y0KR4Y0QB4Y0XG4Y0YR4Y14B4Y38G4Y39R4Y3FB
642556,4Y0JG4Y0KR4Y0QB4Y0XG4Y0YR4Y14B4Y38G4Y39R4Y3FB
642546,4Y0JG4Y0KR4Y0QB4Y0XG4Y0YR4Y14B4Y38G4Y39R4Y3FB
642553,4Y0JG4Y0KR4Y0QB4Y0XG4Y0YR4Y14B4Y38G4Y39R4Y3FB
642551,4Y0JG4Y0KR4Y0QB4Y0XG4Y0YR4Y14B4Y38G4Y39R4Y3FB
642537,4Y0JG4Y0KR4Y0QB4Y0XG4Y0YR4Y14B4Y38G4Y39R4Y3FB
642550,4Y0JG4Y0KR4Y0QB4Y0XG4Y0YR4Y14B4Y38G4Y39R4Y3FB
642548,4Y0JG4Y0KR4Y0QB4Y0XG4Y0YR4Y14B4Y38G4Y39R4Y3FB
642547,4Y0JG4Y0KR4Y0QB4Y0XG4Y0YR4Y14B4Y38G4Y39R4Y3FB
862512,4Y0JG4Y0KR4Y0QB4Y0XG4Y0YR4Y14B4Y38G4Y39R4Y3FB
642457,4Y0JG4Y0KR4Y0QB4Y0XG4Y0YR4Y14B4Y38G4Y39R4Y3FB
642455,4Y0JG4Y0KR4Y0QB4Y0XG4Y0YR4Y14B4Y38G4Y39R4Y3FB
819168,4Y0JG4Y0KR4Y0QB4Y0XG4Y0YR4Y14B4Y38G4Y39R4Y3FB
907134,4Y0JG4Y0KR4Y0QB4Y0XG4Y0YR4Y14B4Y38G4Y39R4Y3FB
819167,4Y0JG4Y0KR4Y0QB4Y0XG4Y0YR4Y14B4Y38G4Y39R4Y3FB
642449,4Y0JG4Y0KR4Y0QB4Y0XG4Y0YR4Y14B4Y38G4Y39R4Y3FB
642544,4Y0JG4Y0KR4Y0QB4Y0XG4Y0YR4Y14B4Y38G4Y39R4Y3FB
819166,4Y0JG4Y0KR4Y0QB4Y0XG4Y0YR4Y14B4Y38G4Y39R4Y3FB
1015816,4Y0JG4Y0KR4Y0QB4Y0XG4Y0YR4Y14B4Y38G4Y39R4Y3FB
685664,4Y0JG4Y0KR4Y0QB4Y0XG4Y0YR4Y14B4Y38G4Y39R4Y3FB
642468,4Y0JG4Y0KR4Y0QB4Y0XG4Y0YR4Y14B4Y38G4Y39R4Y3FB
643760,4Y0JG4Y0KR4Y0QB4Y0XG4Y0YR4Y14B4Y38G4Y39R4Y3FB
643758,4Y0JG4Y0KR4Y0QB4Y0XG4Y0YR4Y14B4Y38G4Y39R4Y3FB
704863,4Y0JG4Y0KR4Y0QB4Y0XG4Y0YR4Y14B4Y38G4Y39R4Y3FB
819173,4Y0JG4Y0KR4Y0QB4Y0XG4Y0YR4Y14B4Y38G4Y39R4Y3FB
642469,4Y0JG4Y0KR4Y0QB4Y0XG4Y0YR4Y14B4Y38G4Y39R4Y3FB
704864,4Y0JG4Y0KR4Y0QB4Y0XG4Y0YR4Y14B4Y38G4Y39R4Y3FB
643762,4Y0JG4Y0KR4Y0QB4Y0XG4Y0YR4Y14B4Y38G4Y39R4Y3FB
907135,4Y0JG4Y0KR4Y0QB4Y0XG4Y0YR4Y14B4Y38G4Y39R4Y3FB
642464,4Y0JG4Y0KR4Y0QB4Y0XG4Y0YR4Y14B4Y38G4Y39R4Y3FB
642462,4Y0JG4Y0KR4Y0QB4Y0XG4Y0YR4Y14B4Y38G4Y39R4Y3FB
642460,4Y0JG4Y0KR4Y0QB4Y0XG4Y0YR4Y14B4Y38G4Y39R4Y3FB
819175,4Y0JG4Y0KR4Y0QB4Y0XG4Y0YR4Y14B4Y38G4Y39R4Y3FB
685662,4Y0JG4Y0KR4Y0QB4Y0XG4Y0YR4Y14B4Y38G4Y39R4Y3FB
642539,4Y0JG4Y0KR4Y0XG4Y0YR4Y38G4Y39R4Y3MG4Y3NR4Y5XG
819174,4Y0JG4Y0KR4Y0QB4Y0XG4Y0YR4Y14B4Y38G4Y39R4Y3FB
907140,4Y0JG4Y0KR4Y0QB4Y0XG4Y0YR4Y14B4Y38G4Y39R4Y3FB
642535,4Y0JG4Y0KR4Y0QB4Y0XG4Y0YR4Y14B4Y38G4Y39R4Y3FB
642534,4Y0JG4Y0KR4Y0QB4Y0XG4Y0YR4Y14B4Y38G4Y39R4Y3FB
685308,4Y0JG4Y0KR4Y0QB4Y0XG4Y0YR4Y14B4Y38G4Y39R4Y3FB
682951,4Y0JG4Y0KR4Y0QB4Y0XG4Y0YR4Y14B4Y38G4Y39R4Y3FB
684934,4Y0JG4Y0KR4Y0QB4Y0XG4Y0YR4Y14B4Y38G4Y39R4Y3FB
865521,4Y0JG4Y0QB4Y0XG4Y14B4Y38G4Y3FB4Y3MG4Y3TB4Y5XG
684924,4Y0JG4Y0KR4Y0QB4Y0XG4Y0YR4Y14B4Y38G4Y39R4Y3FB
685310,4Y0JG4Y0KR4Y0QB4Y0XG4Y0YR4Y14B4Y38G4Y39R4Y3FB
999122,4Y0JG4Y0KR4Y0QB4Y0XG4Y0YR4Y14B4Y38G4Y39R4Y3FB
685315,4Y0JG4Y0KR4Y0QB4Y0XG4Y0YR4Y14B4Y38G4Y39R4Y3FB
1003424,4Y0JG4Y0KR4Y0QB4Y0XG4Y0YR4Y14B4Y38G4Y39R4Y3FB
685313,4Y0JG4Y0KR4Y0QB4Y0XG4Y0YR4Y14B4Y38G4Y39R4Y3FB
685312,4Y0JG4Y0KR4Y0QB4Y0XG4Y0YR4Y14B4Y38G4Y39R4Y3FB
685309,4Y0JG4Y0KR4Y0QB4Y0XG4Y0YR4Y14B4Y38G4Y39R4Y3FB
907163,4Y0JG4Y0KR4Y0QB4Y0XG4Y0YR4Y14B4Y38G4Y39R4Y3FB
643820,4Y0JG4Y0KR4Y0QB4Y0XG4Y0YR4Y14B4Y38G4Y39R4Y3FB
704866,4Y0JG4Y0KR4Y0QB4Y0XG4Y0YR4Y14B4Y38G4Y39R4Y3FB
643816,4Y0JG4Y0KR4Y0QB4Y0XG4Y0YR4Y14B4Y38G4Y39R4Y3FB
684927,4Y0JG4Y0KR4Y0QB4Y0XG4Y0YR4Y14B4Y38G4Y39R4Y3FB
643804,4Y0JG4Y0KR4Y0QB4Y0XG4Y0YR4Y14B4Y38G4Y39R4Y3FB
643821,4Y0JG4Y0KR4Y0QB4Y0XG4Y0YR4Y14B4Y38G4Y39R4Y3FB
643810,4Y0JG4Y0KR4Y0QB4Y0XG4Y0YR4Y14B4Y38G4Y39R4Y3FB
643808,4Y0JG4Y0KR4Y0QB4Y0XG4Y0YR4Y14B4Y38G4Y39R4Y3FB
643807,4Y0JG4Y0KR4Y0QB4Y0XG4Y0YR4Y14B4Y38G4Y39R4Y3FB
704877,4Y0JG4Y0KR4Y0QB4Y0XG4Y0YR4Y14B4Y38G4Y39R4Y3FB
643830,4Y0JG4Y0KR4Y0QB4Y0XG4Y0YR4Y14B4Y38G4Y39R4Y3FB
643814,4Y0JG4Y0KR4Y0QB4Y0XG4Y0YR4Y14B4Y38G4Y39R4Y3FB
643836,4Y0JG4Y0KR4Y0QB4Y0XG4Y0YR4Y14B4Y38G4Y39R4Y3FB
820139,4Y0JG4Y0KR4Y0QB4Y0XG4Y0YR4Y14B4Y38G4Y39R4Y3FB
643833,4Y0JG4Y0KR4Y0QB4Y0XG4Y0YR4Y14B4Y38G4Y39R4Y3FB
862514,4Y0JG4Y0KR4Y0QB4Y0XG4Y0YR4Y14B4Y38G4Y39R4Y3FB
643831,4Y0JG4Y0KR4Y0QB4Y0XG4Y0YR4Y14B4Y38G4Y39R4Y3FB
704867,4Y0JG4Y0KR4Y0QB4Y0XG4Y0YR4Y14B4Y38G4Y39R4Y3FB
643828,4Y0JG4Y0KR4Y0QB4Y0XG4Y0YR4Y14B4Y38G4Y39R4Y3FB
643827,4Y0JG4Y0KR4Y0QB4Y0XG4Y0YR4Y14B4Y38G4Y39R4Y3FB
1015835,4Y0JG4Y0KR4Y0QB4Y0XG4Y0YR4Y14B4Y38G4Y39R4Y3FB
684930,4Y0JG4Y0KR4Y0QB4Y0XG4Y0YR4Y14B4Y38G4Y39R4Y3FB
862516,4Y0JG4Y0KR4Y0QB4Y0XG4Y0YR4Y14B4Y38G4Y39R4Y3FB
685321,4Y0JG4Y0KR4Y0QB4Y0XG4Y0YR4Y14B4Y38G4Y39R4Y3FB
862515,4Y0JG4Y0KR4Y0QB4Y0XG4Y0YR4Y14B4Y38G4Y39R4Y3FB
704872,4Y0JG4Y0KR4Y0QB4Y0XG4Y0YR4Y14B4Y38G4Y39R4Y3FB
685663,4Y0JG4Y0KR4Y0QB4Y0XG4Y0YR4Y14B4Y38G4Y39R4Y3FB
643769,4Y0JG4Y0KR4Y0QB4Y0XG4Y0YR4Y14B4Y38G4Y39R4Y3FB
829241,4Y0JG4Y0QB4Y0XG4Y14B4Y38G4Y3FB4Y3MG4Y3TB4Y5XG
643824,4Y0JG4Y0KR4Y0QB4Y0XG4Y0YR4Y14B4Y38G4Y39R4Y3FB
643802,4Y0JG4Y0KR4Y0QB4Y0XG4Y0YR4Y14B4Y38G4Y39R4Y3FB
643781,4Y0JG4Y0KR4Y0QB4Y0XG4Y0YR4Y14B4Y38G4Y39R4Y3FB
643779,4Y0JG4Y0QB4Y0XG4Y14B4Y38G4Y3FB4Y3MG4Y3TB4Y5XG
643778,4Y0JG4Y0KR4Y0QB4Y0XG4Y0YR4Y14B4Y38G4Y39R4Y3FB
643776,4Y0JG4Y0KR4Y0QB4Y0XG4Y0YR4Y14B4Y38G4Y39R4Y3FB
643763,4Y0JG4Y0KR4Y0QB4Y0XG4Y0YR4Y14B4Y38G4Y39R4Y3FB
643782,4Y0JG4Y0KR4Y0QB4Y0XG4Y0YR4Y14B4Y38G4Y39R4Y3FB
843034,4Y0JB4Y0JR4Y0QG4Y0XB4Y0XR4Y14G4Y38B4Y38R4Y3FG
843036,4Y0JB4Y0JR4Y0QG4Y0XB4Y0XR4Y14G4Y38B4Y38R4Y3FG
843037,4Y0JB4Y0JR4Y0QG4Y0XB4Y0XR4Y14G4Y38B4Y38R4Y3FG
843040,4Y0JB4Y0JR4Y0QG4Y0XB4Y0XR4Y14G4Y38B4Y38R4Y3FG
843032,4Y0JB4Y0JR4Y0QG4Y0XB4Y0XR4Y14G4Y38B4Y38R4Y3FG
843043,4Y0JB4Y0JR4Y0QG4Y0XB4Y0XR4Y14G4Y38B4Y38R4Y3FG
843044,4Y0JB4Y0JR4Y0QG4Y0XB4Y0XR4Y14G4Y38B4Y38R4Y3FG
843045,4Y0JB4Y0JR4Y0QG4Y0XB4Y0XR4Y14G4Y38B4Y38R4Y3FG
843047,4Y0JB4Y0JR4Y0QG4Y0XB4Y0XR4Y14G4Y38B4Y38R4Y3FG
843024,4Y0JB4Y0JR4Y0QG4Y0XB4Y0XR4Y14G4Y38B4Y38R4Y3FG
820763,4Y0JB4Y0JR4Y0QG4Y0XB4Y0XR4Y14G4Y38B4Y38R4Y3FG
839229,4Y0JB4Y0JR4Y0QG4Y0XB4Y0XR4Y14G4Y38B4Y38R4Y3FG
1011894,4Y0JB4Y0JR4Y0QG4Y0XB4Y0XR4Y14G4Y38B4Y38R4Y3FG
839232,4Y0JB4Y0JR4Y0QG4Y0XB4Y0XR4Y14G4Y38B4Y38R4Y3FG
843023,4Y0JB4Y0JR4Y0QG4Y0XB4Y0XR4Y14G4Y38B4Y38R4Y3FG
843025,4Y0JB4Y0JR4Y0QG4Y0XB4Y0XR4Y14G4Y38B4Y38R4Y3FG
843026,4Y0JB4Y0JR4Y0QG4Y0XB4Y0XR4Y14G4Y38B4Y38R4Y3FG
843028,4Y0JB4Y0JR4Y0QG4Y0XB4Y0XR4Y14G4Y38B4Y38R4Y3FG
998655,4Y0JB4Y0JR4Y0QG4Y0XB4Y0XR4Y14G4Y38B4Y38R4Y3FG
843031,4Y0JB4Y0JR4Y0QG4Y0XB4Y0XR4Y14G4Y38B4Y38R4Y3FG
839669,4Y0JB4Y0JR4Y0QG4Y0XB4Y0XR4Y14G4Y38B4Y38R4Y3FG
820739,4Y0JB4Y0JR4Y0QG4Y0XB4Y0XR4Y14G4Y38B4Y38R4Y3FG
820751,4Y0JB4Y0JR4Y0QG4Y0XB4Y0XR4Y14G4Y38B4Y38R4Y3FG
998705,4Y0JB4Y0JR4Y0QG4Y0XB4Y0XR4Y14G4Y38B4Y38R4Y3FG
839639,4Y0JB4Y0QG4Y0XB4Y14G4Y38B4Y3FG4Y3MB4Y3TG4Y5XB
820752,4Y0JB4Y0JR4Y0QG4Y0XB4Y0XR4Y14G4Y38B4Y38R4Y3FG
839642,4Y0JB4Y0JR4Y0QG4Y0XB4Y0XR4Y14G4Y38B4Y38R4Y3FG
839643,4Y0JB4Y0JR4Y0QG4Y0XB4Y0XR4Y14G4Y38B4Y38R4Y3FG
839680,4Y0JB4Y0JR4Y0QG4Y0XB4Y0XR4Y14G4Y38B4Y38R4Y3FG
820753,4Y0JB4Y0JR4Y0QG4Y0XB4Y0XR4Y14G4Y38B4Y38R4Y3FG
998652,4Y0JB4Y0JR4Y0QG4Y0XB4Y0XR4Y14G4Y38B4Y38R4Y3FG
842992,4Y0JB4Y0JR4Y0QG4Y0XB4Y0XR4Y14G4Y38B4Y38R4Y3FG
842994,4Y0JB4Y0JR4Y0QG4Y0XB4Y0XR4Y14G4Y38B4Y38R4Y3FG
842996,4Y0JB4Y0JR4Y0QG4Y0XB4Y0XR4Y14G4Y38B4Y38R4Y3FG
839212,4Y0JB4Y0JR4Y0QG4Y0XB4Y0XR4Y14G4Y38B4Y38R4Y3FG
839221,4Y0JB4Y0JR4Y0QG4Y0XB4Y0XR4Y14G4Y38B4Y38R4Y3FG
643768,4Y0JG4Y0KR4Y0QB4Y0XG4Y0YR4Y14B4Y38G4Y39R4Y3FB
643766,4Y0JG4Y0KR4Y0QB4Y0XG4Y0YR4Y14B4Y38G4Y39R4Y3FB
643794,4Y0JG4Y0KR4Y0QB4Y0XG4Y0YR4Y14B4Y38G4Y39R4Y3FB
643774,4Y0JG4Y0KR4Y0QB4Y0XG4Y0YR4Y14B4Y38G4Y39R4Y3FB
643801,4Y0JG4Y0KR4Y0QB4Y0XG4Y0YR4Y14B4Y38G4Y39R4Y3FB
643798,4Y0JG4Y0KR4Y0QB4Y0XG4Y0YR4Y14B4Y38G4Y39R4Y3FB
643796,4Y0JG4Y0KR4Y0QB4Y0XG4Y0YR4Y14B4Y38G4Y39R4Y3FB
704865,4Y0JG4Y0KR4Y0QB4Y0XG4Y0YR4Y14B4Y38G4Y39R4Y3FB
643803,4Y0JG4Y0KR4Y0QB4Y0XG4Y0YR4Y14B4Y38G4Y39R4Y3FB
824293,4Y0JG4Y0KR4Y0QB4Y0XG4Y0YR4Y14B4Y38G4Y39R4Y3FB
643792,4Y0JG4Y0KR4Y0QB4Y0XG4Y0YR4Y14B4Y38G4Y39R4Y3FB
643790,4Y0JG4Y0KR4Y0QB4Y0XG4Y0YR4Y14B4Y38G4Y39R4Y3FB
643787,4Y0JG4Y0KR4Y0QB4Y0XG4Y0YR4Y14B4Y38G4Y39R4Y3FB
643785,4Y0JG4Y0KR4Y0QB4Y0XG4Y0YR4Y14B4Y38G4Y39R4Y3FB
642458,4Y0JG4Y0KR4Y0QB4Y0XG4Y0YR4Y14B4Y38G4Y39R4Y3FB
640324,4Y0JG4Y0KR4Y0QB4Y0XG4Y0YR4Y14B4Y38G4Y39R4Y3FB
640322,4Y0JG4Y0KR4Y0QB4Y0XG4Y0YR4Y14B4Y38G4Y39R4Y3FB
1008273,4Y0JG4Y0MR4Y0QB4Y0XG4Y10R4Y14B4Y38G4Y3BR4Y3FB
880753,4Y0JG4Y0MR4Y0QB4Y0XG4Y10R4Y14B4Y38G4Y3BR4Y3FB
881613,4Y0JG4Y0MR4Y0QB4Y0XG4Y10R4Y14B4Y38G4Y3BR4Y3FB
881608,4Y0JG4Y0MR4Y0QB4Y0XG4Y10R4Y14B4Y38G4Y3BR4Y3FB
881612,4Y0JG4Y0MR4Y0QB4Y0XG4Y10R4Y14B4Y38G4Y3BR4Y3FB
880402,4Y0JG4Y0MR4Y0QB4Y0XG4Y10R4Y14B4Y38G4Y3BR4Y3FB
880405,4Y0JG4Y0MR4Y0QB4Y0XG4Y10R4Y14B4Y38G4Y3BR4Y3FB
880746,4Y0JG4Y0MR4Y0QB4Y0XG4Y10R4Y14B4Y38G4Y3BR4Y3FB
880749,4Y0JG4Y0QB4Y0XG4Y14B4Y38G4Y3FB4Y3MG4Y3TB4Y5XG
880389,4Y0JG4Y0MR4Y0QB4Y0XG4Y10R4Y14B4Y38G4Y3BR4Y3FB
928829,4Y0JG4Y0MR4Y0QB4Y0XG4Y10R4Y14B4Y38G4Y3BR4Y3FB
880343,4Y0JG4Y0MR4Y0QB4Y0XG4Y10R4Y14B4Y38G4Y3BR4Y3FB
1008271,4Y0JG4Y0MR4Y0QB4Y0XG4Y10R4Y14B4Y38G4Y3BR4Y3FB
880349,4Y0JG4Y0MR4Y0QB4Y0XG4Y10R4Y14B4Y38G4Y3BR4Y3FB
880331,4Y0JG4Y0MR4Y0QB4Y0XG4Y10R4Y14B4Y38G4Y3BR4Y3FB
880333,4Y0JG4Y0MR4Y0QB4Y0XG4Y10R4Y14B4Y38G4Y3BR4Y3FB
880329,4Y0JG4Y0MR4Y0QB4Y0XG4Y10R4Y14B4Y38G4Y3BR4Y3FB
880337,4Y0JG4Y0MR4Y0QB4Y0XG4Y10R4Y14B4Y38G4Y3BR4Y3FB
880352,4Y0JG4Y0MR4Y0QB4Y0XG4Y10R4Y14B4Y38G4Y3BR4Y3FB
820677,4Y0JG4Y0MR4Y0QB4Y0XG4Y10R4Y14B4Y38G4Y3BR4Y3FB
663391,4Y0JG4Y0MR4Y0QB4Y0XG4Y10R4Y14B4Y38G4Y3BR4Y3FB
885046,4Y0JG4Y0MR4Y0QB4Y0XG4Y10R4Y14B4Y38G4Y3BR4Y3FB
820679,4Y0JG4Y0MR4Y0QB4Y0XG4Y10R4Y14B4Y38G4Y3BR4Y3FB
880355,4Y0JG4Y0QB4Y0XG4Y14B4Y38G4Y3FB4Y3MG4Y3TB4Y5XG
703595,4Y0JG4Y0QB4Y0XG4Y14B4Y38G4Y3FB4Y3MG4Y3TB4Y5XG
883317,4Y0JG4Y0MR4Y0QB4Y0XG4Y10R4Y14B4Y38G4Y3BR4Y3FB
880361,4Y0JG4Y0MR4Y0QB4Y0XG4Y10R4Y14B4Y38G4Y3BR4Y3FB
881621,4Y0JG4Y0MR4Y0QB4Y0XG4Y10R4Y14B4Y38G4Y3BR4Y3FB
881683,4Y0JG4Y0MR4Y0QB4Y0XG4Y10R4Y14B4Y38G4Y3BR4Y3FB
881687,4Y0JG4Y0MR4Y0QB4Y0XG4Y10R4Y14B4Y38G4Y3BR4Y3FB
881689,4Y0JG4Y0MR4Y0QB4Y0XG4Y10R4Y14B4Y38G4Y3BR4Y3FB
896559,4Y0JG4Y0MR4Y0QB4Y0XG4Y10R4Y14B4Y38G4Y3BR4Y3FB
820685,4Y0JG4Y0MR4Y0QB4Y0XG4Y10R4Y14B4Y38G4Y3BR4Y3FB
881692,4Y0JG4Y0MR4Y0QB4Y0XG4Y10R4Y14B4Y38G4Y3BR4Y3FB
663397,4Y0JG4Y0MR4Y0QB4Y0XG4Y10R4Y14B4Y38G4Y3BR4Y3FB
881679,4Y0JG4Y0MR4Y0QB4Y0XG4Y10R4Y14B4Y38G4Y3BR4Y3FB
1008291,4Y0JG4Y0MR4Y0QB4Y0XG4Y10R4Y14B4Y38G4Y3BR4Y3FB
881672,4Y0JG4Y0MR4Y0QB4Y0XG4Y10R4Y14B4Y38G4Y3BR4Y3FB
881704,4Y0JG4Y0MR4Y0QB4Y0XG4Y10R4Y14B4Y38G4Y3BR4Y3FB
882031,4Y0JG4Y0MR4Y0QB4Y0XG4Y10R4Y14B4Y38G4Y3BR4Y3FB
663399,4Y0JG4Y0MR4Y0QB4Y0XG4Y10R4Y14B4Y38G4Y3BR4Y3FB
882029,4Y0JG4Y0MR4Y0QB4Y0XG4Y10R4Y14B4Y38G4Y3BR4Y3FB
663392,4Y0JG4Y0MR4Y0QB4Y0XG4Y10R4Y14B4Y38G4Y3BR4Y3FB
881693,4Y0JG4Y0MR4Y0QB4Y0XG4Y10R4Y14B4Y38G4Y3BR4Y3FB
821981,4Y0JG4Y0MR4Y0QB4Y0XG4Y10R4Y14B4Y38G4Y3BR4Y3FB
821982,4Y0JG4Y0MR4Y0QB4Y0XG4Y10R4Y14B4Y38G4Y3BR4Y3FB
882030,4Y0JG4Y0MR4Y0QB4Y0XG4Y10R4Y14B4Y38G4Y3BR4Y3FB
881629,4Y0JG4Y0MR4Y0QB4Y0XG4Y10R4Y14B4Y38G4Y3BR4Y3FB
881626,4Y0JG4Y0MR4Y0QB4Y0XG4Y10R4Y14B4Y38G4Y3BR4Y3FB
881638,4Y0JG4Y0MR4Y0QB4Y0XG4Y10R4Y14B4Y38G4Y3BR4Y3FB
663394,4Y0JG4Y0QB4Y0XG4Y14B4Y38G4Y3FB4Y3MG4Y3TB4Y5XG
880397,4Y0JG4Y0MR4Y0QB4Y0XG4Y10R4Y14B4Y38G4Y3BR4Y3FB
820682,4Y0JG4Y0MR4Y0QB4Y0XG4Y10R4Y14B4Y38G4Y3BR4Y3FB
880379,4Y0JG4Y0MR4Y0QB4Y0XG4Y10R4Y14B4Y38G4Y3BR4Y3FB
880383,4Y0JG4Y0MR4Y0QB4Y0XG4Y10R4Y14B4Y38G4Y3BR4Y3FB
880386,4Y0JG4Y0MR4Y0QB4Y0XG4Y10R4Y14B4Y38G4Y3BR4Y3FB
836898,4Y0IB4Y0PG4Y0PR4Y0WB4Y13G4Y13R4Y37B4Y3EG4Y3ER
836886,4Y0IB4Y0PG4Y0PR4Y0WB4Y13G4Y13R4Y37B4Y3EG4Y3ER
836883,4Y0IB4Y0PG4Y0PR4Y0WB4Y13G4Y13R4Y37B4Y3EG4Y3ER
833908,4Y0IB4Y0PG4Y0PR4Y0WB4Y13G4Y13R4Y37B4Y3EG4Y3ER
1042590,4Y0IB4Y0PG4Y0PR4Y0WB4Y13G4Y13R4Y37B4Y3EG4Y3ER
833899,4Y0IB4Y0PG4Y0PR4Y0WB4Y13G4Y13R4Y37B4Y3EG4Y3ER
833922,4Y0IB4Y0PG4Y0PR4Y0WB4Y13G4Y13R4Y37B4Y3EG4Y3ER
833926,4Y0IB4Y0PG4Y0PR4Y0WB4Y13G4Y13R4Y37B4Y3EG4Y3ER
1011170,4Y0IB4Y0PG4Y0PR4Y0WB4Y13G4Y13R4Y37B4Y3EG4Y3ER
833920,4Y0IB4Y0PG4Y0PR4Y0WB4Y13G4Y13R4Y37B4Y3EG4Y3ER
838260,4Y0IB4Y0PG4Y0PR4Y0WB4Y13G4Y13R4Y37B4Y3EG4Y3ER
833916,4Y0IB4Y0PG4Y0WB4Y13G4Y37B4Y3EG4Y3LB4Y3SG4Y3ZB
838179,4Y0IB4Y0PG4Y0PR4Y0WB4Y13G4Y13R4Y37B4Y3EG4Y3ER
835573,4Y0IB4Y0PG4Y0PR4Y0WB4Y13G4Y13R4Y37B4Y3EG4Y3ER
835571,4Y0IB4Y0PG4Y0PR4Y0WB4Y13G4Y13R4Y37B4Y3EG4Y3ER
1042591,4Y0IB4Y0PG4Y0PR4Y0WB4Y13G4Y13R4Y37B4Y3EG4Y3ER
834308,4Y0IB4Y0PG4Y0PR4Y0WB4Y13G4Y13R4Y37B4Y3EG4Y3ER
828156,4Y0IB4Y0PG4Y0PR4Y0WB4Y13G4Y13R4Y37B4Y3EG4Y3ER
833946,4Y0IB4Y0PG4Y0PR4Y0WB4Y13G4Y13R4Y37B4Y3EG4Y3ER
833932,4Y0IB4Y0PG4Y0PR4Y0WB4Y13G4Y13R4Y37B4Y3EG4Y3ER
833939,4Y0IB4Y0PG4Y0PR4Y0WB4Y13G4Y13R4Y37B4Y3EG4Y3ER
833935,4Y0IB4Y0PG4Y0PR4Y0WB4Y13G4Y13R4Y37B4Y3EG4Y3ER
827275,4Y0IB4Y0PG4Y0PR4Y0WB4Y13G4Y13R4Y37B4Y3EG4Y3ER
836896,4Y0IB4Y0PG4Y0PR4Y0WB4Y13G4Y13R4Y37B4Y3EG4Y3ER
836891,4Y0IB4Y0PG4Y0PR4Y0WB4Y13G4Y13R4Y37B4Y3EG4Y3ER
782577,4Y0JG4Y0MR4Y0QB4Y0XG4Y10R4Y14B4Y38G4Y3BR4Y3FB
932349,4Y0JG4Y0MR4Y0QB4Y0XG4Y10R4Y14B4Y38G4Y3BR4Y3FB
932345,4Y0JG4Y0MR4Y0QB4Y0XG4Y10R4Y14B4Y38G4Y3BR4Y3FB
663412,4Y0JG4Y0MR4Y0QB4Y0XG4Y10R4Y14B4Y38G4Y3BR4Y3FB
703607,4Y0JG4Y0MR4Y0QB4Y0XG4Y10R4Y14B4Y38G4Y3BR4Y3FB
881659,4Y0JG4Y0MR4Y0QB4Y0XG4Y10R4Y14B4Y38G4Y3BR4Y3FB
974968,4Y0JG4Y0MR4Y0QB4Y0XG4Y10R4Y14B4Y38G4Y3BR4Y3FB
1008593,4Y0JG4Y0MR4Y0QB4Y0XG4Y10R4Y14B4Y38G4Y3BR4Y3FB
927200,4Y0JG4Y0MR4Y0QB4Y0XG4Y10R4Y14B4Y38G4Y3BR4Y3FB
927195,4Y0JG4Y0MR4Y0QB4Y0XG4Y10R4Y14B4Y38G4Y3BR4Y3FB
927199,4Y0JG4Y0MR4Y0QB4Y0XG4Y10R4Y14B4Y38G4Y3BR4Y3FB
881655,4Y0JG4Y0QB4Y0XG4Y14B4Y38G4Y3FB4Y3MG4Y3TB4Y5XG
973698,4Y0JG4Y0MR4Y0QB4Y0XG4Y10R4Y14B4Y38G4Y3BR4Y3FB
974961,4Y0JG4Y0MR4Y0QB4Y0XG4Y10R4Y14B4Y38G4Y3BR4Y3FB
973704,4Y0JG4Y0MR4Y0QB4Y0XG4Y10R4Y14B4Y38G4Y3BR4Y3FB
974959,4Y0JG4Y0MR4Y0QB4Y0XG4Y10R4Y14B4Y38G4Y3BR4Y3FB
1002063,4Y0JG4Y0MR4Y0QB4Y0XG4Y10R4Y14B4Y38G4Y3BR4Y3FB
881658,4Y0JG4Y0MR4Y0QB4Y0XG4Y10R4Y14B4Y38G4Y3BR4Y3FB
928895,4Y0JG4Y0MR4Y0QB4Y0XG4Y10R4Y14B4Y38G4Y3BR4Y3FB
928897,4Y0JG4Y0MR4Y0QB4Y0XG4Y10R4Y14B4Y38G4Y3BR4Y3FB
928902,4Y0JG4Y0MR4Y0QB4Y0XG4Y10R4Y14B4Y38G4Y3BR4Y3FB
928896,4Y0JG4Y0MR4Y0QB4Y0XG4Y10R4Y14B4Y38G4Y3BR4Y3FB
928548,4Y0JG4Y0MR4Y0QB4Y0XG4Y10R4Y14B4Y38G4Y3BR4Y3FB
821906,4Y0JG4Y0MR4Y0QB4Y0XG4Y10R4Y14B4Y38G4Y3BR4Y3FB
976675,4Y0JG4Y0MR4Y0QB4Y0XG4Y10R4Y14B4Y38G4Y3BR4Y3FB
928887,4Y0JG4Y0MR4Y0QB4Y0XG4Y10R4Y14B4Y38G4Y3BR4Y3FB
1008611,4Y0JG4Y0MR4Y0QB4Y0XG4Y10R4Y14B4Y38G4Y3BR4Y3FB
928915,4Y0JG4Y0MR4Y0QB4Y0XG4Y10R4Y14B4Y38G4Y3BR4Y3FB
819441,4Y0JG4Y0MR4Y0QB4Y0XG4Y10R4Y14B4Y38G4Y3BR4Y3FB
821909,4Y0JG4Y0MR4Y0QB4Y0XG4Y10R4Y14B4Y38G4Y3BR4Y3FB
928919,4Y0JG4Y0MR4Y0QB4Y0XG4Y10R4Y14B4Y38G4Y3BR4Y3FB
842477,4Y0JG4Y0MR4Y0QB4Y0XG4Y10R4Y14B4Y38G4Y3BR4Y3FB
703269,4Y0JG4Y0MR4Y0QB4Y0XG4Y10R4Y14B4Y38G4Y3BR4Y3FB
842459,4Y0JG4Y0MR4Y0QB4Y0XG4Y10R4Y14B4Y38G4Y3BR4Y3FB
842463,4Y0JG4Y0MR4Y0QB4Y0XG4Y10R4Y14B4Y38G4Y3BR4Y3FB
842467,4Y0JG4Y0MR4Y0QB4Y0XG4Y10R4Y14B4Y38G4Y3BR4Y3FB
881619,4Y0JG4Y0MR4Y0QB4Y0XG4Y10R4Y14B4Y38G4Y3BR4Y3FB
842470,4Y0JG4Y0MR4Y0QB4Y0XG4Y10R4Y14B4Y38G4Y3BR4Y3FB
824500,4Y0JG4Y0MR4Y0QB4Y0XG4Y10R4Y14B4Y38G4Y3BR4Y3FB
840456,4Y0JG4Y0MR4Y0QB4Y0XG4Y10R4Y14B4Y38G4Y3BR4Y3FB
824502,4Y0JG4Y0MR4Y0QB4Y0XG4Y10R4Y14B4Y38G4Y3BR4Y3FB
840462,4Y0JG4Y0MR4Y0QB4Y0XG4Y10R4Y14B4Y38G4Y3BR4Y3FB
842484,4Y0JG4Y0MR4Y0QB4Y0XG4Y10R4Y14B4Y38G4Y3BR4Y3FB
842486,4Y0JG4Y0MR4Y0QB4Y0XG4Y10R4Y14B4Y38G4Y3BR4Y3FB
884706,4Y0JG4Y0QB4Y0XG4Y14B4Y38G4Y3FB4Y3MG4Y3TB4Y5XG
703569,4Y0JG4Y0MR4Y0QB4Y0XG4Y10R4Y14B4Y38G4Y3BR4Y3FB
928928,4Y0JG4Y0MR4Y0QB4Y0XG4Y10R4Y14B4Y38G4Y3BR4Y3FB
928930,4Y0JG4Y0MR4Y0QB4Y0XG4Y10R4Y14B4Y38G4Y3BR4Y3FB
928933,4Y0JG4Y0MR4Y0QB4Y0XG4Y10R4Y14B4Y38G4Y3BR4Y3FB
928934,4Y0JG4Y0MR4Y0QB4Y0XG4Y10R4Y14B4Y38G4Y3BR4Y3FB
1002065,4Y0JG4Y0MR4Y0QB4Y0XG4Y10R4Y14B4Y38G4Y3BR4Y3FB
928921,4Y0JG4Y0MR4Y0QB4Y0XG4Y10R4Y14B4Y38G4Y3BR4Y3FB
928923,4Y0JG4Y0MR4Y0QB4Y0XG4Y10R4Y14B4Y38G4Y3BR4Y3FB
819445,4Y0JG4Y0MR4Y0QB4Y0XG4Y10R4Y14B4Y38G4Y3BR4Y3FB
819449,4Y0JG4Y0MR4Y0QB4Y0XG4Y10R4Y14B4Y38G4Y3BR4Y3FB
842451,4Y0JG4Y0MR4Y0QB4Y0XG4Y10R4Y14B4Y38G4Y3BR4Y3FB
830100,4Y0JG4Y0MR4Y0QB4Y0XG4Y10R4Y14B4Y38G4Y3BR4Y3FB
881623,4Y0JG4Y0MR4Y0QB4Y0XG4Y10R4Y14B4Y38G4Y3BR4Y3FB
842455,4Y0JG4Y0MR4Y0QB4Y0XG4Y10R4Y14B4Y38G4Y3BR4Y3FB
662165,4Y0JG4Y0MR4Y0QB4Y0XG4Y10R4Y14B4Y38G4Y3BR4Y3FB
842443,4Y0QB4Y14B4Y3FB4Y3TB4Y64B4Y6IB
842106,4Y0JG4Y0MR4Y0QB4Y0XG4Y10R4Y14B4Y38G4Y3BR4Y3FB
842446,4Y0JG4Y0MR4Y0QB4Y0XG4Y10R4Y14B4Y38G4Y3BR4Y3FB
821899,4Y0JG4Y0MR4Y0QB4Y0XG4Y10R4Y14B4Y38G4Y3BR4Y3FB
927624,4Y0JG4Y0MR4Y0QB4Y0XG4Y10R4Y14B4Y38G4Y3BR4Y3FB
927633,4Y0JG4Y0MR4Y0QB4Y0XG4Y10R4Y14B4Y38G4Y3BR4Y3FB
927630,4Y0JG4Y0MR4Y0QB4Y0XG4Y10R4Y14B4Y38G4Y3BR4Y3FB
824907,4Y0JG4Y0MR4Y0QB4Y0XG4Y10R4Y14B4Y38G4Y3BR4Y3FB
881666,4Y0JG4Y0MR4Y0QB4Y0XG4Y10R4Y14B4Y38G4Y3BR4Y3FB
927611,4Y0JG4Y0MR4Y0QB4Y0XG4Y10R4Y14B4Y38G4Y3BR4Y3FB
927614,4Y0JG4Y0MR4Y0QB4Y0XG4Y10R4Y14B4Y38G4Y3BR4Y3FB
663418,4Y0JG4Y0MR4Y0QB4Y0XG4Y10R4Y14B4Y38G4Y3BR4Y3FB
663419,4Y0JG4Y0MR4Y0QB4Y0XG4Y10R4Y14B4Y38G4Y3BR4Y3FB
824911,4Y0JG4Y0MR4Y0QB4Y0XG4Y10R4Y14B4Y38G4Y3BR4Y3FB
927654,4Y0JG4Y0MR4Y0QB4Y0XG4Y10R4Y14B4Y38G4Y3BR4Y3FB
927652,4Y0JG4Y0MR4Y0QB4Y0XG4Y10R4Y14B4Y38G4Y3BR4Y3FB
1002051,4Y0JG4Y0MR4Y0QB4Y0XG4Y10R4Y14B4Y38G4Y3BR4Y3FB
927634,4Y0JG4Y0MR4Y0QB4Y0XG4Y10R4Y14B4Y38G4Y3BR4Y3FB
927638,4Y0JG4Y0MR4Y0QB4Y0XG4Y10R4Y14B4Y38G4Y3BR4Y3FB
881662,4Y0JG4Y0MR4Y0QB4Y0XG4Y10R4Y14B4Y38G4Y3BR4Y3FB
927640,4Y0JG4Y0MR4Y0QB4Y0XG4Y10R4Y14B4Y38G4Y3BR4Y3FB
824910,4Y0JG4Y0MR4Y0QB4Y0XG4Y10R4Y14B4Y38G4Y3BR4Y3FB
927621,4Y0JG4Y0MR4Y0QB4Y0XG4Y10R4Y14B4Y38G4Y3BR4Y3FB
840476,4Y0JG4Y0MR4Y0QB4Y0XG4Y10R4Y14B4Y38G4Y3BR4Y3FB
840479,4Y0JG4Y0MR4Y0QB4Y0XG4Y10R4Y14B4Y38G4Y3BR4Y3FB
840481,4Y0JG4Y0MR4Y0QB4Y0XG4Y10R4Y14B4Y38G4Y3BR4Y3FB
662168,4Y0JG4Y0MR4Y0QB4Y0XG4Y10R4Y14B4Y38G4Y3BR4Y3FB
840467,4Y0JG4Y0MR4Y0QB4Y0XG4Y10R4Y14B4Y38G4Y3BR4Y3FB
840468,4Y0JG4Y0MR4Y0QB4Y0XG4Y10R4Y14B4Y38G4Y3BR4Y3FB
824506,4Y0JG4Y0MR4Y0QB4Y0XG4Y10R4Y14B4Y38G4Y3BR4Y3FB
821974,4Y0JG4Y0MR4Y0QB4Y0XG4Y10R4Y14B4Y38G4Y3BR4Y3FB
927284,4Y0JG4Y0MR4Y0QB4Y0XG4Y10R4Y14B4Y38G4Y3BR4Y3FB
927288,4Y0JG4Y0MR4Y0QB4Y0XG4Y10R4Y14B4Y38G4Y3BR4Y3FB
927290,4Y0JG4Y0MR4Y0QB4Y0XG4Y10R4Y14B4Y38G4Y3BR4Y3FB
703610,4Y0JG4Y0MR4Y0QB4Y0XG4Y10R4Y14B4Y38G4Y3BR4Y3FB
927276,4Y0JG4Y0MR4Y0QB4Y0XG4Y10R4Y14B4Y38G4Y3BR4Y3FB
927272,4Y0JG4Y0MR4Y0QB4Y0XG4Y10R4Y14B4Y38G4Y3BR4Y3FB
1002048,4Y0JG4Y0MR4Y0QB4Y0XG4Y10R4Y14B4Y38G4Y3BR4Y3FB
663417,4Y0JG4Y0MR4Y0QB4Y0XG4Y10R4Y14B4Y38G4Y3BR4Y3FB
928912,4Y0JG4Y0MR4Y0QB4Y0XG4Y10R4Y14B4Y38G4Y3BR4Y3FB
663415,4Y0JG4Y0MR4Y0QB4Y0XG4Y10R4Y14B4Y38G4Y3BR4Y3FB
881669,4Y0JG4Y0QB4Y0XG4Y14B4Y38G4Y3FB4Y3MG4Y3TB4Y5XG
824896,4Y0JG4Y0MR4Y0QB4Y0XG4Y10R4Y14B4Y38G4Y3BR4Y3FB
1002046,4Y0JG4Y0MR4Y0QB4Y0XG4Y10R4Y14B4Y38G4Y3BR4Y3FB
927206,4Y0JG4Y0MR4Y0QB4Y0XG4Y10R4Y14B4Y38G4Y3BR4Y3FB
703609,4Y0JG4Y0MR4Y0QB4Y0XG4Y10R4Y14B4Y38G4Y3BR4Y3FB
782579,4Y0JG4Y0MR4Y0QB4Y0XG4Y10R4Y14B4Y38G4Y3BR4Y3FB
927208,4Y0JG4Y0MR4Y0QB4Y0XG4Y10R4Y14B4Y38G4Y3BR4Y3FB
927211,4Y0JG4Y0MR4Y0QB4Y0XG4Y10R4Y14B4Y38G4Y3BR4Y3FB
927232,4Y0JG4Y0MR4Y0QB4Y0XG4Y10R4Y14B4Y38G4Y3BR4Y3FB
782581,4Y0JG4Y0MR4Y0QB4Y0XG4Y10R4Y14B4Y38G4Y3BR4Y3FB
927237,4Y0JG4Y0MR4Y0QB4Y0XG4Y10R4Y14B4Y38G4Y3BR4Y3FB
881670,4Y0JG4Y0MR4Y0QB4Y0XG4Y10R4Y14B4Y38G4Y3BR4Y3FB
824903,4Y0JG4Y0MR4Y0QB4Y0XG4Y10R4Y14B4Y38G4Y3BR4Y3FB
927221,4Y0JG4Y0MR4Y0QB4Y0XG4Y10R4Y14B4Y38G4Y3BR4Y3FB
927223,4Y0JG4Y0MR4Y0QB4Y0XG4Y10R4Y14B4Y38G4Y3BR4Y3FB
824900,4Y0JG4Y0MR4Y0QB4Y0XG4Y10R4Y14B4Y38G4Y3BR4Y3FB
927228,4Y0JG4Y0MR4Y0QB4Y0XG4Y10R4Y14B4Y38G4Y3BR4Y3FB
927212,4Y0JG4Y0MR4Y0QB4Y0XG4Y10R4Y14B4Y38G4Y3BR4Y3FB
926831,4Y0JG4Y0MR4Y0QB4Y0XG4Y10R4Y14B4Y38G4Y3BR4Y3FB
823643,4Y0JG4Y0MR4Y0QB4Y0XG4Y10R4Y14B4Y38G4Y3BR4Y3FB
882516,4Y0JG4Y0QB4Y0XG4Y14B4Y38G4Y3FB4Y3MG4Y3TB4Y5XG
832274,4Y0HB4Y0HR4Y0OG4Y0VB4Y0VR4Y12G4Y36B4Y36R4Y3DG
832272,4Y0HB4Y0HR4Y0OG4Y0VB4Y0VR4Y12G4Y36B4Y36R4Y3DG
832271,4Y0HB4Y0HR4Y0OG4Y0VB4Y0VR4Y12G4Y36B4Y36R4Y3DG
832269,4Y0HB4Y0HR4Y0OG4Y0VB4Y0VR4Y12G4Y36B4Y36R4Y3DG
832227,4Y0HB4Y0HR4Y0OG4Y0VB4Y0VR4Y12G4Y36B4Y36R4Y3DG
832231,4Y0HB4Y0HR4Y0OG4Y0VB4Y0VR4Y12G4Y36B4Y36R4Y3DG
832228,4Y0HB4Y0HR4Y0OG4Y0VB4Y0VR4Y12G4Y36B4Y36R4Y3DG
832225,4Y0HB4Y0HR4Y0OG4Y0VB4Y0VR4Y12G4Y36B4Y36R4Y3DG
1003866,4Y0HB4Y0HR4Y0OG4Y0VB4Y0VR4Y12G4Y36B4Y36R4Y3DG
832241,4Y0HB4Y0HR4Y0OG4Y0VB4Y0VR4Y12G4Y36B4Y36R4Y3DG
740792,4Y0HB4Y0HR4Y0OG4Y0VB4Y0VR4Y12G4Y36B4Y36R4Y3DG
896560,4Y0HB4Y0OG4Y0VB4Y12G4Y36B4Y3DG4Y3KB4Y3RG4Y3YB
832248,4Y0HB4Y0HR4Y0OG4Y0VB4Y0VR4Y12G4Y36B4Y36R4Y3DG
832244,4Y0HB4Y0OG4Y0VB4Y12G4Y36B4Y3DG4Y3KB4Y3RG4Y3YB
832240,4Y0HB4Y0HR4Y0OG4Y0VB4Y0VR4Y12G4Y36B4Y36R4Y3DG
829243,4Y0HB4Y0OG4Y0VB4Y12G4Y36B4Y3DG4Y3KB4Y3RG4Y3YB
1011154,4Y0HB4Y0HR4Y0OG4Y0VB4Y0VR4Y12G4Y36B4Y36R4Y3DG
832642,4Y0HB4Y0HR4Y0OG4Y0VB4Y0VR4Y12G4Y36B4Y36R4Y3DG
794023,4Y0HB4Y0HR4Y0OG4Y0VB4Y0VR4Y12G4Y36B4Y36R4Y3DG
794021,4Y0HB4Y0HR4Y0OG4Y0VB4Y0VR4Y12G4Y36B4Y36R4Y3DG
838185,4Y0HB4Y0HR4Y0OG4Y0VB4Y0VR4Y12G4Y36B4Y36R4Y3DG
838181,4Y0HB4Y0OG4Y0VB4Y12G4Y36B4Y3DG4Y3KB4Y3RG4Y3YB
832236,4Y0HB4Y0OG4Y0OG4Y0VB4Y12G4Y12G4Y36B4Y3DG4Y3DG
832263,4Y0HB4Y0HR4Y0OG4Y0VB4Y0VR4Y12G4Y36B4Y36R4Y3DG
832259,4Y0HB4Y0HR4Y0OG4Y0VB4Y0VR4Y12G4Y36B4Y36R4Y3DG
832256,4Y0HB4Y0HR4Y0OG4Y0VB4Y0VR4Y12G4Y36B4Y36R4Y3DG
832253,4Y0HB4Y0OG4Y0VB4Y12G4Y36B4Y3DG4Y3KB4Y3RG4Y3YB
832260,4Y0HB4Y0HR4Y0OG4Y0VB4Y0VR4Y12G4Y36B4Y36R4Y3DG
1022272,4Y0HB4Y0NG4Y0OB4Y0VB4Y12B4Y36B4Y3CG4Y3DB4Y3KB
704111,4Y0HB4Y0NG4Y0OB4Y0VB4Y12B4Y36B4Y3CG4Y3DB4Y3KB
833886,4Y0HB4Y0NG4Y0OB4Y0VB4Y12B4Y36B4Y3CG4Y3DB4Y3KB
833893,4Y0HB4Y0NG4Y0OB4Y0VB4Y12B4Y36B4Y3CG4Y3DB4Y3KB
832284,4Y0HB4Y0NG4Y0OB4Y0VB4Y12B4Y36B4Y3CG4Y3DB4Y3KB
832281,4Y0HB4Y0NG4Y0OB4Y0VB4Y12B4Y36B4Y3CG4Y3DB4Y3KB
794009,4Y0HB4Y0NG4Y0OB4Y0VB4Y12B4Y36B4Y3CG4Y3DB4Y3KB
794016,4Y0HB4Y0NG4Y0OB4Y0VB4Y12B4Y36B4Y3CG4Y3DB4Y3KB
794011,4Y0HB4Y0NG4Y0OB4Y0VB4Y12B4Y36B4Y3CG4Y3DB4Y3KB
736198,4Y0HB4Y0NG4Y0OB4Y0VB4Y12B4Y36B4Y3CG4Y3DB4Y3KB
833883,4Y0HB4Y0NG4Y0OB4Y0VB4Y12B4Y36B4Y3CG4Y3DB4Y3KB
832646,4Y0HB4Y0NG4Y0OB4Y0VB4Y12B4Y36B4Y3CG4Y3DB4Y3KB
783188,4Y0HB4Y0NG4Y0OB4Y0VB4Y12B4Y36B4Y3CG4Y3DB4Y3KB
896561,4Y0HB4Y0NG4Y0OB4Y0VB4Y12B4Y36B4Y3CG4Y3DB4Y3KB
896562,4Y0HB4Y0NG4Y0OB4Y0VB4Y12B4Y36B4Y3CG4Y3DB4Y3KB
780401,4Y0HB4Y0NG4Y0OB4Y0VB4Y12B4Y36B4Y3CG4Y3DB4Y3KB
837321,4Y0HB4Y0NG4Y0OB4Y0VB4Y12B4Y36B4Y3CG4Y3DB4Y3KB
739385,4Y0HB4Y0NG4Y0OB4Y0VB4Y12B4Y36B4Y3CG4Y3DB4Y3KB
833593,4Y0HB4Y0NG4Y0OB4Y0VB4Y12B4Y36B4Y3CG4Y3DB4Y3KB
1004913,4Y0HB4Y0NG4Y0OB4Y0VB4Y12B4Y36B4Y3CG4Y3DB4Y3KB
794007,4Y0HB4Y0NG4Y0OB4Y0VB4Y12B4Y36B4Y3CG4Y3DB4Y3KB
736196,4Y0HB4Y0NG4Y0OB4Y0VB4Y12B4Y36B4Y3CG4Y3DB4Y3KB
837317,4Y0HB4Y0NG4Y0OB4Y0VB4Y12B4Y36B4Y3CG4Y3DB4Y3KB
833616,4Y0HB4Y0NG4Y0OB4Y0VB4Y12B4Y36B4Y3CG4Y3DB4Y3KB
833613,4Y0HB4Y0NG4Y0OB4Y0VB4Y12B4Y36B4Y3CG4Y3DB4Y3KB
833609,4Y0HB4Y0NG4Y0OB4Y0VB4Y12B4Y36B4Y3CG4Y3DB4Y3KB
1004885,4Y0HB4Y0NG4Y0OB4Y0VB4Y12B4Y36B4Y3CG4Y3DB4Y3KB
853456,4Y0HB4Y0NG4Y0OB4Y0VB4Y12B4Y36B4Y3CG4Y3DB4Y3KB
994274,4Y0HB4Y0NG4Y0OB4Y0VB4Y12B4Y36B4Y3CG4Y3DB4Y3KB
