836791,4Y0DG4Y0FR4Y0KB4Y0RG4Y0TR4Y0YB4Y15G4Y17R4Y39B
834831,4Y0DG4Y0FR4Y0KB4Y0RG4Y0TR4Y0YB4Y15G4Y17R4Y39B
836797,4Y0DG4Y0FR4Y0KB4Y0RG4Y0TR4Y0YB4Y15G4Y17R4Y39B
836800,4Y0DG4Y0FR4Y0KB4Y0RG4Y0TR4Y0YB4Y15G4Y17R4Y39B
836795,4Y0DG4Y0FR4Y0KB4Y0RG4Y0TR4Y0YB4Y15G4Y17R4Y39B
834765,4Y0DG4Y0FR4Y0KB4Y0RG4Y0TR4Y0YB4Y15G4Y17R4Y39B
836788,4Y0DG4Y0FR4Y0KB4Y0RG4Y0TR4Y0YB4Y15G4Y17R4Y39B
834745,4Y0DG4Y0FR4Y0KB4Y0RG4Y0TR4Y0YB4Y15G4Y17R4Y39B
778723,4Y0DG4Y0FR4Y0KB4Y0RG4Y0TR4Y0YB4Y15G4Y17R4Y39B
652072,4XYDG4Y0IB4Y0KR4Y0PG4Y0WB4Y0YR4Y13G4Y37B4Y39R
652051,4XYDG4Y0IB4Y0KR4Y0PG4Y0WB4Y0YR4Y13G4Y37B4Y39R
652038,4XYDG4Y0IB4Y0KR4Y0PG4Y0WB4Y0YR4Y13G4Y37B4Y39R
1018870,4XYDG4Y0IB4Y0KR4Y0PG4Y0WB4Y0YR4Y13G4Y37B4Y39R
652046,4XYDG4Y0IB4Y0KR4Y0PG4Y0WB4Y0YR4Y13G4Y37B4Y39R
652024,4XYDG4Y0IB4Y0KR4Y0PG4Y0WB4Y0YR4Y13G4Y37B4Y39R
652034,4XYDG4Y0IB4Y0KR4Y0PG4Y0WB4Y0YR4Y13G4Y37B4Y39R
652028,4XYDG4Y0IB4Y0KR4Y0PG4Y0WB4Y0YR4Y13G4Y37B4Y39R
744862,4XYDG4Y0IB4Y0KR4Y0PG4Y0WB4Y0YR4Y13G4Y37B4Y39R
652064,4XYDG4Y0IB4Y0KR4Y0PG4Y0WB4Y0YR4Y13G4Y37B4Y39R
652062,4XYDG4Y0IB4Y0KR4Y0PG4Y0WB4Y0YR4Y13G4Y37B4Y39R
883732,4XYCB4Y0FR4Y0HG4Y0OB4Y0TR4Y0VG4Y12B4Y17R4Y36G
1048218,4XYCB4Y0FR4Y0HG4Y0OB4Y0TR4Y0VG4Y12B4Y17R4Y36G
690470,4XYCB4Y0FR4Y0HG4Y0OB4Y0TR4Y0VG4Y12B4Y17R4Y36G
690466,4XYCB4Y0FR4Y0HG4Y0OB4Y0TR4Y0VG4Y12B4Y17R4Y36G
977260,4XYBR4XYEB4Y0JG4Y0NR4Y0QB4Y0XG4Y11R4Y14B4Y38G
649690,4XYBR4XYEB4Y0JG4Y0NR4Y0QB4Y0XG4Y11R4Y14B4Y38G
781118,4XYBR4XYEB4Y0JG4Y0NR4Y0QB4Y0XG4Y11R4Y14B4Y38G
977265,4XYEB4Y0JG4Y0QB4Y0XG4Y14B4Y38G4Y3FB4Y3MG4Y3TB
649684,4XYBR4XYEB4Y0JG4Y0NR4Y0QB4Y0XG4Y11R4Y14B4Y38G
801320,4XYCG4Y0HB4Y0IR4Y0OG4Y0VB4Y0WR4Y12G4Y36B4Y37R
759254,4XYCG4Y0HB4Y0OG4Y0VB4Y12G4Y36B4Y3DG4Y3KB4Y3RG
742768,4XYCG4Y0HB4Y0IR4Y0OG4Y0VB4Y0WR4Y12G4Y36B4Y37R
759258,4XYCG4Y0HB4Y0IR4Y0OG4Y0VB4Y0WR4Y12G4Y36B4Y37R
763769,4XYBG4Y0FR4Y0GB4Y0NG4Y0TR4Y0UB4Y11G4Y17R4Y35B
763770,4XYBG4Y0FR4Y0GB4Y0NG4Y0TR4Y0UB4Y11G4Y17R4Y35B
824739,4XYBG4Y0FR4Y0GB4Y0NG4Y0TR4Y0UB4Y11G4Y17R4Y35B
763773,4XYBG4Y0FR4Y0GB4Y0NG4Y0TR4Y0UB4Y11G4Y17R4Y35B
660088,4XYBG4Y0FR4Y0GB4Y0NG4Y0TR4Y0UB4Y11G4Y17R4Y35B
824740,4XYBG4Y0FR4Y0GB4Y0NG4Y0TR4Y0UB4Y11G4Y17R4Y35B
763775,4XYBG4Y0FR4Y0GB4Y0NG4Y0TR4Y0UB4Y11G4Y17R4Y35B
763777,4XYBG4Y0FR4Y0GB4Y0NG4Y0TR4Y0UB4Y11G4Y17R4Y35B
824741,4XYBG4Y0GB4Y0NG4Y0UB4Y11G4Y35B4Y3CG4Y3JB4Y3QG
763778,4XYBG4Y0FR4Y0GB4Y0NG4Y0TR4Y0UB4Y11G4Y17R4Y35B
1043442,4XYBG4Y0FR4Y0GB4Y0NG4Y0TR4Y0UB4Y11G4Y17R4Y35B
763779,4XYBG4Y0FR4Y0GB4Y0NG4Y0TR4Y0UB4Y11G4Y17R4Y35B
723050,4XYBG4Y0FR4Y0GB4Y0NG4Y0TR4Y0UB4Y11G4Y17R4Y35B
722067,4XYBG4Y0FR4Y0GB4Y0NG4Y0TR4Y0UB4Y11G4Y17R4Y35B
722068,4XYBG4Y0FR4Y0GB4Y0NG4Y0TR4Y0UB4Y11G4Y17R4Y35B
722070,4XYBG4Y0FR4Y0GB4Y0NG4Y0TR4Y0UB4Y11G4Y17R4Y35B
722071,4XYBG4Y0FR4Y0GB4Y0NG4Y0TR4Y0UB4Y11G4Y17R4Y35B
861815,4XYBG4Y0GB4Y0NG4Y0UB4Y11G4Y35B4Y3CG4Y3JB4Y3QG
823852,4XYBG4Y0FR4Y0GB4Y0NG4Y0TR4Y0UB4Y11G4Y17R4Y35B
763768,4XYBG4Y0FR4Y0GB4Y0NG4Y0TR4Y0UB4Y11G4Y17R4Y35B
985014,4XYCB4XYCB4Y0HG4Y0OB4Y0OB4Y0VG4Y12B4Y12B4Y36G
985015,4XYCB4XYCB4Y0HG4Y0OB4Y0OB4Y0VG4Y12B4Y12B4Y36G
985016,4XYCB4XYCB4Y0HG4Y0OB4Y0OB4Y0VG4Y12B4Y12B4Y36G
985017,4XYCB4Y0HG4Y0OB4Y0VG4Y12B4Y36G4Y3DB4Y3KG4Y3RB
947310,4XYCB4Y0HG4Y0OB4Y0VG4Y12B4Y36G4Y3DB4Y3KG4Y3RB
1030397,4XYCB4Y0HG4Y0OB4Y0VG4Y12B4Y36G4Y3DB4Y3KG4Y3RB
1030396,4XYCB4Y0HG4Y0OB4Y0VG4Y12B4Y36G4Y3DB4Y3KG4Y3RB
985019,4XYCB4Y0HG4Y0OB4Y0VG4Y12B4Y36G4Y3DB4Y3KG4Y3RB
948154,4XYCB4Y0HG4Y0OB4Y0VG4Y12B4Y36G4Y3DB4Y3KG4Y3RB
985020,4XYCB4Y0HG4Y0OB4Y0VG4Y12B4Y36G4Y3DB4Y3KG4Y3RB
985018,4XYCB4Y0HG4Y0OB4Y0VG4Y12B4Y36G4Y3DB4Y3KG4Y3RB
985021,4XYCB4Y0HG4Y0OB4Y0VG4Y12B4Y36G4Y3DB4Y3KG4Y3RB
1011971,4XYCB4Y0HG4Y0OB4Y0VG4Y12B4Y36G4Y3DB4Y3KG4Y3RB
986076,4XYCB4XYCB4Y0HG4Y0OB4Y0OB4Y0VG4Y12B4Y12B4Y36G
1010338,4XYCB4Y0HG4Y0OB4Y0VG4Y12B4Y36G4Y3DB4Y3KG4Y3RB
986077,4XYCB4XYCB4Y0HG4Y0OB4Y0OB4Y0VG4Y12B4Y12B4Y36G
986078,4XYCB4Y0HG4Y0OB4Y0VG4Y12B4Y36G4Y3DB4Y3KG4Y3RB
986079,4XYCB4XYCB4Y0HG4Y0OB4Y0OB4Y0VG4Y12B4Y12B4Y36G
1030812,4XYEG4Y0JB4Y0QG4Y0XB4Y14G4Y38B4Y3FG4Y3MB4Y3TG
867581,4XYEG4Y0JB4Y0QG4Y0XB4Y14G4Y38B4Y3FG4Y3MB4Y3TG
1030813,4XYEG4Y0JB4Y0QG4Y0XB4Y14G4Y38B4Y3FG4Y3MB4Y3TG
1013179,4XYEG4Y0JB4Y0QG4Y0XB4Y14G4Y38B4Y3FG4Y3MB4Y3TG
872511,4XYDR4XYEG4Y0JB4Y0PR4Y0QG4Y0XB4Y13R4Y14G4Y38B
867572,4XYEG4Y0JB4Y0QG4Y0XB4Y14G4Y38B4Y3FG4Y3MB4Y3TG
867578,4XYEG4Y0JB4Y0QG4Y0XB4Y14G4Y38B4Y3FG4Y3MB4Y3TG
697037,4XYEG4Y0JB4Y0QG4Y0XB4Y14G4Y38B4Y3FG4Y3MB4Y3TG
867544,4XYEG4Y0JB4Y0QG4Y0XB4Y14G4Y38B4Y3FG4Y3MB4Y3TG
872493,4XYEG4Y0JB4Y0QG4Y0XB4Y14G4Y38B4Y3FG4Y3MB4Y3TG
702490,4XYEG4Y0JB4Y0QG4Y0XB4Y14G4Y38B4Y3FG4Y3MB4Y3TG
867560,4XYEG4Y0JB4Y0QG4Y0XB4Y14G4Y38B4Y3FG4Y3MB4Y3TG
872519,4XYDR4XYEG4Y0JB4Y0PR4Y0QG4Y0XB4Y13R4Y14G4Y38B
1030808,4XYEG4Y0JB4Y0QG4Y0XB4Y14G4Y38B4Y3FG4Y3MB4Y3TG
697038,4XYDR4XYEG4Y0JB4Y0PR4Y0QG4Y0XB4Y13R4Y14G4Y38B
869762,4XYEG4Y0JB4Y0QG4Y0XB4Y14G4Y38B4Y3FG4Y3MB4Y3TG
737651,4XYEG4Y0JB4Y0QG4Y0XB4Y14G4Y38B4Y3FG4Y3MB4Y3TG
998103,4XYDR4XYEG4Y0JB4Y0PR4Y0QG4Y0XB4Y13R4Y14G4Y38B
1030809,4XYEG4Y0JB4Y0QG4Y0XB4Y14G4Y38B4Y3FG4Y3MB4Y3TG
867558,4XYEG4Y0JB4Y0QG4Y0XB4Y14G4Y38B4Y3FG4Y3MB4Y3TG
1030810,4XYEG4Y0JB4Y0QG4Y0XB4Y14G4Y38B4Y3FG4Y3MB4Y3TG
867539,4XYDR4XYEG4Y0JB4Y0PR4Y0QG4Y0XB4Y13R4Y14G4Y38B
1030811,4XYEG4Y0JB4Y0QG4Y0XB4Y14G4Y38B4Y3FG4Y3MB4Y3TG
866267,4XYDR4XYEG4Y0JB4Y0PR4Y0QG4Y0XB4Y13R4Y14G4Y38B
641116,4XYDR4XYEG4Y0JB4Y0PR4Y0QG4Y0XB4Y13R4Y14G4Y38B
901675,4XYDR4XYEG4Y0JB4Y0PR4Y0QG4Y0XB4Y13R4Y14G4Y38B
641118,4XYEG4Y0JB4Y0QG4Y0XB4Y14G4Y38B4Y3FG4Y3MB4Y3TG
641140,4XYEG4Y0JB4Y0QG4Y0XB4Y14G4Y38B4Y3FG4Y3MB4Y3TG
642426,4XYDR4XYEG4Y0JB4Y0PR4Y0QG4Y0XB4Y13R4Y14G4Y38B
641144,4XYEG4Y0JB4Y0QG4Y0XB4Y14G4Y38B4Y3FG4Y3MB4Y3TG
642438,4XYDR4XYEG4Y0JB4Y0PR4Y0QG4Y0XB4Y13R4Y14G4Y38B
923138,4XYEG4Y0JB4Y0QG4Y0XB4Y14G4Y38B4Y3FG4Y3MB4Y3TG
642798,4XYDR4XYEG4Y0JB4Y0PR4Y0QG4Y0XB4Y13R4Y14G4Y38B
1028121,4XYEG4Y0JB4Y0QG4Y0XB4Y14G4Y38B4Y3FG4Y3MB4Y3TG
1028122,4XYEG4Y0JB4Y0QG4Y0XB4Y14G4Y38B4Y3FG4Y3MB4Y3TG
923530,4XYEG4Y0JB4Y0QG4Y0XB4Y14G4Y38B4Y3FG4Y3MB4Y3TG
974484,4XYDR4XYEG4Y0JB4Y0PR4Y0QG4Y0XB4Y13R4Y14G4Y38B
1004211,4XYDR4XYEG4Y0JB4Y0PR4Y0QG4Y0XB4Y13R4Y14G4Y38B
640587,4XYDR4XYEG4Y0JB4Y0PR4Y0QG4Y0XB4Y13R4Y14G4Y38B
923535,4XYEG4Y0JB4Y0QG4Y0XB4Y14G4Y38B4Y3FG4Y3MB4Y3TG
640592,4XYDR4XYEG4Y0JB4Y0PR4Y0QG4Y0XB4Y13R4Y14G4Y38B
1042710,4XYDR4XYEG4Y0JB4Y0PR4Y0QG4Y0XB4Y13R4Y14G4Y38B
640602,4XYEG4Y0JB4Y0QG4Y0XB4Y14G4Y38B4Y3FG4Y3MB4Y3TG
1042711,4XYEG4Y0JB4Y0QG4Y0XB4Y14G4Y38B4Y3FG4Y3MB4Y3TG
640605,4XYDR4XYEG4Y0JB4Y0PR4Y0QG4Y0XB4Y13R4Y14G4Y38B
786478,4XYDR4XYEG4Y0JB4Y0PR4Y0QG4Y0XB4Y13R4Y14G4Y38B
1042712,4XYDR4XYEG4Y0JB4Y0PR4Y0QG4Y0XB4Y13R4Y14G4Y38B
640610,4XYDR4XYEG4Y0JB4Y0PR4Y0QG4Y0XB4Y13R4Y14G4Y38B
1042713,4XYDR4XYEG4Y0JB4Y0PR4Y0QG4Y0XB4Y13R4Y14G4Y38B
640611,4XYDR4XYEG4Y0JB4Y0PR4Y0QG4Y0XB4Y13R4Y14G4Y38B
1042714,4XYEG4Y0JB4Y0QG4Y0XB4Y14G4Y38B4Y3FG4Y3MB4Y3TG
1042715,4XYEG4Y0JB4Y0QG4Y0XB4Y14G4Y38B4Y3FG4Y3MB4Y3TG
1042716,4XYEG4Y0JB4Y0QG4Y0XB4Y14G4Y38B4Y3FG4Y3MB4Y3TG
641152,4XYDR4XYEG4Y0JB4Y0PR4Y0QG4Y0XB4Y13R4Y14G4Y38B
1042717,4XYEG4Y0JB4Y0QG4Y0XB4Y14G4Y38B4Y3FG4Y3MB4Y3TG
1042718,4XYEG4Y0JB4Y0QG4Y0XB4Y14G4Y38B4Y3FG4Y3MB4Y3TG
1042719,4XYDR4XYEG4Y0JB4Y0PR4Y0QG4Y0XB4Y13R4Y14G4Y38B
641104,4XYEG4Y0JB4Y0QG4Y0XB4Y14G4Y38B4Y3FG4Y3MB4Y3TG
731104,4XYEG4Y0JB4Y0QG4Y0XB4Y14G4Y38B4Y3FG4Y3MB4Y3TG
641107,4XYEG4Y0JB4Y0QG4Y0XB4Y14G4Y38B4Y3FG4Y3MB4Y3TG
661547,4XYDR4XYEG4Y0JB4Y0PR4Y0QG4Y0XB4Y13R4Y14G4Y38B
641112,4XYEG4Y0JB4Y0QG4Y0XB4Y14G4Y38B4Y3FG4Y3MB4Y3TG
731105,4XYDR4XYEG4Y0JB4Y0PR4Y0QG4Y0XB4Y13R4Y14G4Y38B
641146,4XYDR4XYEG4Y0JB4Y0PR4Y0QG4Y0XB4Y13R4Y14G4Y38B
834774,4XYDR4XYEG4Y0JB4Y0PR4Y0QG4Y0XB4Y13R4Y14G4Y38B
1042592,4XYDR4XYEG4Y0JB4Y0PR4Y0QG4Y0XB4Y13R4Y14G4Y38B
836446,4XYDR4XYEG4Y0JB4Y0PR4Y0QG4Y0XB4Y13R4Y14G4Y38B
836423,4XYDR4XYEG4Y0JB4Y0PR4Y0QG4Y0XB4Y13R4Y14G4Y38B
827268,4XYDR4XYEG4Y0JB4Y0PR4Y0QG4Y0XB4Y13R4Y14G4Y38B
836429,4XYDR4Y0JB4Y0PR4Y0XB4Y13R4Y38B4Y3ER4Y3MB4Y3SR
836430,4XYDR4XYEG4Y0JB4Y0PR4Y0QG4Y0XB4Y13R4Y14G4Y38B
836416,4XYDR4XYEG4Y0JB4Y0PR4Y0QG4Y0XB4Y13R4Y14G4Y38B
836411,4XYDR4XYEG4Y0JB4Y0PR4Y0QG4Y0XB4Y13R4Y14G4Y38B
834769,4XYDR4XYEG4Y0JB4Y0PR4Y0QG4Y0XB4Y13R4Y14G4Y38B
827267,4XYDR4XYEG4Y0JB4Y0PR4Y0QG4Y0XB4Y13R4Y14G4Y38B
1042594,4XYDR4XYEG4Y0JB4Y0PR4Y0QG4Y0XB4Y13R4Y14G4Y38B
836418,4XYDR4XYEG4Y0JB4Y0PR4Y0QG4Y0XB4Y13R4Y14G4Y38B
780048,4XYDR4XYEG4Y0JB4Y0PR4Y0QG4Y0XB4Y13R4Y14G4Y38B
836447,4XYDR4XYEG4Y0JB4Y0PR4Y0QG4Y0XB4Y13R4Y14G4Y38B
836449,4XYDR4XYEG4Y0JB4Y0PR4Y0QG4Y0XB4Y13R4Y14G4Y38B
1042595,4XYDR4XYEG4Y0JB4Y0PR4Y0QG4Y0XB4Y13R4Y14G4Y38B
836452,4XYDR4XYEG4Y0JB4Y0PR4Y0QG4Y0XB4Y13R4Y14G4Y38B
836454,4XYDR4XYEG4Y0JB4Y0PR4Y0QG4Y0XB4Y13R4Y14G4Y38B
1011575,4XYDR4XYEG4Y0JB4Y0PR4Y0QG4Y0XB4Y13R4Y14G4Y38B
827246,4XYDR4XYEG4Y0JB4Y0PR4Y0QG4Y0XB4Y13R4Y14G4Y38B
780047,4XYDR4XYEG4Y0JB4Y0PR4Y0QG4Y0XB4Y13R4Y14G4Y38B
836437,4XYDR4XYEG4Y0JB4Y0PR4Y0QG4Y0XB4Y13R4Y14G4Y38B
836439,4XYDR4XYEG4Y0JB4Y0PR4Y0QG4Y0XB4Y13R4Y14G4Y38B
836442,4XYDR4XYEG4Y0JB4Y0PR4Y0QG4Y0XB4Y13R4Y14G4Y38B
836399,4XYDR4XYEG4Y0JB4Y0PR4Y0QG4Y0XB4Y13R4Y14G4Y38B
827252,4XYDR4XYEG4Y0JB4Y0PR4Y0QG4Y0XB4Y13R4Y14G4Y38B
835184,4XYDR4XYEG4Y0JB4Y0PR4Y0QG4Y0XB4Y13R4Y14G4Y38B
835186,4XYDR4XYEG4Y0JB4Y0PR4Y0QG4Y0XB4Y13R4Y14G4Y38B
1042593,4XYDR4XYEG4Y0JB4Y0PR4Y0QG4Y0XB4Y13R4Y14G4Y38B
834782,4XYDR4XYEG4Y0JB4Y0PR4Y0QG4Y0XB4Y13R4Y14G4Y38B
834792,4XYDR4XYEG4Y0JB4Y0PR4Y0QG4Y0XB4Y13R4Y14G4Y38B
834787,4XYDR4XYEG4Y0JB4Y0PR4Y0QG4Y0XB4Y13R4Y14G4Y38B
834790,4XYDR4XYEG4Y0JB4Y0PR4Y0QG4Y0XB4Y13R4Y14G4Y38B
834784,4XYDR4XYEG4Y0JB4Y0PR4Y0QG4Y0XB4Y13R4Y14G4Y38B
834771,4XYDR4XYEG4Y0JB4Y0PR4Y0QG4Y0XB4Y13R4Y14G4Y38B
834778,4XYDR4XYEG4Y0JB4Y0PR4Y0QG4Y0XB4Y13R4Y14G4Y38B
1056774,4XYEB4Y0JB4Y0NG4Y0QB4Y0XB4Y14B4Y38B4Y3CG4Y3FB
1056773,4XYEB4Y0JB4Y0NG4Y0QB4Y0XB4Y14B4Y38B4Y3CG4Y3FB
1056775,4XYEB4Y0JB4Y0NG4Y0QB4Y0XB4Y14B4Y38B4Y3CG4Y3FB
1056748,4XYEB4Y0FR4Y0JB4Y0NG4Y0QB4Y0TR4Y0XB4Y14B4Y17R
1056749,4XYEB4Y0FR4Y0JB4Y0NG4Y0QB4Y0TR4Y0XB4Y14B4Y17R
1056750,4XYEB4Y0FR4Y0JB4Y0NG4Y0QB4Y0TR4Y0XB4Y14B4Y17R
1056772,4XYEB4Y0JB4Y0NG4Y0QB4Y0XB4Y14B4Y38B4Y3CG4Y3FB
1056745,4XYEB4Y0FR4Y0JB4Y0NG4Y0QB4Y0TR4Y0XB4Y14B4Y17R
1056746,4XYEB4Y0FR4Y0JB4Y0NG4Y0QB4Y0TR4Y0XB4Y14B4Y17R
1056747,4XYEB4Y0FR4Y0JB4Y0NG4Y0QB4Y0TR4Y0XB4Y14B4Y17R
1056740,4XYEB4Y0FR4Y0JB4Y0NG4Y0QB4Y0TR4Y0XB4Y14B4Y17R
1056741,4XYEB4Y0FR4Y0JB4Y0NG4Y0QB4Y0TR4Y0XB4Y14B4Y17R
1056742,4XYEB4Y0FR4Y0JB4Y0NG4Y0QB4Y0TR4Y0XB4Y14B4Y17R
1056743,4XYEB4Y0FR4Y0JB4Y0NG4Y0QB4Y0TR4Y0XB4Y14B4Y17R
1056744,4XYEB4Y0FR4Y0JB4Y0NG4Y0QB4Y0TR4Y0XB4Y14B4Y17R
995142,4XYEB4Y0JB4Y0NG4Y0QB4Y0XB4Y14B4Y38B4Y3CG4Y3FB
750697,4XYAG4Y0FB4Y0HR4Y0MG4Y0TB4Y0VR4Y10G4Y17B4Y36R
1035913,4XYAG4Y0FB4Y0HR4Y0MG4Y0TB4Y0VR4Y10G4Y17B4Y36R
750976,4XYAG4Y0FB4Y0HR4Y0MG4Y0TB4Y0VR4Y10G4Y17B4Y36R
750966,4XYAG4Y0FB4Y0HR4Y0MG4Y0TB4Y0VR4Y10G4Y17B4Y36R
750972,4XYAG4Y0FB4Y0HR4Y0MG4Y0TB4Y0VR4Y10G4Y17B4Y36R
750970,4XYAG4Y0FB4Y0MG4Y0TB4Y10G4Y17B4Y3BG4Y3IB4Y3PG
750969,4XYAG4Y0FB4Y0HR4Y0MG4Y0TB4Y0VR4Y10G4Y17B4Y36R
750707,4XYAG4Y0FB4Y0HR4Y0MG4Y0TB4Y0VR4Y10G4Y17B4Y36R
750960,4XYAG4Y0FB4Y0HR4Y0MG4Y0TB4Y0VR4Y10G4Y17B4Y36R
750249,4XYDG4Y0FR4Y0IB4Y0PG4Y0TR4Y0WB4Y13G4Y17R4Y37B
749929,4XYDG4Y0FR4Y0IB4Y0PG4Y0TR4Y0WB4Y13G4Y17R4Y37B
749928,4XYDG4Y0FR4Y0IB4Y0PG4Y0TR4Y0WB4Y13G4Y17R4Y37B
826922,4XYDG4Y0FR4Y0IB4Y0PG4Y0TR4Y0WB4Y13G4Y17R4Y37B
750253,4XYDG4Y0FR4Y0IB4Y0PG4Y0TR4Y0WB4Y13G4Y17R4Y37B
749926,4XYDG4Y0FR4Y0IB4Y0PG4Y0TR4Y0WB4Y13G4Y17R4Y37B
749925,4XYDG4Y0FR4Y0IB4Y0PG4Y0TR4Y0WB4Y13G4Y17R4Y37B
749923,4XYDG4Y0FR4Y0IB4Y0PG4Y0TR4Y0WB4Y13G4Y17R4Y37B
749922,4XYDG4Y0IB4Y0PG4Y0WB4Y13G4Y37B4Y3EG4Y3LB4Y3SG
749921,4XYDG4Y0IB4Y0PG4Y0WB4Y13G4Y37B4Y3EG4Y3LB4Y3SG
659455,4XYDG4Y0FR4Y0IB4Y0PG4Y0TR4Y0WB4Y13G4Y17R4Y37B
659456,4XYDG4Y0IB4Y0PG4Y0WB4Y13G4Y37B4Y3EG4Y3LB4Y3SG
748317,4XYDG4Y0FR4Y0IB4Y0PG4Y0TR4Y0WB4Y13G4Y17R4Y37B
1016247,4XYDG4Y0FR4Y0IB4Y0PG4Y0TR4Y0WB4Y13G4Y17R4Y37B
749912,4XYDG4Y0IB4Y0PG4Y0WB4Y13G4Y37B4Y3EG4Y3LB4Y3SG
826921,4XYDG4Y0FR4Y0IB4Y0PG4Y0TR4Y0WB4Y13G4Y17R4Y37B
749910,4XYDG4Y0FR4Y0IB4Y0PG4Y0TR4Y0WB4Y13G4Y17R4Y37B
749909,4XYDG4Y0IB4Y0PG4Y0WB4Y13G4Y37B4Y3EG4Y3LB4Y3SG
659457,4XYDG4Y0IB4Y0PG4Y0WB4Y13G4Y37B4Y3EG4Y3LB4Y3SG
749914,4XYDG4Y0FR4Y0IB4Y0PG4Y0TR4Y0WB4Y13G4Y17R4Y37B
750252,4XYDG4Y0FR4Y0IB4Y0PG4Y0TR4Y0WB4Y13G4Y17R4Y37B
750250,4XYDG4Y0FR4Y0IB4Y0PG4Y0TR4Y0WB4Y13G4Y17R4Y37B
786236,4Y0DB4Y0GR4Y0KG4Y0RB4Y0UR4Y0YG4Y15B4Y35R4Y39G
786237,4Y0DB4Y0GR4Y0KG4Y0RB4Y0UR4Y0YG4Y15B4Y35R4Y39G
786238,4Y0DB4Y0GR4Y0KG4Y0RB4Y0UR4Y0YG4Y15B4Y35R4Y39G
786239,4Y0DB4Y0GR4Y0KG4Y0RB4Y0UR4Y0YG4Y15B4Y35R4Y39G
786231,4Y0DB4Y0GR4Y0KG4Y0RB4Y0UR4Y0YG4Y15B4Y35R4Y39G
786232,4Y0DB4Y0GR4Y0KG4Y0RB4Y0UR4Y0YG4Y15B4Y35R4Y39G
786233,4Y0DB4Y0GR4Y0KG4Y0RB4Y0UR4Y0YG4Y15B4Y35R4Y39G
786234,4Y0DB4Y0GR4Y0KG4Y0RB4Y0UR4Y0YG4Y15B4Y35R4Y39G
786235,4Y0DB4Y0GR4Y0KG4Y0RB4Y0UR4Y0YG4Y15B4Y35R4Y39G
1108620,4XYAG4Y0FB4Y0IR4Y0MG4Y0TB4Y0WR4Y10G4Y17B4Y37R
1108636,4XYAG4Y0FB4Y0MG4Y0TB4Y10G4Y17B4Y3BG4Y3IB4Y3PG
1108635,4XYAG4Y0FB4Y0IR4Y0MG4Y0TB4Y0WR4Y10G4Y17B4Y37R
1108641,4XYAG4Y0FB4Y0MG4Y0TB4Y10G4Y17B4Y3BG4Y3IB4Y3PG
1108624,4XYAG4Y0FB4Y0IR4Y0MG4Y0TB4Y0WR4Y10G4Y17B4Y37R
1108640,4XYAG4Y0FB4Y0IR4Y0MG4Y0TB4Y0WR4Y10G4Y17B4Y37R
1108623,4XYAG4Y0FB4Y0MG4Y0TB4Y10G4Y17B4Y3BG4Y3IB4Y3PG
1108639,4XYAG4Y0FB4Y0IR4Y0MG4Y0TB4Y0WR4Y10G4Y17B4Y37R
1108622,4XYAG4Y0FB4Y0IR4Y0MG4Y0TB4Y0WR4Y10G4Y17B4Y37R
1108638,4XYAG4Y0FB4Y0IR4Y0MG4Y0TB4Y0WR4Y10G4Y17B4Y37R
1108621,4XYAG4Y0FB4Y0IR4Y0MG4Y0TB4Y0WR4Y10G4Y17B4Y37R
1108637,4XYAG4Y0FB4Y0IR4Y0MG4Y0TB4Y0WR4Y10G4Y17B4Y37R
937239,4XYAG4XYAR4Y0FB4Y0MG4Y0MR4Y0TB4Y10G4Y10R4Y17B
1046667,4XYAG4XYAR4Y0FB4Y0MG4Y0MR4Y0TB4Y10G4Y10R4Y17B
982798,4XYAG4XYAR4Y0FB4Y0MG4Y0MR4Y0TB4Y10G4Y10R4Y17B
659304,4XYAG4XYAR4Y0FB4Y0MG4Y0MR4Y0TB4Y10G4Y10R4Y17B
937247,4XYAG4XYAR4Y0FB4Y0MG4Y0MR4Y0TB4Y10G4Y10R4Y17B
937244,4XYAG4XYAR4Y0FB4Y0MG4Y0MR4Y0TB4Y10G4Y10R4Y17B
698591,4XYAG4Y0FB4Y0MG4Y0TB4Y10G4Y17B4Y3BG4Y3IB4Y3PG
623896,4XYAG4Y0FB4Y0MG4Y0TB4Y10G4Y17B4Y3BG4Y3IB4Y3PG
698592,4XYAG4Y0FB4Y0MG4Y0TB4Y10G4Y17B4Y3BG4Y3IB4Y3PG
698593,4XYAG4Y0FB4Y0MG4Y0TB4Y10G4Y17B4Y3BG4Y3IB4Y3PG
787960,4XYAG4Y0FB4Y0MG4Y0TB4Y10G4Y17B4Y3BG4Y3IB4Y3PG
698594,4XYAG4Y0FB4Y0MG4Y0TB4Y10G4Y17B4Y3BG4Y3IB4Y3PG
698595,4XYAG4Y0FB4Y0MG4Y0TB4Y10G4Y17B4Y3BG4Y3IB4Y3PG
698596,4XYAG4Y0FB4Y0MG4Y0TB4Y10G4Y17B4Y3BG4Y3IB4Y3PG
698597,4XYAG4Y0FB4Y0MG4Y0TB4Y10G4Y17B4Y3BG4Y3IB4Y3PG
921176,4XYAG4Y0FB4Y0MG4Y0TB4Y10G4Y17B4Y3BG4Y3IB4Y3PG
921177,4XYAG4Y0FB4Y0MG4Y0TB4Y10G4Y17B4Y3BG4Y3IB4Y3PG
921179,4XYAG4Y0FB4Y0MG4Y0TB4Y10G4Y17B4Y3BG4Y3IB4Y3PG
922535,4XYAG4Y0FB4Y0MG4Y0TB4Y10G4Y17B4Y3BG4Y3IB4Y3PG
1041048,4XYAG4Y0FB4Y0MG4Y0TB4Y10G4Y17B4Y3BG4Y3IB4Y3PG
965903,4XYAG4Y0FB4Y0MG4Y0TB4Y10G4Y17B4Y3BG4Y3IB4Y3PG
965905,4XYAG4Y0FB4Y0MG4Y0TB4Y10G4Y17B4Y3BG4Y3IB4Y3PG
965908,4XYAG4Y0FB4Y0MG4Y0TB4Y10G4Y17B4Y3BG4Y3IB4Y3PG
965910,4XYAG4Y0FB4Y0MG4Y0TB4Y10G4Y17B4Y3BG4Y3IB4Y3PG
1053685,4XYAG4Y0FB4Y0MG4Y0TB4Y10G4Y17B4Y3BG4Y3IB4Y3PG
831750,4XYAG4Y0FB4Y0JR4Y0MG4Y0TB4Y0XR4Y10G4Y17B4Y38R
704135,4XYAG4Y0FB4Y0JR4Y0MG4Y0TB4Y0XR4Y10G4Y17B4Y38R
831753,4XYAG4Y0FB4Y0JR4Y0MG4Y0TB4Y0XR4Y10G4Y17B4Y38R
777439,4XYAG4Y0FB4Y0JR4Y0MG4Y0TB4Y0XR4Y10G4Y17B4Y38R
831759,4XYAG4Y0FB4Y0JR4Y0MG4Y0TB4Y0XR4Y10G4Y17B4Y38R
794764,4XYAG4Y0FB4Y0JR4Y0MG4Y0TB4Y0XR4Y10G4Y17B4Y38R
704131,4XYAG4Y0FB4Y0JR4Y0MG4Y0TB4Y0XR4Y10G4Y17B4Y38R
829234,4XYAG4Y0FB4Y0JR4Y0MG4Y0TB4Y0XR4Y10G4Y17B4Y38R
833479,4XYAG4Y0FB4Y0JR4Y0MG4Y0TB4Y0XR4Y10G4Y17B4Y38R
833048,4XYAG4Y0FB4Y0JR4Y0MG4Y0TB4Y0XR4Y10G4Y17B4Y38R
777451,4XYAG4Y0FB4Y0JR4Y0MG4Y0TB4Y0XR4Y10G4Y17B4Y38R
833046,4XYAG4Y0FB4Y0JR4Y0MG4Y0TB4Y0XR4Y10G4Y17B4Y38R
831799,4XYAG4Y0JR4Y0MG4Y0XR4Y10G4Y38R4Y3BG4Y3MR4Y3PG
833050,4XYAG4Y0FB4Y0JR4Y0MG4Y0TB4Y0XR4Y10G4Y17B4Y38R
777445,4XYAG4Y0FB4Y0JR4Y0MG4Y0TB4Y0XR4Y10G4Y17B4Y38R
875760,4XYBR4Y0DB4Y0KG4Y0NR4Y0RB4Y0YG4Y11R4Y15B4Y39G
875759,4XYBR4Y0DB4Y0KG4Y0NR4Y0RB4Y0YG4Y11R4Y15B4Y39G
873645,4XYBR4Y0DB4Y0KG4Y0NR4Y0RB4Y0YG4Y11R4Y15B4Y39G
1109189,4Y0DB4Y0KG4Y0RB4Y0YG4Y15B4Y39G4Y3GB4Y3NG4Y3UB
869819,4XYBR4Y0DB4Y0KG4Y0NR4Y0RB4Y0YG4Y11R4Y15B4Y39G
698193,4XYBR4XYEB4Y0JG4Y0NR4Y0QB4Y0XG4Y11R4Y14B4Y38G
698190,4XYBR4XYEB4Y0JG4Y0NR4Y0QB4Y0XG4Y11R4Y14B4Y38G
866003,4XYEB4Y0JG4Y0QB4Y0XG4Y14B4Y38G4Y3FB4Y3MG4Y3TB
869817,4XYBR4Y0DB4Y0KG4Y0NR4Y0RB4Y0YG4Y11R4Y15B4Y39G
872543,4XYBR4XYEB4Y0JG4Y0NR4Y0QB4Y0XG4Y11R4Y14B4Y38G
992804,4XYBR4XYEB4Y0JG4Y0NR4Y0QB4Y0XG4Y11R4Y14B4Y38G
869820,4XYBR4Y0DB4Y0KG4Y0NR4Y0RB4Y0YG4Y11R4Y15B4Y39G
942470,4XYBR4Y0DB4Y0KG4Y0NR4Y0RB4Y0YG4Y11R4Y15B4Y39G
942471,4XYBR4XYEB4Y0JG4Y0NR4Y0QB4Y0XG4Y11R4Y14B4Y38G
994999,4XYBR4XYEB4Y0JG4Y0NR4Y0QB4Y0XG4Y11R4Y14B4Y38G
872538,4Y0DB4Y0KG4Y0RB4Y0YG4Y15B4Y39G4Y3GB4Y3NG4Y3UB
872545,4XYBR4XYEB4Y0JG4Y0NR4Y0QB4Y0XG4Y11R4Y14B4Y38G
865996,4XYBR4XYEB4Y0JG4Y0NR4Y0QB4Y0XG4Y11R4Y14B4Y38G
698191,4XYBR4XYEB4Y0JG4Y0NR4Y0QB4Y0XG4Y11R4Y14B4Y38G
872535,4XYBR4Y0DB4Y0KG4Y0NR4Y0RB4Y0YG4Y11R4Y15B4Y39G
866000,4XYBR4XYEB4Y0JG4Y0NR4Y0QB4Y0XG4Y11R4Y14B4Y38G
872552,4XYBR4XYEB4Y0JG4Y0NR4Y0QB4Y0XG4Y11R4Y14B4Y38G
698183,4XYBR4Y0DB4Y0KG4Y0NR4Y0RB4Y0YG4Y11R4Y15B4Y39G
866002,4XYBR4XYEB4Y0JG4Y0NR4Y0QB4Y0XG4Y11R4Y14B4Y38G
865997,4XYBR4XYEB4Y0JG4Y0NR4Y0QB4Y0XG4Y11R4Y14B4Y38G
865999,4XYBR4XYEB4Y0JG4Y0NR4Y0QB4Y0XG4Y11R4Y14B4Y38G
872532,4XYBR4XYEB4Y0JG4Y0NR4Y0QB4Y0XG4Y11R4Y14B4Y38G
867402,4XYAB4Y0DR4Y0FG4Y0MB4Y0RR4Y0TG4Y10B4Y15R4Y17G
866473,4XYAB4Y0DR4Y0FG4Y0MB4Y0RR4Y0TG4Y10B4Y15R4Y17G
837431,4XYCB4Y0HG4Y0IR4Y0OB4Y0VG4Y0WR4Y12B4Y36G4Y37R
837429,4XYCB4Y0HG4Y0IR4Y0OB4Y0VG4Y0WR4Y12B4Y36G4Y37R
837428,4XYCB4Y0HG4Y0IR4Y0OB4Y0VG4Y0WR4Y12B4Y36G4Y37R
1022439,4XYCB4Y0HG4Y0IR4Y0OB4Y0VG4Y0WR4Y12B4Y36G4Y37R
837418,4XYCB4Y0HG4Y0IR4Y0OB4Y0VG4Y0WR4Y12B4Y36G4Y37R
837434,4XYCB4Y0HG4Y0IR4Y0OB4Y0VG4Y0WR4Y12B4Y36G4Y37R
837425,4XYCB4Y0HG4Y0IR4Y0OB4Y0VG4Y0WR4Y12B4Y36G4Y37R
837417,4XYCB4Y0HG4Y0IR4Y0OB4Y0VG4Y0WR4Y12B4Y36G4Y37R
837407,4XYCB4Y0HG4Y0IR4Y0OB4Y0VG4Y0WR4Y12B4Y36G4Y37R
837406,4XYCB4Y0HG4Y0IR4Y0OB4Y0VG4Y0WR4Y12B4Y36G4Y37R
837405,4XYCB4Y0HG4Y0IR4Y0OB4Y0VG4Y0WR4Y12B4Y36G4Y37R
837403,4XYCB4Y0HG4Y0IR4Y0OB4Y0VG4Y0WR4Y12B4Y36G4Y37R
1022438,4XYCB4Y0HG4Y0IR4Y0OB4Y0VG4Y0WR4Y12B4Y36G4Y37R
837408,4XYCB4Y0HG4Y0IR4Y0OB4Y0VG4Y0WR4Y12B4Y36G4Y37R
837410,4XYCB4Y0HG4Y0IR4Y0OB4Y0VG4Y0WR4Y12B4Y36G4Y37R
837432,4XYCB4Y0HG4Y0IR4Y0OB4Y0VG4Y0WR4Y12B4Y36G4Y37R
831761,4XYDB4Y0GG4Y0IB4Y0PB4Y0UG4Y0WB4Y13B4Y35G4Y37B
777443,4XYDB4Y0GG4Y0IB4Y0PB4Y0UG4Y0WB4Y13B4Y35G4Y37B
833492,4XYDB4Y0GG4Y0IB4Y0PB4Y0UG4Y0WB4Y13B4Y35G4Y37B
833114,4XYDB4Y0GG4Y0IB4Y0PB4Y0UG4Y0WB4Y13B4Y35G4Y37B
833120,4XYDB4Y0GG4Y0IB4Y0PB4Y0UG4Y0WB4Y13B4Y35G4Y37B
794766,4XYDB4Y0GG4Y0IB4Y0PB4Y0UG4Y0WB4Y13B4Y35G4Y37B
899150,4XYDB4Y0GG4Y0IB4Y0PB4Y0UG4Y0WB4Y13B4Y35G4Y37B
794769,4XYDB4Y0GG4Y0IB4Y0PB4Y0UG4Y0WB4Y13B4Y35G4Y37B
831754,4XYDB4Y0GG4Y0IB4Y0PB4Y0UG4Y0WB4Y13B4Y35G4Y37B
831774,4XYDB4Y0GG4Y0IB4Y0PB4Y0UG4Y0WB4Y13B4Y35G4Y37B
1011148,4XYDB4Y0GG4Y0IB4Y0PB4Y0UG4Y0WB4Y13B4Y35G4Y37B
831777,4XYDB4Y0GG4Y0IB4Y0PB4Y0UG4Y0WB4Y13B4Y35G4Y37B
744327,4XYDB4Y0GG4Y0IB4Y0PB4Y0UG4Y0WB4Y13B4Y35G4Y37B
831765,4XYDB4Y0GG4Y0IB4Y0PB4Y0UG4Y0WB4Y13B4Y35G4Y37B
758857,4XYCG4Y0HB4Y0OG4Y0VB4Y12G4Y36B4Y3DG4Y3KB4Y3RG
801317,4XYCG4Y0HB4Y0IR4Y0OG4Y0VB4Y0WR4Y12G4Y36B4Y37R
800022,4XYCG4Y0HB4Y0IR4Y0OG4Y0VB4Y0WR4Y12G4Y36B4Y37R
945763,4XYCB4Y0HG4Y0OB4Y0VG4Y12B4Y36G4Y3DB4Y3KG4Y3RB
881712,4XYEB4Y0JG4Y0QB4Y0XG4Y14B4Y38G4Y3FB4Y3MG4Y3TB
1031779,4XYEB4Y0JG4Y0QB4Y0XG4Y14B4Y38G4Y3FB4Y3MG4Y3TB
883023,4XYEB4Y0JG4Y0QB4Y0XG4Y14B4Y38G4Y3FB4Y3MG4Y3TB
995573,4XYEB4Y0JG4Y0QB4Y0XG4Y14B4Y38G4Y3FB4Y3MG4Y3TB
883028,4XYEB4Y0JG4Y0QB4Y0XG4Y14B4Y38G4Y3FB4Y3MG4Y3TB
883031,4XYEB4Y0JG4Y0QB4Y0XG4Y14B4Y38G4Y3FB4Y3MG4Y3TB
881716,4XYEB4Y0JG4Y0QB4Y0XG4Y14B4Y38G4Y3FB4Y3MG4Y3TB
881713,4XYEB4Y0JG4Y0QB4Y0XG4Y14B4Y38G4Y3FB4Y3MG4Y3TB
995552,4XYEB4Y0JG4Y0QB4Y0XG4Y14B4Y38G4Y3FB4Y3MG4Y3TB
1031777,4XYEB4Y0JG4Y0QB4Y0XG4Y14B4Y38G4Y3FB4Y3MG4Y3TB
881711,4XYEB4Y0JG4Y0QB4Y0XG4Y14B4Y38G4Y3FB4Y3MG4Y3TB
881717,4XYEB4Y0JG4Y0QB4Y0XG4Y14B4Y38G4Y3FB4Y3MG4Y3TB
881720,4XYEB4Y0JG4Y0QB4Y0XG4Y14B4Y38G4Y3FB4Y3MG4Y3TB
664133,4XYEB4Y0JG4Y0QB4Y0XG4Y14B4Y38G4Y3FB4Y3MG4Y3TB
823257,4XYEB4Y0JG4Y0QB4Y0XG4Y14B4Y38G4Y3FB4Y3MG4Y3TB
839149,4XYEB4Y0JG4Y0QB4Y0XG4Y14B4Y38G4Y3FB4Y3MG4Y3TB
839152,4XYEB4Y0JG4Y0QB4Y0XG4Y14B4Y38G4Y3FB4Y3MG4Y3TB
881707,4XYEB4Y0JG4Y0QB4Y0XG4Y14B4Y38G4Y3FB4Y3MG4Y3TB
825003,4XYEB4Y0JG4Y0QB4Y0XG4Y14B4Y38G4Y3FB4Y3MG4Y3TB
881710,4XYEB4Y0JG4Y0QB4Y0XG4Y14B4Y38G4Y3FB4Y3MG4Y3TB
885784,4XYEB4Y0JG4Y0QB4Y0XG4Y14B4Y38G4Y3FB4Y3MG4Y3TB
885768,4XYEB4Y0JG4Y0QB4Y0XG4Y14B4Y38G4Y3FB4Y3MG4Y3TB
885777,4XYEB4Y0JG4Y0QB4Y0XG4Y14B4Y38G4Y3FB4Y3MG4Y3TB
885772,4XYEB4Y0JG4Y0QB4Y0XG4Y14B4Y38G4Y3FB4Y3MG4Y3TB
885774,4XYEB4Y0JG4Y0QB4Y0XG4Y14B4Y38G4Y3FB4Y3MG4Y3TB
833459,4XYAB4Y0DG4Y0FB4Y0MB4Y0RG4Y0TB4Y10B4Y15G4Y17B
740839,4XYAB4Y0DG4Y0FB4Y0MB4Y0RG4Y0TB4Y10B4Y15G4Y17B
778722,4XYAB4Y0DG4Y0FB4Y0MB4Y0RG4Y0TB4Y10B4Y15G4Y17B
778721,4XYAB4Y0DG4Y0FB4Y0MB4Y0RG4Y0TB4Y10B4Y15G4Y17B
833126,4XYAB4Y0DG4Y0FB4Y0MB4Y0RG4Y0TB4Y10B4Y15G4Y17B
833124,4XYAB4Y0DG4Y0FB4Y0MB4Y0RG4Y0TB4Y10B4Y15G4Y17B
777499,4XYAB4Y0DG4Y0FB4Y0MB4Y0RG4Y0TB4Y10B4Y15G4Y17B
833097,4XYAB4Y0DG4Y0FB4Y0MB4Y0RG4Y0TB4Y10B4Y15G4Y17B
1011162,4XYAB4Y0DG4Y0FB4Y0MB4Y0RG4Y0TB4Y10B4Y15G4Y17B
833496,4XYAB4Y0DG4Y0FB4Y0MB4Y0RG4Y0TB4Y10B4Y15G4Y17B
740836,4XYAB4Y0DG4Y0FB4Y0MB4Y0RG4Y0TB4Y10B4Y15G4Y17B
833081,4XYAB4Y0DG4Y0FB4Y0MB4Y0RG4Y0TB4Y10B4Y15G4Y17B
833083,4XYAB4Y0DG4Y0FB4Y0MB4Y0RG4Y0TB4Y10B4Y15G4Y17B
833084,4XYAB4Y0DG4Y0FB4Y0MB4Y0RG4Y0TB4Y10B4Y15G4Y17B
833080,4XYAB4Y0DG4Y0FB4Y0MB4Y0RG4Y0TB4Y10B4Y15G4Y17B
833484,4XYAB4Y0DG4Y0FB4Y0MB4Y0RG4Y0TB4Y10B4Y15G4Y17B
833493,4XYAB4Y0DG4Y0FB4Y0MB4Y0RG4Y0TB4Y10B4Y15G4Y17B
833489,4XYAB4Y0DG4Y0FB4Y0MB4Y0RG4Y0TB4Y10B4Y15G4Y17B
833491,4XYAB4Y0DG4Y0FB4Y0MB4Y0RG4Y0TB4Y10B4Y15G4Y17B
740840,4XYAB4Y0DG4Y0FB4Y0MB4Y0RG4Y0TB4Y10B4Y15G4Y17B
833094,4XYAB4Y0DG4Y0FB4Y0MB4Y0RG4Y0TB4Y10B4Y15G4Y17B
833096,4XYAB4Y0DG4Y0FB4Y0MB4Y0RG4Y0TB4Y10B4Y15G4Y17B
833092,4XYAB4Y0DG4Y0FB4Y0MB4Y0RG4Y0TB4Y10B4Y15G4Y17B
833098,4XYAB4Y0DG4Y0FB4Y0MB4Y0RG4Y0TB4Y10B4Y15G4Y17B
777489,4XYAB4Y0DG4Y0FB4Y0MB4Y0RG4Y0TB4Y10B4Y15G4Y17B
833086,4XYAB4Y0DG4Y0FB4Y0MB4Y0RG4Y0TB4Y10B4Y15G4Y17B
833101,4XYAB4Y0DG4Y0FB4Y0MB4Y0RG4Y0TB4Y10B4Y15G4Y17B
833088,4XYAB4Y0DG4Y0FB4Y0MB4Y0RG4Y0TB4Y10B4Y15G4Y17B
833090,4XYAB4Y0DG4Y0FB4Y0MB4Y0RG4Y0TB4Y10B4Y15G4Y17B
740837,4XYAB4Y0DG4Y0FB4Y0MB4Y0RG4Y0TB4Y10B4Y15G4Y17B
833091,4XYAB4Y0DG4Y0FB4Y0MB4Y0RG4Y0TB4Y10B4Y15G4Y17B
832420,4XYAB4Y0DG4Y0FB4Y0MB4Y0RG4Y0TB4Y10B4Y15G4Y17B
778850,4XYAB4Y0DG4Y0FB4Y0MB4Y0RG4Y0TB4Y10B4Y15G4Y17B
832418,4XYAB4Y0DG4Y0FB4Y0MB4Y0RG4Y0TB4Y10B4Y15G4Y17B
778849,4XYAB4Y0DG4Y0FB4Y0MB4Y0RG4Y0TB4Y10B4Y15G4Y17B
793834,4XYAB4Y0DG4Y0FB4Y0MB4Y0RG4Y0TB4Y10B4Y15G4Y17B
832430,4XYAB4Y0DG4Y0FB4Y0MB4Y0RG4Y0TB4Y10B4Y15G4Y17B
832042,4XYAB4Y0DG4Y0FB4Y0MB4Y0RG4Y0TB4Y10B4Y15G4Y17B
741764,4XYAB4Y0DG4Y0FB4Y0MB4Y0RG4Y0TB4Y10B4Y15G4Y17B
1010390,4XYAB4Y0DG4Y0FB4Y0MB4Y0RG4Y0TB4Y10B4Y15G4Y17B
833110,4XYAB4Y0DG4Y0FB4Y0MB4Y0RG4Y0TB4Y10B4Y15G4Y17B
832038,4XYAB4Y0DG4Y0FB4Y0MB4Y0RG4Y0TB4Y10B4Y15G4Y17B
832067,4XYAB4Y0DG4Y0FB4Y0MB4Y0RG4Y0TB4Y10B4Y15G4Y17B
832059,4XYAB4Y0DG4Y0FB4Y0MB4Y0RG4Y0TB4Y10B4Y15G4Y17B
740834,4XYAB4Y0DG4Y0FB4Y0MB4Y0RG4Y0TB4Y10B4Y15G4Y17B
793840,4XYAB4Y0DG4Y0FB4Y0MB4Y0RG4Y0TB4Y10B4Y15G4Y17B
838004,4XYAB4Y0DG4Y0FB4Y0MB4Y0RG4Y0TB4Y10B4Y15G4Y17B
838010,4XYAB4Y0DG4Y0FB4Y0MB4Y0RG4Y0TB4Y10B4Y15G4Y17B
833448,4XYAB4Y0DG4Y0FB4Y0MB4Y0RG4Y0TB4Y10B4Y15G4Y17B
1025933,4XYAB4Y0DG4Y0FB4Y0MB4Y0RG4Y0TB4Y10B4Y15G4Y17B
806688,4XYCB4Y0FR4Y0HG4Y0OB4Y0TR4Y0VG4Y12B4Y17R4Y36G
805429,4XYCB4Y0HG4Y0OB4Y0VG4Y12B4Y36G4Y3DB4Y3KG4Y3RB
806686,4XYCB4Y0FR4Y0HG4Y0OB4Y0TR4Y0VG4Y12B4Y17R4Y36G
805431,4XYCB4Y0HG4Y0OB4Y0VG4Y12B4Y36G4Y3DB4Y3KG4Y3RB
907593,4XYCB4Y0HG4Y0OB4Y0VG4Y12B4Y36G4Y3DB4Y3KG4Y3RB
810367,4XYCB4Y0HG4Y0OB4Y0VG4Y12B4Y36G4Y3DB4Y3KG4Y3RB
700734,4XYCB4Y0HG4Y0OB4Y0VG4Y12B4Y36G4Y3DB4Y3KG4Y3RB
761281,4XYCB4Y0HG4Y0OB4Y0VG4Y12B4Y36G4Y3DB4Y3KG4Y3RB
761280,4XYCB4Y0HG4Y0OB4Y0VG4Y12B4Y36G4Y3DB4Y3KG4Y3RB
761278,4XYCB4Y0HG4Y0OB4Y0VG4Y12B4Y36G4Y3DB4Y3KG4Y3RB
761276,4XYCB4Y0HG4Y0OB4Y0VG4Y12B4Y36G4Y3DB4Y3KG4Y3RB
907231,4XYCB4Y0HG4Y0OB4Y0VG4Y12B4Y36G4Y3DB4Y3KG4Y3RB
810351,4XYCB4Y0FR4Y0HG4Y0OB4Y0TR4Y0VG4Y12B4Y17R4Y36G
761265,4XYCB4Y0HG4Y0OB4Y0VG4Y12B4Y36G4Y3DB4Y3KG4Y3RB
761285,4XYCB4Y0HG4Y0OB4Y0VG4Y12B4Y36G4Y3DB4Y3KG4Y3RB
761273,4XYCB4Y0HG4Y0OB4Y0VG4Y12B4Y36G4Y3DB4Y3KG4Y3RB
761271,4XYCB4Y0HG4Y0OB4Y0VG4Y12B4Y36G4Y3DB4Y3KG4Y3RB
760503,4XYCB4Y0HG4Y0OB4Y0VG4Y12B4Y36G4Y3DB4Y3KG4Y3RB
862014,4XYCB4Y0FR4Y0HG4Y0OB4Y0TR4Y0VG4Y12B4Y17R4Y36G
864520,4XYCB4Y0HG4Y0OB4Y0VG4Y12B4Y36G4Y3DB4Y3KG4Y3RB
806690,4XYCB4Y0FR4Y0HG4Y0OB4Y0TR4Y0VG4Y12B4Y17R4Y36G
760540,4XYCB4Y0HG4Y0OB4Y0VG4Y12B4Y36G4Y3DB4Y3KG4Y3RB
806689,4XYCB4Y0FR4Y0HG4Y0OB4Y0TR4Y0VG4Y12B4Y17R4Y36G
810204,4XYCB4Y0HG4Y0OB4Y0VG4Y12B4Y36G4Y3DB4Y3KG4Y3RB
622500,4XYCG4Y0HB4Y0OG4Y0VB4Y12G4Y36B4Y3DG4Y3KB4Y3RG
833322,4XYCG4Y0HB4Y0OG4Y0VB4Y12G4Y36B4Y3DG4Y3KB4Y3RG
796897,4XYCG4Y0HB4Y0OG4Y0VB4Y12G4Y36B4Y3DG4Y3KB4Y3RG
796875,4XYCG4Y0GR4Y0HB4Y0OG4Y0UR4Y0VB4Y12G4Y35R4Y36B
989553,4XYCG4Y0HB4Y0OG4Y0VB4Y12G4Y36B4Y3DG4Y3KB4Y3RG
833674,4XYCG4Y0GR4Y0HB4Y0OG4Y0UR4Y0VB4Y12G4Y35R4Y36B
796865,4XYCG4Y0HB4Y0OG4Y0VB4Y12G4Y36B4Y3DG4Y3KB4Y3RG
796894,4XYCG4Y0GR4Y0HB4Y0OG4Y0UR4Y0VB4Y12G4Y35R4Y36B
752989,4XYCG4Y0HB4Y0OG4Y0VB4Y12G4Y36B4Y3DG4Y3KB4Y3RG
745468,4XYCG4Y0GR4Y0HB4Y0OG4Y0UR4Y0VB4Y12G4Y35R4Y36B
796883,4XYCG4Y0GR4Y0HB4Y0OG4Y0UR4Y0VB4Y12G4Y35R4Y36B
622501,4XYCG4Y0HB4Y0OG4Y0VB4Y12G4Y36B4Y3DG4Y3KB4Y3RG
833668,4XYCG4Y0HB4Y0OG4Y0VB4Y12G4Y36B4Y3DG4Y3KB4Y3RG
747557,4XYCG4Y0GR4Y0HB4Y0OG4Y0UR4Y0VB4Y12G4Y35R4Y36B
622502,4XYCG4Y0HB4Y0OG4Y0VB4Y12G4Y36B4Y3DG4Y3KB4Y3RG
778889,4XYCG4Y0HB4Y0OG4Y0VB4Y12G4Y36B4Y3DG4Y3KB4Y3RG
622503,4XYCG4Y0HB4Y0OG4Y0VB4Y12G4Y36B4Y3DG4Y3KB4Y3RG
833661,4XYCG4Y0HB4Y0OG4Y0VB4Y12G4Y36B4Y3DG4Y3KB4Y3RG
747916,4XYCG4Y0GR4Y0HB4Y0OG4Y0UR4Y0VB4Y12G4Y35R4Y36B
622504,4XYCG4Y0HB4Y0OG4Y0VB4Y12G4Y36B4Y3DG4Y3KB4Y3RG
833656,4XYCG4Y0HB4Y0OG4Y0VB4Y12G4Y36B4Y3DG4Y3KB4Y3RG
747922,4XYCG4Y0HB4Y0OG4Y0VB4Y12G4Y36B4Y3DG4Y3KB4Y3RG
779637,4XYCG4Y0GR4Y0HB4Y0OG4Y0UR4Y0VB4Y12G4Y35R4Y36B
622506,4XYCG4Y0HB4Y0OG4Y0VB4Y12G4Y36B4Y3DG4Y3KB4Y3RG
899151,4XYCG4Y0HB4Y0OG4Y0VB4Y12G4Y36B4Y3DG4Y3KB4Y3RG
778887,4XYCG4Y0HB4Y0OG4Y0VB4Y12G4Y36B4Y3DG4Y3KB4Y3RG
752991,4XYCG4Y0GR4Y0HB4Y0OG4Y0UR4Y0VB4Y12G4Y35R4Y36B
796889,4XYCG4Y0HB4Y0OG4Y0VB4Y12G4Y36B4Y3DG4Y3KB4Y3RG
796868,4XYCG4Y0GR4Y0HB4Y0OG4Y0UR4Y0VB4Y12G4Y35R4Y36B
899152,4XYCG4Y0HB4Y0OG4Y0VB4Y12G4Y36B4Y3DG4Y3KB4Y3RG
747562,4XYCG4Y0HB4Y0OG4Y0VB4Y12G4Y36B4Y3DG4Y3KB4Y3RG
844599,4Y0DG4Y0KB4Y0RG4Y0YB4Y15G4Y39B4Y3GG4Y3NB4Y3UG
844598,4Y0DG4Y0KB4Y0RG4Y0YB4Y15G4Y39B4Y3GG4Y3NB4Y3UG
823201,4Y0DG4Y0KB4Y0RG4Y0YB4Y15G4Y39B4Y3GG4Y3NB4Y3UG
844262,4Y0DG4Y0KB4Y0RG4Y0YB4Y15G4Y39B4Y3GG4Y3NB4Y3UG
823200,4Y0DG4Y0KB4Y0RG4Y0YB4Y15G4Y39B4Y3GG4Y3NB4Y3UG
844259,4Y0DG4Y0KB4Y0RG4Y0YB4Y15G4Y39B4Y3GG4Y3NB4Y3UG
823197,4Y0DG4Y0KB4Y0RG4Y0YB4Y15G4Y39B4Y3GG4Y3NB4Y3UG
694625,4XYCG4XYDR4Y0HB4Y0OG4Y0PR4Y0VB4Y12G4Y13R4Y36B
944288,4XYCG4XYDR4Y0HB4Y0OG4Y0PR4Y0VB4Y12G4Y13R4Y36B
894504,4XYCG4XYDR4Y0HB4Y0OG4Y0PR4Y0VB4Y12G4Y13R4Y36B
916588,4XYCG4XYDR4Y0HB4Y0OG4Y0PR4Y0VB4Y12G4Y13R4Y36B
786988,4XYCG4XYDR4Y0HB4Y0OG4Y0PR4Y0VB4Y12G4Y13R4Y36B
916584,4XYCG4XYDR4Y0HB4Y0OG4Y0PR4Y0VB4Y12G4Y13R4Y36B
916582,4XYCG4XYDR4Y0HB4Y0OG4Y0PR4Y0VB4Y12G4Y13R4Y36B
1040447,4XYCG4XYDR4Y0HB4Y0OG4Y0PR4Y0VB4Y12G4Y13R4Y36B
789481,4Y0DG4Y0HR4Y0KB4Y0RG4Y0VR4Y0YB4Y15G4Y36R4Y39B
906587,4Y0DG4Y0HR4Y0KB4Y0RG4Y0VR4Y0YB4Y15G4Y36R4Y39B
789480,4Y0DG4Y0HR4Y0KB4Y0RG4Y0VR4Y0YB4Y15G4Y36R4Y39B
789479,4Y0DG4Y0HR4Y0KB4Y0RG4Y0VR4Y0YB4Y15G4Y36R4Y39B
789491,4Y0DG4Y0HR4Y0KB4Y0RG4Y0VR4Y0YB4Y15G4Y36R4Y39B
789490,4Y0DG4Y0HR4Y0KB4Y0RG4Y0VR4Y0YB4Y15G4Y36R4Y39B
906592,4Y0DG4Y0HR4Y0KB4Y0RG4Y0VR4Y0YB4Y15G4Y36R4Y39B
789489,4Y0DG4Y0HR4Y0KB4Y0RG4Y0VR4Y0YB4Y15G4Y36R4Y39B
789488,4Y0DG4Y0HR4Y0KB4Y0RG4Y0VR4Y0YB4Y15G4Y36R4Y39B
789485,4Y0DG4Y0HR4Y0KB4Y0RG4Y0VR4Y0YB4Y15G4Y36R4Y39B
906591,4Y0DG4Y0HR4Y0KB4Y0RG4Y0VR4Y0YB4Y15G4Y36R4Y39B
789484,4Y0DG4Y0HR4Y0KB4Y0RG4Y0VR4Y0YB4Y15G4Y36R4Y39B
906590,4Y0DG4Y0HR4Y0KB4Y0RG4Y0VR4Y0YB4Y15G4Y36R4Y39B
789483,4Y0DG4Y0HR4Y0KB4Y0RG4Y0VR4Y0YB4Y15G4Y36R4Y39B
906589,4Y0DG4Y0HR4Y0KB4Y0RG4Y0VR4Y0YB4Y15G4Y36R4Y39B
789482,4Y0DG4Y0HR4Y0KB4Y0RG4Y0VR4Y0YB4Y15G4Y36R4Y39B
906588,4Y0DG4Y0HR4Y0KB4Y0RG4Y0VR4Y0YB4Y15G4Y36R4Y39B
840872,4XYEB4Y0JG4Y0QB4Y0XG4Y14B4Y38G4Y3FB4Y3MG4Y3TB
840891,4XYEB4Y0JG4Y0QB4Y0XG4Y14B4Y38G4Y3FB4Y3MG4Y3TB
840896,4XYEB4Y0JG4Y0QB4Y0XG4Y14B4Y38G4Y3FB4Y3MG4Y3TB
840864,4XYEB4Y0JG4Y0QB4Y0XG4Y14B4Y38G4Y3FB4Y3MG4Y3TB
819540,4XYEB4Y0JG4Y0QB4Y0XG4Y14B4Y38G4Y3FB4Y3MG4Y3TB
883095,4XYEB4Y0JG4Y0QB4Y0XG4Y14B4Y38G4Y3FB4Y3MG4Y3TB
840861,4XYEB4Y0JG4Y0QB4Y0XG4Y14B4Y38G4Y3FB4Y3MG4Y3TB
1016518,4XYEB4Y0JG4Y0QB4Y0XG4Y14B4Y38G4Y3FB4Y3MG4Y3TB
662923,4XYEB4Y0JG4Y0QB4Y0XG4Y14B4Y38G4Y3FB4Y3MG4Y3TB
885787,4XYEB4Y0JG4Y0QB4Y0XG4Y14B4Y38G4Y3FB4Y3MG4Y3TB
885786,4XYEB4Y0JG4Y0QB4Y0XG4Y14B4Y38G4Y3FB4Y3MG4Y3TB
885809,4XYEB4Y0JG4Y0QB4Y0XG4Y14B4Y38G4Y3FB4Y3MG4Y3TB
885803,4XYEB4Y0JG4Y0QB4Y0XG4Y14B4Y38G4Y3FB4Y3MG4Y3TB
664162,4XYEB4Y0JG4Y0QB4Y0XG4Y14B4Y38G4Y3FB4Y3MG4Y3TB
840874,4XYEB4Y0JG4Y0QB4Y0XG4Y14B4Y38G4Y3FB4Y3MG4Y3TB
840870,4XYEB4Y0JG4Y0QB4Y0XG4Y14B4Y38G4Y3FB4Y3MG4Y3TB
841238,4XYEB4Y0JG4Y0QB4Y0XG4Y14B4Y38G4Y3FB4Y3MG4Y3TB
664155,4XYEB4Y0JG4Y0QB4Y0XG4Y14B4Y38G4Y3FB4Y3MG4Y3TB
839580,4XYEB4Y0JG4Y0QB4Y0XG4Y14B4Y38G4Y3FB4Y3MG4Y3TB
841243,4XYEB4Y0JG4Y0QB4Y0XG4Y14B4Y38G4Y3FB4Y3MG4Y3TB
840905,4XYEB4Y0JG4Y0QB4Y0XG4Y14B4Y38G4Y3FB4Y3MG4Y3TB
824518,4XYEB4Y0JG4Y0QB4Y0XG4Y14B4Y38G4Y3FB4Y3MG4Y3TB
840855,4XYEB4Y0JG4Y0QB4Y0XG4Y14B4Y38G4Y3FB4Y3MG4Y3TB
664159,4XYEB4Y0JG4Y0QB4Y0XG4Y14B4Y38G4Y3FB4Y3MG4Y3TB
839572,4XYEB4Y0JG4Y0QB4Y0XG4Y14B4Y38G4Y3FB4Y3MG4Y3TB
1027367,4XYEB4Y0JG4Y0QB4Y0XG4Y14B4Y38G4Y3FB4Y3MG4Y3TB
882355,4XYEB4Y0JG4Y0QB4Y0XG4Y14B4Y38G4Y3FB4Y3MG4Y3TB
661647,4XYEB4Y0JG4Y0QB4Y0XG4Y14B4Y38G4Y3FB4Y3MG4Y3TB
882376,4XYEB4Y0JG4Y0QB4Y0XG4Y14B4Y38G4Y3FB4Y3MG4Y3TB
882369,4XYEB4Y0JG4Y0QB4Y0XG4Y14B4Y38G4Y3FB4Y3MG4Y3TB
928206,4XYEB4Y0JG4Y0QB4Y0XG4Y14B4Y38G4Y3FB4Y3MG4Y3TB
842575,4XYEB4Y0JG4Y0QB4Y0XG4Y14B4Y38G4Y3FB4Y3MG4Y3TB
928192,4XYEB4Y0JG4Y0QB4Y0XG4Y14B4Y38G4Y3FB4Y3MG4Y3TB
1119905,4XYCG4Y0HB4Y0OG4Y0VB4Y12G4Y36B4Y3DG4Y3KB4Y3RG
822454,4XYEB4Y0JG4Y0QB4Y0XG4Y14B4Y38G4Y3FB4Y3MG4Y3TB
1119906,4XYCG4Y0HB4Y0OG4Y0VB4Y12G4Y36B4Y3DG4Y3KB4Y3RG
664166,4XYEB4Y0JG4Y0QB4Y0XG4Y14B4Y38G4Y3FB4Y3MG4Y3TB
928209,4XYEB4Y0JG4Y0QB4Y0XG4Y14B4Y38G4Y3FB4Y3MG4Y3TB
1119907,4XYCG4Y0HB4Y0OG4Y0VB4Y12G4Y36B4Y3DG4Y3KB4Y3RG
928210,4XYEB4Y0JG4Y0QB4Y0XG4Y14B4Y38G4Y3FB4Y3MG4Y3TB
1119908,4XYCG4Y0HB4Y0OG4Y0VB4Y12G4Y36B4Y3DG4Y3KB4Y3RG
880289,4XYEB4Y0JG4Y0QB4Y0XG4Y14B4Y38G4Y3FB4Y3MG4Y3TB
1119909,4XYCG4Y0HB4Y0OG4Y0VB4Y12G4Y36B4Y3DG4Y3KB4Y3RG
880284,4XYEB4Y0JG4Y0QB4Y0XG4Y14B4Y38G4Y3FB4Y3MG4Y3TB
1119910,4XYCG4Y0HB4Y0OG4Y0VB4Y12G4Y36B4Y3DG4Y3KB4Y3RG
1033160,4XYEB4Y0JG4Y0QB4Y0XG4Y14B4Y38G4Y3FB4Y3MG4Y3TB
1119911,4XYCG4Y0HB4Y0OG4Y0VB4Y12G4Y36B4Y3DG4Y3KB4Y3RG
840916,4XYEB4Y0JG4Y0QB4Y0XG4Y14B4Y38G4Y3FB4Y3MG4Y3TB
842570,4XYEB4Y0JG4Y0QB4Y0XG4Y14B4Y38G4Y3FB4Y3MG4Y3TB
1119912,4XYCG4Y0HB4Y0OG4Y0VB4Y12G4Y36B4Y3DG4Y3KB4Y3RG
664178,4XYEB4Y0JG4Y0QB4Y0XG4Y14B4Y38G4Y3FB4Y3MG4Y3TB
880251,4XYEB4Y0JG4Y0QB4Y0XG4Y14B4Y38G4Y3FB4Y3MG4Y3TB
882383,4XYEB4Y0JG4Y0QB4Y0XG4Y14B4Y38G4Y3FB4Y3MG4Y3TB
882385,4XYEB4Y0JG4Y0QB4Y0XG4Y14B4Y38G4Y3FB4Y3MG4Y3TB
880271,4XYEB4Y0JG4Y0QB4Y0XG4Y14B4Y38G4Y3FB4Y3MG4Y3TB
999041,4XYEB4Y0JG4Y0QB4Y0XG4Y14B4Y38G4Y3FB4Y3MG4Y3TB
882366,4XYEB4Y0JG4Y0QB4Y0XG4Y14B4Y38G4Y3FB4Y3MG4Y3TB
824781,4XYEB4Y0JG4Y0QB4Y0XG4Y14B4Y38G4Y3FB4Y3MG4Y3TB
1035272,4XYAG4Y0FB4Y0MG4Y0TB4Y10G4Y17B4Y3BG4Y3IB4Y3PG
1036921,4XYAG4Y0FB4Y0MG4Y0TB4Y10G4Y17B4Y3BG4Y3IB4Y3PG
1035271,4XYAG4Y0FB4Y0MG4Y0TB4Y10G4Y17B4Y3BG4Y3IB4Y3PG
1006486,4XYAG4Y0FB4Y0MG4Y0TB4Y10G4Y17B4Y3BG4Y3IB4Y3PG
1035273,4XYAG4Y0FB4Y0MG4Y0TB4Y10G4Y17B4Y3BG4Y3IB4Y3PG
1035275,4XYAG4Y0FB4Y0MG4Y0TB4Y10G4Y17B4Y3BG4Y3IB4Y3PG
1036916,4XYAG4Y0FB4Y0MG4Y0TB4Y10G4Y17B4Y3BG4Y3IB4Y3PG
1035274,4XYAG4Y0FB4Y0MG4Y0TB4Y10G4Y17B4Y3BG4Y3IB4Y3PG
1035276,4XYAG4Y0FB4Y0MG4Y0TB4Y10G4Y17B4Y3BG4Y3IB4Y3PG
1035277,4XYAG4Y0FB4Y0MG4Y0TB4Y10G4Y17B4Y3BG4Y3IB4Y3PG
1035278,4XYAG4Y0FB4Y0MG4Y0TB4Y10G4Y17B4Y3BG4Y3IB4Y3PG
1035279,4XYAG4Y0FB4Y0MG4Y0TB4Y10G4Y17B4Y3BG4Y3IB4Y3PG
1035268,4XYAG4Y0FB4Y0MG4Y0TB4Y10G4Y17B4Y3BG4Y3IB4Y3PG
1035280,4XYAG4Y0FB4Y0MG4Y0TB4Y10G4Y17B4Y3BG4Y3IB4Y3PG
1035281,4XYAG4Y0FB4Y0MG4Y0TB4Y10G4Y17B4Y3BG4Y3IB4Y3PG
1035283,4XYAG4Y0FB4Y0MG4Y0TB4Y10G4Y17B4Y3BG4Y3IB4Y3PG
1035282,4XYAG4Y0FB4Y0MG4Y0TB4Y10G4Y17B4Y3BG4Y3IB4Y3PG
1036917,4XYAG4Y0FB4Y0MG4Y0TB4Y10G4Y17B4Y3BG4Y3IB4Y3PG
1035267,4XYAG4Y0FB4Y0MG4Y0TB4Y10G4Y17B4Y3BG4Y3IB4Y3PG
1036918,4XYAG4Y0FB4Y0MG4Y0TB4Y10G4Y17B4Y3BG4Y3IB4Y3PG
1035269,4XYAG4Y0FB4Y0MG4Y0TB4Y10G4Y17B4Y3BG4Y3IB4Y3PG
1036919,4XYAG4Y0FB4Y0MG4Y0TB4Y10G4Y17B4Y3BG4Y3IB4Y3PG
1035270,4XYAG4Y0FB4Y0MG4Y0TB4Y10G4Y17B4Y3BG4Y3IB4Y3PG
1036920,4XYAG4Y0FB4Y0MG4Y0TB4Y10G4Y17B4Y3BG4Y3IB4Y3PG
1054130,4XYAG4Y0FB4Y0MG4Y0TB4Y10G4Y17B4Y3BG4Y3IB4Y3PG
1054103,4XYAG4Y0FB4Y0MG4Y0TB4Y10G4Y17B4Y3BG4Y3IB4Y3PG
1054129,4XYAG4Y0FB4Y0MG4Y0TB4Y10G4Y17B4Y3BG4Y3IB4Y3PG
895282,4XYCB4Y0HG4Y0OB4Y0VG4Y12B4Y36G4Y3DB4Y3KG4Y3RB
1022255,4XYCB4Y0HG4Y0OB4Y0VG4Y12B4Y36G4Y3DB4Y3KG4Y3RB
1020730,4XYCB4Y0HG4Y0KR4Y0OB4Y0VG4Y0YR4Y12B4Y36G4Y39R
902855,4XYCB4Y0HG4Y0KR4Y0OB4Y0VG4Y0YR4Y12B4Y36G4Y39R
895283,4XYCB4Y0HG4Y0KR4Y0OB4Y0VG4Y0YR4Y12B4Y36G4Y39R
898490,4XYCB4Y0HG4Y0OB4Y0VG4Y12B4Y36G4Y3DB4Y3KG4Y3RB
895284,4XYCB4Y0HG4Y0KR4Y0OB4Y0VG4Y0YR4Y12B4Y36G4Y39R
661599,4XYCB4Y0HG4Y0KR4Y0OB4Y0VG4Y0YR4Y12B4Y36G4Y39R
898491,4XYCB4Y0HG4Y0OB4Y0VG4Y12B4Y36G4Y3DB4Y3KG4Y3RB
902853,4Y0HG4Y0KR4Y0VG4Y0YR4Y36G4Y39R4Y3KG4Y3NR4Y3YG
895277,4XYCB4Y0HG4Y0OB4Y0VG4Y12B4Y36G4Y3DB4Y3KG4Y3RB
895278,4XYCB4Y0HG4Y0KR4Y0OB4Y0VG4Y0YR4Y12B4Y36G4Y39R
895279,4XYCB4Y0HG4Y0OB4Y0VG4Y12B4Y36G4Y3DB4Y3KG4Y3RB
895280,4XYCB4Y0HG4Y0OB4Y0VG4Y12B4Y36G4Y3DB4Y3KG4Y3RB
902854,4XYCB4Y0HG4Y0OB4Y0VG4Y12B4Y36G4Y3DB4Y3KG4Y3RB
895281,4XYCB4Y0HG4Y0OB4Y0VG4Y12B4Y36G4Y3DB4Y3KG4Y3RB
877351,4XYCB4Y0HG4Y0OB4Y0VG4Y12B4Y36G4Y3DB4Y3KG4Y3RB
703792,4XYCB4Y0HG4Y0OB4Y0VG4Y12B4Y36G4Y3DB4Y3KG4Y3RB
877326,4XYCB4Y0HG4Y0OB4Y0VG4Y12B4Y36G4Y3DB4Y3KG4Y3RB
1017856,4XYCB4Y0HG4Y0OB4Y0VG4Y12B4Y36G4Y3DB4Y3KG4Y3RB
877331,4XYCB4Y0HG4Y0OB4Y0VG4Y12B4Y36G4Y3DB4Y3KG4Y3RB
924792,4XYCB4Y0HG4Y0OB4Y0VG4Y12B4Y36G4Y3DB4Y3KG4Y3RB
877334,4XYCB4Y0HG4Y0OB4Y0VG4Y12B4Y36G4Y3DB4Y3KG4Y3RB
877337,4XYCB4Y0HG4Y0OB4Y0VG4Y12B4Y36G4Y3DB4Y3KG4Y3RB
877325,4XYCB4Y0HG4Y0OB4Y0VG4Y12B4Y36G4Y3DB4Y3KG4Y3RB
877369,4XYCB4Y0HG4Y0OB4Y0VG4Y12B4Y36G4Y3DB4Y3KG4Y3RB
922536,4XYCB4Y0HG4Y0OB4Y0VG4Y12B4Y36G4Y3DB4Y3KG4Y3RB
922546,4XYCB4Y0HG4Y0OB4Y0VG4Y12B4Y36G4Y3DB4Y3KG4Y3RB
922563,4XYCB4Y0HG4Y0OB4Y0VG4Y12B4Y36G4Y3DB4Y3KG4Y3RB
877340,4XYCB4Y0HG4Y0OB4Y0VG4Y12B4Y36G4Y3DB4Y3KG4Y3RB
805066,4XYEB4Y0FR4Y0JG4Y0QB4Y0TR4Y0XG4Y14B4Y17R4Y38G
805063,4XYEB4Y0FR4Y0JG4Y0QB4Y0TR4Y0XG4Y14B4Y17R4Y38G
842668,4XYEB4Y0FR4Y0JG4Y0QB4Y0TR4Y0XG4Y14B4Y17R4Y38G
842667,4XYEB4Y0FR4Y0JG4Y0QB4Y0TR4Y0XG4Y14B4Y17R4Y38G
838793,4XYEB4Y0FR4Y0JG4Y0QB4Y0TR4Y0XG4Y14B4Y17R4Y38G
776609,4XYEB4Y0FR4Y0JG4Y0QB4Y0TR4Y0XG4Y14B4Y17R4Y38G
843961,4XYEB4Y0FR4Y0JG4Y0QB4Y0TR4Y0XG4Y14B4Y17R4Y38G
820899,4XYEB4Y0FR4Y0JG4Y0QB4Y0TR4Y0XG4Y14B4Y17R4Y38G
879712,4XYEB4Y0FR4Y0JG4Y0QB4Y0TR4Y0XG4Y14B4Y17R4Y38G
885756,4XYEB4Y0FR4Y0JG4Y0QB4Y0TR4Y0XG4Y14B4Y17R4Y38G
647877,4XYEB4Y0FR4Y0JG4Y0QB4Y0TR4Y0XG4Y14B4Y17R4Y38G
825511,4XYEB4Y0FR4Y0JG4Y0QB4Y0TR4Y0XG4Y14B4Y17R4Y38G
841178,4XYEB4Y0FR4Y0JG4Y0QB4Y0TR4Y0XG4Y14B4Y17R4Y38G
842252,4XYEB4Y0FR4Y0JG4Y0QB4Y0TR4Y0XG4Y14B4Y17R4Y38G
842254,4XYEB4Y0FR4Y0JG4Y0QB4Y0TR4Y0XG4Y14B4Y17R4Y38G
842242,4XYEB4Y0FR4Y0JG4Y0QB4Y0TR4Y0XG4Y14B4Y17R4Y38G
798678,4XYEB4Y0FR4Y0JG4Y0QB4Y0TR4Y0XG4Y14B4Y17R4Y38G
775749,4XYEB4Y0FR4Y0JG4Y0QB4Y0TR4Y0XG4Y14B4Y17R4Y38G
906418,4XYEB4Y0FR4Y0JG4Y0QB4Y0TR4Y0XG4Y14B4Y17R4Y38G
1030473,4XYEB4Y0FR4Y0JG4Y0QB4Y0TR4Y0XG4Y14B4Y17R4Y38G
805077,4XYEB4Y0FR4Y0JG4Y0QB4Y0TR4Y0XG4Y14B4Y17R4Y38G
1117922,4XYAG4Y0DR4Y0FB4Y0MG4Y0RR4Y0TB4Y10G4Y15R4Y17B
1117926,4XYAG4Y0DR4Y0FB4Y0MG4Y0RR4Y0TB4Y10G4Y15R4Y17B
1117925,4XYAG4Y0DR4Y0FB4Y0MG4Y0RR4Y0TB4Y10G4Y15R4Y17B
1117924,4XYAG4Y0DR4Y0FB4Y0MG4Y0RR4Y0TB4Y10G4Y15R4Y17B
1117923,4XYAG4Y0DR4Y0FB4Y0MG4Y0RR4Y0TB4Y10G4Y15R4Y17B
1141275,4XYEG4Y0JB4Y0QG4Y0XB4Y14G4Y38B4Y3FG4Y3MB4Y3TG
1141290,4XYEG4Y0JB4Y0QG4Y0XB4Y14G4Y38B4Y3FG4Y3MB4Y3TG
1141291,4XYEG4Y0JB4Y0QG4Y0XB4Y14G4Y38B4Y3FG4Y3MB4Y3TG
1141292,4XYEG4Y0JB4Y0QG4Y0XB4Y14G4Y38B4Y3FG4Y3MB4Y3TG
1141293,4XYEG4Y0JB4Y0QG4Y0XB4Y14G4Y38B4Y3FG4Y3MB4Y3TG
1141294,4XYEG4Y0JB4Y0QG4Y0XB4Y14G4Y38B4Y3FG4Y3MB4Y3TG
1141295,4XYEG4Y0JB4Y0QG4Y0XB4Y14G4Y38B4Y3FG4Y3MB4Y3TG
1141308,4XYEG4Y0JB4Y0QG4Y0XB4Y14G4Y38B4Y3FG4Y3MB4Y3TG
1141307,4XYEG4Y0JB4Y0QG4Y0XB4Y14G4Y38B4Y3FG4Y3MB4Y3TG
1141306,4XYEG4Y0JB4Y0QG4Y0XB4Y14G4Y38B4Y3FG4Y3MB4Y3TG
1141305,4XYEG4Y0JB4Y0QG4Y0XB4Y14G4Y38B4Y3FG4Y3MB4Y3TG
1141304,4XYEG4Y0JB4Y0QG4Y0XB4Y14G4Y38B4Y3FG4Y3MB4Y3TG
1141303,4XYEG4Y0JB4Y0QG4Y0XB4Y14G4Y38B4Y3FG4Y3MB4Y3TG
1141262,4XYEG4Y0JB4Y0QG4Y0XB4Y14G4Y38B4Y3FG4Y3MB4Y3TG
1141263,4XYEG4Y0JB4Y0QG4Y0XB4Y14G4Y38B4Y3FG4Y3MB4Y3TG
1141277,4XYDR4XYEG4Y0JB4Y0PR4Y0QG4Y0XB4Y13R4Y14G4Y38B
1141264,4XYEG4Y0JB4Y0QG4Y0XB4Y14G4Y38B4Y3FG4Y3MB4Y3TG
1141276,4XYEG4Y0JB4Y0QG4Y0XB4Y14G4Y38B4Y3FG4Y3MB4Y3TG
1141265,4XYEG4Y0JB4Y0QG4Y0XB4Y14G4Y38B4Y3FG4Y3MB4Y3TG
779633,4Y0DB4Y0FG4Y0KB4Y0KR4Y0RB4Y0YB4Y0YR4Y15B4Y17G
752978,4Y0DB4Y0KB4Y0KR4Y0RB4Y0YB4Y0YR4Y15B4Y39B4Y39R
746292,4Y0DB4Y0KB4Y0KR4Y0RB4Y0YB4Y0YR4Y15B4Y39B4Y39R
753000,4Y0DB4Y0FG4Y0KB4Y0KR4Y0RB4Y0YB4Y0YR4Y15B4Y17G
1010122,4Y0DB4Y0KB4Y0KR4Y0RB4Y0YB4Y0YR4Y15B4Y39B4Y39R
796862,4Y0DB4Y0KB4Y0KR4Y0RB4Y0YB4Y0YR4Y15B4Y39B4Y39R
1023940,4Y0DB4Y0FG4Y0KB4Y0RB4Y0YB4Y15B4Y17G4Y39B4Y3GB
832061,4Y0DB4Y0KB4Y0RB4Y0YB4Y15B4Y39B4Y3GB4Y3NB4Y3UB
740584,4Y0DB4Y0FG4Y0KB4Y0KR4Y0RB4Y0YB4Y0YR4Y15B4Y17G
793839,4Y0DB4Y0FG4Y0KB4Y0RB4Y0YB4Y15B4Y17G4Y39B4Y3GB
793841,4Y0DB4Y0KB4Y0KR4Y0RB4Y0YB4Y0YR4Y15B4Y39B4Y39R
793843,4Y0DB4Y0FG4Y0KB4Y0KR4Y0RB4Y0YB4Y0YR4Y15B4Y17G
753002,4Y0DB4Y0KB4Y0KR4Y0RB4Y0YB4Y0YR4Y15B4Y39B4Y39R
747566,4Y0DB4Y0KB4Y0KR4Y0RB4Y0YB4Y0YR4Y15B4Y39B4Y39R
747917,4Y0DB4Y0FG4Y0KB4Y0KR4Y0RB4Y0YB4Y0YR4Y15B4Y17G
747574,4Y0DB4Y0KB4Y0RB4Y0YB4Y15B4Y39B4Y3GB4Y3NB4Y3UB
1137864,4XYEG4Y0JB4Y0QG4Y0XB4Y14G4Y38B4Y3FG4Y3MB4Y3TG
1137855,4XYEG4Y0JB4Y0QG4Y0XB4Y14G4Y38B4Y3FG4Y3MB4Y3TG
1137863,4XYEG4Y0JB4Y0QG4Y0XB4Y14G4Y38B4Y3FG4Y3MB4Y3TG
1137856,4XYEG4Y0JB4Y0QG4Y0XB4Y14G4Y38B4Y3FG4Y3MB4Y3TG
1137862,4XYEG4Y0JB4Y0QG4Y0XB4Y14G4Y38B4Y3FG4Y3MB4Y3TG
1137857,4XYEG4Y0JB4Y0QG4Y0XB4Y14G4Y38B4Y3FG4Y3MB4Y3TG
1137850,4XYEG4Y0JB4Y0QG4Y0XB4Y14G4Y38B4Y3FG4Y3MB4Y3TG
1137868,4XYEG4Y0JB4Y0QG4Y0XB4Y14G4Y38B4Y3FG4Y3MB4Y3TG
1137851,4XYEG4Y0JB4Y0QG4Y0XB4Y14G4Y38B4Y3FG4Y3MB4Y3TG
1137867,4XYEG4Y0JB4Y0QG4Y0XB4Y14G4Y38B4Y3FG4Y3MB4Y3TG
1137852,4XYEG4Y0JB4Y0QG4Y0XB4Y14G4Y38B4Y3FG4Y3MB4Y3TG
1137866,4XYEG4Y0JB4Y0QG4Y0XB4Y14G4Y38B4Y3FG4Y3MB4Y3TG
1137853,4XYEG4Y0JB4Y0QG4Y0XB4Y14G4Y38B4Y3FG4Y3MB4Y3TG
1137865,4XYEG4Y0JB4Y0QG4Y0XB4Y14G4Y38B4Y3FG4Y3MB4Y3TG
1137854,4XYEG4Y0JB4Y0QG4Y0XB4Y14G4Y38B4Y3FG4Y3MB4Y3TG
1003819,4XYBB4Y0GB4Y0IG4Y0NB4Y0UB4Y11B4Y35B4Y37G4Y3CB
743737,4XYBB4Y0GB4Y0IG4Y0NB4Y0UB4Y11B4Y35B4Y37G4Y3CB
778892,4XYBB4Y0GB4Y0NB4Y0UB4Y11B4Y35B4Y3CB4Y3JB4Y3QB
833665,4XYBB4Y0GB4Y0IG4Y0NB4Y0UB4Y11B4Y35B4Y37G4Y3CB
833314,4XYBB4Y0GB4Y0IG4Y0NB4Y0UB4Y11B4Y35B4Y37G4Y3CB
747923,4XYBB4Y0GB4Y0NB4Y0UB4Y11B4Y35B4Y3CB4Y3JB4Y3QB
833324,4XYBB4Y0GB4Y0IG4Y0NB4Y0UB4Y11B4Y35B4Y37G4Y3CB
833319,4XYBB4Y0GB4Y0IG4Y0NB4Y0UB4Y11B4Y35B4Y37G4Y3CB
796890,4XYBB4Y0GB4Y0IG4Y0NB4Y0UB4Y11B4Y35B4Y37G4Y3CB
796892,4XYBB4Y0GB4Y0IG4Y0NB4Y0UB4Y11B4Y35B4Y37G4Y3CB
796902,4XYBB4Y0GB4Y0NB4Y0UB4Y11B4Y35B4Y3CB4Y3JB4Y3QB
796861,4XYBB4Y0GB4Y0IG4Y0NB4Y0UB4Y11B4Y35B4Y37G4Y3CB
833675,4XYBB4Y0GB4Y0IG4Y0NB4Y0UB4Y11B4Y35B4Y37G4Y3CB
796877,4XYBB4Y0GB4Y0IG4Y0NB4Y0UB4Y11B4Y35B4Y37G4Y3CB
796879,4XYBB4Y0GB4Y0IG4Y0NB4Y0UB4Y11B4Y35B4Y37G4Y3CB
796900,4XYBB4Y0GB4Y0NB4Y0UB4Y11B4Y35B4Y3CB4Y3JB4Y3QB
779641,4XYBB4Y0GB4Y0IG4Y0NB4Y0UB4Y11B4Y35B4Y37G4Y3CB
752988,4XYBB4Y0GB4Y0IG4Y0NB4Y0UB4Y11B4Y35B4Y37G4Y3CB
779644,4XYBB4Y0GB4Y0NB4Y0UB4Y11B4Y35B4Y3CB4Y3JB4Y3QB
1023955,4XYBB4Y0GB4Y0NB4Y0UB4Y11B4Y35B4Y3CB4Y3JB4Y3QB
995482,4XYBB4Y0GB4Y0NB4Y0UB4Y11B4Y35B4Y3CB4Y3JB4Y3QB
742512,4XYBB4Y0GB4Y0NB4Y0UB4Y11B4Y35B4Y3CB4Y3JB4Y3QB
752980,4XYBB4Y0GB4Y0NB4Y0UB4Y11B4Y35B4Y3CB4Y3JB4Y3QB
747913,4XYBB4Y0GB4Y0NB4Y0UB4Y11B4Y35B4Y3CB4Y3JB4Y3QB
747909,4XYBB4Y0GB4Y0HG4Y0NB4Y0UB4Y11B4Y35B4Y36G4Y3CB
747573,4XYBB4Y0GB4Y0NB4Y0UB4Y11B4Y35B4Y3CB4Y3JB4Y3QB
747921,4XYBB4Y0GB4Y0NB4Y0UB4Y11B4Y35B4Y3CB4Y3JB4Y3QB
796891,4XYBB4Y0GB4Y0HG4Y0NB4Y0UB4Y11B4Y35B4Y36G4Y3CB
747555,4XYBB4Y0GB4Y0HG4Y0NB4Y0UB4Y11B4Y35B4Y36G4Y3CB
753005,4XYBB4Y0GB4Y0NB4Y0UB4Y11B4Y35B4Y3CB4Y3JB4Y3QB
747568,4XYBB4Y0GB4Y0NB4Y0UB4Y11B4Y35B4Y3CB4Y3JB4Y3QB
742514,4XYBB4Y0GB4Y0HG4Y0NB4Y0UB4Y11B4Y35B4Y36G4Y3CB
747558,4XYBB4Y0GB4Y0HG4Y0NB4Y0UB4Y11B4Y35B4Y36G4Y3CB
796884,4XYBB4Y0GB4Y0IG4Y0NB4Y0UB4Y11B4Y35B4Y37G4Y3CB
838018,4XYBB4Y0GB4Y0HG4Y0NB4Y0UB4Y11B4Y35B4Y36G4Y3CB
743732,4XYBB4Y0GB4Y0HG4Y0NB4Y0UB4Y11B4Y35B4Y36G4Y3CB
777428,4XYBB4Y0GB4Y0HG4Y0NB4Y0UB4Y11B4Y35B4Y36G4Y3CB
838008,4XYBB4Y0GB4Y0NB4Y0UB4Y11B4Y35B4Y3CB4Y3JB4Y3QB
837996,4XYBB4Y0GB4Y0HG4Y0NB4Y0UB4Y11B4Y35B4Y36G4Y3CB
838000,4XYBB4Y0GB4Y0HG4Y0NB4Y0UB4Y11B4Y35B4Y36G4Y3CB
838003,4XYBB4Y0GB4Y0HG4Y0NB4Y0UB4Y11B4Y35B4Y36G4Y3CB
838017,4XYBB4Y0GB4Y0HG4Y0NB4Y0UB4Y11B4Y35B4Y36G4Y3CB
777431,4XYBB4Y0GB4Y0HG4Y0NB4Y0UB4Y11B4Y35B4Y36G4Y3CB
832058,4XYBB4Y0GB4Y0NB4Y0UB4Y11B4Y35B4Y3CB4Y3JB4Y3QB
832057,4XYBB4Y0GB4Y0NB4Y0UB4Y11B4Y35B4Y3CB4Y3JB4Y3QB
832408,4XYBB4Y0GB4Y0NB4Y0UB4Y11B4Y35B4Y3CB4Y3JB4Y3QB
832063,4XYBB4Y0GB4Y0NB4Y0UB4Y11B4Y35B4Y3CB4Y3JB4Y3QB
747924,4XYBB4Y0GB4Y0NB4Y0UB4Y11B4Y35B4Y3CB4Y3JB4Y3QB
833671,4XYBB4Y0GB4Y0NB4Y0UB4Y11B4Y35B4Y3CB4Y3JB4Y3QB
1097178,4XYBB4Y0GB4Y0NB4Y0UB4Y11B4Y35B4Y3CB4Y3JB4Y3QB
1102356,4XYBB4Y0GB4Y0NB4Y0UB4Y11B4Y35B4Y3CB4Y3JB4Y3QB
1097179,4XYBB4Y0GB4Y0NB4Y0UB4Y11B4Y35B4Y3CB4Y3JB4Y3QB
1097180,4XYBB4Y0GB4Y0NB4Y0UB4Y11B4Y35B4Y3CB4Y3JB4Y3QB
1097181,4XYBB4Y0GB4Y0NB4Y0UB4Y11B4Y35B4Y3CB4Y3JB4Y3QB
1097182,4XYBB4Y0GB4Y0NB4Y0UB4Y11B4Y35B4Y3CB4Y3JB4Y3QB
1097183,4XYBB4Y0GB4Y0NB4Y0UB4Y11B4Y35B4Y3CB4Y3JB4Y3QB
1097184,4XYBB4Y0GB4Y0NB4Y0UB4Y11B4Y35B4Y3CB4Y3JB4Y3QB
1097185,4XYBB4Y0GB4Y0NB4Y0UB4Y11B4Y35B4Y3CB4Y3JB4Y3QB
1097186,4XYBB4Y0GB4Y0NB4Y0UB4Y11B4Y35B4Y3CB4Y3JB4Y3QB
819045,4XYBG4Y0GB4Y0IR4Y0NG4Y0UB4Y0WR4Y11G4Y35B4Y37R
819440,4XYBG4Y0GB4Y0IR4Y0NG4Y0UB4Y0WR4Y11G4Y35B4Y37R
1046340,4XYBG4Y0GB4Y0IR4Y0NG4Y0UB4Y0WR4Y11G4Y35B4Y37R
820626,4Y0GB4Y0IR4Y0UB4Y0WR4Y35B4Y37R4Y3JB4Y3LR4Y3XB
991083,4XYBG4Y0GB4Y0IR4Y0NG4Y0UB4Y0WR4Y11G4Y35B4Y37R
884438,4XYBG4Y0GB4Y0IR4Y0NG4Y0UB4Y0WR4Y11G4Y35B4Y37R
844293,4XYBG4Y0GB4Y0IR4Y0NG4Y0UB4Y0WR4Y11G4Y35B4Y37R
810277,4XYBG4Y0GB4Y0IR4Y0NG4Y0UB4Y0WR4Y11G4Y35B4Y37R
844286,4XYBG4Y0GB4Y0IR4Y0NG4Y0UB4Y0WR4Y11G4Y35B4Y37R
820898,4XYBG4Y0GB4Y0IR4Y0NG4Y0UB4Y0WR4Y11G4Y35B4Y37R
879698,4XYBG4Y0GB4Y0IR4Y0NG4Y0UB4Y0WR4Y11G4Y35B4Y37R
893137,4Y0DG4Y0IR4Y0KB4Y0RG4Y0WR4Y0YB4Y15G4Y37R4Y39B
1006630,4Y0DG4Y0IR4Y0KB4Y0RG4Y0WR4Y0YB4Y15G4Y37R4Y39B
1020514,4Y0DG4Y0IR4Y0KB4Y0RG4Y0WR4Y0YB4Y15G4Y37R4Y39B
899153,4Y0DG4Y0IR4Y0KB4Y0RG4Y0WR4Y0YB4Y15G4Y37R4Y39B
899154,4Y0DG4Y0KB4Y0RG4Y0YB4Y15G4Y39B4Y3GG4Y3NB4Y3UG
893136,4Y0DG4Y0IR4Y0KB4Y0RG4Y0WR4Y0YB4Y15G4Y37R4Y39B
759296,4XYAR4XYDG4Y0IB4Y0MR4Y0PG4Y0WB4Y10R4Y13G4Y37B
759300,4XYAR4XYDG4Y0IB4Y0MR4Y0PG4Y0WB4Y10R4Y13G4Y37B
660051,4XYAR4XYDG4Y0IB4Y0MR4Y0PG4Y0WB4Y10R4Y13G4Y37B
755971,4XYAR4XYDG4Y0IB4Y0MR4Y0PG4Y0WB4Y10R4Y13G4Y37B
820170,4XYAR4XYDG4Y0IB4Y0MR4Y0PG4Y0WB4Y10R4Y13G4Y37B
660048,4XYAR4XYDG4Y0IB4Y0MR4Y0PG4Y0WB4Y10R4Y13G4Y37B
755976,4XYAR4XYDG4Y0IB4Y0MR4Y0PG4Y0WB4Y10R4Y13G4Y37B
1043397,4XYAR4XYDG4Y0IB4Y0MR4Y0PG4Y0WB4Y10R4Y13G4Y37B
820172,4XYAR4XYDG4Y0IB4Y0MR4Y0PG4Y0WB4Y10R4Y13G4Y37B
755979,4XYAR4XYDG4Y0IB4Y0MR4Y0PG4Y0WB4Y10R4Y13G4Y37B
755982,4XYAR4XYDG4Y0IB4Y0MR4Y0PG4Y0WB4Y10R4Y13G4Y37B
756445,4XYAR4XYDG4Y0IB4Y0MR4Y0PG4Y0WB4Y10R4Y13G4Y37B
755636,4XYAR4XYDG4Y0IB4Y0MR4Y0PG4Y0WB4Y10R4Y13G4Y37B
755638,4XYAR4XYDG4Y0IB4Y0MR4Y0PG4Y0WB4Y10R4Y13G4Y37B
755984,4XYAR4XYDG4Y0IB4Y0MR4Y0PG4Y0WB4Y10R4Y13G4Y37B
755986,4XYAR4XYDG4Y0IB4Y0MR4Y0PG4Y0WB4Y10R4Y13G4Y37B
1012556,4XYAR4XYDG4Y0IB4Y0MR4Y0PG4Y0WB4Y10R4Y13G4Y37B
1043391,4XYAR4XYDG4Y0IB4Y0MR4Y0PG4Y0WB4Y10R4Y13G4Y37B
660038,4XYAR4XYDG4Y0IB4Y0MR4Y0PG4Y0WB4Y10R4Y13G4Y37B
832429,4XYBG4Y0GB4Y0HR4Y0NG4Y0UB4Y0VR4Y11G4Y35B4Y36R
832431,4XYBG4Y0GB4Y0HR4Y0NG4Y0UB4Y0VR4Y11G4Y35B4Y36R
1009652,4XYBG4Y0GB4Y0IR4Y0NG4Y0UB4Y0WR4Y11G4Y35B4Y37R
1045335,4XYBG4Y0GB4Y0IR4Y0NG4Y0UB4Y0WR4Y11G4Y35B4Y37R
835505,4XYBG4Y0GB4Y0IR4Y0NG4Y0UB4Y0WR4Y11G4Y35B4Y37R
835501,4XYBG4Y0GB4Y0IR4Y0NG4Y0UB4Y0WR4Y11G4Y35B4Y37R
793833,4XYBG4Y0GB4Y0HR4Y0NG4Y0UB4Y0VR4Y11G4Y35B4Y36R
835492,4XYBG4Y0GB4Y0IR4Y0NG4Y0UB4Y0WR4Y11G4Y35B4Y37R
835493,4XYBG4Y0GB4Y0IR4Y0NG4Y0UB4Y0WR4Y11G4Y35B4Y37R
832434,4XYBG4Y0GB4Y0HR4Y0NG4Y0UB4Y0VR4Y11G4Y35B4Y36R
832416,4XYBG4Y0GB4Y0HR4Y0NG4Y0UB4Y0VR4Y11G4Y35B4Y36R
778846,4XYBG4Y0GB4Y0HR4Y0NG4Y0UB4Y0VR4Y11G4Y35B4Y36R
832426,4XYBG4Y0GB4Y0HR4Y0NG4Y0UB4Y0VR4Y11G4Y35B4Y36R
832423,4XYBG4Y0GB4Y0HR4Y0NG4Y0UB4Y0VR4Y11G4Y35B4Y36R
793836,4XYBG4Y0GB4Y0HR4Y0NG4Y0UB4Y0VR4Y11G4Y35B4Y36R
831803,4XYBG4Y0GB4Y0HR4Y0NG4Y0UB4Y0VR4Y11G4Y35B4Y36R
879189,4XYBG4Y0GB4Y0HR4Y0NG4Y0UB4Y0VR4Y11G4Y35B4Y36R
879184,4XYBG4Y0GB4Y0HR4Y0NG4Y0UB4Y0VR4Y11G4Y35B4Y36R
779001,4XYBG4Y0GB4Y0HR4Y0NG4Y0UB4Y0VR4Y11G4Y35B4Y36R
835260,4XYBG4Y0GB4Y0HR4Y0NG4Y0UB4Y0VR4Y11G4Y35B4Y36R
835258,4XYBG4Y0GB4Y0HR4Y0NG4Y0UB4Y0VR4Y11G4Y35B4Y36R
835268,4XYBG4Y0GB4Y0HR4Y0NG4Y0UB4Y0VR4Y11G4Y35B4Y36R
835263,4XYBG4Y0GB4Y0HR4Y0NG4Y0UB4Y0VR4Y11G4Y35B4Y36R
835265,4XYBG4Y0GB4Y0HR4Y0NG4Y0UB4Y0VR4Y11G4Y35B4Y36R
835489,4XYBG4Y0GB4Y0HR4Y0NG4Y0UB4Y0VR4Y11G4Y35B4Y36R
1045334,4XYBG4Y0GB4Y0HR4Y0NG4Y0UB4Y0VR4Y11G4Y35B4Y36R
1009651,4XYBG4Y0GB4Y0HR4Y0NG4Y0UB4Y0VR4Y11G4Y35B4Y36R
835484,4XYBG4Y0GB4Y0HR4Y0NG4Y0UB4Y0VR4Y11G4Y35B4Y36R
835487,4XYBG4Y0GB4Y0HR4Y0NG4Y0UB4Y0VR4Y11G4Y35B4Y36R
835483,4XYBG4Y0GB4Y0HR4Y0NG4Y0UB4Y0VR4Y11G4Y35B4Y36R
779002,4XYBG4Y0GB4Y0HR4Y0NG4Y0UB4Y0VR4Y11G4Y35B4Y36R
835168,4XYBG4Y0GB4Y0HR4Y0NG4Y0UB4Y0VR4Y11G4Y35B4Y36R
828889,4XYBG4Y0GB4Y0NG4Y0UB4Y11G4Y35B4Y3CG4Y3JB4Y3QG
835475,4XYBG4Y0GB4Y0HR4Y0NG4Y0UB4Y0VR4Y11G4Y35B4Y36R
835218,4XYBG4Y0GB4Y0HR4Y0NG4Y0UB4Y0VR4Y11G4Y35B4Y36R
835231,4XYBG4Y0GB4Y0HR4Y0NG4Y0UB4Y0VR4Y11G4Y35B4Y36R
835233,4XYBG4Y0GB4Y0HR4Y0NG4Y0UB4Y0VR4Y11G4Y35B4Y36R
1011567,4XYBG4Y0GB4Y0HR4Y0NG4Y0UB4Y0VR4Y11G4Y35B4Y36R
835238,4XYBG4Y0GB4Y0HR4Y0NG4Y0UB4Y0VR4Y11G4Y35B4Y36R
778786,4XYBG4Y0GB4Y0HR4Y0NG4Y0UB4Y0VR4Y11G4Y35B4Y36R
835220,4XYBG4Y0GB4Y0HR4Y0NG4Y0UB4Y0VR4Y11G4Y35B4Y36R
835221,4XYBG4Y0GB4Y0HR4Y0NG4Y0UB4Y0VR4Y11G4Y35B4Y36R
835224,4XYBG4Y0GB4Y0HR4Y0NG4Y0UB4Y0VR4Y11G4Y35B4Y36R
835227,4XYBG4Y0GB4Y0HR4Y0NG4Y0UB4Y0VR4Y11G4Y35B4Y36R
1003385,4XYBG4Y0GB4Y0HR4Y0NG4Y0UB4Y0VR4Y11G4Y35B4Y36R
835249,4XYBG4Y0GB4Y0HR4Y0NG4Y0UB4Y0VR4Y11G4Y35B4Y36R
1045340,4XYBG4Y0GB4Y0HR4Y0NG4Y0UB4Y0VR4Y11G4Y35B4Y36R
778792,4XYBG4Y0GB4Y0HR4Y0NG4Y0UB4Y0VR4Y11G4Y35B4Y36R
835254,4XYBG4Y0GB4Y0HR4Y0NG4Y0UB4Y0VR4Y11G4Y35B4Y36R
835245,4XYBG4Y0GB4Y0HR4Y0NG4Y0UB4Y0VR4Y11G4Y35B4Y36R
835240,4XYBG4Y0GB4Y0HR4Y0NG4Y0UB4Y0VR4Y11G4Y35B4Y36R
835241,4XYBG4Y0GB4Y0IR4Y0NG4Y0UB4Y0WR4Y11G4Y35B4Y37R
778790,4XYBG4Y0GB4Y0HR4Y0NG4Y0UB4Y0VR4Y11G4Y35B4Y36R
1040639,4XYBG4Y0GB4Y0IR4Y0NG4Y0UB4Y0WR4Y11G4Y35B4Y37R
835499,4XYBG4Y0GB4Y0HR4Y0NG4Y0UB4Y0VR4Y11G4Y35B4Y36R
832039,4XYBG4Y0GB4Y0HR4Y0NG4Y0UB4Y0VR4Y11G4Y35B4Y36R
828891,4XYBG4Y0GB4Y0IR4Y0NG4Y0UB4Y0WR4Y11G4Y35B4Y37R
788082,4XYBG4Y0GB4Y0HR4Y0NG4Y0UB4Y0VR4Y11G4Y35B4Y36R
833462,4XYBG4Y0GB4Y0IR4Y0NG4Y0UB4Y0WR4Y11G4Y35B4Y37R
828173,4XYBG4Y0GB4Y0HR4Y0NG4Y0UB4Y0VR4Y11G4Y35B4Y36R
833467,4XYBG4Y0GB4Y0IR4Y0NG4Y0UB4Y0WR4Y11G4Y35B4Y37R
833461,4XYBG4Y0GB4Y0HR4Y0NG4Y0UB4Y0VR4Y11G4Y35B4Y36R
835524,4XYBG4Y0GB4Y0IR4Y0NG4Y0UB4Y0WR4Y11G4Y35B4Y37R
835521,4XYBG4Y0GB4Y0HR4Y0NG4Y0UB4Y0VR4Y11G4Y35B4Y36R
1040632,4XYBG4Y0GB4Y0IR4Y0NG4Y0UB4Y0WR4Y11G4Y35B4Y37R
835530,4XYBG4Y0GB4Y0HR4Y0NG4Y0UB4Y0VR4Y11G4Y35B4Y36R
796908,4XYBG4Y0GB4Y0HR4Y0NG4Y0UB4Y0VR4Y11G4Y35B4Y36R
833463,4XYBG4Y0GB4Y0IR4Y0NG4Y0UB4Y0WR4Y11G4Y35B4Y37R
877096,4XYBG4Y0GB4Y0IR4Y0NG4Y0UB4Y0WR4Y11G4Y35B4Y37R
877107,4XYBG4Y0GB4Y0IR4Y0NG4Y0UB4Y0WR4Y11G4Y35B4Y37R
877101,4XYBG4Y0GB4Y0IR4Y0NG4Y0UB4Y0WR4Y11G4Y35B4Y37R
877105,4XYBG4Y0GB4Y0IR4Y0NG4Y0UB4Y0WR4Y11G4Y35B4Y37R
833468,4XYBG4Y0GB4Y0IR4Y0NG4Y0UB4Y0WR4Y11G4Y35B4Y37R
833469,4XYBG4Y0GB4Y0IR4Y0NG4Y0UB4Y0WR4Y11G4Y35B4Y37R
833473,4XYBG4Y0GB4Y0IR4Y0NG4Y0UB4Y0WR4Y11G4Y35B4Y37R
832050,4XYBG4Y0GB4Y0HR4Y0NG4Y0UB4Y0VR4Y11G4Y35B4Y36R
827228,4XYBG4Y0GB4Y0IR4Y0NG4Y0UB4Y0WR4Y11G4Y35B4Y37R
779391,4XYBG4Y0GB4Y0IR4Y0NG4Y0UB4Y0WR4Y11G4Y35B4Y37R
835522,4XYBG4Y0GB4Y0IR4Y0NG4Y0UB4Y0WR4Y11G4Y35B4Y37R
734246,4XYBG4Y0GB4Y0IR4Y0NG4Y0UB4Y0WR4Y11G4Y35B4Y37R
832051,4XYBG4Y0GB4Y0HR4Y0NG4Y0UB4Y0VR4Y11G4Y35B4Y36R
832068,4XYBG4Y0GB4Y0HR4Y0NG4Y0UB4Y0VR4Y11G4Y35B4Y36R
738594,4XYCG4Y0FR4Y0HB4Y0OG4Y0TR4Y0VB4Y12G4Y17R4Y36B
790281,4XYCG4Y0FR4Y0HB4Y0OG4Y0TR4Y0VB4Y12G4Y17R4Y36B
748366,4XYCG4Y0FR4Y0HB4Y0OG4Y0TR4Y0VB4Y12G4Y17R4Y36B
733738,4XYCG4Y0FR4Y0HB4Y0OG4Y0TR4Y0VB4Y12G4Y17R4Y36B
795504,4XYCG4Y0FR4Y0HB4Y0OG4Y0TR4Y0VB4Y12G4Y17R4Y36B
794175,4XYCG4Y0FR4Y0HB4Y0OG4Y0TR4Y0VB4Y12G4Y17R4Y36B
794192,4XYCG4Y0FR4Y0HB4Y0OG4Y0TR4Y0VB4Y12G4Y17R4Y36B
795502,4XYCG4Y0FR4Y0HB4Y0OG4Y0TR4Y0VB4Y12G4Y17R4Y36B
795508,4XYCG4Y0FR4Y0HB4Y0OG4Y0TR4Y0VB4Y12G4Y17R4Y36B
751801,4XYCG4Y0FR4Y0HB4Y0OG4Y0TR4Y0VB4Y12G4Y17R4Y36B
782801,4XYCG4Y0FR4Y0HB4Y0OG4Y0TR4Y0VB4Y12G4Y17R4Y36B
660790,4XYCG4Y0FR4Y0HB4Y0OG4Y0TR4Y0VB4Y12G4Y17R4Y36B
748369,4XYCG4Y0HB4Y0OG4Y0VB4Y12G4Y36B4Y3DG4Y3KB4Y3RG
788449,4XYDG4Y0IB4Y0PG4Y0WB4Y13G4Y37B4Y3EG4Y3LB4Y3SG
823096,4XYDG4Y0IB4Y0PG4Y0WB4Y13G4Y37B4Y3EG4Y3LB4Y3SG
744077,4XYDG4Y0IB4Y0PG4Y0WB4Y13G4Y37B4Y3EG4Y3LB4Y3SG
823094,4XYDG4Y0IB4Y0PG4Y0WB4Y13G4Y37B4Y3EG4Y3LB4Y3SG
839364,4XYDG4Y0IB4Y0PG4Y0WB4Y13G4Y37B4Y3EG4Y3LB4Y3SG
839360,4XYDG4Y0IB4Y0PG4Y0WB4Y13G4Y37B4Y3EG4Y3LB4Y3SG
826654,4XYDG4Y0IB4Y0PG4Y0WB4Y13G4Y37B4Y3EG4Y3LB4Y3SG
1019810,4XYDG4Y0IB4Y0PG4Y0WB4Y13G4Y37B4Y3EG4Y3LB4Y3SG
884665,4XYDG4Y0IB4Y0PG4Y0WB4Y13G4Y37B4Y3EG4Y3LB4Y3SG
929870,4XYDG4XYDR4Y0IB4Y0PG4Y0PR4Y0WB4Y13G4Y13R4Y37B
823095,4XYDG4XYDR4Y0IB4Y0PG4Y0PR4Y0WB4Y13G4Y13R4Y37B
884339,4XYDG4Y0IB4Y0PG4Y0WB4Y13G4Y37B4Y3EG4Y3LB4Y3SG
886069,4XYDG4XYDR4Y0IB4Y0PG4Y0PR4Y0WB4Y13G4Y13R4Y37B
997146,4XYDG4Y0IB4Y0PG4Y0WB4Y13G4Y37B4Y3EG4Y3LB4Y3SG
886070,4XYDG4XYDR4Y0IB4Y0PG4Y0PR4Y0WB4Y13G4Y13R4Y37B
884674,4XYDG4Y0IB4Y0PG4Y0WB4Y13G4Y37B4Y3EG4Y3LB4Y3SG
886071,4XYDG4Y0IB4Y0PG4Y0WB4Y13G4Y37B4Y3EG4Y3LB4Y3SG
884667,4XYDG4Y0IB4Y0PG4Y0WB4Y13G4Y37B4Y3EG4Y3LB4Y3SG
884668,4XYDG4Y0IB4Y0PG4Y0WB4Y13G4Y37B4Y3EG4Y3LB4Y3SG
886066,4XYDG4XYDR4Y0IB4Y0PG4Y0PR4Y0WB4Y13G4Y13R4Y37B
929868,4XYDG4XYDR4Y0IB4Y0PG4Y0PR4Y0WB4Y13G4Y13R4Y37B
997175,4XYDG4Y0IB4Y0PG4Y0WB4Y13G4Y37B4Y3EG4Y3LB4Y3SG
823348,4XYDG4Y0IB4Y0PG4Y0WB4Y13G4Y37B4Y3EG4Y3LB4Y3SG
886058,4XYDG4XYDR4Y0IB4Y0PG4Y0PR4Y0WB4Y13G4Y13R4Y37B
884688,4XYDG4Y0IB4Y0PG4Y0WB4Y13G4Y37B4Y3EG4Y3LB4Y3SG
886132,4XYDG4Y0IB4Y0PG4Y0WB4Y13G4Y37B4Y3EG4Y3LB4Y3SG
839358,4XYDG4Y0IB4Y0PG4Y0WB4Y13G4Y37B4Y3EG4Y3LB4Y3SG
753387,4XYDB4Y0DR4Y0IG4Y0PB4Y0RR4Y0WG4Y13B4Y15R4Y37G
753390,4XYDB4Y0DR4Y0IG4Y0PB4Y0RR4Y0WG4Y13B4Y15R4Y37G
753417,4XYDB4Y0DR4Y0IG4Y0PB4Y0RR4Y0WG4Y13B4Y15R4Y37G
753413,4XYDB4Y0DR4Y0IG4Y0PB4Y0RR4Y0WG4Y13B4Y15R4Y37G
753409,4XYDB4Y0DR4Y0IG4Y0PB4Y0RR4Y0WG4Y13B4Y15R4Y37G
753404,4XYDB4Y0DR4Y0IG4Y0PB4Y0RR4Y0WG4Y13B4Y15R4Y37G
754172,4XYDB4Y0DR4Y0IG4Y0PB4Y0RR4Y0WG4Y13B4Y15R4Y37G
754170,4XYDB4Y0DR4Y0IG4Y0PB4Y0RR4Y0WG4Y13B4Y15R4Y37G
754168,4XYDB4Y0DR4Y0IG4Y0PB4Y0RR4Y0WG4Y13B4Y15R4Y37G
754164,4XYDB4Y0DR4Y0IG4Y0PB4Y0RR4Y0WG4Y13B4Y15R4Y37G
753428,4XYDB4Y0DR4Y0PB4Y0RR4Y13B4Y15R4Y3EB4Y3GR4Y3SB
754187,4XYDB4Y0DR4Y0IG4Y0PB4Y0RR4Y0WG4Y13B4Y15R4Y37G
754184,4XYDB4Y0DR4Y0IG4Y0PB4Y0RR4Y0WG4Y13B4Y15R4Y37G
742416,4XYDB4Y0DR4Y0IG4Y0PB4Y0RR4Y0WG4Y13B4Y15R4Y37G
776590,4XYDB4Y0DR4Y0IG4Y0PB4Y0RR4Y0WG4Y13B4Y15R4Y37G
800884,4XYDB4Y0DR4Y0IG4Y0PB4Y0RR4Y0WG4Y13B4Y15R4Y37G
800879,4XYDB4Y0DR4Y0IG4Y0PB4Y0RR4Y0WG4Y13B4Y15R4Y37G
799623,4XYDB4Y0DR4Y0IG4Y0PB4Y0RR4Y0WG4Y13B4Y15R4Y37G
818510,4XYDB4Y0DR4Y0IG4Y0PB4Y0RR4Y0WG4Y13B4Y15R4Y37G
754161,4XYDB4Y0DR4Y0IG4Y0PB4Y0RR4Y0WG4Y13B4Y15R4Y37G
754159,4XYDB4Y0DR4Y0IG4Y0PB4Y0RR4Y0WG4Y13B4Y15R4Y37G
753426,4XYDB4Y0DR4Y0IG4Y0PB4Y0RR4Y0WG4Y13B4Y15R4Y37G
800893,4XYDB4Y0DR4Y0IG4Y0PB4Y0RR4Y0WG4Y13B4Y15R4Y37G
742775,4XYDB4Y0DR4Y0IG4Y0PB4Y0RR4Y0WG4Y13B4Y15R4Y37G
742777,4XYDB4Y0DR4Y0IG4Y0PB4Y0RR4Y0WG4Y13B4Y15R4Y37G
753446,4XYDB4Y0DR4Y0IG4Y0PB4Y0RR4Y0WG4Y13B4Y15R4Y37G
753442,4XYDB4Y0DR4Y0IG4Y0PB4Y0RR4Y0WG4Y13B4Y15R4Y37G
826625,4XYDB4Y0DR4Y0IG4Y0PB4Y0RR4Y0WG4Y13B4Y15R4Y37G
753396,4XYDB4Y0DR4Y0IG4Y0PB4Y0RR4Y0WG4Y13B4Y15R4Y37G
753391,4XYDB4Y0DR4Y0IG4Y0PB4Y0RR4Y0WG4Y13B4Y15R4Y37G
995605,4XYDB4Y0DR4Y0IG4Y0PB4Y0RR4Y0WG4Y13B4Y15R4Y37G
885285,4XYDB4Y0DR4Y0IG4Y0PB4Y0RR4Y0WG4Y13B4Y15R4Y37G
798085,4XYDB4Y0DR4Y0IG4Y0PB4Y0RR4Y0WG4Y13B4Y15R4Y37G
798092,4XYDB4Y0DR4Y0IG4Y0PB4Y0RR4Y0WG4Y13B4Y15R4Y37G
798090,4XYDB4Y0DR4Y0IG4Y0PB4Y0RR4Y0WG4Y13B4Y15R4Y37G
798087,4XYDB4Y0DR4Y0IG4Y0PB4Y0RR4Y0WG4Y13B4Y15R4Y37G
746542,4XYDB4Y0DR4Y0IG4Y0PB4Y0RR4Y0WG4Y13B4Y15R4Y37G
798084,4XYDB4Y0DR4Y0IG4Y0PB4Y0RR4Y0WG4Y13B4Y15R4Y37G
798080,4XYDB4Y0DR4Y0IG4Y0PB4Y0RR4Y0WG4Y13B4Y15R4Y37G
798079,4XYDB4Y0DR4Y0IG4Y0PB4Y0RR4Y0WG4Y13B4Y15R4Y37G
745337,4XYDB4Y0IG4Y0PB4Y0WG4Y13B4Y37G4Y3EB4Y3LG4Y3SB
893138,4XYDB4Y0DR4Y0IG4Y0PB4Y0RR4Y0WG4Y13B4Y15R4Y37G
893139,4XYDB4Y0DR4Y0IG4Y0PB4Y0RR4Y0WG4Y13B4Y15R4Y37G
804348,4XYDB4Y0DR4Y0IG4Y0PB4Y0RR4Y0WG4Y13B4Y15R4Y37G
741616,4XYDB4Y0DR4Y0IG4Y0PB4Y0RR4Y0WG4Y13B4Y15R4Y37G
893140,4XYDB4Y0IG4Y0PB4Y0WG4Y13B4Y37G4Y3EB4Y3LG4Y3SB
803063,4XYDB4Y0DR4Y0IG4Y0PB4Y0RR4Y0WG4Y13B4Y15R4Y37G
893141,4XYDB4Y0DR4Y0IG4Y0PB4Y0RR4Y0WG4Y13B4Y15R4Y37G
1022696,4XYDB4Y0DR4Y0IG4Y0PB4Y0RR4Y0WG4Y13B4Y15R4Y37G
1040249,4XYDB4Y0DR4Y0IG4Y0PB4Y0RR4Y0WG4Y13B4Y15R4Y37G
757280,4XYDB4Y0DR4Y0IG4Y0PB4Y0RR4Y0WG4Y13B4Y15R4Y37G
804353,4XYDB4Y0DR4Y0IG4Y0PB4Y0RR4Y0WG4Y13B4Y15R4Y37G
757238,4XYDB4Y0IG4Y0PB4Y0WG4Y13B4Y37G4Y3EB4Y3LG4Y3SB
757283,4XYDB4Y0DR4Y0IG4Y0PB4Y0RR4Y0WG4Y13B4Y15R4Y37G
757252,4XYDB4Y0DR4Y0IG4Y0PB4Y0RR4Y0WG4Y13B4Y15R4Y37G
742812,4XYDB4Y0DR4Y0IG4Y0PB4Y0RR4Y0WG4Y13B4Y15R4Y37G
828199,4XYDB4Y0DR4Y0IG4Y0PB4Y0RR4Y0WG4Y13B4Y15R4Y37G
823954,4XYDB4Y0DR4Y0IG4Y0PB4Y0RR4Y0WG4Y13B4Y15R4Y37G
758501,4XYDB4Y0DR4Y0IG4Y0PB4Y0RR4Y0WG4Y13B4Y15R4Y37G
803066,4XYDB4Y0DR4Y0IG4Y0PB4Y0RR4Y0WG4Y13B4Y15R4Y37G
804354,4XYCB4Y0HG4Y0OB4Y0VG4Y12B4Y36G4Y3DB4Y3KG4Y3RB
757605,4XYDB4Y0DR4Y0IG4Y0PB4Y0RR4Y0WG4Y13B4Y15R4Y37G
757246,4XYDB4Y0DR4Y0IG4Y0PB4Y0RR4Y0WG4Y13B4Y15R4Y37G
893142,4XYDB4Y0DR4Y0IG4Y0PB4Y0RR4Y0WG4Y13B4Y15R4Y37G
757609,4XYDB4Y0DR4Y0IG4Y0PB4Y0RR4Y0WG4Y13B4Y15R4Y37G
803060,4XYCB4Y0HG4Y0OB4Y0VG4Y12B4Y36G4Y3DB4Y3KG4Y3RB
835507,4XYCG4Y0FR4Y0HB4Y0OG4Y0TR4Y0VB4Y12G4Y17R4Y36B
735144,4XYCG4Y0FR4Y0HB4Y0OG4Y0TR4Y0VB4Y12G4Y17R4Y36B
877838,4XYCG4Y0FR4Y0HB4Y0OG4Y0TR4Y0VB4Y12G4Y17R4Y36B
835495,4XYCG4Y0FR4Y0HB4Y0OG4Y0TR4Y0VB4Y12G4Y17R4Y36B
835497,4XYCG4Y0FR4Y0HB4Y0OG4Y0TR4Y0VB4Y12G4Y17R4Y36B
734247,4XYCG4Y0FR4Y0HB4Y0OG4Y0TR4Y0VB4Y12G4Y17R4Y36B
835516,4XYCG4Y0FR4Y0HB4Y0OG4Y0TR4Y0VB4Y12G4Y17R4Y36B
735146,4XYCG4Y0FR4Y0HB4Y0OG4Y0TR4Y0VB4Y12G4Y17R4Y36B
835519,4XYCG4Y0FR4Y0HB4Y0OG4Y0TR4Y0VB4Y12G4Y17R4Y36B
835510,4XYCG4Y0FR4Y0HB4Y0OG4Y0TR4Y0VB4Y12G4Y17R4Y36B
660800,4XYCG4Y0FR4Y0HB4Y0OG4Y0TR4Y0VB4Y12G4Y17R4Y36B
835509,4XYCG4Y0HB4Y0OG4Y0VB4Y12G4Y36B4Y3DG4Y3KB4Y3RG
837157,4XYCG4Y0FR4Y0HB4Y0OG4Y0TR4Y0VB4Y12G4Y17R4Y36B
833376,4XYCG4Y0HB4Y0OG4Y0VB4Y12G4Y36B4Y3DG4Y3KB4Y3RG
837152,4XYCG4Y0FR4Y0HB4Y0OG4Y0TR4Y0VB4Y12G4Y17R4Y36B
736344,4XYCG4Y0FR4Y0HB4Y0OG4Y0TR4Y0VB4Y12G4Y17R4Y36B
837143,4XYCG4Y0FR4Y0HB4Y0OG4Y0TR4Y0VB4Y12G4Y17R4Y36B
837145,4XYCG4Y0FR4Y0HB4Y0OG4Y0TR4Y0VB4Y12G4Y17R4Y36B
833875,4XYCG4Y0HB4Y0OG4Y0VB4Y12G4Y36B4Y3DG4Y3KB4Y3RG
778738,4XYCG4Y0FR4Y0HB4Y0OG4Y0TR4Y0VB4Y12G4Y17R4Y36B
778737,4XYCG4Y0FR4Y0HB4Y0OG4Y0TR4Y0VB4Y12G4Y17R4Y36B
836805,4XYCG4Y0HB4Y0OG4Y0VB4Y12G4Y36B4Y3DG4Y3KB4Y3RG
660805,4XYCG4Y0FR4Y0HB4Y0OG4Y0TR4Y0VB4Y12G4Y17R4Y36B
833551,4XYCG4Y0FR4Y0HB4Y0OG4Y0TR4Y0VB4Y12G4Y17R4Y36B
833549,4XYCG4Y0FR4Y0HB4Y0OG4Y0TR4Y0VB4Y12G4Y17R4Y36B
827233,4XYCG4Y0FR4Y0HB4Y0OG4Y0TR4Y0VB4Y12G4Y17R4Y36B
833552,4XYCG4Y0FR4Y0HB4Y0OG4Y0TR4Y0VB4Y12G4Y17R4Y36B
833870,4XYCG4Y0FR4Y0HB4Y0OG4Y0TR4Y0VB4Y12G4Y17R4Y36B
833878,4XYCG4Y0FR4Y0HB4Y0OG4Y0TR4Y0VB4Y12G4Y17R4Y36B
833364,4XYCG4Y0FR4Y0HB4Y0OG4Y0TR4Y0VB4Y12G4Y17R4Y36B
776362,4XYCG4Y0FR4Y0HB4Y0OG4Y0TR4Y0VB4Y12G4Y17R4Y36B
833378,4XYCG4Y0FR4Y0HB4Y0OG4Y0TR4Y0VB4Y12G4Y17R4Y36B
833369,4XYCG4Y0FR4Y0HB4Y0OG4Y0TR4Y0VB4Y12G4Y17R4Y36B
833371,4XYCG4Y0FR4Y0HB4Y0OG4Y0TR4Y0VB4Y12G4Y17R4Y36B
836777,4XYCG4Y0FR4Y0HB4Y0OG4Y0TR4Y0VB4Y12G4Y17R4Y36B
660802,4XYCG4Y0HB4Y0OG4Y0VB4Y12G4Y36B4Y3DG4Y3KB4Y3RG
837149,4XYCG4Y0FR4Y0HB4Y0OG4Y0TR4Y0VB4Y12G4Y17R4Y36B
836810,4XYCG4Y0HB4Y0OG4Y0VB4Y12G4Y36B4Y3DG4Y3KB4Y3RG
736348,4XYCG4Y0FR4Y0HB4Y0OG4Y0TR4Y0VB4Y12G4Y17R4Y36B
837138,4XYCG4Y0HB4Y0OG4Y0VB4Y12G4Y36B4Y3DG4Y3KB4Y3RG
837155,4XYCG4Y0FR4Y0HB4Y0OG4Y0TR4Y0VB4Y12G4Y17R4Y36B
660824,4XYCG4Y0HB4Y0OG4Y0VB4Y12G4Y36B4Y3DG4Y3KB4Y3RG
1130200,4XYAG4XYAR4Y0FB4Y0MG4Y0MR4Y0TB4Y10G4Y10R4Y17B
1130179,4XYAG4XYAR4Y0FB4Y0MG4Y0MR4Y0TB4Y10G4Y10R4Y17B
856237,4XYBB4XYBR4Y0GG4Y0NB4Y0NR4Y0UG4Y11B4Y11R4Y35G
856240,4XYBB4XYBR4Y0GG4Y0NB4Y0NR4Y0UG4Y11B4Y11R4Y35G
899763,4XYBB4XYBR4Y0GG4Y0NB4Y0NR4Y0UG4Y11B4Y11R4Y35G
856253,4XYBB4XYBR4Y0GG4Y0NB4Y0NR4Y0UG4Y11B4Y11R4Y35G
852575,4XYBB4XYBR4Y0GG4Y0NB4Y0NR4Y0UG4Y11B4Y11R4Y35G
852570,4XYBB4XYBR4Y0GG4Y0NB4Y0NR4Y0UG4Y11B4Y11R4Y35G
852566,4XYBB4XYBR4Y0GG4Y0NB4Y0NR4Y0UG4Y11B4Y11R4Y35G
893940,4XYBB4XYBR4Y0GG4Y0NB4Y0NR4Y0UG4Y11B4Y11R4Y35G
893936,4XYBB4XYBR4Y0GG4Y0NB4Y0NR4Y0UG4Y11B4Y11R4Y35G
777719,4XYCG4Y0HB4Y0JR4Y0OG4Y0VB4Y0XR4Y12G4Y36B4Y38R
877519,4XYCG4Y0HB4Y0JR4Y0OG4Y0VB4Y0XR4Y12G4Y36B4Y38R
877832,4XYCG4Y0HB4Y0JR4Y0OG4Y0VB4Y0XR4Y12G4Y36B4Y38R
877834,4XYCG4Y0HB4Y0OG4Y0VB4Y12G4Y36B4Y3DG4Y3KB4Y3RG
777717,4XYCG4Y0HB4Y0JR4Y0OG4Y0VB4Y0XR4Y12G4Y36B4Y38R
835215,4XYCG4Y0HB4Y0JR4Y0OG4Y0VB4Y0XR4Y12G4Y36B4Y38R
835208,4XYCG4Y0HB4Y0JR4Y0OG4Y0VB4Y0XR4Y12G4Y36B4Y38R
835216,4XYCG4Y0HB4Y0JR4Y0OG4Y0VB4Y0XR4Y12G4Y36B4Y38R
835213,4XYCG4Y0HB4Y0JR4Y0OG4Y0VB4Y0XR4Y12G4Y36B4Y38R
740789,4XYCG4Y0HB4Y0JR4Y0OG4Y0VB4Y0XR4Y12G4Y36B4Y38R
833360,4XYCG4Y0HB4Y0JR4Y0OG4Y0VB4Y0XR4Y12G4Y36B4Y38R
836780,4XYCG4Y0HB4Y0JR4Y0OG4Y0VB4Y0XR4Y12G4Y36B4Y38R
836784,4XYCG4Y0HB4Y0JR4Y0OG4Y0VB4Y0XR4Y12G4Y36B4Y38R
837146,4XYCG4Y0HB4Y0JR4Y0OG4Y0VB4Y0XR4Y12G4Y36B4Y38R
877839,4XYCG4Y0HB4Y0JR4Y0OG4Y0VB4Y0XR4Y12G4Y36B4Y38R
742018,4XYCG4Y0HB4Y0JR4Y0OG4Y0VB4Y0XR4Y12G4Y36B4Y38R
835189,4XYCG4Y0HB4Y0JR4Y0OG4Y0VB4Y0XR4Y12G4Y36B4Y38R
835191,4XYCG4Y0HB4Y0JR4Y0OG4Y0VB4Y0XR4Y12G4Y36B4Y38R
837175,4XYCG4Y0HB4Y0JR4Y0OG4Y0VB4Y0XR4Y12G4Y36B4Y38R
736354,4XYCG4Y0HB4Y0JR4Y0OG4Y0VB4Y0XR4Y12G4Y36B4Y38R
1009670,4XYCG4Y0HB4Y0JR4Y0OG4Y0VB4Y0XR4Y12G4Y36B4Y38R
736349,4XYCG4Y0HB4Y0JR4Y0OG4Y0VB4Y0XR4Y12G4Y36B4Y38R
837171,4XYCG4Y0HB4Y0JR4Y0OG4Y0VB4Y0XR4Y12G4Y36B4Y38R
837167,4XYCG4Y0HB4Y0JR4Y0OG4Y0VB4Y0XR4Y12G4Y36B4Y38R
837170,4XYCG4Y0HB4Y0JR4Y0OG4Y0VB4Y0XR4Y12G4Y36B4Y38R
736353,4XYCG4Y0HB4Y0JR4Y0OG4Y0VB4Y0XR4Y12G4Y36B4Y38R
837190,4XYCG4Y0HB4Y0JR4Y0OG4Y0VB4Y0XR4Y12G4Y36B4Y38R
835175,4XYCG4Y0HB4Y0JR4Y0OG4Y0VB4Y0XR4Y12G4Y36B4Y38R
736359,4XYCG4Y0HB4Y0JR4Y0OG4Y0VB4Y0XR4Y12G4Y36B4Y38R
837197,4XYCG4Y0HB4Y0JR4Y0OG4Y0VB4Y0XR4Y12G4Y36B4Y38R
837192,4XYCG4Y0HB4Y0JR4Y0OG4Y0VB4Y0XR4Y12G4Y36B4Y38R
740790,4XYCG4Y0HB4Y0JR4Y0OG4Y0VB4Y0XR4Y12G4Y36B4Y38R
832020,4XYCG4Y0HB4Y0JR4Y0OG4Y0VB4Y0XR4Y12G4Y36B4Y38R
832015,4XYCG4Y0HB4Y0JR4Y0OG4Y0VB4Y0XR4Y12G4Y36B4Y38R
832018,4XYCG4Y0HB4Y0JR4Y0OG4Y0VB4Y0XR4Y12G4Y36B4Y38R
835209,4XYCG4Y0HB4Y0JR4Y0OG4Y0VB4Y0XR4Y12G4Y36B4Y38R
735320,4XYCG4Y0HB4Y0JR4Y0OG4Y0VB4Y0XR4Y12G4Y36B4Y38R
735319,4XYCG4Y0HB4Y0JR4Y0OG4Y0VB4Y0XR4Y12G4Y36B4Y38R
832008,4XYCG4Y0HB4Y0JR4Y0OG4Y0VB4Y0XR4Y12G4Y36B4Y38R
740791,4XYCG4Y0HB4Y0JR4Y0OG4Y0VB4Y0XR4Y12G4Y36B4Y38R
827254,4XYCG4Y0HB4Y0JR4Y0OG4Y0VB4Y0XR4Y12G4Y36B4Y38R
835199,4XYCG4Y0HB4Y0JR4Y0OG4Y0VB4Y0XR4Y12G4Y36B4Y38R
835202,4XYCG4Y0HB4Y0JR4Y0OG4Y0VB4Y0XR4Y12G4Y36B4Y38R
837160,4XYCG4Y0HB4Y0JR4Y0OG4Y0VB4Y0XR4Y12G4Y36B4Y38R
837173,4XYCG4Y0HB4Y0JR4Y0OG4Y0VB4Y0XR4Y12G4Y36B4Y38R
837174,4XYCG4Y0HB4Y0JR4Y0OG4Y0VB4Y0XR4Y12G4Y36B4Y38R
836323,4XYCG4Y0HB4Y0JR4Y0OG4Y0VB4Y0XR4Y12G4Y36B4Y38R
832024,4XYCG4Y0HB4Y0JR4Y0OG4Y0VB4Y0XR4Y12G4Y36B4Y38R
832028,4XYCG4Y0HB4Y0JR4Y0OG4Y0VB4Y0XR4Y12G4Y36B4Y38R
832030,4XYCG4Y0HB4Y0JR4Y0OG4Y0VB4Y0XR4Y12G4Y36B4Y38R
837385,4XYCG4Y0HB4Y0JR4Y0OG4Y0VB4Y0XR4Y12G4Y36B4Y38R
837366,4XYCG4Y0HB4Y0JR4Y0OG4Y0VB4Y0XR4Y12G4Y36B4Y38R
837399,4XYCG4Y0HB4Y0JR4Y0OG4Y0VB4Y0XR4Y12G4Y36B4Y38R
807016,4XYCG4Y0HB4Y0JR4Y0OG4Y0VB4Y0XR4Y12G4Y36B4Y38R
735313,4XYCG4Y0HB4Y0JR4Y0OG4Y0VB4Y0XR4Y12G4Y36B4Y38R
735314,4XYCG4Y0HB4Y0JR4Y0OG4Y0VB4Y0XR4Y12G4Y36B4Y38R
837373,4XYCG4Y0HB4Y0JR4Y0OG4Y0VB4Y0XR4Y12G4Y36B4Y38R
735310,4XYCG4Y0HB4Y0JR4Y0OG4Y0VB4Y0XR4Y12G4Y36B4Y38R
1000871,4XYCG4Y0HB4Y0JR4Y0OG4Y0VB4Y0XR4Y12G4Y36B4Y38R
836319,4XYCG4Y0HB4Y0JR4Y0OG4Y0VB4Y0XR4Y12G4Y36B4Y38R
736317,4XYCG4Y0HB4Y0JR4Y0OG4Y0VB4Y0XR4Y12G4Y36B4Y38R
836314,4XYCG4Y0HB4Y0JR4Y0OG4Y0VB4Y0XR4Y12G4Y36B4Y38R
836316,4XYCG4Y0HB4Y0JR4Y0OG4Y0VB4Y0XR4Y12G4Y36B4Y38R
836318,4XYCG4Y0HB4Y0JR4Y0OG4Y0VB4Y0XR4Y12G4Y36B4Y38R
836315,4XYCG4Y0HB4Y0JR4Y0OG4Y0VB4Y0XR4Y12G4Y36B4Y38R
832023,4XYCG4Y0HB4Y0OG4Y0VB4Y12G4Y36B4Y3DG4Y3KB4Y3RG
837389,4XYCG4Y0HB4Y0JR4Y0OG4Y0VB4Y0XR4Y12G4Y36B4Y38R
837377,4XYCG4Y0HB4Y0JR4Y0OG4Y0VB4Y0XR4Y12G4Y36B4Y38R
837378,4XYCG4Y0HB4Y0JR4Y0OG4Y0VB4Y0XR4Y12G4Y36B4Y38R
740797,4XYCG4Y0HB4Y0JR4Y0OG4Y0VB4Y0XR4Y12G4Y36B4Y38R
837381,4XYCG4Y0HB4Y0JR4Y0OG4Y0VB4Y0XR4Y12G4Y36B4Y38R
893143,4XYCG4Y0HB4Y0JR4Y0OG4Y0VB4Y0XR4Y12G4Y36B4Y38R
837656,4XYCG4Y0HB4Y0JR4Y0OG4Y0VB4Y0XR4Y12G4Y36B4Y38R
837657,4XYCG4Y0HB4Y0JR4Y0OG4Y0VB4Y0XR4Y12G4Y36B4Y38R
837644,4XYCG4Y0HB4Y0JR4Y0OG4Y0VB4Y0XR4Y12G4Y36B4Y38R
837642,4XYCG4Y0HB4Y0JR4Y0OG4Y0VB4Y0XR4Y12G4Y36B4Y38R
837651,4XYCG4Y0HB4Y0JR4Y0OG4Y0VB4Y0XR4Y12G4Y36B4Y38R
837645,4XYCG4Y0HB4Y0JR4Y0OG4Y0VB4Y0XR4Y12G4Y36B4Y38R
878883,4XYCG4Y0HB4Y0JR4Y0OG4Y0VB4Y0XR4Y12G4Y36B4Y38R
837647,4XYCG4Y0HB4Y0JR4Y0OG4Y0VB4Y0XR4Y12G4Y36B4Y38R
837650,4XYCG4Y0HB4Y0JR4Y0OG4Y0VB4Y0XR4Y12G4Y36B4Y38R
837677,4XYCG4Y0HB4Y0JR4Y0OG4Y0VB4Y0XR4Y12G4Y36B4Y38R
837679,4XYCG4Y0HB4Y0JR4Y0OG4Y0VB4Y0XR4Y12G4Y36B4Y38R
837674,4XYCG4Y0HB4Y0JR4Y0OG4Y0VB4Y0XR4Y12G4Y36B4Y38R
837994,4XYCG4Y0HB4Y0JR4Y0OG4Y0VB4Y0XR4Y12G4Y36B4Y38R
1011142,4XYCG4Y0HB4Y0JR4Y0OG4Y0VB4Y0XR4Y12G4Y36B4Y38R
1000849,4XYCG4Y0HB4Y0JR4Y0OG4Y0VB4Y0XR4Y12G4Y36B4Y38R
837664,4XYCG4Y0HB4Y0JR4Y0OG4Y0VB4Y0XR4Y12G4Y36B4Y38R
837666,4XYCG4Y0HB4Y0JR4Y0OG4Y0VB4Y0XR4Y12G4Y36B4Y38R
837668,4XYCG4Y0HB4Y0JR4Y0OG4Y0VB4Y0XR4Y12G4Y36B4Y38R
837363,4XYCG4Y0HB4Y0JR4Y0OG4Y0VB4Y0XR4Y12G4Y36B4Y38R
735311,4XYCG4Y0HB4Y0JR4Y0OG4Y0VB4Y0XR4Y12G4Y36B4Y38R
1000850,4XYCG4Y0HB4Y0JR4Y0OG4Y0VB4Y0XR4Y12G4Y36B4Y38R
735316,4XYCG4Y0HB4Y0JR4Y0OG4Y0VB4Y0XR4Y12G4Y36B4Y38R
837388,4XYCG4Y0HB4Y0JR4Y0OG4Y0VB4Y0XR4Y12G4Y36B4Y38R
837390,4XYCG4Y0HB4Y0JR4Y0OG4Y0VB4Y0XR4Y12G4Y36B4Y38R
1000851,4XYCG4Y0HB4Y0JR4Y0OG4Y0VB4Y0XR4Y12G4Y36B4Y38R
837673,4XYCG4Y0HB4Y0JR4Y0OG4Y0VB4Y0XR4Y12G4Y36B4Y38R
829205,4XYCG4Y0HB4Y0JR4Y0OG4Y0VB4Y0XR4Y12G4Y36B4Y38R
736324,4XYCG4Y0HB4Y0JR4Y0OG4Y0VB4Y0XR4Y12G4Y36B4Y38R
836335,4XYCG4Y0HB4Y0JR4Y0OG4Y0VB4Y0XR4Y12G4Y36B4Y38R
836336,4XYCG4Y0HB4Y0JR4Y0OG4Y0VB4Y0XR4Y12G4Y36B4Y38R
788083,4XYCG4Y0HB4Y0JR4Y0OG4Y0VB4Y0XR4Y12G4Y36B4Y38R
1009661,4XYCG4Y0HB4Y0JR4Y0OG4Y0VB4Y0XR4Y12G4Y36B4Y38R
736319,4XYCG4Y0HB4Y0JR4Y0OG4Y0VB4Y0XR4Y12G4Y36B4Y38R
877168,4XYCG4Y0HB4Y0JR4Y0OG4Y0VB4Y0XR4Y12G4Y36B4Y38R
877176,4XYCG4Y0HB4Y0JR4Y0OG4Y0VB4Y0XR4Y12G4Y36B4Y38R
775172,4XYCG4Y0HB4Y0JR4Y0OG4Y0VB4Y0XR4Y12G4Y36B4Y38R
877160,4XYCG4Y0HB4Y0JR4Y0OG4Y0VB4Y0XR4Y12G4Y36B4Y38R
877161,4XYCG4Y0HB4Y0JR4Y0OG4Y0VB4Y0XR4Y12G4Y36B4Y38R
775168,4XYCG4Y0HB4Y0JR4Y0OG4Y0VB4Y0XR4Y12G4Y36B4Y38R
877166,4XYCG4Y0HB4Y0JR4Y0OG4Y0VB4Y0XR4Y12G4Y36B4Y38R
877181,4XYCG4Y0HB4Y0JR4Y0OG4Y0VB4Y0XR4Y12G4Y36B4Y38R
775175,4XYCG4Y0HB4Y0JR4Y0OG4Y0VB4Y0XR4Y12G4Y36B4Y38R
736322,4XYCG4Y0HB4Y0JR4Y0OG4Y0VB4Y0XR4Y12G4Y36B4Y38R
877187,4XYCG4Y0HB4Y0JR4Y0OG4Y0VB4Y0XR4Y12G4Y36B4Y38R
775176,4XYCG4Y0HB4Y0JR4Y0OG4Y0VB4Y0XR4Y12G4Y36B4Y38R
739372,4XYCG4Y0HB4Y0JR4Y0OG4Y0VB4Y0XR4Y12G4Y36B4Y38R
877183,4XYCG4Y0HB4Y0JR4Y0OG4Y0VB4Y0XR4Y12G4Y36B4Y38R
877179,4XYCG4Y0HB4Y0JR4Y0OG4Y0VB4Y0XR4Y12G4Y36B4Y38R
877180,4XYCG4Y0HB4Y0JR4Y0OG4Y0VB4Y0XR4Y12G4Y36B4Y38R
742031,4XYCG4Y0HB4Y0OG4Y0VB4Y12G4Y36B4Y3DG4Y3KB4Y3RG
836342,4XYCG4Y0HB4Y0JR4Y0OG4Y0VB4Y0XR4Y12G4Y36B4Y38R
996617,4XYCG4Y0HB4Y0JR4Y0OG4Y0VB4Y0XR4Y12G4Y36B4Y38R
877184,4XYCG4Y0HB4Y0JR4Y0OG4Y0VB4Y0XR4Y12G4Y36B4Y38R
877122,4XYCG4Y0HB4Y0JR4Y0OG4Y0VB4Y0XR4Y12G4Y36B4Y38R
877125,4XYCG4Y0HB4Y0JR4Y0OG4Y0VB4Y0XR4Y12G4Y36B4Y38R
877120,4XYCG4Y0HB4Y0OG4Y0VB4Y12G4Y36B4Y3DG4Y3KB4Y3RG
877131,4XYCG4Y0HB4Y0JR4Y0OG4Y0VB4Y0XR4Y12G4Y36B4Y38R
877133,4XYCG4Y0HB4Y0JR4Y0OG4Y0VB4Y0XR4Y12G4Y36B4Y38R
742029,4XYCG4Y0HB4Y0JR4Y0OG4Y0VB4Y0XR4Y12G4Y36B4Y38R
740788,4XYCG4Y0HB4Y0JR4Y0OG4Y0VB4Y0XR4Y12G4Y36B4Y38R
877111,4XYCG4Y0HB4Y0JR4Y0OG4Y0VB4Y0XR4Y12G4Y36B4Y38R
877108,4XYCG4Y0HB4Y0JR4Y0OG4Y0VB4Y0XR4Y12G4Y36B4Y38R
877117,4XYCG4Y0HB4Y0JR4Y0OG4Y0VB4Y0XR4Y12G4Y36B4Y38R
877139,4XYCG4Y0HB4Y0JR4Y0OG4Y0VB4Y0XR4Y12G4Y36B4Y38R
877149,4XYCG4Y0HB4Y0JR4Y0OG4Y0VB4Y0XR4Y12G4Y36B4Y38R
996615,4XYCG4Y0HB4Y0JR4Y0OG4Y0VB4Y0XR4Y12G4Y36B4Y38R
877153,4XYCG4Y0HB4Y0JR4Y0OG4Y0VB4Y0XR4Y12G4Y36B4Y38R
775166,4XYCG4Y0HB4Y0JR4Y0OG4Y0VB4Y0XR4Y12G4Y36B4Y38R
877140,4XYCG4Y0HB4Y0JR4Y0OG4Y0VB4Y0XR4Y12G4Y36B4Y38R
877152,4XYCG4Y0HB4Y0JR4Y0OG4Y0VB4Y0XR4Y12G4Y36B4Y38R
829206,4XYCG4Y0HB4Y0JR4Y0OG4Y0VB4Y0XR4Y12G4Y36B4Y38R
877138,4XYCG4Y0HB4Y0JR4Y0OG4Y0VB4Y0XR4Y12G4Y36B4Y38R
1003290,4XYCG4Y0HB4Y0JR4Y0OG4Y0VB4Y0XR4Y12G4Y36B4Y38R
877143,4XYCG4Y0HB4Y0OG4Y0VB4Y12G4Y36B4Y3DG4Y3KB4Y3RG
742030,4XYCG4Y0HB4Y0JR4Y0OG4Y0VB4Y0XR4Y12G4Y36B4Y38R
878850,4XYCG4Y0HB4Y0JR4Y0OG4Y0VB4Y0XR4Y12G4Y36B4Y38R
775229,4XYCG4Y0HB4Y0JR4Y0OG4Y0VB4Y0XR4Y12G4Y36B4Y38R
775228,4XYCG4Y0HB4Y0JR4Y0OG4Y0VB4Y0XR4Y12G4Y36B4Y38R
878857,4XYCG4Y0HB4Y0JR4Y0OG4Y0VB4Y0XR4Y12G4Y36B4Y38R
878858,4XYCG4Y0HB4Y0JR4Y0OG4Y0VB4Y0XR4Y12G4Y36B4Y38R
878840,4XYCG4Y0HB4Y0JR4Y0OG4Y0VB4Y0XR4Y12G4Y36B4Y38R
836339,4XYCG4Y0HB4Y0JR4Y0OG4Y0VB4Y0XR4Y12G4Y36B4Y38R
878843,4XYCG4Y0HB4Y0JR4Y0OG4Y0VB4Y0XR4Y12G4Y36B4Y38R
775226,4XYCG4Y0HB4Y0JR4Y0OG4Y0VB4Y0XR4Y12G4Y36B4Y38R
775227,4XYCG4Y0HB4Y0JR4Y0OG4Y0VB4Y0XR4Y12G4Y36B4Y38R
781254,4XYCG4Y0HB4Y0JR4Y0OG4Y0VB4Y0XR4Y12G4Y36B4Y38R
878872,4XYCG4Y0HB4Y0JR4Y0OG4Y0VB4Y0XR4Y12G4Y36B4Y38R
736327,4XYCG4Y0HB4Y0JR4Y0OG4Y0VB4Y0XR4Y12G4Y36B4Y38R
878874,4XYCG4Y0HB4Y0JR4Y0OG4Y0VB4Y0XR4Y12G4Y36B4Y38R
878875,4XYCG4Y0HB4Y0JR4Y0OG4Y0VB4Y0XR4Y12G4Y36B4Y38R
878878,4XYCG4Y0HB4Y0OG4Y0VB4Y12G4Y36B4Y3DG4Y3KB4Y3RG
836346,4XYCG4Y0HB4Y0JR4Y0OG4Y0VB4Y0XR4Y12G4Y36B4Y38R
877169,4XYCG4Y0HB4Y0JR4Y0OG4Y0VB4Y0XR4Y12G4Y36B4Y38R
877171,4XYCG4Y0HB4Y0JR4Y0OG4Y0VB4Y0XR4Y12G4Y36B4Y38R
878813,4XYCG4Y0HB4Y0JR4Y0OG4Y0VB4Y0XR4Y12G4Y36B4Y38R
878815,4XYCG4Y0HB4Y0JR4Y0OG4Y0VB4Y0XR4Y12G4Y36B4Y38R
742034,4XYCG4Y0HB4Y0JR4Y0OG4Y0VB4Y0XR4Y12G4Y36B4Y38R
878861,4XYCG4Y0HB4Y0JR4Y0OG4Y0VB4Y0XR4Y12G4Y36B4Y38R
878863,4XYCG4Y0HB4Y0OG4Y0VB4Y12G4Y36B4Y3DG4Y3KB4Y3RG
775232,4XYCG4Y0HB4Y0JR4Y0OG4Y0VB4Y0XR4Y12G4Y36B4Y38R
878867,4XYCG4Y0HB4Y0JR4Y0OG4Y0VB4Y0XR4Y12G4Y36B4Y38R
878869,4XYCG4Y0HB4Y0JR4Y0OG4Y0VB4Y0XR4Y12G4Y36B4Y38R
878804,4XYCG4Y0HB4Y0JR4Y0OG4Y0VB4Y0XR4Y12G4Y36B4Y38R
878807,4XYCG4Y0HB4Y0JR4Y0OG4Y0VB4Y0XR4Y12G4Y36B4Y38R
878810,4XYCG4Y0HB4Y0JR4Y0OG4Y0VB4Y0XR4Y12G4Y36B4Y38R
878837,4XYCG4Y0HB4Y0JR4Y0OG4Y0VB4Y0XR4Y12G4Y36B4Y38R
742033,4XYCG4Y0HB4Y0JR4Y0OG4Y0VB4Y0XR4Y12G4Y36B4Y38R
878818,4XYCG4Y0HB4Y0JR4Y0OG4Y0VB4Y0XR4Y12G4Y36B4Y38R
878825,4XYCG4Y0HB4Y0JR4Y0OG4Y0VB4Y0XR4Y12G4Y36B4Y38R
878822,4XYCG4Y0HB4Y0JR4Y0OG4Y0VB4Y0XR4Y12G4Y36B4Y38R
781253,4XYCG4Y0HB4Y0JR4Y0OG4Y0VB4Y0XR4Y12G4Y36B4Y38R
739157,4XYCG4Y0HB4Y0JR4Y0OG4Y0VB4Y0XR4Y12G4Y36B4Y38R
739373,4XYCG4Y0HB4Y0JR4Y0OG4Y0VB4Y0XR4Y12G4Y36B4Y38R
740766,4XYCG4Y0HB4Y0JR4Y0OG4Y0VB4Y0XR4Y12G4Y36B4Y38R
752856,4XYCG4Y0HB4Y0HB4Y0OG4Y0VB4Y0VB4Y12G4Y36B4Y36B
752861,4XYCG4Y0HB4Y0JR4Y0OG4Y0VB4Y0XR4Y12G4Y36B4Y38R
877521,4XYCG4Y0HB4Y0JR4Y0OG4Y0VB4Y0XR4Y12G4Y36B4Y38R
833180,4XYCG4Y0HB4Y0JR4Y0OG4Y0VB4Y0XR4Y12G4Y36B4Y38R
742032,4XYCG4Y0HB4Y0JR4Y0OG4Y0VB4Y0XR4Y12G4Y36B4Y38R
878479,4XYCG4Y0HB4Y0JR4Y0OG4Y0VB4Y0XR4Y12G4Y36B4Y38R
878828,4XYCG4Y0HB4Y0JR4Y0OG4Y0VB4Y0XR4Y12G4Y36B4Y38R
878830,4XYCG4Y0HB4Y0JR4Y0OG4Y0VB4Y0XR4Y12G4Y36B4Y38R
878832,4XYCG4Y0HB4Y0JR4Y0OG4Y0VB4Y0XR4Y12G4Y36B4Y38R
878834,4XYCG4Y0HB4Y0JR4Y0OG4Y0VB4Y0XR4Y12G4Y36B4Y38R
752853,4XYAB4XYBR4Y0FG4Y0MB4Y0NR4Y0TG4Y10B4Y11R4Y17G
752849,4XYAB4XYBR4Y0FG4Y0MB4Y0NR4Y0TG4Y10B4Y11R4Y17G
752846,4XYAB4XYBR4Y0FG4Y0MB4Y0NR4Y0TG4Y10B4Y11R4Y17G
794420,4XYAB4XYBR4Y0FG4Y0MB4Y0NR4Y0TG4Y10B4Y11R4Y17G
701446,4XYAB4XYBR4Y0FG4Y0MB4Y0NR4Y0TG4Y10B4Y11R4Y17G
735078,4XYAB4XYBR4Y0FG4Y0MB4Y0NR4Y0TG4Y10B4Y11R4Y17G
752902,4XYAB4XYBR4Y0FG4Y0MB4Y0NR4Y0TG4Y10B4Y11R4Y17G
752899,4XYAB4XYBR4Y0FG4Y0MB4Y0NR4Y0TG4Y10B4Y11R4Y17G
753237,4XYAB4XYBR4Y0FG4Y0MB4Y0NR4Y0TG4Y10B4Y11R4Y17G
753234,4XYAB4XYBR4Y0FG4Y0MB4Y0NR4Y0TG4Y10B4Y11R4Y17G
752878,4XYAB4XYBR4Y0FG4Y0MB4Y0NR4Y0TG4Y10B4Y11R4Y17G
753232,4XYAB4Y0FG4Y0MB4Y0TG4Y10B4Y17G4Y3BB4Y3IG4Y3PB
753230,4XYAB4XYBR4Y0FG4Y0MB4Y0NR4Y0TG4Y10B4Y11R4Y17G
796800,4XYAB4XYBR4Y0FG4Y0MB4Y0NR4Y0TG4Y10B4Y11R4Y17G
793767,4XYAB4Y0FG4Y0MB4Y0TG4Y10B4Y17G4Y3BB4Y3IG4Y3PB
794421,4XYAB4XYBR4Y0FG4Y0MB4Y0NR4Y0TG4Y10B4Y11R4Y17G
752888,4XYAB4XYBR4Y0FG4Y0MB4Y0NR4Y0TG4Y10B4Y11R4Y17G
752891,4XYAB4XYBR4Y0MB4Y0NR4Y10B4Y11R4Y3BB4Y3CR4Y3PB
752894,4XYAB4XYBR4Y0FG4Y0MB4Y0NR4Y0TG4Y10B4Y11R4Y17G
794428,4XYAB4XYBR4Y0FG4Y0MB4Y0NR4Y0TG4Y10B4Y11R4Y17G
794425,4XYAB4XYBR4Y0FG4Y0MB4Y0NR4Y0TG4Y10B4Y11R4Y17G
752883,4XYAB4XYBR4Y0FG4Y0MB4Y0NR4Y0TG4Y10B4Y11R4Y17G
751145,4XYAB4XYBR4Y0FG4Y0MB4Y0NR4Y0TG4Y10B4Y11R4Y17G
751180,4XYAB4XYBR4Y0FG4Y0MB4Y0NR4Y0TG4Y10B4Y11R4Y17G
751178,4XYAB4XYBR4Y0FG4Y0MB4Y0NR4Y0TG4Y10B4Y11R4Y17G
1016260,4XYAB4XYBR4Y0FG4Y0MB4Y0NR4Y0TG4Y10B4Y11R4Y17G
751173,4XYAB4XYBR4Y0FG4Y0MB4Y0NR4Y0TG4Y10B4Y11R4Y17G
751529,4XYAB4XYBR4Y0FG4Y0MB4Y0NR4Y0TG4Y10B4Y11R4Y17G
752881,4XYAB4XYBR4Y0FG4Y0MB4Y0NR4Y0TG4Y10B4Y11R4Y17G
702984,4XYAB4XYBR4Y0FG4Y0MB4Y0NR4Y0TG4Y10B4Y11R4Y17G
1015062,4XYAB4XYBR4Y0FG4Y0MB4Y0NR4Y0TG4Y10B4Y11R4Y17G
751532,4XYAB4XYBR4Y0FG4Y0MB4Y0NR4Y0TG4Y10B4Y11R4Y17G
751191,4XYAB4XYBR4Y0FG4Y0MB4Y0NR4Y0TG4Y10B4Y11R4Y17G
751186,4XYAB4XYBR4Y0FG4Y0MB4Y0NR4Y0TG4Y10B4Y11R4Y17G
752875,4XYAB4XYBR4Y0FG4Y0MB4Y0NR4Y0TG4Y10B4Y11R4Y17G
751157,4XYAB4XYBR4Y0FG4Y0MB4Y0NR4Y0TG4Y10B4Y11R4Y17G
751155,4XYAB4XYBR4Y0FG4Y0MB4Y0NR4Y0TG4Y10B4Y11R4Y17G
751158,4XYAB4XYBR4Y0FG4Y0MB4Y0NR4Y0TG4Y10B4Y11R4Y17G
751147,4XYAB4XYBR4Y0FG4Y0MB4Y0NR4Y0TG4Y10B4Y11R4Y17G
751171,4XYAB4XYBR4Y0FG4Y0MB4Y0NR4Y0TG4Y10B4Y11R4Y17G
752848,4XYAB4XYBR4Y0FG4Y0MB4Y0NR4Y0TG4Y10B4Y11R4Y17G
751167,4XYAB4XYBR4Y0FG4Y0MB4Y0NR4Y0TG4Y10B4Y11R4Y17G
751588,4XYAB4XYBR4Y0FG4Y0MB4Y0NR4Y0TG4Y10B4Y11R4Y17G
751578,4XYAB4XYBR4Y0FG4Y0MB4Y0NR4Y0TG4Y10B4Y11R4Y17G
751581,4XYAB4XYBR4Y0FG4Y0MB4Y0NR4Y0TG4Y10B4Y11R4Y17G
752847,4XYAB4XYBR4Y0FG4Y0MB4Y0NR4Y0TG4Y10B4Y11R4Y17G
751575,4XYAB4XYDR4Y0FG4Y0MB4Y0PR4Y0TG4Y10B4Y13R4Y17G
701445,4XYAB4XYDR4Y0FG4Y0MB4Y0PR4Y0TG4Y10B4Y13R4Y17G
751571,4XYAB4XYDR4Y0FG4Y0MB4Y0PR4Y0TG4Y10B4Y13R4Y17G
751538,4XYAB4XYDR4Y0FG4Y0MB4Y0PR4Y0TG4Y10B4Y13R4Y17G
751542,4XYAB4XYDR4Y0FG4Y0MB4Y0PR4Y0TG4Y10B4Y13R4Y17G
751539,4XYAB4XYDR4Y0FG4Y0MB4Y0PR4Y0TG4Y10B4Y13R4Y17G
701444,4XYAB4XYDR4Y0FG4Y0MB4Y0PR4Y0TG4Y10B4Y13R4Y17G
751553,4XYAB4XYDR4Y0FG4Y0MB4Y0PR4Y0TG4Y10B4Y13R4Y17G
751556,4XYAB4XYDR4Y0FG4Y0MB4Y0PR4Y0TG4Y10B4Y13R4Y17G
751552,4XYAB4XYDR4Y0FG4Y0MB4Y0PR4Y0TG4Y10B4Y13R4Y17G
825378,4XYAB4XYDR4Y0FG4Y0MB4Y0PR4Y0TG4Y10B4Y13R4Y17G
751549,4XYAB4XYDR4Y0FG4Y0MB4Y0PR4Y0TG4Y10B4Y13R4Y17G
753240,4XYAB4XYDR4Y0FG4Y0MB4Y0PR4Y0TG4Y10B4Y13R4Y17G
748228,4XYAB4XYDR4Y0FG4Y0MB4Y0PR4Y0TG4Y10B4Y13R4Y17G
747903,4XYAB4XYDR4Y0FG4Y0MB4Y0PR4Y0TG4Y10B4Y13R4Y17G
747901,4XYAB4XYDR4Y0FG4Y0MB4Y0PR4Y0TG4Y10B4Y13R4Y17G
735916,4XYAB4XYDR4Y0FG4Y0MB4Y0PR4Y0TG4Y10B4Y13R4Y17G
748240,4XYAB4XYDR4Y0FG4Y0MB4Y0PR4Y0TG4Y10B4Y13R4Y17G
748231,4XYAB4XYDR4Y0FG4Y0MB4Y0PR4Y0TG4Y10B4Y13R4Y17G
828832,4XYAB4Y0FG4Y0MB4Y0TG4Y10B4Y17G4Y3BB4Y3IG4Y3PB
747897,4XYAB4XYDR4Y0FG4Y0MB4Y0PR4Y0TG4Y10B4Y13R4Y17G
751161,4XYAB4XYAB4XYDR4Y0FG4Y0MB4Y0MB4Y0PR4Y0TG4Y10B
747886,4XYAB4XYDR4Y0FG4Y0MB4Y0PR4Y0TG4Y10B4Y13R4Y17G
747883,4XYAB4XYDR4Y0FG4Y0MB4Y0PR4Y0TG4Y10B4Y13R4Y17G
747877,4XYAB4XYDR4Y0FG4Y0MB4Y0PR4Y0TG4Y10B4Y13R4Y17G
747874,4XYAB4Y0FG4Y0MB4Y0TG4Y10B4Y17G4Y3BB4Y3IG4Y3PB
747896,4XYAB4XYDR4Y0FG4Y0MB4Y0PR4Y0TG4Y10B4Y13R4Y17G
747893,4XYAB4XYDR4Y0FG4Y0MB4Y0PR4Y0TG4Y10B4Y13R4Y17G
701449,4XYAB4XYDR4Y0FG4Y0MB4Y0PR4Y0TG4Y10B4Y13R4Y17G
747889,4XYAB4XYDR4Y0FG4Y0MB4Y0PR4Y0TG4Y10B4Y13R4Y17G
701781,4XYAB4XYDR4Y0FG4Y0MB4Y0PR4Y0TG4Y10B4Y13R4Y17G
751567,4XYAB4XYDR4Y0FG4Y0MB4Y0PR4Y0TG4Y10B4Y13R4Y17G
751565,4XYAB4XYDR4Y0FG4Y0MB4Y0PR4Y0TG4Y10B4Y13R4Y17G
735925,4XYAB4XYBR4Y0FG4Y0MB4Y0NR4Y0TG4Y10B4Y11R4Y17G
748246,4XYAB4XYBR4Y0FG4Y0MB4Y0NR4Y0TG4Y10B4Y11R4Y17G
701450,4XYAB4XYBR4Y0FG4Y0MB4Y0NR4Y0TG4Y10B4Y11R4Y17G
749531,4XYAB4XYBR4Y0FG4Y0MB4Y0NR4Y0TG4Y10B4Y11R4Y17G
749528,4XYAB4XYBR4Y0FG4Y0MB4Y0NR4Y0TG4Y10B4Y11R4Y17G
748257,4XYAB4XYBR4Y0FG4Y0MB4Y0NR4Y0TG4Y10B4Y11R4Y17G
828830,4XYAB4XYBR4Y0FG4Y0MB4Y0NR4Y0TG4Y10B4Y11R4Y17G
753269,4XYAB4XYBR4Y0FG4Y0MB4Y0NR4Y0TG4Y10B4Y11R4Y17G
753266,4XYAB4Y0FG4Y0MB4Y0TG4Y10B4Y17G4Y3BB4Y3IG4Y3PB
796569,4XYAB4XYBR4Y0FG4Y0MB4Y0NR4Y0TG4Y10B4Y11R4Y17G
735090,4XYAB4XYBR4Y0FG4Y0MB4Y0NR4Y0TG4Y10B4Y11R4Y17G
747831,4XYAB4XYBR4Y0FG4Y0MB4Y0NR4Y0TG4Y10B4Y11R4Y17G
747834,4XYAB4XYBR4Y0FG4Y0MB4Y0NR4Y0TG4Y10B4Y11R4Y17G
828825,4XYAB4XYBR4Y0FG4Y0MB4Y0NR4Y0TG4Y10B4Y11R4Y17G
747829,4XYAB4XYBR4Y0FG4Y0MB4Y0NR4Y0TG4Y10B4Y11R4Y17G
701448,4XYAB4Y0FG4Y0MB4Y0TG4Y10B4Y17G4Y3BB4Y3IG4Y3PB
735085,4XYAB4XYBR4Y0FG4Y0MB4Y0NR4Y0TG4Y10B4Y11R4Y17G
753247,4XYAB4XYBR4Y0FG4Y0MB4Y0NR4Y0TG4Y10B4Y11R4Y17G
753243,4XYAB4XYBR4Y0FG4Y0MB4Y0NR4Y0TG4Y10B4Y11R4Y17G
753245,4XYAB4XYBR4Y0FG4Y0MB4Y0NR4Y0TG4Y10B4Y11R4Y17G
784738,4XYAB4XYBR4Y0FG4Y0MB4Y0NR4Y0TG4Y10B4Y11R4Y17G
701447,4XYAB4XYBR4Y0FG4Y0MB4Y0NR4Y0TG4Y10B4Y11R4Y17G
753251,4XYAB4XYBR4Y0FG4Y0MB4Y0NR4Y0TG4Y10B4Y11R4Y17G
753255,4XYAB4XYBR4Y0FG4Y0MB4Y0NR4Y0TG4Y10B4Y11R4Y17G
749536,4XYAB4XYBR4Y0FG4Y0MB4Y0NR4Y0TG4Y10B4Y11R4Y17G
784739,4XYAB4XYBR4Y0FG4Y0MB4Y0NR4Y0TG4Y10B4Y11R4Y17G
791024,4XYAB4Y0FG4Y0MB4Y0TG4Y10B4Y17G4Y3BB4Y3IG4Y3PB
791020,4XYAB4XYBR4Y0FG4Y0MB4Y0NR4Y0TG4Y10B4Y11R4Y17G
701783,4XYAB4XYBR4Y0FG4Y0MB4Y0NR4Y0TG4Y10B4Y11R4Y17G
828833,4XYAB4XYBR4Y0FG4Y0MB4Y0NR4Y0TG4Y10B4Y11R4Y17G
748251,4XYAB4XYBR4Y0FG4Y0MB4Y0NR4Y0TG4Y10B4Y11R4Y17G
701779,4XYAB4XYDR4Y0FG4Y0MB4Y0PR4Y0TG4Y10B4Y13R4Y17G
747872,4XYAB4XYDR4Y0FG4Y0MB4Y0PR4Y0TG4Y10B4Y13R4Y17G
796159,4XYAB4XYDR4Y0FG4Y0MB4Y0PR4Y0TG4Y10B4Y13R4Y17G
780910,4XYAB4XYDR4Y0FG4Y0MB4Y0PR4Y0TG4Y10B4Y13R4Y17G
796152,4XYAB4XYDR4Y0FG4Y0MB4Y0PR4Y0TG4Y10B4Y13R4Y17G
796143,4XYAB4XYDR4Y0FG4Y0MB4Y0PR4Y0TG4Y10B4Y13R4Y17G
747846,4XYAB4XYDR4Y0FG4Y0MB4Y0PR4Y0TG4Y10B4Y13R4Y17G
747842,4XYAB4XYDR4Y0FG4Y0MB4Y0PR4Y0TG4Y10B4Y13R4Y17G
747839,4XYAB4XYDR4Y0FG4Y0MB4Y0PR4Y0TG4Y10B4Y13R4Y17G
996218,4XYAB4XYDR4Y0FG4Y0MB4Y0PR4Y0TG4Y10B4Y13R4Y17G
733585,4XYAB4XYDR4Y0FG4Y0MB4Y0PR4Y0TG4Y10B4Y13R4Y17G
747857,4XYAB4Y0FG4Y0MB4Y0TG4Y10B4Y17G4Y3BB4Y3IG4Y3PB
747853,4XYAB4XYDR4Y0FG4Y0MB4Y0PR4Y0TG4Y10B4Y13R4Y17G
791178,4XYAB4XYDR4Y0FG4Y0MB4Y0PR4Y0TG4Y10B4Y13R4Y17G
739041,4XYAB4XYDR4Y0FG4Y0MB4Y0PR4Y0TG4Y10B4Y13R4Y17G
753252,4XYAB4XYDR4Y0FG4Y0MB4Y0PR4Y0TG4Y10B4Y13R4Y17G
796148,4XYAB4XYDR4Y0FG4Y0MB4Y0PR4Y0TG4Y10B4Y13R4Y17G
1003840,4XYAB4Y0FG4Y0MB4Y0TG4Y10B4Y17G4Y3BB4Y3IG4Y3PB
796142,4XYAB4XYDR4Y0FG4Y0MB4Y0PR4Y0TG4Y10B4Y13R4Y17G
796211,4XYAB4XYDR4Y0FG4Y0MB4Y0PR4Y0TG4Y10B4Y13R4Y17G
781632,4XYAB4XYDR4Y0FG4Y0MB4Y0PR4Y0TG4Y10B4Y13R4Y17G
796207,4XYAB4XYDR4Y0FG4Y0MB4Y0PR4Y0TG4Y10B4Y13R4Y17G
796209,4XYAB4XYDR4Y0FG4Y0MB4Y0PR4Y0TG4Y10B4Y13R4Y17G
796223,4XYAB4Y0FG4Y0MB4Y0TG4Y10B4Y17G4Y3BB4Y3IG4Y3PB
796221,4XYAB4XYDR4Y0FG4Y0MB4Y0PR4Y0TG4Y10B4Y13R4Y17G
739042,4XYAB4XYDR4Y0FG4Y0MB4Y0PR4Y0TG4Y10B4Y13R4Y17G
796218,4XYAB4XYDR4Y0FG4Y0MB4Y0PR4Y0TG4Y10B4Y13R4Y17G
792795,4XYAB4XYDR4Y0FG4Y0MB4Y0PR4Y0TG4Y10B4Y13R4Y17G
792819,4XYAB4XYDR4Y0FG4Y0MB4Y0PR4Y0TG4Y10B4Y13R4Y17G
792817,4XYAB4XYDR4Y0FG4Y0MB4Y0PR4Y0TG4Y10B4Y13R4Y17G
792814,4XYAB4XYDR4Y0FG4Y0MB4Y0PR4Y0TG4Y10B4Y13R4Y17G
796229,4XYAB4XYDR4Y0FG4Y0MB4Y0PR4Y0TG4Y10B4Y13R4Y17G
826948,4XYAB4XYDR4Y0FG4Y0MB4Y0PR4Y0TG4Y10B4Y13R4Y17G
1022890,4XYAB4XYDR4Y0FG4Y0MB4Y0PR4Y0TG4Y10B4Y13R4Y17G
792828,4XYAB4XYDR4Y0FG4Y0MB4Y0PR4Y0TG4Y10B4Y13R4Y17G
792824,4XYAB4XYDR4Y0FG4Y0MB4Y0PR4Y0TG4Y10B4Y13R4Y17G
792810,4XYAB4XYDR4Y0FG4Y0MB4Y0PR4Y0TG4Y10B4Y13R4Y17G
701816,4XYDR4Y0FG4Y0PR4Y0TG4Y13R4Y17G4Y3ER4Y3IG4Y3SR
792794,4XYAB4XYDR4Y0FG4Y0MB4Y0PR4Y0TG4Y10B4Y13R4Y17G
792459,4XYAB4XYDR4Y0FG4Y0MB4Y0PR4Y0TG4Y10B4Y13R4Y17G
792457,4XYAB4XYDR4Y0FG4Y0MB4Y0PR4Y0TG4Y10B4Y13R4Y17G
792803,4XYAB4XYDR4Y0FG4Y0MB4Y0PR4Y0TG4Y10B4Y13R4Y17G
792807,4XYAB4Y0FG4Y0MB4Y0TG4Y10B4Y17G4Y3BB4Y3IG4Y3PB
792447,4XYAB4XYDR4Y0FG4Y0MB4Y0PR4Y0TG4Y10B4Y13R4Y17G
792796,4XYAB4XYDR4Y0FG4Y0MB4Y0PR4Y0TG4Y10B4Y13R4Y17G
701819,4XYAB4Y0FG4Y0MB4Y0TG4Y10B4Y17G4Y3BB4Y3IG4Y3PB
791138,4XYAB4XYDR4Y0FG4Y0MB4Y0PR4Y0TG4Y10B4Y13R4Y17G
791087,4XYAB4XYAB4XYDR4Y0FG4Y0MB4Y0MB4Y0PR4Y0TG4Y10B
911434,4XYAB4XYDR4Y0FG4Y0MB4Y0PR4Y0TG4Y10B4Y13R4Y17G
792452,4XYAB4XYDR4Y0FG4Y0MB4Y0PR4Y0TG4Y10B4Y13R4Y17G
791079,4XYAB4XYDR4Y0FG4Y0MB4Y0PR4Y0TG4Y10B4Y13R4Y17G
791075,4XYAB4XYDR4Y0FG4Y0MB4Y0PR4Y0TG4Y10B4Y13R4Y17G
791103,4XYAB4XYDR4Y0FG4Y0MB4Y0PR4Y0TG4Y10B4Y13R4Y17G
791182,4XYAB4XYDR4Y0FG4Y0MB4Y0PR4Y0TG4Y10B4Y13R4Y17G
701808,4XYAB4XYDR4Y0FG4Y0MB4Y0PR4Y0TG4Y10B4Y13R4Y17G
794512,4XYAB4XYBR4Y0FG4Y0MB4Y0NR4Y0TG4Y10B4Y11R4Y17G
794509,4XYAB4XYBR4Y0FG4Y0MB4Y0NR4Y0TG4Y10B4Y11R4Y17G
791091,4XYAB4XYBR4Y0FG4Y0MB4Y0NR4Y0TG4Y10B4Y11R4Y17G
791136,4XYAB4XYBR4Y0FG4Y0MB4Y0NR4Y0TG4Y10B4Y11R4Y17G
1022872,4XYAB4XYBR4Y0FG4Y0MB4Y0NR4Y0TG4Y10B4Y11R4Y17G
791099,4XYAB4XYBR4Y0FG4Y0MB4Y0NR4Y0TG4Y10B4Y11R4Y17G
791095,4XYAB4XYBR4Y0FG4Y0MB4Y0NR4Y0TG4Y10B4Y11R4Y17G
1022870,4XYAB4XYBR4Y0FG4Y0MB4Y0NR4Y0TG4Y10B4Y11R4Y17G
794506,4XYAB4XYBR4Y0FG4Y0MB4Y0NR4Y0TG4Y10B4Y11R4Y17G
794503,4XYAB4XYBR4Y0FG4Y0MB4Y0NR4Y0TG4Y10B4Y11R4Y17G
783199,4XYAB4XYBR4Y0FG4Y0MB4Y0NR4Y0TG4Y10B4Y11R4Y17G
794513,4XYAB4Y0FG4Y0MB4Y0TG4Y10B4Y17G4Y3BB4Y3IG4Y3PB
797622,4XYAB4XYBR4Y0FG4Y0MB4Y0NR4Y0TG4Y10B4Y11R4Y17G
778716,4XYAB4XYBR4Y0FG4Y0MB4Y0NR4Y0TG4Y10B4Y11R4Y17G
828853,4XYAB4XYDR4Y0FG4Y0MB4Y0PR4Y0TG4Y10B4Y13R4Y17G
791037,4XYAB4XYDR4Y0FG4Y0MB4Y0PR4Y0TG4Y10B4Y13R4Y17G
749569,4XYAB4Y0FG4Y0MB4Y0TG4Y10B4Y17G4Y3BB4Y3IG4Y3PB
735979,4XYAB4XYDR4Y0FG4Y0MB4Y0PR4Y0TG4Y10B4Y13R4Y17G
701452,4XYAB4XYDR4Y0FG4Y0MB4Y0PR4Y0TG4Y10B4Y13R4Y17G
701815,4XYAB4XYBR4Y0FG4Y0MB4Y0NR4Y0TG4Y10B4Y11R4Y17G
1010063,4XYAB4XYDR4Y0FG4Y0MB4Y0PR4Y0TG4Y10B4Y13R4Y17G
749613,4XYAB4XYDR4Y0FG4Y0MB4Y0PR4Y0TG4Y10B4Y13R4Y17G
749597,4XYAB4XYDR4Y0FG4Y0MB4Y0PR4Y0TG4Y10B4Y13R4Y17G
749600,4XYAB4XYDR4Y0FG4Y0MB4Y0PR4Y0TG4Y10B4Y13R4Y17G
1021343,4XYAB4XYDR4Y0FG4Y0MB4Y0PR4Y0TG4Y10B4Y13R4Y17G
791130,4XYAB4XYBR4Y0FG4Y0MB4Y0NR4Y0TG4Y10B4Y11R4Y17G
793138,4XYAB4XYDR4Y0FG4Y0MB4Y0PR4Y0TG4Y10B4Y13R4Y17G
736165,4XYAB4XYDR4Y0FG4Y0MB4Y0PR4Y0TG4Y10B4Y13R4Y17G
735276,4XYAB4XYDR4Y0FG4Y0MB4Y0PR4Y0TG4Y10B4Y13R4Y17G
701792,4XYAB4XYDR4Y0FG4Y0MB4Y0PR4Y0TG4Y10B4Y13R4Y17G
735277,4XYAB4XYDR4Y0FG4Y0MB4Y0PR4Y0TG4Y10B4Y13R4Y17G
783175,4XYAB4XYDR4Y0FG4Y0MB4Y0PR4Y0TG4Y10B4Y13R4Y17G
791122,4XYAB4XYBR4Y0FG4Y0MB4Y0NR4Y0TG4Y10B4Y11R4Y17G
712577,4XYAB4XYBR4Y0FG4Y0MB4Y0NR4Y0TG4Y10B4Y11R4Y17G
712574,4XYAB4XYBR4Y0FG4Y0MB4Y0NR4Y0TG4Y10B4Y11R4Y17G
712571,4XYAB4XYBR4Y0FG4Y0MB4Y0NR4Y0TG4Y10B4Y11R4Y17G
712569,4XYAB4XYBR4Y0FG4Y0MB4Y0NR4Y0TG4Y10B4Y11R4Y17G
712583,4XYAB4XYBR4Y0FG4Y0MB4Y0NR4Y0TG4Y10B4Y11R4Y17G
826916,4XYAB4XYBR4Y0FG4Y0MB4Y0NR4Y0TG4Y10B4Y11R4Y17G
791132,4XYAB4XYBR4Y0FG4Y0MB4Y0NR4Y0TG4Y10B4Y11R4Y17G
712582,4XYAB4XYBR4Y0FG4Y0MB4Y0NR4Y0TG4Y10B4Y11R4Y17G
777919,4XYAB4XYBR4Y0FG4Y0MB4Y0NR4Y0TG4Y10B4Y11R4Y17G
739153,4XYAB4XYBR4Y0FG4Y0MB4Y0NR4Y0TG4Y10B4Y11R4Y17G
712557,4XYAB4XYBR4Y0FG4Y0MB4Y0NR4Y0TG4Y10B4Y11R4Y17G
748112,4XYAB4XYBR4Y0FG4Y0MB4Y0NR4Y0TG4Y10B4Y11R4Y17G
712554,4XYAB4Y0FG4Y0MB4Y0TG4Y10B4Y17G4Y3BB4Y3IG4Y3PB
712555,4XYAB4XYBR4Y0FG4Y0MB4Y0NR4Y0TG4Y10B4Y11R4Y17G
712566,4XYAB4XYBR4Y0FG4Y0MB4Y0NR4Y0TG4Y10B4Y11R4Y17G
712559,4XYAB4Y0FG4Y0MB4Y0TG4Y10B4Y17G4Y3BB4Y3IG4Y3PB
712561,4XYAB4XYBR4Y0FG4Y0MB4Y0NR4Y0TG4Y10B4Y11R4Y17G
749859,4XYAB4Y0FG4Y0MB4Y0TG4Y10B4Y17G4Y3BB4Y3IG4Y3PB
794908,4XYAB4XYBR4Y0FG4Y0MB4Y0NR4Y0TG4Y10B4Y11R4Y17G
749876,4XYAB4XYBR4Y0FG4Y0MB4Y0NR4Y0TG4Y10B4Y11R4Y17G
739159,4XYAB4XYBR4Y0FG4Y0MB4Y0NR4Y0TG4Y10B4Y11R4Y17G
749872,4XYAB4XYBR4Y0FG4Y0MB4Y0NR4Y0TG4Y10B4Y11R4Y17G
749870,4XYAB4XYBR4Y0FG4Y0MB4Y0NR4Y0TG4Y10B4Y11R4Y17G
749887,4XYAB4XYBR4Y0FG4Y0MB4Y0NR4Y0TG4Y10B4Y11R4Y17G
749878,4XYAB4XYBR4Y0FG4Y0MB4Y0NR4Y0TG4Y10B4Y11R4Y17G
749883,4XYAB4XYBR4Y0FG4Y0MB4Y0NR4Y0TG4Y10B4Y11R4Y17G
739161,4XYAB4XYBR4Y0FG4Y0MB4Y0NR4Y0TG4Y10B4Y11R4Y17G
749874,4XYAB4XYBR4Y0FG4Y0MB4Y0NR4Y0TG4Y10B4Y11R4Y17G
749860,4XYAB4XYBR4Y0FG4Y0MB4Y0NR4Y0TG4Y10B4Y11R4Y17G
796200,4XYAB4XYBR4Y0FG4Y0MB4Y0NR4Y0TG4Y10B4Y11R4Y17G
739154,4XYAB4XYDR4Y0FG4Y0MB4Y0PR4Y0TG4Y10B4Y13R4Y17G
749864,4XYAB4XYBR4Y0FG4Y0MB4Y0NR4Y0TG4Y10B4Y11R4Y17G
749865,4XYAB4XYBR4Y0FG4Y0MB4Y0NR4Y0TG4Y10B4Y11R4Y17G
749868,4XYAB4XYDR4Y0FG4Y0MB4Y0PR4Y0TG4Y10B4Y13R4Y17G
748099,4XYAB4XYBR4Y0FG4Y0MB4Y0NR4Y0TG4Y10B4Y11R4Y17G
747145,4XYAB4XYDR4Y0FG4Y0MB4Y0PR4Y0TG4Y10B4Y13R4Y17G
747138,4XYAB4XYBR4Y0FG4Y0MB4Y0NR4Y0TG4Y10B4Y11R4Y17G
748050,4XYAB4XYDR4Y0FG4Y0MB4Y0PR4Y0TG4Y10B4Y13R4Y17G
700543,4XYAB4XYBR4Y0FG4Y0MB4Y0NR4Y0TG4Y10B4Y11R4Y17G
794906,4XYAB4XYBR4Y0FG4Y0MB4Y0NR4Y0TG4Y10B4Y11R4Y17G
748051,4XYAB4XYDR4Y0FG4Y0MB4Y0PR4Y0TG4Y10B4Y13R4Y17G
748045,4XYAB4XYBR4Y0FG4Y0MB4Y0NR4Y0TG4Y10B4Y11R4Y17G
747125,4XYAB4XYDR4Y0FG4Y0MB4Y0PR4Y0TG4Y10B4Y13R4Y17G
737773,4XYAB4XYBR4Y0FG4Y0MB4Y0NR4Y0TG4Y10B4Y11R4Y17G
1024062,4XYAB4XYDR4Y0FG4Y0MB4Y0PR4Y0TG4Y10B4Y13R4Y17G
792837,4XYAB4XYAB4XYBR4Y0FG4Y0MB4Y0MB4Y0NR4Y0TG4Y10B
796636,4XYAB4XYDR4Y0FG4Y0MB4Y0PR4Y0TG4Y10B4Y13R4Y17G
995496,4XYAB4XYBR4Y0FG4Y0MB4Y0NR4Y0TG4Y10B4Y11R4Y17G
747126,4XYAB4XYDR4Y0FG4Y0MB4Y0PR4Y0TG4Y10B4Y13R4Y17G
737775,4XYAB4XYBR4Y0FG4Y0MB4Y0NR4Y0TG4Y10B4Y11R4Y17G
791140,4XYAB4XYBR4Y0FG4Y0MB4Y0NR4Y0TG4Y10B4Y11R4Y17G
748068,4XYAB4XYDR4Y0FG4Y0MB4Y0PR4Y0TG4Y10B4Y13R4Y17G
748097,4XYAB4XYBR4Y0FG4Y0MB4Y0NR4Y0TG4Y10B4Y11R4Y17G
748090,4XYAB4XYDR4Y0FG4Y0MB4Y0PR4Y0TG4Y10B4Y13R4Y17G
748087,4XYAB4XYDR4Y0FG4Y0MB4Y0PR4Y0TG4Y10B4Y13R4Y17G
748110,4XYAB4XYDR4Y0FG4Y0MB4Y0PR4Y0TG4Y10B4Y13R4Y17G
748101,4XYAB4XYDR4Y0FG4Y0MB4Y0PR4Y0TG4Y10B4Y13R4Y17G
748105,4XYAB4XYAB4XYDR4Y0FG4Y0MB4Y0MB4Y0PR4Y0TG4Y10B
748103,4XYAB4XYDR4Y0FG4Y0MB4Y0PR4Y0TG4Y10B4Y13R4Y17G
748067,4XYAB4XYDR4Y0FG4Y0MB4Y0PR4Y0TG4Y10B4Y13R4Y17G
748064,4XYAB4XYDR4Y0FG4Y0MB4Y0PR4Y0TG4Y10B4Y13R4Y17G
791110,4XYAB4XYBR4Y0FG4Y0MB4Y0NR4Y0TG4Y10B4Y11R4Y17G
700544,4XYAB4XYDR4Y0FG4Y0MB4Y0PR4Y0TG4Y10B4Y13R4Y17G
748057,4XYAB4XYDR4Y0FG4Y0MB4Y0PR4Y0TG4Y10B4Y13R4Y17G
706855,4XYAB4XYDR4Y0FG4Y0MB4Y0PR4Y0TG4Y10B4Y13R4Y17G
737371,4XYAB4XYDR4Y0FG4Y0MB4Y0PR4Y0TG4Y10B4Y13R4Y17G
794544,4XYAB4XYDR4Y0FG4Y0MB4Y0PR4Y0TG4Y10B4Y13R4Y17G
794884,4XYAB4XYDR4Y0FG4Y0MB4Y0PR4Y0TG4Y10B4Y13R4Y17G
706879,4XYAB4XYDR4Y0FG4Y0MB4Y0PR4Y0TG4Y10B4Y13R4Y17G
794540,4XYAB4XYDR4Y0FG4Y0MB4Y0PR4Y0TG4Y10B4Y13R4Y17G
736540,4XYAB4XYDR4Y0FG4Y0MB4Y0PR4Y0TG4Y10B4Y13R4Y17G
706874,4XYAB4XYDR4Y0FG4Y0MB4Y0PR4Y0TG4Y10B4Y13R4Y17G
1022871,4XYAB4XYBR4Y0FG4Y0MB4Y0NR4Y0TG4Y10B4Y11R4Y17G
794531,4XYAB4XYDR4Y0FG4Y0MB4Y0PR4Y0TG4Y10B4Y13R4Y17G
794530,4XYAB4XYDR4Y0FG4Y0MB4Y0PR4Y0TG4Y10B4Y13R4Y17G
737370,4XYAB4Y0FG4Y0MB4Y0TG4Y10B4Y17G4Y3BB4Y3IG4Y3PB
794894,4XYAB4XYDR4Y0FG4Y0MB4Y0PR4Y0TG4Y10B4Y13R4Y17G
749942,4XYAB4XYDR4Y0FG4Y0MB4Y0PR4Y0TG4Y10B4Y13R4Y17G
784743,4XYAB4XYDR4Y0FG4Y0MB4Y0PR4Y0TG4Y10B4Y13R4Y17G
734907,4XYAB4XYDR4Y0FG4Y0MB4Y0PR4Y0TG4Y10B4Y13R4Y17G
791418,4XYAB4XYDR4Y0FG4Y0MB4Y0PR4Y0TG4Y10B4Y13R4Y17G
701752,4XYAB4XYDR4Y0FG4Y0MB4Y0PR4Y0TG4Y10B4Y13R4Y17G
749937,4XYAB4XYDR4Y0FG4Y0MB4Y0PR4Y0TG4Y10B4Y13R4Y17G
791107,4XYAB4XYBR4Y0FG4Y0MB4Y0NR4Y0TG4Y10B4Y11R4Y17G
791425,4XYAB4XYDR4Y0FG4Y0MB4Y0PR4Y0TG4Y10B4Y13R4Y17G
792719,4XYAB4XYDR4Y0FG4Y0MB4Y0PR4Y0TG4Y10B4Y13R4Y17G
792724,4XYAB4XYDR4Y0FG4Y0MB4Y0PR4Y0TG4Y10B4Y13R4Y17G
791432,4XYAB4XYDR4Y0FG4Y0MB4Y0PR4Y0TG4Y10B4Y13R4Y17G
1003860,4XYAB4XYDR4Y0FG4Y0MB4Y0PR4Y0TG4Y10B4Y13R4Y17G
734912,4XYAB4XYDR4Y0FG4Y0MB4Y0PR4Y0TG4Y10B4Y13R4Y17G
792729,4XYAB4XYDR4Y0FG4Y0MB4Y0PR4Y0TG4Y10B4Y13R4Y17G
749580,4XYAB4XYDR4Y0FG4Y0MB4Y0PR4Y0TG4Y10B4Y13R4Y17G
701451,4XYAB4XYDR4Y0FG4Y0MB4Y0PR4Y0TG4Y10B4Y13R4Y17G
791111,4XYAB4XYBR4Y0FG4Y0MB4Y0NR4Y0TG4Y10B4Y11R4Y17G
740480,4Y0DB4Y0KB4Y0RB4Y0XG4Y0YB4Y15B4Y39B4Y3GB4Y3MG
792782,4Y0DB4Y0KB4Y0RB4Y0XG4Y0YB4Y15B4Y39B4Y3GB4Y3MG
711927,4Y0DB4Y0KB4Y0RB4Y0XG4Y0YB4Y15B4Y39B4Y3GB4Y3MG
1021345,4Y0DB4Y0KB4Y0RB4Y0XG4Y0YB4Y15B4Y39B4Y3GB4Y3MG
740454,4Y0DB4Y0KB4Y0RB4Y0XG4Y0YB4Y15B4Y39B4Y3GB4Y3MG
736129,4Y0DB4Y0KB4Y0RB4Y0XG4Y0YB4Y15B4Y39B4Y3GB4Y3MG
736132,4Y0DB4Y0KB4Y0RB4Y0XG4Y0YB4Y15B4Y39B4Y3GB4Y3MG
711906,4Y0DB4Y0KB4Y0RB4Y0XG4Y0YB4Y15B4Y39B4Y3GB4Y3MG
792779,4Y0DB4Y0KB4Y0RB4Y0XG4Y0YB4Y15B4Y39B4Y3GB4Y3MG
736134,4Y0DB4Y0KB4Y0RB4Y0XG4Y0YB4Y15B4Y39B4Y3GB4Y3MG
711883,4Y0DB4Y0KB4Y0RB4Y0XG4Y0YB4Y15B4Y39B4Y3GB4Y3MG
711902,4Y0DB4Y0KB4Y0RB4Y0XG4Y0YB4Y15B4Y39B4Y3GB4Y3MG
711897,4Y0DB4Y0KB4Y0RB4Y0XG4Y0YB4Y15B4Y39B4Y3GB4Y3MG
711888,4Y0DB4Y0KB4Y0RB4Y0XG4Y0YB4Y15B4Y39B4Y3GB4Y3MG
793154,4Y0DB4Y0KB4Y0RB4Y0XG4Y0YB4Y15B4Y39B4Y3GB4Y3MG
793158,4Y0DB4Y0KB4Y0RB4Y0XG4Y0YB4Y15B4Y39B4Y3GB4Y3MG
706854,4Y0DB4Y0KB4Y0RB4Y0XG4Y0YB4Y15B4Y39B4Y3GB4Y3MG
794474,4Y0DB4Y0KB4Y0RB4Y0XG4Y0YB4Y15B4Y39B4Y3GB4Y3MG
706847,4Y0DB4Y0KB4Y0RB4Y0XG4Y0YB4Y15B4Y39B4Y3GB4Y3MG
794477,4Y0DB4Y0KB4Y0RB4Y0XG4Y0YB4Y15B4Y39B4Y3GB4Y3MG
793155,4Y0DB4Y0KB4Y0RB4Y0XG4Y0YB4Y15B4Y39B4Y3GB4Y3MG
783176,4Y0DB4Y0KB4Y0RB4Y0XG4Y0YB4Y15B4Y39B4Y3GB4Y3MG
736171,4Y0DB4Y0KB4Y0RB4Y0XG4Y0YB4Y15B4Y39B4Y3GB4Y3MG
711899,4Y0DB4Y0KB4Y0RB4Y0XG4Y0YB4Y15B4Y39B4Y3GB4Y3MG
792736,4Y0DB4Y0KB4Y0RB4Y0XG4Y0YB4Y15B4Y39B4Y3GB4Y3MG
791034,4Y0DB4Y0KB4Y0RB4Y0XG4Y0YB4Y15B4Y39B4Y3GB4Y3MG
749588,4Y0DB4Y0KB4Y0RB4Y0XG4Y0YB4Y15B4Y39B4Y3GB4Y3MG
749581,4Y0DB4Y0KB4Y0RB4Y0XG4Y0YB4Y15B4Y39B4Y3GB4Y3MG
734913,4Y0DB4Y0KB4Y0RB4Y0XG4Y0YB4Y15B4Y39B4Y3GB4Y3MG
791428,4Y0DB4Y0KB4Y0RB4Y0XG4Y0YB4Y15B4Y39B4Y3GB4Y3MG
792723,4Y0DB4Y0KB4Y0RB4Y0XG4Y0YB4Y15B4Y39B4Y3GB4Y3MG
791442,4Y0DB4Y0KB4Y0RB4Y0XG4Y0YB4Y15B4Y39B4Y3GB4Y3MG
735987,4Y0DB4Y0KB4Y0RB4Y0XG4Y0YB4Y15B4Y39B4Y3GB4Y3MG
749621,4Y0DB4Y0KB4Y0RB4Y0XG4Y0YB4Y15B4Y39B4Y3GB4Y3MG
791422,4Y0DB4Y0KB4Y0RB4Y0XG4Y0YB4Y15B4Y39B4Y3GB4Y3MG
793129,4Y0DB4Y0KB4Y0RB4Y0XG4Y0YB4Y15B4Y39B4Y3GB4Y3MG
794896,4Y0DB4Y0KB4Y0RB4Y0XG4Y0YB4Y15B4Y39B4Y3GB4Y3MG
706876,4Y0DB4Y0KB4Y0RB4Y0XG4Y0YB4Y15B4Y39B4Y3GB4Y3MG
706882,4Y0DB4Y0KB4Y0RB4Y0XG4Y0YB4Y15B4Y39B4Y3GB4Y3MG
736534,4Y0DB4Y0KB4Y0RB4Y0XG4Y0YB4Y15B4Y39B4Y3GB4Y3MG
706866,4Y0DB4Y0KB4Y0RB4Y0XG4Y0YB4Y15B4Y39B4Y3GB4Y3MG
706881,4Y0DB4Y0KB4Y0RB4Y0XG4Y0YB4Y15B4Y39B4Y3GB4Y3MG
794893,4Y0DB4Y0KB4Y0RB4Y0XG4Y0YB4Y15B4Y39B4Y3GB4Y3MG
794897,4Y0DB4Y0KB4Y0RB4Y0XG4Y0YB4Y15B4Y39B4Y3GB4Y3MG
824188,4Y0DB4Y0KB4Y0RB4Y0XG4Y0YB4Y15B4Y39B4Y3GB4Y3MG
783173,4Y0DB4Y0KB4Y0RB4Y0XG4Y0YB4Y15B4Y39B4Y3GB4Y3MG
736166,4Y0DB4Y0KB4Y0RB4Y0XG4Y0YB4Y15B4Y39B4Y3GB4Y3MG
793148,4Y0DB4Y0KB4Y0RB4Y0XG4Y0YB4Y15B4Y39B4Y3GB4Y3MG
740479,4Y0DB4Y0KB4Y0RB4Y0XG4Y0YB4Y15B4Y39B4Y3GB4Y3MG
735980,4Y0DB4Y0KB4Y0RB4Y0XG4Y0YB4Y15B4Y39B4Y3GB4Y3MG
735978,4Y0DB4Y0KB4Y0RB4Y0XG4Y0YB4Y15B4Y39B4Y3GB4Y3MG
749611,4Y0DB4Y0KB4Y0RB4Y0XG4Y0YB4Y15B4Y39B4Y3GB4Y3MG
791040,4Y0DB4Y0KB4Y0RB4Y0XG4Y0YB4Y15B4Y39B4Y3GB4Y3MG
748330,4Y0DB4Y0KB4Y0RB4Y0XG4Y0YB4Y15B4Y39B4Y3GB4Y3MG
748002,4Y0DB4Y0KB4Y0RB4Y0XG4Y0YB4Y15B4Y39B4Y3GB4Y3MG
748007,4Y0DB4Y0KB4Y0RB4Y0XG4Y0YB4Y15B4Y39B4Y3GB4Y3MG
748009,4Y0DB4Y0KB4Y0RB4Y0XG4Y0YB4Y15B4Y39B4Y3GB4Y3MG
752038,4Y0DB4Y0KB4Y0RB4Y0XG4Y0YB4Y15B4Y39B4Y3GB4Y3MG
751736,4Y0DB4Y0KB4Y0RB4Y0XG4Y0YB4Y15B4Y39B4Y3GB4Y3MG
751738,4Y0DB4Y0KB4Y0RB4Y0XG4Y0YB4Y15B4Y39B4Y3GB4Y3MG
747983,4Y0DB4Y0KB4Y0RB4Y0XG4Y0YB4Y15B4Y39B4Y3GB4Y3MG
751735,4Y0DB4Y0KB4Y0RB4Y0XG4Y0YB4Y15B4Y39B4Y3GB4Y3MG
752044,4Y0DB4Y0KB4Y0RB4Y0XG4Y0YB4Y15B4Y39B4Y3GB4Y3MG
740455,4Y0DB4Y0KB4Y0RB4Y0XG4Y0YB4Y15B4Y39B4Y3GB4Y3MG
748346,4Y0DB4Y0KB4Y0RB4Y0XG4Y0YB4Y15B4Y39B4Y3GB4Y3MG
752099,4Y0DB4Y0KB4Y0RB4Y0XG4Y0YB4Y15B4Y39B4Y3GB4Y3MG
740464,4Y0DB4Y0KB4Y0RB4Y0XG4Y0YB4Y15B4Y39B4Y3GB4Y3MG
748358,4Y0DB4Y0KB4Y0RB4Y0XG4Y0YB4Y15B4Y39B4Y3GB4Y3MG
748359,4Y0DB4Y0KB4Y0RB4Y0XG4Y0YB4Y15B4Y39B4Y3GB4Y3MG
781614,4Y0DB4Y0KB4Y0RB4Y0XG4Y0YB4Y15B4Y39B4Y3GB4Y3MG
706873,4Y0DB4Y0KB4Y0RB4Y0XG4Y0YB4Y15B4Y39B4Y3GB4Y3MG
794541,4Y0DB4Y0KB4Y0RB4Y0XG4Y0YB4Y15B4Y39B4Y3GB4Y3MG
706861,4Y0DB4Y0KB4Y0RB4Y0XG4Y0YB4Y15B4Y39B4Y3GB4Y3MG
783201,4Y0DB4Y0KB4Y0RB4Y0XG4Y0YB4Y15B4Y39B4Y3GB4Y3MG
747999,4Y0DB4Y0KB4Y0RB4Y0XG4Y0YB4Y15B4Y39B4Y3GB4Y3MG
748001,4Y0DB4Y0KB4Y0RB4Y0XG4Y0YB4Y15B4Y39B4Y3GB4Y3MG
748334,4Y0DB4Y0KB4Y0RB4Y0XG4Y0YB4Y15B4Y39B4Y3GB4Y3MG
750451,4Y0DB4Y0KB4Y0RB4Y0XG4Y0YB4Y15B4Y39B4Y3GB4Y3MG
795453,4Y0DB4Y0KB4Y0RB4Y0XG4Y0YB4Y15B4Y39B4Y3GB4Y3MG
795452,4Y0DB4Y0KB4Y0RB4Y0XG4Y0YB4Y15B4Y39B4Y3GB4Y3MG
733787,4Y0DB4Y0KB4Y0RB4Y0XG4Y0YB4Y15B4Y39B4Y3GB4Y3MG
795447,4Y0DB4Y0KB4Y0RB4Y0XG4Y0YB4Y15B4Y39B4Y3GB4Y3MG
795450,4Y0DB4Y0KB4Y0RB4Y0XG4Y0YB4Y15B4Y39B4Y3GB4Y3MG
795454,4Y0DB4Y0KB4Y0RB4Y0XG4Y0YB4Y15B4Y39B4Y3GB4Y3MG
795459,4Y0DB4Y0KB4Y0RB4Y0XG4Y0YB4Y15B4Y39B4Y3GB4Y3MG
750386,4Y0DB4Y0KB4Y0RB4Y0XG4Y0YB4Y15B4Y39B4Y3GB4Y3MG
750382,4Y0DB4Y0KB4Y0RB4Y0XG4Y0YB4Y15B4Y39B4Y3GB4Y3MG
752106,4Y0DB4Y0KB4Y0RB4Y0XG4Y0YB4Y15B4Y39B4Y3GB4Y3MG
750377,4Y0DB4Y0KB4Y0RB4Y0XG4Y0YB4Y15B4Y39B4Y3GB4Y3MG
828863,4Y0DB4Y0KB4Y0RB4Y0XG4Y0YB4Y15B4Y39B4Y3GB4Y3MG
795441,4Y0DB4Y0KB4Y0RB4Y0XG4Y0YB4Y15B4Y39B4Y3GB4Y3MG
740484,4Y0DB4Y0KB4Y0RB4Y0XG4Y0YB4Y15B4Y39B4Y3GB4Y3MG
750392,4Y0DB4Y0KB4Y0RB4Y0XG4Y0YB4Y15B4Y39B4Y3GB4Y3MG
795455,4Y0DB4Y0KB4Y0RB4Y0XG4Y0YB4Y15B4Y39B4Y3GB4Y3MG
750446,4Y0DB4Y0KB4Y0RB4Y0XG4Y0YB4Y15B4Y39B4Y3GB4Y3MG
795492,4Y0DB4Y0KB4Y0RB4Y0XG4Y0YB4Y15B4Y39B4Y3GB4Y3MG
750454,4Y0DB4Y0KB4Y0RB4Y0XG4Y0YB4Y15B4Y39B4Y3GB4Y3MG
778328,4Y0DB4Y0KB4Y0RB4Y0XG4Y0YB4Y15B4Y39B4Y3GB4Y3MG
752103,4Y0DB4Y0KB4Y0RB4Y0XG4Y0YB4Y15B4Y39B4Y3GB4Y3MG
778327,4Y0DB4Y0KB4Y0RB4Y0XG4Y0YB4Y15B4Y39B4Y3GB4Y3MG
752101,4Y0DB4Y0KB4Y0RB4Y0XG4Y0YB4Y15B4Y39B4Y3GB4Y3MG
748355,4Y0DB4Y0KB4Y0RB4Y0XG4Y0YB4Y15B4Y39B4Y3GB4Y3MG
748343,4Y0DB4Y0KB4Y0RB4Y0XG4Y0YB4Y15B4Y39B4Y3GB4Y3MG
748347,4Y0DB4Y0KB4Y0RB4Y0XG4Y0YB4Y15B4Y39B4Y3GB4Y3MG
995511,4Y0DB4Y0KB4Y0RB4Y0XG4Y0YB4Y15B4Y39B4Y3GB4Y3MG
748352,4Y0DB4Y0KB4Y0RB4Y0XG4Y0YB4Y15B4Y39B4Y3GB4Y3MG
740473,4Y0DB4Y0KB4Y0RB4Y0XG4Y0YB4Y15B4Y39B4Y3GB4Y3MG
795480,4Y0DB4Y0KB4Y0RB4Y0XG4Y0YB4Y15B4Y39B4Y3GB4Y3MG
795477,4Y0DB4Y0KB4Y0RB4Y0XG4Y0YB4Y15B4Y39B4Y3GB4Y3MG
747815,4Y0DB4Y0KB4Y0RB4Y0XG4Y0YB4Y15B4Y39B4Y3GB4Y3MG
740457,4Y0DB4Y0KB4Y0RB4Y0XG4Y0YB4Y15B4Y39B4Y3GB4Y3MG
735138,4Y0DB4Y0KB4Y0RB4Y0XG4Y0YB4Y15B4Y39B4Y3GB4Y3MG
747806,4Y0DB4Y0KB4Y0RB4Y0XG4Y0YB4Y15B4Y39B4Y3GB4Y3MG
749124,4Y0DB4Y0KB4Y0RB4Y0XG4Y0YB4Y15B4Y39B4Y3GB4Y3MG
747819,4Y0DB4Y0KB4Y0RB4Y0XG4Y0YB4Y15B4Y39B4Y3GB4Y3MG
747817,4Y0DB4Y0KB4Y0RB4Y0XG4Y0YB4Y15B4Y39B4Y3GB4Y3MG
791162,4Y0DB4Y0KB4Y0RB4Y0XG4Y0YB4Y15B4Y39B4Y3GB4Y3MG
956352,4Y0DB4Y0KB4Y0RB4Y0XG4Y0YB4Y15B4Y39B4Y3GB4Y3MG
791160,4Y0DB4Y0KB4Y0RB4Y0XG4Y0YB4Y15B4Y39B4Y3GB4Y3MG
740483,4Y0DB4Y0KB4Y0RB4Y0XG4Y0YB4Y15B4Y39B4Y3GB4Y3MG
747802,4Y0DB4Y0KB4Y0RB4Y0XG4Y0YB4Y15B4Y39B4Y3GB4Y3MG
747804,4Y0DB4Y0KB4Y0RB4Y0XG4Y0YB4Y15B4Y39B4Y3GB4Y3MG
791168,4Y0DB4Y0KB4Y0RB4Y0XG4Y0YB4Y15B4Y39B4Y3GB4Y3MG
791165,4Y0DB4Y0KB4Y0RB4Y0XG4Y0YB4Y15B4Y39B4Y3GB4Y3MG
746699,4Y0DB4Y0KB4Y0RB4Y0XG4Y0YB4Y15B4Y39B4Y3GB4Y3MG
746697,4Y0DB4Y0KB4Y0RB4Y0XG4Y0YB4Y15B4Y39B4Y3GB4Y3MG
733702,4Y0DB4Y0KB4Y0RB4Y0XG4Y0YB4Y15B4Y39B4Y3GB4Y3MG
746712,4Y0DB4Y0KB4Y0RB4Y0XG4Y0YB4Y15B4Y39B4Y3GB4Y3MG
746714,4Y0DB4Y0KB4Y0RB4Y0XG4Y0YB4Y15B4Y39B4Y3GB4Y3MG
1019024,4Y0DB4Y0KB4Y0RB4Y0XG4Y0YB4Y15B4Y39B4Y3GB4Y3MG
746704,4Y0DB4Y0KB4Y0RB4Y0XG4Y0YB4Y15B4Y39B4Y3GB4Y3MG
985774,4Y0DB4Y0KB4Y0RB4Y0XG4Y0YB4Y15B4Y39B4Y3GB4Y3MG
750789,4Y0DB4Y0KB4Y0RB4Y0XG4Y0YB4Y15B4Y39B4Y3GB4Y3MG
750452,4Y0DB4Y0KB4Y0RB4Y0XG4Y0YB4Y15B4Y39B4Y3GB4Y3MG
795474,4Y0DB4Y0KB4Y0RB4Y0XG4Y0YB4Y15B4Y39B4Y3GB4Y3MG
795472,4Y0DB4Y0KB4Y0RB4Y0XG4Y0YB4Y15B4Y39B4Y3GB4Y3MG
795465,4Y0DB4Y0KB4Y0RB4Y0XG4Y0YB4Y15B4Y39B4Y3GB4Y3MG
795481,4Y0DB4Y0KB4Y0RB4Y0XG4Y0YB4Y15B4Y39B4Y3GB4Y3MG
795482,4Y0DB4Y0KB4Y0RB4Y0XG4Y0YB4Y15B4Y39B4Y3GB4Y3MG
795704,4XYEB4Y0JB4Y0QB4Y0VG4Y0XB4Y14B4Y38B4Y3FB4Y3KG
795703,4XYEB4Y0JB4Y0QB4Y0VG4Y0XB4Y14B4Y38B4Y3FB4Y3KG
795697,4XYEB4Y0JB4Y0QB4Y0VG4Y0XB4Y14B4Y38B4Y3FB4Y3KG
748397,4XYEB4Y0JB4Y0QB4Y0VG4Y0XB4Y14B4Y38B4Y3FB4Y3KG
795725,4XYEB4Y0JB4Y0QB4Y0VG4Y0XB4Y14B4Y38B4Y3FB4Y3KG
795713,4XYEB4Y0JB4Y0QB4Y0VG4Y0XB4Y14B4Y38B4Y3FB4Y3KG
795710,4XYEB4Y0JB4Y0QB4Y0VG4Y0XB4Y14B4Y38B4Y3FB4Y3KG
748396,4XYEB4Y0JB4Y0QB4Y0VG4Y0XB4Y14B4Y38B4Y3FB4Y3KG
740465,4XYEB4Y0JB4Y0QB4Y0VG4Y0XB4Y14B4Y38B4Y3FB4Y3KG
749152,4XYEB4Y0JB4Y0QB4Y0VG4Y0XB4Y14B4Y38B4Y3FB4Y3KG
1123443,4XYEB4Y0JB4Y0QB4Y0XB4Y14B4Y38B4Y3FB4Y3MB4Y3TB
752121,4XYEB4Y0JB4Y0QB4Y0VG4Y0XB4Y14B4Y38B4Y3FB4Y3KG
778711,4XYEB4Y0JB4Y0QB4Y0VG4Y0XB4Y14B4Y38B4Y3FB4Y3KG
1022541,4XYEB4Y0JB4Y0QB4Y0VG4Y0XB4Y14B4Y38B4Y3FB4Y3KG
738913,4XYEB4Y0JB4Y0QB4Y0VG4Y0XB4Y14B4Y38B4Y3FB4Y3KG
778714,4XYEB4Y0JB4Y0QB4Y0VG4Y0XB4Y14B4Y38B4Y3FB4Y3KG
778715,4XYEB4Y0JB4Y0QB4Y0VG4Y0XB4Y14B4Y38B4Y3FB4Y3KG
752122,4XYEB4Y0JB4Y0QB4Y0VG4Y0XB4Y14B4Y38B4Y3FB4Y3KG
796097,4XYEB4Y0JB4Y0QB4Y0VG4Y0XB4Y14B4Y38B4Y3FB4Y3KG
733621,4XYEB4Y0JB4Y0QB4Y0VG4Y0XB4Y14B4Y38B4Y3FB4Y3KG
740458,4XYEB4Y0JB4Y0QB4Y0VG4Y0XB4Y14B4Y38B4Y3FB4Y3KG
740478,4XYEB4Y0JB4Y0QB4Y0VG4Y0XB4Y14B4Y38B4Y3FB4Y3KG
796089,4XYEB4Y0JB4Y0QB4Y0VG4Y0XB4Y14B4Y38B4Y3FB4Y3KG
739034,4XYEB4Y0JB4Y0QB4Y0VG4Y0XB4Y14B4Y38B4Y3FB4Y3KG
791151,4XYEB4Y0JB4Y0QB4Y0VG4Y0XB4Y14B4Y38B4Y3FB4Y3KG
791145,4XYEB4Y0JB4Y0QB4Y0VG4Y0XB4Y14B4Y38B4Y3FB4Y3KG
749131,4XYEB4Y0JB4Y0QB4Y0VG4Y0XB4Y14B4Y38B4Y3FB4Y3KG
791142,4XYEB4Y0JB4Y0QB4Y0VG4Y0XB4Y14B4Y38B4Y3FB4Y3KG
795739,4XYEB4Y0JB4Y0QB4Y0VG4Y0XB4Y14B4Y38B4Y3FB4Y3KG
740477,4XYEB4Y0JB4Y0QB4Y0VG4Y0XB4Y14B4Y38B4Y3FB4Y3KG
795742,4XYEB4Y0JB4Y0QB4Y0VG4Y0XB4Y14B4Y38B4Y3FB4Y3KG
795729,4XYEB4Y0JB4Y0QB4Y0VG4Y0XB4Y14B4Y38B4Y3FB4Y3KG
749150,4XYEB4Y0JB4Y0QB4Y0VG4Y0XB4Y14B4Y38B4Y3FB4Y3KG
893144,4XYEB4Y0JB4Y0QB4Y0VG4Y0XB4Y14B4Y38B4Y3FB4Y3KG
796085,4XYEB4Y0JB4Y0QB4Y0VG4Y0XB4Y14B4Y38B4Y3FB4Y3KG
796082,4XYEB4Y0JB4Y0QB4Y0VG4Y0XB4Y14B4Y38B4Y3FB4Y3KG
795743,4XYEB4Y0JB4Y0QB4Y0VG4Y0XB4Y14B4Y38B4Y3FB4Y3KG
796074,4XYEB4Y0JB4Y0QB4Y0VG4Y0XB4Y14B4Y38B4Y3FB4Y3KG
749158,4XYEB4Y0JB4Y0QB4Y0VG4Y0XB4Y14B4Y38B4Y3FB4Y3KG
828824,4XYEB4Y0JB4Y0QB4Y0VG4Y0XB4Y14B4Y38B4Y3FB4Y3KG
792087,4XYEB4Y0JB4Y0QB4Y0VG4Y0XB4Y14B4Y38B4Y3FB4Y3KG
736308,4XYEB4Y0JB4Y0QB4Y0VG4Y0XB4Y14B4Y38B4Y3FB4Y3KG
792082,4XYEB4Y0JB4Y0QB4Y0VG4Y0XB4Y14B4Y38B4Y3FB4Y3KG
792080,4XYEB4Y0JB4Y0QB4Y0VG4Y0XB4Y14B4Y38B4Y3FB4Y3KG
828845,4XYEB4Y0JB4Y0QB4Y0VG4Y0XB4Y14B4Y38B4Y3FB4Y3KG
797294,4XYEB4XYEB4Y0JB4Y0JB4Y0QB4Y0QB4Y0VG4Y0XB4Y0XB
797289,4XYEB4Y0JB4Y0QB4Y0VG4Y0XB4Y14B4Y38B4Y3FB4Y3KG
797286,4XYEB4Y0JB4Y0QB4Y0VG4Y0XB4Y14B4Y38B4Y3FB4Y3KG
749149,4XYEB4Y0JB4Y0QB4Y0VG4Y0XB4Y14B4Y38B4Y3FB4Y3KG
749145,4XYEB4Y0JB4Y0QB4Y0VG4Y0XB4Y14B4Y38B4Y3FB4Y3KG
796098,4XYEB4Y0JB4Y0QB4Y0VG4Y0XB4Y14B4Y38B4Y3FB4Y3KG
797629,4XYEB4Y0JB4Y0QB4Y0VG4Y0XB4Y14B4Y38B4Y3FB4Y3KG
795900,4XYEB4Y0JB4Y0QB4Y0VG4Y0XB4Y14B4Y38B4Y3FB4Y3KG
893149,4XYEB4Y0JB4Y0QB4Y0VG4Y0XB4Y14B4Y38B4Y3FB4Y3KG
893150,4XYEB4Y0JB4Y0QB4Y0VG4Y0VG4Y0XB4Y14B4Y38B4Y3FB
734121,4XYEB4Y0JB4Y0QB4Y0VG4Y0XB4Y14B4Y38B4Y3FB4Y3KG
795902,4XYEB4Y0JB4Y0QB4Y0VG4Y0XB4Y14B4Y38B4Y3FB4Y3KG
795887,4XYEB4Y0JB4Y0QB4Y0VG4Y0XB4Y14B4Y38B4Y3FB4Y3KG
795874,4XYEB4Y0JB4Y0QB4Y0VG4Y0XB4Y14B4Y38B4Y3FB4Y3KG
746615,4XYEB4Y0JB4Y0QB4Y0VG4Y0XB4Y14B4Y38B4Y3FB4Y3KG
740500,4XYEB4Y0JB4Y0QB4Y0XB4Y14B4Y38B4Y3FB4Y3MB4Y3TB
793799,4XYEB4Y0JB4Y0QB4Y0VG4Y0XB4Y14B4Y38B4Y3FB4Y3KG
740496,4XYEB4Y0JB4Y0QB4Y0VG4Y0XB4Y14B4Y38B4Y3FB4Y3KG
1016560,4XYEB4Y0JB4Y0QB4Y0VG4Y0XB4Y14B4Y38B4Y3FB4Y3KG
740494,4XYEB4Y0JB4Y0QB4Y0VG4Y0XB4Y14B4Y38B4Y3FB4Y3KG
735367,4XYEB4Y0JB4Y0QB4Y0VG4Y0XB4Y14B4Y38B4Y3FB4Y3KG
695891,4XYEB4Y0JB4Y0QB4Y0VG4Y0XB4Y14B4Y38B4Y3FB4Y3KG
893148,4XYEB4Y0JB4Y0QB4Y0VG4Y0XB4Y14B4Y38B4Y3FB4Y3KG
783126,4XYEB4Y0JB4Y0QB4Y0VG4Y0XB4Y14B4Y38B4Y3FB4Y3KG
797300,4XYEB4Y0JB4Y0QB4Y0VG4Y0XB4Y14B4Y38B4Y3FB4Y3KG
793804,4XYEB4Y0JB4Y0QB4Y0VG4Y0XB4Y14B4Y38B4Y3FB4Y3KG
1015705,4XYEB4Y0JB4Y0QB4Y0VG4Y0VG4Y0XB4Y14B4Y38B4Y3FB
795916,4XYEB4Y0JB4Y0QB4Y0VG4Y0VG4Y0XB4Y14B4Y38B4Y3FB
1027080,4XYEB4Y0JB4Y0QB4Y0VG4Y0XB4Y14B4Y38B4Y3FB4Y3KG
797178,4XYEB4Y0JB4Y0QB4Y0VG4Y0XB4Y14B4Y38B4Y3FB4Y3KG
946712,4XYEB4Y0JB4Y0QB4Y0VG4Y0XB4Y14B4Y38B4Y3FB4Y3KG
795869,4XYEB4Y0JB4Y0QB4Y0VG4Y0XB4Y14B4Y38B4Y3FB4Y3KG
792147,4XYEB4Y0JB4Y0QB4Y0VG4Y0XB4Y14B4Y38B4Y3FB4Y3KG
696192,4XYEB4XYEB4Y0JB4Y0JB4Y0QB4Y0QB4Y0VG4Y0XB4Y0XB
893160,4XYEB4Y0JB4Y0QB4Y0VG4Y0XB4Y14B4Y38B4Y3FB4Y3KG
941913,4XYEB4Y0JB4Y0QB4Y0VG4Y0XB4Y14B4Y38B4Y3FB4Y3KG
993072,4XYEB4Y0JB4Y0QB4Y0XB4Y14B4Y38B4Y3FB4Y3MB4Y3TB
991194,4XYEB4Y0JB4Y0QB4Y0VG4Y0XB4Y14B4Y38B4Y3FB4Y3KG
1040252,4XYEB4XYEB4Y0JB4Y0JB4Y0QB4Y0QB4Y0VG4Y0XB4Y0XB
893169,4XYEB4Y0JB4Y0QB4Y0VG4Y0XB4Y14B4Y38B4Y3FB4Y3KG
1028478,4XYEB4Y0JB4Y0QB4Y0VG4Y0XB4Y14B4Y38B4Y3FB4Y3KG
646293,4XYEB4Y0JB4Y0QB4Y0VG4Y0XB4Y14B4Y38B4Y3FB4Y3KG
1028474,4XYEB4Y0JB4Y0QB4Y0VG4Y0XB4Y14B4Y38B4Y3FB4Y3KG
1039827,4XYEB4Y0JB4Y0QB4Y0VG4Y0XB4Y14B4Y38B4Y3FB4Y3KG
1041320,4XYEB4Y0JB4Y0QB4Y0VG4Y0XB4Y14B4Y38B4Y3FB4Y3KG
893173,4XYEB4Y0JB4Y0QB4Y0VG4Y0XB4Y14B4Y38B4Y3FB4Y3KG
1135362,4XYEB4Y0JB4Y0QB4Y0VG4Y0XB4Y14B4Y38B4Y3FB4Y3KG
1047654,4XYEB4Y0JB4Y0QB4Y0XB4Y14B4Y38B4Y3FB4Y3MB4Y3TB
1135363,4XYEB4Y0JB4Y0QB4Y0VG4Y0XB4Y14B4Y38B4Y3FB4Y3KG
1047655,4XYEB4Y0JB4Y0QB4Y0XB4Y14B4Y38B4Y3FB4Y3MB4Y3TB
1137765,4XYEB4Y0JB4Y0QB4Y0VG4Y0XB4Y14B4Y38B4Y3FB4Y3KG
788345,4XYEB4Y0JB4Y0QB4Y0VG4Y0XB4Y14B4Y38B4Y3FB4Y3KG
797185,4XYEB4Y0JB4Y0QB4Y0XB4Y14B4Y38B4Y3FB4Y3MB4Y3TB
797182,4XYEB4Y0JB4Y0QB4Y0VG4Y0XB4Y14B4Y38B4Y3FB4Y3KG
893152,4XYEB4Y0JB4Y0QB4Y0VG4Y0XB4Y14B4Y38B4Y3FB4Y3KG
795864,4XYEB4Y0JB4Y0QB4Y0VG4Y0XB4Y14B4Y38B4Y3FB4Y3KG
893158,4XYEB4Y0JB4Y0QB4Y0VG4Y0XB4Y14B4Y38B4Y3FB4Y3KG
825454,4XYEB4Y0JB4Y0QB4Y0VG4Y0XB4Y14B4Y38B4Y3FB4Y3KG
696193,4XYEB4XYEB4Y0JB4Y0JB4Y0QB4Y0QB4Y0VG4Y0XB4Y0XB
893161,4XYEB4Y0JB4Y0QB4Y0VG4Y0XB4Y14B4Y38B4Y3FB4Y3KG
826158,4XYEB4Y0JB4Y0QB4Y0VG4Y0XB4Y14B4Y38B4Y3FB4Y3KG
1040251,4XYEB4Y0JB4Y0QB4Y0XB4Y14B4Y38B4Y3FB4Y3MB4Y3TB
893164,4XYEB4Y0JB4Y0QB4Y0VG4Y0XB4Y14B4Y38B4Y3FB4Y3KG
893168,4XYEB4XYEB4Y0JB4Y0JB4Y0QB4Y0QB4Y0VG4Y0XB4Y0XB
893170,4XYEB4Y0JB4Y0QB4Y0VG4Y0XB4Y14B4Y38B4Y3FB4Y3KG
744480,4XYEB4Y0JB4Y0QB4Y0VG4Y0XB4Y14B4Y38B4Y3FB4Y3KG
651072,4XYEB4Y0JB4Y0QB4Y0VG4Y0XB4Y14B4Y38B4Y3FB4Y3KG
735373,4XYEB4Y0JB4Y0QB4Y0VG4Y0XB4Y14B4Y38B4Y3FB4Y3KG
1150767,4XYEB4Y0JB4Y0QB4Y0XB4Y14B4Y38B4Y3FB4Y3MB4Y3TB
1048858,4XYEB4Y0JB4Y0QB4Y0XB4Y14B4Y38B4Y3FB4Y3MB4Y3TB
1150768,4XYEB4Y0JB4Y0QB4Y0XB4Y14B4Y38B4Y3FB4Y3MB4Y3TB
1047656,4XYEB4Y0JB4Y0QB4Y0XB4Y14B4Y38B4Y3FB4Y3MB4Y3TB
1047657,4XYEB4Y0JB4Y0QB4Y0XB4Y14B4Y38B4Y3FB4Y3MB4Y3TB
910031,4XYEB4Y0JB4Y0QB4Y0VG4Y0XB4Y14B4Y38B4Y3FB4Y3KG
795861,4XYEB4Y0JB4Y0QB4Y0XB4Y14B4Y38B4Y3FB4Y3MB4Y3TB
795524,4XYEB4Y0JB4Y0QB4Y0VG4Y0XB4Y14B4Y38B4Y3FB4Y3KG
893153,4XYEB4Y0JB4Y0QB4Y0VG4Y0XB4Y14B4Y38B4Y3FB4Y3KG
795886,4XYEB4Y0JB4Y0QB4Y0VG4Y0XB4Y14B4Y38B4Y3FB4Y3KG
893159,4XYEB4Y0JB4Y0QB4Y0VG4Y0XB4Y14B4Y38B4Y3FB4Y3KG
792139,4XYEB4Y0JB4Y0QB4Y0VG4Y0XB4Y14B4Y38B4Y3FB4Y3KG
788557,4XYEB4XYEB4Y0JB4Y0JB4Y0QB4Y0QB4Y0VG4Y0XB4Y0XB
946715,4XYEB4Y0JB4Y0QB4Y0VG4Y0XB4Y14B4Y38B4Y3FB4Y3KG
1006631,4XYEB4Y0JB4Y0QB4Y0VG4Y0XB4Y14B4Y38B4Y3FB4Y3KG
893162,4XYEB4Y0JB4Y0QB4Y0XB4Y14B4Y38B4Y3FB4Y3MB4Y3TB
893165,4XYEB4Y0JB4Y0QB4Y0VG4Y0XB4Y14B4Y38B4Y3FB4Y3KG
1031321,4XYEB4XYEB4Y0JB4Y0JB4Y0QB4Y0QB4Y0VG4Y0XB4Y0XB
893171,4XYEB4Y0JB4Y0QB4Y0VG4Y0XB4Y14B4Y38B4Y3FB4Y3KG
946719,4XYEB4Y0JB4Y0QB4Y0VG4Y0XB4Y14B4Y38B4Y3FB4Y3KG
893146,4XYEB4Y0JB4Y0QB4Y0VG4Y0VG4Y0XB4Y14B4Y38B4Y3FB
651075,4XYEB4Y0JB4Y0QB4Y0VG4Y0XB4Y14B4Y38B4Y3FB4Y3KG
797647,4XYEB4Y0JB4Y0QB4Y0VG4Y0XB4Y14B4Y38B4Y3FB4Y3KG
795860,4XYEB4Y0JB4Y0QB4Y0VG4Y0XB4Y14B4Y38B4Y3FB4Y3KG
1013372,4XYEB4Y0JB4Y0QB4Y0VG4Y0XB4Y14B4Y38B4Y3FB4Y3KG
744478,4XYEB4Y0JB4Y0QB4Y0VG4Y0XB4Y14B4Y38B4Y3FB4Y3KG
795884,4XYEB4Y0JB4Y0QB4Y0VG4Y0XB4Y14B4Y38B4Y3FB4Y3KG
792135,4XYEB4Y0JB4Y0QB4Y0VG4Y0XB4Y14B4Y38B4Y3FB4Y3KG
741916,4XYEB4XYEB4Y0JB4Y0JB4Y0QB4Y0QB4Y0VG4Y0XB4Y0XB
946716,4XYEB4Y0JB4Y0QB4Y0XB4Y14B4Y38B4Y3FB4Y3MB4Y3TB
946717,4XYEB4Y0JB4Y0QB4Y0XB4Y14B4Y38B4Y3FB4Y3MB4Y3TB
893172,4XYEB4Y0JB4Y0QB4Y0VG4Y0XB4Y14B4Y38B4Y3FB4Y3KG
740633,4XYEB4Y0JB4Y0QB4Y0VG4Y0XB4Y14B4Y38B4Y3FB4Y3KG
822355,4XYEB4Y0JB4Y0QB4Y0VG4Y0XB4Y14B4Y38B4Y3FB4Y3KG
740488,4XYEB4Y0JB4Y0QB4Y0XB4Y14B4Y38B4Y3FB4Y3MB4Y3TB
893154,4XYEB4Y0JB4Y0QB4Y0VG4Y0XB4Y14B4Y38B4Y3FB4Y3KG
795882,4XYEB4Y0JB4Y0QB4Y0VG4Y0XB4Y14B4Y38B4Y3FB4Y3KG
740468,4XYEB4Y0JB4Y0QB4Y0VG4Y0XB4Y14B4Y38B4Y3FB4Y3KG
696194,4XYEB4XYEB4Y0JB4Y0JB4Y0QB4Y0QB4Y0VG4Y0XB4Y0XB
1020515,4XYEB4Y0JB4Y0QB4Y0XB4Y14B4Y38B4Y3FB4Y3MB4Y3TB
893166,4XYEB4Y0JB4Y0QB4Y0XB4Y14B4Y38B4Y3FB4Y3MB4Y3TB
930171,4XYEB4Y0JB4Y0QB4Y0VG4Y0XB4Y14B4Y38B4Y3FB4Y3KG
945901,4XYEB4Y0JB4Y0QB4Y0VG4Y0XB4Y14B4Y38B4Y3FB4Y3KG
696195,4XYEB4XYEB4Y0JB4Y0JB4Y0QB4Y0QB4Y0VG4Y0XB4Y0XB
744479,4XYEB4Y0JB4Y0QB4Y0XB4Y14B4Y38B4Y3FB4Y3MB4Y3TB
893167,4XYEB4Y0JB4Y0QB4Y0XB4Y14B4Y38B4Y3FB4Y3MB4Y3TB
893147,4XYEB4Y0JB4Y0QB4Y0VG4Y0VG4Y0XB4Y14B4Y38B4Y3FB
1028473,4XYEB4Y0JB4Y0QB4Y0VG4Y0XB4Y14B4Y38B4Y3FB4Y3KG
893163,4XYEB4Y0JB4Y0QB4Y0XB4Y14B4Y38B4Y3FB4Y3MB4Y3TB
653156,4XYEB4Y0JB4Y0QB4Y0XB4Y14B4Y38B4Y3FB4Y3MB4Y3TB
946713,4XYEB4Y0JB4Y0QB4Y0VG4Y0XB4Y14B4Y38B4Y3FB4Y3KG
1040250,4XYEB4Y0JB4Y0QB4Y0VG4Y0XB4Y14B4Y38B4Y3FB4Y3KG
893155,4XYEB4Y0JB4Y0QB4Y0VG4Y0XB4Y14B4Y38B4Y3FB4Y3KG
893156,4XYEB4Y0JB4Y0QB4Y0VG4Y0XB4Y14B4Y38B4Y3FB4Y3KG
893157,4XYEB4Y0JB4Y0QB4Y0VG4Y0XB4Y14B4Y38B4Y3FB4Y3KG
893145,4XYEB4Y0JB4Y0QB4Y0VG4Y0XB4Y14B4Y38B4Y3FB4Y3KG
1035672,4XYEB4Y0JB4Y0QB4Y0VG4Y0XB4Y14B4Y38B4Y3FB4Y3KG
893151,4XYEB4Y0JB4Y0QB4Y0VG4Y0XB4Y14B4Y38B4Y3FB4Y3KG
696191,4XYEB4Y0JB4Y0QB4Y0VG4Y0XB4Y14B4Y38B4Y3FB4Y3KG
1059434,4XYEB4Y0JB4Y0QB4Y0VG4Y0XB4Y14B4Y38B4Y3FB4Y3KG
793807,4XYEB4Y0JB4Y0QB4Y0VG4Y0XB4Y14B4Y38B4Y3FB4Y3KG
990615,4XYEB4Y0JB4Y0QB4Y0VG4Y0VG4Y0XB4Y14B4Y38B4Y3FB
792071,4XYEB4Y0JB4Y0QB4Y0VG4Y0VG4Y0XB4Y14B4Y38B4Y3FB
951775,4XYEB4Y0JB4Y0QB4Y0VG4Y0XB4Y14B4Y38B4Y3FB4Y3KG
951776,4XYEB4Y0JB4Y0QB4Y0VG4Y0XB4Y14B4Y38B4Y3FB4Y3KG
827586,4XYEB4Y0JB4Y0QB4Y0VG4Y0XB4Y14B4Y38B4Y3FB4Y3KG
951777,4XYEB4Y0JB4Y0QB4Y0VG4Y0XB4Y14B4Y38B4Y3FB4Y3KG
951778,4XYEB4Y0JB4Y0QB4Y0VG4Y0XB4Y14B4Y38B4Y3FB4Y3KG
951779,4XYEB4Y0JB4Y0QB4Y0VG4Y0XB4Y14B4Y38B4Y3FB4Y3KG
951780,4XYEB4Y0JB4Y0QB4Y0VG4Y0XB4Y14B4Y38B4Y3FB4Y3KG
951769,4XYEB4Y0JB4Y0QB4Y0VG4Y0XB4Y14B4Y38B4Y3FB4Y3KG
951770,4XYEB4Y0JB4Y0QB4Y0VG4Y0XB4Y14B4Y38B4Y3FB4Y3KG
951771,4XYEB4Y0JB4Y0QB4Y0VG4Y0XB4Y14B4Y38B4Y3FB4Y3KG
951772,4XYEB4Y0JB4Y0QB4Y0VG4Y0XB4Y14B4Y38B4Y3FB4Y3KG
951773,4XYEB4Y0JB4Y0QB4Y0VG4Y0XB4Y14B4Y38B4Y3FB4Y3KG
951774,4XYEB4Y0JB4Y0QB4Y0VG4Y0XB4Y14B4Y38B4Y3FB4Y3KG
1025329,4XYEB4Y0JB4Y0QB4Y0VG4Y0XB4Y14B4Y38B4Y3FB4Y3KG
740493,4XYEB4Y0JB4Y0QB4Y0VG4Y0XB4Y14B4Y38B4Y3FB4Y3KG
793801,4XYEB4Y0JB4Y0QB4Y0VG4Y0XB4Y14B4Y38B4Y3FB4Y3KG
993280,4XYEB4Y0JB4Y0QB4Y0XB4Y14B4Y38B4Y3FB4Y3MB4Y3TB
1059435,4XYEB4Y0JB4Y0QB4Y0VG4Y0XB4Y14B4Y38B4Y3FB4Y3KG
1028477,4XYEB4Y0JB4Y0QB4Y0VG4Y0XB4Y14B4Y38B4Y3FB4Y3KG
1028479,4XYEB4Y0JB4Y0QB4Y0VG4Y0XB4Y14B4Y38B4Y3FB4Y3KG
792481,4XYEB4Y0JB4Y0QB4Y0VG4Y0XB4Y14B4Y38B4Y3FB4Y3KG
736624,4XYEB4Y0JB4Y0QB4Y0VG4Y0XB4Y14B4Y38B4Y3FB4Y3KG
736625,4XYEB4Y0JB4Y0QB4Y0VG4Y0XB4Y14B4Y38B4Y3FB4Y3KG
733646,4XYEB4Y0JB4Y0QB4Y0VG4Y0XB4Y14B4Y38B4Y3FB4Y3KG
733644,4XYEB4Y0JB4Y0QB4Y0VG4Y0XB4Y14B4Y38B4Y3FB4Y3KG
989468,4XYEB4Y0JB4Y0QB4Y0VG4Y0XB4Y14B4Y38B4Y3FB4Y3KG
793810,4XYEB4Y0JB4Y0QB4Y0VG4Y0XB4Y14B4Y38B4Y3FB4Y3KG
779986,4XYEB4Y0JB4Y0QB4Y0VG4Y0XB4Y14B4Y38B4Y3FB4Y3KG
792472,4XYEB4Y0JB4Y0QB4Y0VG4Y0XB4Y14B4Y38B4Y3FB4Y3KG
989469,4XYEB4Y0JB4Y0QB4Y0VG4Y0XB4Y14B4Y38B4Y3FB4Y3KG
740498,4XYEB4Y0JB4Y0QB4Y0VG4Y0XB4Y14B4Y38B4Y3FB4Y3KG
825456,4XYEB4Y0JB4Y0QB4Y0VG4Y0XB4Y14B4Y38B4Y3FB4Y3KG
736626,4XYEB4Y0JB4Y0QB4Y0VG4Y0XB4Y14B4Y38B4Y3FB4Y3KG
