978615,4Y3WR4Y5XG4Y64B4Y67R4Y6BG4Y6IB4Y6LR4Y6PG4Y8UB
842918,4Y3WR4Y5XG4Y64B4Y67R4Y6BG4Y6IB4Y6LR4Y6PG4Y8UB
798673,4Y3WR4Y5XG4Y64B4Y67R4Y6BG4Y6IB4Y6LR4Y6PG4Y8UB
990732,4Y3WR4Y5XG4Y64B4Y67R4Y6BG4Y6IB4Y6LR4Y6PG4Y8UB
842925,4Y3WR4Y5XG4Y64B4Y67R4Y6BG4Y6IB4Y6LR4Y6PG4Y8UB
822022,4Y3WR4Y5XG4Y64B4Y67R4Y6BG4Y6IB4Y6LR4Y6PG4Y8UB
805073,4Y3WR4Y5XG4Y64B4Y67R4Y6BG4Y6IB4Y6LR4Y6PG4Y8UB
978623,4Y3WR4Y5XG4Y64B4Y67R4Y6BG4Y6IB4Y6LR4Y6PG4Y8UB
805062,4Y5XG4Y64B4Y6BG4Y6IB4Y6PG4Y8UB4Y91G4Y98B4Y9FG
978621,4Y3WR4Y5XG4Y64B4Y67R4Y6BG4Y6IB4Y6LR4Y6PG4Y8UB
845706,4Y3WR4Y5XG4Y64B4Y67R4Y6BG4Y6IB4Y6LR4Y6PG4Y8UB
646258,4Y3WR4Y5XG4Y64B4Y67R4Y6BG4Y6IB4Y6LR4Y6PG4Y8UB
845705,4Y3WR4Y5XG4Y64B4Y67R4Y6BG4Y6IB4Y6LR4Y6PG4Y8UB
978609,4Y3WR4Y5XG4Y64B4Y67R4Y6BG4Y6IB4Y6LR4Y6PG4Y8UB
842916,4Y3WR4Y5XG4Y64B4Y67R4Y6BG4Y6IB4Y6LR4Y6PG4Y8UB
1053706,4Y5XG4Y64B4Y6BG4Y6IB4Y6PG4Y8UB4Y91G4Y98B4Y9FG
840148,4Y3WR4Y5XG4Y64B4Y67R4Y6BG4Y6IB4Y6LR4Y6PG4Y8UB
703236,4Y5YG4Y60R4Y65B4Y6CG4Y6ER4Y6JB4Y6QG4Y8QR4Y8VB
1017895,4Y5YG4Y60R4Y65B4Y6CG4Y6ER4Y6JB4Y6QG4Y8QR4Y8VB
632831,4Y5YG4Y60R4Y65B4Y6CG4Y6ER4Y6JB4Y6QG4Y8QR4Y8VB
632832,4Y5YG4Y60R4Y65B4Y6CG4Y6ER4Y6JB4Y6QG4Y8QR4Y8VB
632825,4Y5YG4Y60R4Y65B4Y6CG4Y6ER4Y6JB4Y6QG4Y8QR4Y8VB
632836,4Y5YG4Y60R4Y65B4Y6CG4Y6ER4Y6JB4Y6QG4Y8QR4Y8VB
831197,4Y5YG4Y60R4Y65B4Y6CG4Y6ER4Y6JB4Y6QG4Y8QR4Y8VB
632839,4Y5YG4Y60R4Y65B4Y6CG4Y6ER4Y6JB4Y6QG4Y8QR4Y8VB
632840,4Y5YG4Y60R4Y65B4Y6CG4Y6ER4Y6JB4Y6QG4Y8QR4Y8VB
785197,4Y5YG4Y60R4Y65B4Y6CG4Y6ER4Y6JB4Y6QG4Y8QR4Y8VB
632814,4Y5YG4Y60R4Y65B4Y6CG4Y6ER4Y6JB4Y6QG4Y8QR4Y8VB
632809,4Y5YG4Y60R4Y65B4Y6CG4Y6ER4Y6JB4Y6QG4Y8QR4Y8VB
632810,4Y5YG4Y60R4Y65B4Y6CG4Y6ER4Y6JB4Y6QG4Y8QR4Y8VB
966869,4Y5YG4Y60R4Y65B4Y6CG4Y6ER4Y6JB4Y6QG4Y8QR4Y8VB
785198,4Y5YG4Y60R4Y65B4Y6CG4Y6ER4Y6JB4Y6QG4Y8QR4Y8VB
966875,4Y5YG4Y60R4Y65B4Y6CG4Y6ER4Y6JB4Y6QG4Y8QR4Y8VB
966876,4Y5YG4Y60R4Y65B4Y6CG4Y6ER4Y6JB4Y6QG4Y8QR4Y8VB
1011077,4Y5YG4Y60R4Y65B4Y6CG4Y6ER4Y6JB4Y6QG4Y8QR4Y8VB
966880,4Y5YG4Y60R4Y65B4Y6CG4Y6ER4Y6JB4Y6QG4Y8QR4Y8VB
633833,4Y5YG4Y60R4Y65B4Y6CG4Y6ER4Y6JB4Y6QG4Y8QR4Y8VB
632823,4Y5YG4Y60R4Y65B4Y6CG4Y6ER4Y6JB4Y6QG4Y8QR4Y8VB
908055,4Y5YG4Y60R4Y65B4Y6CG4Y6ER4Y6JB4Y6QG4Y8QR4Y8VB
774869,4Y5YG4Y60R4Y65B4Y6CG4Y6ER4Y6JB4Y6QG4Y8QR4Y8VB
634477,4Y5YG4Y5YG4Y60R4Y65B4Y6CG4Y6CG4Y6ER4Y6JB4Y6QG
633817,4Y5YG4Y60R4Y65B4Y6CG4Y6ER4Y6JB4Y6QG4Y8QR4Y8VB
703237,4Y5YG4Y60R4Y65B4Y6CG4Y6ER4Y6JB4Y6QG4Y8QR4Y8VB
632834,4Y5YG4Y60R4Y65B4Y6CG4Y6ER4Y6JB4Y6QG4Y8QR4Y8VB
633180,4Y5YG4Y60R4Y65B4Y6CG4Y6ER4Y6JB4Y6QG4Y8QR4Y8VB
633181,4Y5YG4Y60R4Y65B4Y6CG4Y6ER4Y6JB4Y6QG4Y8QR4Y8VB
633182,4Y5YG4Y60R4Y65B4Y6CG4Y6ER4Y6JB4Y6QG4Y8QR4Y8VB
632812,4Y5YG4Y60R4Y65B4Y6CG4Y6ER4Y6JB4Y6QG4Y8QR4Y8VB
908056,4Y5YG4Y65B4Y6CG4Y6JB4Y6QG4Y8VB4Y92G4Y99B4Y9GG
633185,4Y5YG4Y60R4Y65B4Y6CG4Y6ER4Y6JB4Y6QG4Y8QR4Y8VB
774870,4Y5YG4Y60R4Y65B4Y6CG4Y6ER4Y6JB4Y6QG4Y8QR4Y8VB
632807,4Y5YG4Y60R4Y65B4Y6CG4Y6ER4Y6JB4Y6QG4Y8QR4Y8VB
774718,4Y3YG4Y62B4Y62R4Y69G4Y6GB4Y6GR4Y6NG4Y8SB4Y8SR
827762,4Y3YG4Y62B4Y62R4Y69G4Y6GB4Y6GR4Y6NG4Y8SB4Y8SR
633839,4Y3YG4Y62B4Y62R4Y69G4Y6GB4Y6GR4Y6NG4Y8SB4Y8SR
774872,4Y3YG4Y62B4Y62R4Y69G4Y6GB4Y6GR4Y6NG4Y8SB4Y8SR
633170,4Y5YG4Y60R4Y65B4Y6CG4Y6ER4Y6JB4Y6QG4Y8QR4Y8VB
633172,4Y5YG4Y60R4Y65B4Y6CG4Y6ER4Y6JB4Y6QG4Y8QR4Y8VB
633178,4Y5YG4Y60R4Y65B4Y6CG4Y6ER4Y6JB4Y6QG4Y8QR4Y8VB
633167,4Y5YG4Y60R4Y65B4Y6CG4Y6ER4Y6JB4Y6QG4Y8QR4Y8VB
633175,4Y5YG4Y60R4Y65B4Y6CG4Y6ER4Y6JB4Y6QG4Y8QR4Y8VB
745415,4Y5YG4Y60R4Y65B4Y6CG4Y6ER4Y6JB4Y6QG4Y8QR4Y8VB
632821,4Y5YG4Y60R4Y65B4Y6CG4Y6ER4Y6JB4Y6QG4Y8QR4Y8VB
897257,4Y5YG4Y60R4Y65B4Y6CG4Y6ER4Y6JB4Y6QG4Y8QR4Y8VB
897258,4Y3YG4Y62B4Y69G4Y6GB4Y6NG4Y8SB4Y8ZG4Y96B4Y9DG
745414,4Y60R4Y65B4Y6ER4Y6JB4Y8QR4Y8VB4Y94R4Y99B4Y9IR
633834,4Y3YG4Y62B4Y62R4Y69G4Y6GB4Y6GR4Y6NG4Y8SB4Y8SR
908057,4Y5YG4Y60R4Y65B4Y6CG4Y6ER4Y6JB4Y6QG4Y8QR4Y8VB
824370,4Y5YG4Y65B4Y6CG4Y6JB4Y6QG4Y8VB4Y92G4Y99B4Y9GG
740412,4Y5YG4Y65B4Y6CG4Y6JB4Y6QG4Y8VB4Y92G4Y99B4Y9GG
839490,4Y5YG4Y65B4Y6CG4Y6JB4Y6QG4Y8VB4Y92G4Y99B4Y9GG
999833,4Y3ZB4Y63B4Y6AB4Y6FG4Y6HB4Y6OB4Y8TB4Y90B4Y95G
862798,4Y3ZB4Y63B4Y65R4Y6AB4Y6FG4Y6HB4Y6JR4Y6OB4Y8TB
741293,4Y3ZB4Y63B4Y65R4Y6AB4Y6FG4Y6HB4Y6JR4Y6OB4Y8TB
862804,4Y3ZB4Y63B4Y6AB4Y6FG4Y6HB4Y6OB4Y8TB4Y90B4Y95G
862806,4Y3ZB4Y63B4Y65R4Y6AB4Y6FG4Y6HB4Y6JR4Y6OB4Y8TB
999835,4Y3ZB4Y63B4Y6AB4Y6FG4Y6HB4Y6OB4Y8TB4Y90B4Y95G
726036,4Y3ZB4Y63B4Y65R4Y6AB4Y6FG4Y6HB4Y6JR4Y6OB4Y8TB
862805,4Y3ZB4Y63B4Y6AB4Y6FG4Y6HB4Y6OB4Y8TB4Y90B4Y95G
726024,4Y3ZB4Y63B4Y65R4Y6AB4Y6FG4Y6HB4Y6JR4Y6OB4Y8TB
741294,4Y3ZB4Y63B4Y65R4Y6AB4Y6FG4Y6HB4Y6JR4Y6OB4Y8TB
726039,4Y3ZB4Y63B4Y65R4Y6AB4Y6FG4Y6HB4Y6JR4Y6OB4Y8TB
726029,4Y3ZB4Y63B4Y65R4Y6AB4Y6FG4Y6HB4Y6JR4Y6OB4Y8TB
862803,4Y3ZB4Y63B4Y6AB4Y6FG4Y6HB4Y6OB4Y8TB4Y90B4Y95G
726026,4Y3ZB4Y63B4Y65R4Y6AB4Y6FG4Y6HB4Y6JR4Y6OB4Y8TB
862802,4Y3ZB4Y63B4Y6AB4Y6FG4Y6HB4Y6OB4Y8TB4Y90B4Y95G
725988,4Y3ZB4Y63B4Y65R4Y6AB4Y6FG4Y6HB4Y6JR4Y6OB4Y8TB
725995,4Y3ZB4Y63B4Y6AB4Y6FG4Y6HB4Y6OB4Y8TB4Y90B4Y95G
725992,4Y3ZB4Y63B4Y65R4Y6AB4Y6FG4Y6HB4Y6JR4Y6OB4Y8TB
725994,4Y3ZB4Y63B4Y6AB4Y6FG4Y6HB4Y6OB4Y8TB4Y90B4Y95G
1010189,4Y3ZB4Y63B4Y65R4Y6AB4Y6FG4Y6HB4Y6JR4Y6OB4Y8TB
720918,4Y3ZB4Y63B4Y6AB4Y6FG4Y6HB4Y6OB4Y8TB4Y90B4Y95G
725979,4Y3ZB4Y63B4Y6AB4Y6FG4Y6HB4Y6OB4Y8TB4Y90B4Y95G
999831,4Y3ZB4Y63B4Y65R4Y6AB4Y6FG4Y6HB4Y6JR4Y6OB4Y8TB
725980,4Y3ZB4Y63B4Y6AB4Y6FG4Y6HB4Y6OB4Y8TB4Y90B4Y95G
725982,4Y3ZB4Y63B4Y65R4Y6AB4Y6FG4Y6HB4Y6JR4Y6OB4Y8TB
725996,4Y3ZB4Y63B4Y65R4Y6AB4Y6FG4Y6HB4Y6JR4Y6OB4Y8TB
725977,4Y3ZB4Y63B4Y65R4Y6AB4Y6FG4Y6HB4Y6JR4Y6OB4Y8TB
862801,4Y3ZB4Y63B4Y65R4Y6AB4Y6FG4Y6HB4Y6JR4Y6OB4Y8TB
726019,4Y3ZB4Y63B4Y65R4Y6AB4Y6FG4Y6HB4Y6JR4Y6OB4Y8TB
726009,4Y3ZB4Y63B4Y65R4Y6AB4Y6FG4Y6HB4Y6JR4Y6OB4Y8TB
726017,4Y3ZB4Y63B4Y6AB4Y6FG4Y6HB4Y6OB4Y8TB4Y90B4Y95G
726023,4Y3ZB4Y63B4Y65R4Y6AB4Y6FG4Y6HB4Y6JR4Y6OB4Y8TB
1049750,4Y3ZB4Y63B4Y6AB4Y6FG4Y6HB4Y6OB4Y8TB4Y90B4Y95G
992086,4Y3ZB4Y5YB4Y63B4Y65B4Y6AB4Y6CB4Y6FG4Y6HB4Y6JB
992087,4Y5YB4Y65B4Y6CB4Y6FG4Y6JB4Y6QB4Y8VB4Y92B4Y95G
1018348,4Y3ZB4Y63B4Y6AB4Y6EG4Y6HB4Y6OB4Y8TB4Y90B4Y94G
771100,4Y3ZB4Y63B4Y6AB4Y6EG4Y6HB4Y6OB4Y8TB4Y90B4Y94G
768056,4Y3ZB4Y63B4Y6AB4Y6EG4Y6HB4Y6OB4Y8TB4Y90B4Y94G
768055,4Y3ZB4Y63B4Y6AB4Y6EG4Y6HB4Y6OB4Y8TB4Y90B4Y94G
768054,4Y3ZB4Y63B4Y6AB4Y6EG4Y6HB4Y6OB4Y8TB4Y90B4Y94G
950442,4Y3ZB4Y63B4Y6AB4Y6EG4Y6HB4Y6OB4Y8TB4Y90B4Y94G
743913,4Y3ZB4Y63B4Y6AB4Y6FG4Y6HB4Y6OB4Y8TB4Y90B4Y95G
768053,4Y3ZB4Y63B4Y6AB4Y6EG4Y6HB4Y6OB4Y8TB4Y90B4Y94G
771099,4Y3ZB4Y63B4Y6AB4Y6EG4Y6HB4Y6OB4Y8TB4Y90B4Y94G
901044,4Y3ZB4Y63B4Y6AB4Y6EG4Y6HB4Y6OB4Y8TB4Y90B4Y94G
768051,4Y3ZB4Y63B4Y6AB4Y6EG4Y6HB4Y6OB4Y8TB4Y90B4Y94G
902373,4Y3ZB4Y63B4Y6AB4Y6EG4Y6HB4Y6OB4Y8TB4Y90B4Y94G
771098,4Y3ZB4Y63B4Y6AB4Y6FG4Y6HB4Y6OB4Y8TB4Y90B4Y95G
771102,4Y3ZB4Y63B4Y6AB4Y6EG4Y6HB4Y6OB4Y8TB4Y90B4Y94G
771101,4Y3ZB4Y63B4Y6AB4Y6EG4Y6HB4Y6OB4Y8TB4Y90B4Y94G
902372,4Y3ZB4Y63B4Y6AB4Y6EG4Y6HB4Y6OB4Y8TB4Y90B4Y94G
901046,4Y3ZB4Y63B4Y6AB4Y6EG4Y6HB4Y6OB4Y8TB4Y90B4Y94G
768052,4Y3ZB4Y63B4Y6AB4Y6EG4Y6HB4Y6OB4Y8TB4Y90B4Y94G
771097,4Y3ZB4Y63B4Y6AB4Y6FG4Y6HB4Y6OB4Y8TB4Y90B4Y95G
1016586,4Y3ZB4Y63B4Y6AB4Y6EG4Y6HB4Y6OB4Y8TB4Y90B4Y94G
1016587,4Y3ZB4Y63B4Y6AB4Y6EG4Y6HB4Y6OB4Y8TB4Y90B4Y94G
768063,4Y3ZB4Y63B4Y6AB4Y6EG4Y6HB4Y6OB4Y8TB4Y90B4Y94G
768062,4Y3ZB4Y63B4Y6AB4Y6EG4Y6HB4Y6OB4Y8TB4Y90B4Y94G
901047,4Y3ZB4Y63B4Y6AB4Y6EG4Y6HB4Y6OB4Y8TB4Y90B4Y94G
902371,4Y3ZB4Y63B4Y6AB4Y6FG4Y6HB4Y6OB4Y8TB4Y90B4Y95G
771096,4Y3ZB4Y63B4Y6AB4Y6FG4Y6HB4Y6OB4Y8TB4Y90B4Y95G
781522,4Y3ZB4Y63B4Y6AB4Y6FG4Y6HB4Y6OB4Y8TB4Y90B4Y95G
781523,4Y3ZB4Y63B4Y6AB4Y6FG4Y6HB4Y6OB4Y8TB4Y90B4Y95G
771094,4Y3ZB4Y63B4Y6AB4Y6FG4Y6HB4Y6OB4Y8TB4Y90B4Y95G
771093,4Y3ZB4Y63B4Y65R4Y6AB4Y6FG4Y6HB4Y6JR4Y6OB4Y8TB
729431,4Y3ZB4Y63B4Y6AB4Y6FG4Y6HB4Y6OB4Y8TB4Y90B4Y95G
771091,4Y3ZB4Y63B4Y65R4Y6AB4Y6FG4Y6HB4Y6JR4Y6OB4Y8TB
771090,4Y3ZB4Y63B4Y6AB4Y6FG4Y6HB4Y6OB4Y8TB4Y90B4Y95G
771095,4Y3ZB4Y63B4Y6AB4Y6FG4Y6HB4Y6OB4Y8TB4Y90B4Y95G
781520,4Y3ZB4Y63B4Y6AB4Y6FG4Y6HB4Y6OB4Y8TB4Y90B4Y95G
771080,4Y3ZB4Y63B4Y6AB4Y6FG4Y6HB4Y6OB4Y8TB4Y90B4Y95G
771066,4Y3ZB4Y63B4Y6AB4Y6FG4Y6HB4Y6OB4Y8TB4Y90B4Y95G
771064,4Y3ZB4Y63B4Y65R4Y6AB4Y6FG4Y6HB4Y6JR4Y6OB4Y8TB
771063,4Y3ZB4Y63B4Y6AB4Y6FG4Y6HB4Y6OB4Y8TB4Y90B4Y95G
771055,4Y3ZB4Y63B4Y6AB4Y6FG4Y6HB4Y6OB4Y8TB4Y90B4Y95G
771084,4Y3ZB4Y63B4Y65R4Y6AB4Y6FG4Y6HB4Y6JR4Y6OB4Y8TB
771068,4Y3ZB4Y63B4Y6AB4Y6FG4Y6HB4Y6OB4Y8TB4Y90B4Y95G
743910,4Y3ZB4Y63B4Y6AB4Y6FG4Y6HB4Y6OB4Y8TB4Y90B4Y95G
771059,4Y3ZB4Y63B4Y6AB4Y6FG4Y6HB4Y6OB4Y8TB4Y90B4Y95G
771058,4Y3ZB4Y63B4Y6AB4Y6FG4Y6HB4Y6OB4Y8TB4Y90B4Y95G
790195,4Y3ZB4Y63B4Y6AB4Y6FG4Y6HB4Y6OB4Y8TB4Y90B4Y95G
771056,4Y3ZB4Y63B4Y6AB4Y6FG4Y6HB4Y6OB4Y8TB4Y90B4Y95G
771075,4Y3ZB4Y63B4Y6AB4Y6FG4Y6HB4Y6OB4Y8TB4Y90B4Y95G
771061,4Y3ZB4Y63B4Y6AB4Y6FG4Y6HB4Y6OB4Y8TB4Y90B4Y95G
781521,4Y3ZB4Y63B4Y6AB4Y6FG4Y6HB4Y6OB4Y8TB4Y90B4Y95G
902368,4Y3ZB4Y63B4Y6AB4Y6FG4Y6HB4Y6OB4Y8TB4Y90B4Y95G
771079,4Y3ZB4Y63B4Y6AB4Y6FG4Y6HB4Y6OB4Y8TB4Y90B4Y95G
771076,4Y3ZB4Y63B4Y6AB4Y6EG4Y6HB4Y6OB4Y8TB4Y90B4Y94G
771069,4Y3ZB4Y63B4Y6AB4Y6FG4Y6HB4Y6OB4Y8TB4Y90B4Y95G
696729,4Y3ZB4Y63B4Y6AB4Y6FG4Y6HB4Y6OB4Y8TB4Y90B4Y95G
771074,4Y3ZB4Y63B4Y6AB4Y6EG4Y6HB4Y6OB4Y8TB4Y90B4Y94G
902367,4Y3ZB4Y63B4Y6AB4Y6FG4Y6HB4Y6OB4Y8TB4Y90B4Y95G
771073,4Y3ZB4Y63B4Y6AB4Y6EG4Y6HB4Y6OB4Y8TB4Y90B4Y94G
743911,4Y3ZB4Y63B4Y6AB4Y6FG4Y6HB4Y6OB4Y8TB4Y90B4Y95G
771072,4Y3ZB4Y63B4Y6AB4Y6EG4Y6HB4Y6OB4Y8TB4Y90B4Y94G
771071,4Y3ZB4Y63B4Y6AB4Y6FG4Y6HB4Y6OB4Y8TB4Y90B4Y95G
771070,4Y3ZB4Y63B4Y6AB4Y6EG4Y6HB4Y6OB4Y8TB4Y90B4Y94G
772835,4Y3ZB4Y63B4Y6AB4Y6FG4Y6HB4Y6OB4Y8TB4Y90B4Y95G
771089,4Y3ZB4Y63B4Y6AB4Y6EG4Y6HB4Y6OB4Y8TB4Y90B4Y94G
901049,4Y3ZB4Y63B4Y6AB4Y6FG4Y6HB4Y6OB4Y8TB4Y90B4Y95G
768406,4Y3ZB4Y63B4Y6AB4Y6EG4Y6HB4Y6OB4Y8TB4Y90B4Y94G
783110,4Y3ZB4Y63B4Y6AB4Y6FG4Y6HB4Y6OB4Y8TB4Y90B4Y95G
768064,4Y3ZB4Y63B4Y6AB4Y6FG4Y6HB4Y6OB4Y8TB4Y90B4Y95G
768405,4Y3ZB4Y63B4Y6AB4Y6EG4Y6HB4Y6OB4Y8TB4Y90B4Y94G
901048,4Y3ZB4Y63B4Y6AB4Y6EG4Y6HB4Y6OB4Y8TB4Y90B4Y94G
786896,4Y3ZB4Y63B4Y6AB4Y6EG4Y6HB4Y6OB4Y8TB4Y90B4Y94G
768068,4Y3ZB4Y63B4Y6AB4Y6EG4Y6HB4Y6OB4Y8TB4Y90B4Y94G
771082,4Y3ZB4Y63B4Y6AB4Y6FG4Y6HB4Y6OB4Y8TB4Y90B4Y95G
768067,4Y3ZB4Y63B4Y6AB4Y6EG4Y6HB4Y6OB4Y8TB4Y90B4Y94G
781543,4Y3ZB4Y63B4Y6AB4Y6EG4Y6HB4Y6OB4Y8TB4Y90B4Y94G
743905,4Y3ZB4Y63B4Y6AB4Y6EG4Y6HB4Y6OB4Y8TB4Y90B4Y94G
772839,4Y3ZB4Y63B4Y6AB4Y6EG4Y6HB4Y6OB4Y8TB4Y90B4Y94G
772838,4Y3ZB4Y63B4Y6AB4Y6EG4Y6HB4Y6OB4Y8TB4Y90B4Y94G
771081,4Y3ZB4Y63B4Y6AB4Y6FG4Y6HB4Y6OB4Y8TB4Y90B4Y95G
743915,4Y3ZB4Y63B4Y6AB4Y6EG4Y6HB4Y6OB4Y8TB4Y90B4Y94G
772837,4Y3ZB4Y63B4Y6AB4Y6EG4Y6HB4Y6OB4Y8TB4Y90B4Y94G
772836,4Y3ZB4Y63B4Y6AB4Y6EG4Y6HB4Y6OB4Y8TB4Y90B4Y94G
768407,4Y3ZB4Y63B4Y6AB4Y6EG4Y6HB4Y6OB4Y8TB4Y90B4Y94G
772834,4Y3ZB4Y63B4Y6AB4Y6EG4Y6HB4Y6OB4Y8TB4Y90B4Y94G
902369,4Y3ZB4Y63B4Y6AB4Y6FG4Y6HB4Y6OB4Y8TB4Y90B4Y95G
772833,4Y3ZB4Y63B4Y6AB4Y6EG4Y6HB4Y6OB4Y8TB4Y90B4Y94G
772832,4Y3ZB4Y63B4Y6AB4Y6EG4Y6HB4Y6OB4Y8TB4Y90B4Y94G
772831,4Y3ZB4Y63B4Y6AB4Y6EG4Y6HB4Y6OB4Y8TB4Y90B4Y94G
768408,4Y3ZB4Y63B4Y6AB4Y6EG4Y6HB4Y6OB4Y8TB4Y90B4Y94G
901050,4Y3ZB4Y63B4Y6AB4Y6EG4Y6HB4Y6OB4Y8TB4Y90B4Y94G
743912,4Y3ZB4Y63B4Y6AB4Y6FG4Y6HB4Y6OB4Y8TB4Y90B4Y95G
1113366,4Y3ZB4Y63B4Y6AB4Y6FG4Y6HB4Y6OB4Y8TB4Y90B4Y95G
1050156,4Y3ZB4Y63B4Y6AB4Y6FG4Y6HB4Y6OB4Y8TB4Y90B4Y95G
1050157,4Y3ZB4Y63B4Y6AB4Y6FG4Y6HB4Y6OB4Y8TB4Y90B4Y95G
739449,4Y3WB4Y3WR4Y60G4Y67B4Y67R4Y6EG4Y6LB4Y6LR4Y8QG
750984,4Y3WB4Y3WR4Y60G4Y67B4Y67R4Y6EG4Y6LB4Y6LR4Y8QG
735695,4Y3WB4Y3WR4Y60G4Y67B4Y67R4Y6EG4Y6LB4Y6LR4Y8QG
712687,4Y3WB4Y3WR4Y60G4Y67B4Y67R4Y6EG4Y6LB4Y6LR4Y8QG
1003361,4Y3WB4Y3WR4Y60G4Y67B4Y67R4Y6EG4Y6LB4Y6LR4Y8QG
711634,4Y3WB4Y3WR4Y60G4Y67B4Y67R4Y6EG4Y6LB4Y6LR4Y8QG
669122,4Y3WB4Y3WR4Y60G4Y67B4Y67R4Y6EG4Y6LB4Y6LR4Y8QG
942357,4Y3WB4Y3WR4Y60G4Y67B4Y67R4Y6EG4Y6LB4Y6LR4Y8QG
942358,4Y3WB4Y3WR4Y60G4Y67B4Y67R4Y6EG4Y6LB4Y6LR4Y8QG
901811,4Y3WB4Y3WR4Y60G4Y67B4Y67R4Y6EG4Y6LB4Y6LR4Y8QG
942257,4Y3WB4Y3WR4Y60G4Y67B4Y67R4Y6EG4Y6LB4Y6LR4Y8QG
697634,4Y3WB4Y3WR4Y60G4Y67B4Y67R4Y6EG4Y6LB4Y6LR4Y8QG
697635,4Y3WB4Y3WR4Y60G4Y67B4Y67R4Y6EG4Y6LB4Y6LR4Y8QG
700992,4Y3WB4Y60G4Y67B4Y6EG4Y6LB4Y8QG4Y8XB4Y94G4Y9BB
697636,4Y3WB4Y3WR4Y60G4Y67B4Y67R4Y6EG4Y6LB4Y6LR4Y8QG
697637,4Y3WB4Y3WR4Y60G4Y67B4Y67R4Y6EG4Y6LB4Y6LR4Y8QG
1137927,4Y5XB4Y64G4Y6BB4Y6IG4Y6PB4Y8UG4Y91B4Y98G4Y9FB
1137926,4Y5XB4Y64G4Y6BB4Y6IG4Y6PB4Y8UG4Y91B4Y98G4Y9FB
1137925,4Y5XB4Y64G4Y6BB4Y6IG4Y6PB4Y8UG4Y91B4Y98G4Y9FB
1137924,4Y5XB4Y64G4Y6BB4Y6IG4Y6PB4Y8UG4Y91B4Y98G4Y9FB
1137923,4Y5XB4Y64G4Y6BB4Y6IG4Y6PB4Y8UG4Y91B4Y98G4Y9FB
1137932,4Y5XB4Y64G4Y6BB4Y6IG4Y6PB4Y8UG4Y91B4Y98G4Y9FB
1137890,4Y5XB4Y64G4Y6BB4Y6IG4Y6PB4Y8UG4Y91B4Y98G4Y9FB
1137931,4Y5XB4Y64G4Y6BB4Y6IG4Y6PB4Y8UG4Y91B4Y98G4Y9FB
1137891,4Y5XB4Y64G4Y6BB4Y6IG4Y6PB4Y8UG4Y91B4Y98G4Y9FB
1137930,4Y5XB4Y64G4Y6BB4Y6IG4Y6PB4Y8UG4Y91B4Y98G4Y9FB
1137892,4Y5XB4Y64G4Y6BB4Y6IG4Y6PB4Y8UG4Y91B4Y98G4Y9FB
1137929,4Y5XB4Y64G4Y6BB4Y6IG4Y6PB4Y8UG4Y91B4Y98G4Y9FB
1137893,4Y5XB4Y64G4Y6BB4Y6IG4Y6PB4Y8UG4Y91B4Y98G4Y9FB
1137928,4Y5XB4Y64G4Y6BB4Y6IG4Y6PB4Y8UG4Y91B4Y98G4Y9FB
1094490,4Y5YG4Y65B4Y6CG4Y6JB4Y6QG4Y8VB4Y92G4Y99B4Y9GG
948754,4Y3XB4Y61G4Y68B4Y6FG4Y6MB4Y8RG4Y8YB4Y95G4Y9CB
707481,4Y3XB4Y61G4Y68B4Y6FG4Y6MB4Y8RG4Y8YB4Y95G4Y9CB
709211,4Y3XB4Y61G4Y68B4Y6FG4Y6MB4Y8RG4Y8YB4Y95G4Y9CB
706718,4Y3XB4Y61G4Y61R4Y68B4Y6FG4Y6FR4Y6MB4Y8RG4Y8RR
712511,4Y3XB4Y61G4Y68B4Y6FG4Y6MB4Y8RG4Y8YB4Y95G4Y9CB
707816,4Y3XB4Y61G4Y68B4Y6FG4Y6MB4Y8RG4Y8YB4Y95G4Y9CB
854815,4Y3XB4Y61G4Y68B4Y6FG4Y6MB4Y8RG4Y8YB4Y95G4Y9CB
707818,4Y3XB4Y61G4Y68B4Y6FG4Y6MB4Y8RG4Y8YB4Y95G4Y9CB
707817,4Y3XB4Y61G4Y68B4Y6FG4Y6MB4Y8RG4Y8YB4Y95G4Y9CB
950754,4Y3XB4Y61G4Y68B4Y6FG4Y6MB4Y8RG4Y8YB4Y95G4Y9CB
1128215,4Y3XB4Y61G4Y68B4Y6FG4Y6MB4Y8RG4Y8YB4Y95G4Y9CB
734670,4Y3XB4Y61G4Y68B4Y6FG4Y6MB4Y8RG4Y8YB4Y95G4Y9CB
707478,4Y3XB4Y61G4Y68B4Y6FG4Y6MB4Y8RG4Y8YB4Y95G4Y9CB
854816,4Y3XB4Y61G4Y68B4Y6FG4Y6MB4Y8RG4Y8YB4Y95G4Y9CB
948755,4Y3XB4Y61G4Y68B4Y6FG4Y6MB4Y8RG4Y8YB4Y95G4Y9CB
664938,4Y3XB4Y61G4Y68B4Y6FG4Y6MB4Y8RG4Y8YB4Y95G4Y9CB
1005430,4Y3XB4Y61G4Y68B4Y6FG4Y6MB4Y8RG4Y8YB4Y95G4Y9CB
995818,4Y3XB4Y61G4Y68B4Y6FG4Y6MB4Y8RG4Y8YB4Y95G4Y9CB
854817,4Y3XB4Y61G4Y68B4Y6FG4Y6MB4Y8RG4Y8YB4Y95G4Y9CB
707809,4Y3XB4Y61G4Y68B4Y6FG4Y6MB4Y8RG4Y8YB4Y95G4Y9CB
734668,4Y3XB4Y61G4Y68B4Y6FG4Y6MB4Y8RG4Y8YB4Y95G4Y9CB
707807,4Y3XB4Y61G4Y68B4Y6FG4Y6MB4Y8RG4Y8YB4Y95G4Y9CB
945759,4Y3XB4Y61G4Y68B4Y6FG4Y6MB4Y8RG4Y8YB4Y95G4Y9CB
941939,4Y3XB4Y61G4Y68B4Y6FG4Y6MB4Y8RG4Y8YB4Y95G4Y9CB
708855,4Y3XB4Y61G4Y68B4Y6FG4Y6MB4Y8RG4Y8YB4Y95G4Y9CB
717939,4Y3XB4Y61G4Y68B4Y6FG4Y6MB4Y8RG4Y8YB4Y95G4Y9CB
708860,4Y3XB4Y61G4Y68B4Y6FG4Y6MB4Y8RG4Y8YB4Y95G4Y9CB
951663,4Y3XB4Y61G4Y68B4Y6FG4Y6MB4Y8RG4Y8YB4Y95G4Y9CB
789676,4Y3XB4Y61G4Y68B4Y6FG4Y6MB4Y8RG4Y8YB4Y95G4Y9CB
699602,4Y3XB4Y61G4Y68B4Y6FG4Y6MB4Y8RG4Y8YB4Y95G4Y9CB
882645,4Y3XB4Y61G4Y68B4Y6FG4Y6MB4Y8RG4Y8YB4Y95G4Y9CB
699603,4Y3XB4Y61G4Y68B4Y6FG4Y6MB4Y8RG4Y8YB4Y95G4Y9CB
992548,4Y3XB4Y61G4Y68B4Y6FG4Y6MB4Y8RG4Y8YB4Y95G4Y9CB
707476,4Y3XB4Y61G4Y68B4Y6FG4Y6MB4Y8RG4Y8YB4Y95G4Y9CB
826464,4Y3XB4Y61G4Y68B4Y6FG4Y6MB4Y8RG4Y8YB4Y95G4Y9CB
1119816,4Y3XB4Y61G4Y68B4Y6FG4Y6MB4Y8RG4Y8YB4Y95G4Y9CB
826465,4Y3XB4Y61G4Y68B4Y6FG4Y6MB4Y8RG4Y8YB4Y95G4Y9CB
826466,4Y3XB4Y61G4Y68B4Y6FG4Y6MB4Y8RG4Y8YB4Y95G4Y9CB
826467,4Y3XB4Y61G4Y68B4Y6FG4Y6MB4Y8RG4Y8YB4Y95G4Y9CB
826468,4Y3XB4Y61G4Y68B4Y6FG4Y6MB4Y8RG4Y8YB4Y95G4Y9CB
826469,4Y3XB4Y61G4Y68B4Y6FG4Y6MB4Y8RG4Y8YB4Y95G4Y9CB
826470,4Y3XB4Y61G4Y68B4Y6FG4Y6MB4Y8RG4Y8YB4Y95G4Y9CB
826471,4Y3XB4Y61G4Y68B4Y6FG4Y6MB4Y8RG4Y8YB4Y95G4Y9CB
1092780,4Y3XB4Y61G4Y68B4Y6FG4Y6MB4Y8RG4Y8YB4Y95G4Y9CB
942988,4Y3XB4Y61G4Y68B4Y6FG4Y6MB4Y8RG4Y8YB4Y95G4Y9CB
1028133,4Y3XB4Y3XB4Y61G4Y61G4Y68B4Y68B4Y6FG4Y6FG4Y6MB
1017974,4Y3ZB4Y63B4Y6AB4Y6HB4Y6OB4Y8TB4Y90B4Y97B4Y9EB
854459,4Y5YG4Y5YG4Y65B4Y6CG4Y6CG4Y6JB4Y6QG4Y6QG4Y8VB
1032732,4Y3ZB4Y63B4Y6AB4Y6HB4Y6OB4Y8TB4Y90B4Y97B4Y9EB
946373,4Y5YG4Y5YG4Y65B4Y6CG4Y6CG4Y6JB4Y6QG4Y6QG4Y8VB
763552,4Y5YG4Y62R4Y65B4Y6CG4Y6GR4Y6JB4Y6QG4Y8SR4Y8VB
763551,4Y5YG4Y62R4Y65B4Y6CG4Y6GR4Y6JB4Y6QG4Y8SR4Y8VB
948326,4Y3ZB4Y63B4Y6AB4Y6HB4Y6OB4Y8TB4Y90B4Y97B4Y9EB
854456,4Y5YG4Y5YG4Y65B4Y6CG4Y6CG4Y6JB4Y6QG4Y6QG4Y8VB
658593,4Y3ZB4Y63B4Y6AB4Y6HB4Y6OB4Y8TB4Y90B4Y97B4Y9EB
854458,4Y5YG4Y5YG4Y65B4Y6CG4Y6CG4Y6JB4Y6QG4Y6QG4Y8VB
1037756,4Y3ZB4Y63B4Y6AB4Y6HB4Y6OB4Y8TB4Y90B4Y97B4Y9EB
1037757,4Y3ZB4Y63B4Y6AB4Y6HB4Y6OB4Y8TB4Y90B4Y97B4Y9EB
1013376,4Y5YG4Y5YG4Y65B4Y6CG4Y6CG4Y6JB4Y6QG4Y6QG4Y8VB
658594,4Y3ZB4Y63B4Y6AB4Y6HB4Y6OB4Y8TB4Y90B4Y97B4Y9EB
1044628,4Y5YG4Y5YG4Y65B4Y6CG4Y6CG4Y6JB4Y6QG4Y6QG4Y8VB
743504,4Y3ZB4Y63B4Y6AB4Y6HB4Y6OB4Y8TB4Y90B4Y97B4Y9EB
946370,4Y5YG4Y5YG4Y65B4Y6CG4Y6CG4Y6JB4Y6QG4Y6QG4Y8VB
658595,4Y3ZB4Y63B4Y6AB4Y6HB4Y6OB4Y8TB4Y90B4Y97B4Y9EB
854450,4Y5YG4Y5YG4Y65B4Y6CG4Y6CG4Y6JB4Y6QG4Y6QG4Y8VB
658596,4Y3ZB4Y63B4Y6AB4Y6HB4Y6OB4Y8TB4Y90B4Y97B4Y9EB
854451,4Y5YG4Y5YG4Y65B4Y6CG4Y6CG4Y6JB4Y6QG4Y6QG4Y8VB
658597,4Y3ZB4Y63B4Y6AB4Y6HB4Y6OB4Y8TB4Y90B4Y97B4Y9EB
854453,4Y5YG4Y5YG4Y65B4Y6CG4Y6CG4Y6JB4Y6QG4Y6QG4Y8VB
1017975,4Y3ZB4Y63B4Y6AB4Y6HB4Y6OB4Y8TB4Y90B4Y97B4Y9EB
854460,4Y5YG4Y5YG4Y65B4Y6CG4Y6CG4Y6JB4Y6QG4Y6QG4Y8VB
658917,4Y3ZB4Y63B4Y6AB4Y6HB4Y6OB4Y8TB4Y90B4Y97B4Y9EB
1023721,4Y5YG4Y5YG4Y65B4Y6CG4Y6CG4Y6JB4Y6QG4Y6QG4Y8VB
658918,4Y3ZB4Y63B4Y6AB4Y6HB4Y6OB4Y8TB4Y90B4Y97B4Y9EB
854454,4Y5YG4Y5YG4Y65B4Y6CG4Y6CG4Y6JB4Y6QG4Y6QG4Y8VB
1032731,4Y3ZB4Y63B4Y6AB4Y6HB4Y6OB4Y8TB4Y90B4Y97B4Y9EB
658919,4Y3ZB4Y63B4Y6AB4Y6HB4Y6OB4Y8TB4Y90B4Y97B4Y9EB
658920,4Y3ZB4Y63B4Y6AB4Y6HB4Y6OB4Y8TB4Y90B4Y97B4Y9EB
658921,4Y3ZB4Y63B4Y6AB4Y6HB4Y6OB4Y8TB4Y90B4Y97B4Y9EB
948325,4Y3ZB4Y63B4Y6AB4Y6HB4Y6OB4Y8TB4Y90B4Y97B4Y9EB
658926,4Y3ZB4Y63B4Y6AB4Y6HB4Y6OB4Y8TB4Y90B4Y97B4Y9EB
658927,4Y3ZB4Y63B4Y6AB4Y6HB4Y6OB4Y8TB4Y90B4Y97B4Y9EB
658928,4Y3ZB4Y5YG4Y63B4Y6AB4Y6CG4Y6HB4Y6OB4Y6QG4Y8TB
790179,4Y3ZB4Y63B4Y6AB4Y6HB4Y6OB4Y8TB4Y90B4Y97B4Y9EB
946972,4Y5YG4Y5YG4Y65B4Y6CG4Y6CG4Y6JB4Y6QG4Y6QG4Y8VB
658929,4Y3ZB4Y63B4Y6AB4Y6HB4Y6OB4Y8TB4Y90B4Y97B4Y9EB
658930,4Y3ZB4Y63B4Y6AB4Y6HB4Y6OB4Y8TB4Y90B4Y97B4Y9EB
658931,4Y3ZB4Y63B4Y6AB4Y6HB4Y6OB4Y8TB4Y90B4Y97B4Y9EB
658932,4Y3ZB4Y63B4Y6AB4Y6HB4Y6OB4Y8TB4Y90B4Y97B4Y9EB
658933,4Y3ZB4Y63B4Y6AB4Y6HB4Y6OB4Y8TB4Y90B4Y97B4Y9EB
948327,4Y3ZB4Y63B4Y6AB4Y6HB4Y6OB4Y8TB4Y90B4Y97B4Y9EB
1032733,4Y3ZB4Y63B4Y6AB4Y6HB4Y6OB4Y8TB4Y90B4Y97B4Y9EB
658934,4Y3ZB4Y63B4Y6AB4Y6HB4Y6OB4Y8TB4Y90B4Y97B4Y9EB
743506,4Y3ZB4Y63B4Y6AB4Y6HB4Y6OB4Y8TB4Y90B4Y97B4Y9EB
658935,4Y3ZB4Y63B4Y6AB4Y6HB4Y6OB4Y8TB4Y90B4Y97B4Y9EB
658922,4Y3ZB4Y63B4Y6AB4Y6HB4Y6OB4Y8TB4Y90B4Y97B4Y9EB
946372,4Y5YG4Y5YG4Y65B4Y6CG4Y6CG4Y6JB4Y6QG4Y6QG4Y8VB
658936,4Y3ZB4Y63B4Y6AB4Y6HB4Y6OB4Y8TB4Y90B4Y97B4Y9EB
658937,4Y3ZB4Y63B4Y6AB4Y6HB4Y6OB4Y8TB4Y90B4Y97B4Y9EB
763562,4Y5XB4Y62R4Y64G4Y6BB4Y6GR4Y6IG4Y6PB4Y8SR4Y8UG
981080,4Y5XB4Y64G4Y6BB4Y6IG4Y6PB4Y8UG4Y91B4Y98G4Y9FB
763560,4Y5XB4Y62R4Y64G4Y6BB4Y6GR4Y6IG4Y6PB4Y8SR4Y8UG
825250,4Y5XB4Y62R4Y64G4Y6BB4Y6GR4Y6IG4Y6PB4Y8SR4Y8UG
658923,4Y3ZB4Y63B4Y6AB4Y6HB4Y6OB4Y8TB4Y90B4Y97B4Y9EB
946161,4Y5YG4Y5YG4Y65B4Y6CG4Y6CG4Y6JB4Y6QG4Y6QG4Y8VB
692713,4Y5XB4Y62R4Y64G4Y6BB4Y6GR4Y6IG4Y6PB4Y8SR4Y8UG
743505,4Y3ZB4Y63B4Y6AB4Y6HB4Y6OB4Y8TB4Y90B4Y97B4Y9EB
854455,4Y5YG4Y5YG4Y65B4Y6CG4Y6CG4Y6JB4Y6QG4Y6QG4Y8VB
859117,4Y5XB4Y62R4Y64G4Y6BB4Y6GR4Y6IG4Y6PB4Y8SR4Y8UG
763567,4Y5XB4Y62R4Y64G4Y6BB4Y6GR4Y6IG4Y6PB4Y8SR4Y8UG
763575,4Y5XB4Y62R4Y64G4Y6BB4Y6GR4Y6IG4Y6PB4Y8SR4Y8UG
763569,4Y5XB4Y62R4Y64G4Y6BB4Y6GR4Y6IG4Y6PB4Y8SR4Y8UG
763568,4Y5XB4Y62R4Y64G4Y6BB4Y6GR4Y6IG4Y6PB4Y8SR4Y8UG
862921,4Y5XB4Y62R4Y64G4Y6BB4Y6GR4Y6IG4Y6PB4Y8SR4Y8UG
948328,4Y3ZB4Y63B4Y6AB4Y6HB4Y6OB4Y8TB4Y90B4Y97B4Y9EB
662136,4Y5YG4Y5YG4Y65B4Y6CG4Y6CG4Y6JB4Y6QG4Y6QG4Y8VB
1016076,4Y5XB4Y62R4Y64G4Y6BB4Y6GR4Y6IG4Y6PB4Y8SR4Y8UG
1023869,4Y3ZB4Y63B4Y6AB4Y6HB4Y6OB4Y8TB4Y90B4Y97B4Y9EB
1044629,4Y5YG4Y5YG4Y65B4Y6CG4Y6CG4Y6JB4Y6QG4Y6QG4Y8VB
658924,4Y3ZB4Y63B4Y6AB4Y6HB4Y6OB4Y8TB4Y90B4Y97B4Y9EB
854462,4Y5YG4Y5YG4Y65B4Y6CG4Y6CG4Y6JB4Y6QG4Y6QG4Y8VB
764900,4Y5YG4Y62R4Y65B4Y6CG4Y6GR4Y6JB4Y6QG4Y8SR4Y8VB
1033044,4Y5YG4Y65B4Y6CG4Y6JB4Y6QG4Y8VB4Y92G4Y99B4Y9GG
1053707,4Y5XB4Y64G4Y6BB4Y6IG4Y6PB4Y8UG4Y91B4Y98G4Y9FB
904507,4Y5XG4Y64B4Y6BG4Y6IB4Y6PG4Y8UB4Y91G4Y98B4Y9FG
763561,4Y5XG4Y64B4Y6BG4Y6IB4Y6PG4Y8UB4Y91G4Y98B4Y9FG
664618,4Y5XG4Y64B4Y6BG4Y6IB4Y6PG4Y8UB4Y91G4Y98B4Y9FG
724518,4Y5XB4Y62R4Y64G4Y6BB4Y6GR4Y6IG4Y6PB4Y8SR4Y8UG
764871,4Y5XG4Y64B4Y6BG4Y6IB4Y6PG4Y8UB4Y91G4Y98B4Y9FG
664620,4Y5XG4Y64B4Y6BG4Y6IB4Y6PG4Y8UB4Y91G4Y98B4Y9FG
764886,4Y5XG4Y64B4Y6BG4Y6IB4Y6PG4Y8UB4Y91G4Y98B4Y9FG
950775,4Y5XG4Y64B4Y6BG4Y6IB4Y6PG4Y8UB4Y91G4Y98B4Y9FG
764872,4Y5XG4Y64B4Y6BG4Y6IB4Y6PG4Y8UB4Y91G4Y98B4Y9FG
763564,4Y5XB4Y62R4Y64G4Y6BB4Y6GR4Y6IG4Y6PB4Y8SR4Y8UG
822154,4Y5XB4Y62R4Y64G4Y6BB4Y6GR4Y6IG4Y6PB4Y8SR4Y8UG
897261,4Y5YG4Y65B4Y6CG4Y6JB4Y6QG4Y8VB4Y92G4Y99B4Y9GG
717732,4Y5YG4Y65B4Y6CG4Y6JB4Y6QG4Y8VB4Y92G4Y99B4Y9GG
862920,4Y5XB4Y62R4Y64G4Y6BB4Y6GR4Y6IG4Y6PB4Y8SR4Y8UG
724519,4Y5XB4Y62R4Y64G4Y6BB4Y6GR4Y6IG4Y6PB4Y8SR4Y8UG
763550,4Y5YG4Y65B4Y6CG4Y6JB4Y6QG4Y8VB4Y92G4Y99B4Y9GG
659221,4Y5XB4Y62R4Y64G4Y6BB4Y6GR4Y6IG4Y6PB4Y8SR4Y8UG
714654,4Y5YG4Y65B4Y6CG4Y6JB4Y6QG4Y8VB4Y92G4Y99B4Y9GG
763565,4Y5XB4Y62R4Y64G4Y6BB4Y6GR4Y6IG4Y6PB4Y8SR4Y8UG
763558,4Y5XB4Y64G4Y6BB4Y6IG4Y6PB4Y8UG4Y91B4Y98G4Y9FB
897260,4Y5XB4Y62R4Y64G4Y6BB4Y6GR4Y6IG4Y6PB4Y8SR4Y8UG
897262,4Y5YG4Y65B4Y6CG4Y6JB4Y6QG4Y8VB4Y92G4Y99B4Y9GG
763549,4Y5YG4Y62R4Y65B4Y6CG4Y6GR4Y6JB4Y6QG4Y8SR4Y8VB
859115,4Y5XB4Y62R4Y64G4Y6BB4Y6GR4Y6IG4Y6PB4Y8SR4Y8UG
763563,4Y5XB4Y62R4Y64G4Y6BB4Y6GR4Y6IG4Y6PB4Y8SR4Y8UG
785324,4Y5XB4Y62R4Y64G4Y6BB4Y6GR4Y6IG4Y6PB4Y8SR4Y8UG
941556,4Y5YG4Y65B4Y6CG4Y6JB4Y6QG4Y8VB4Y92G4Y99B4Y9GG
724520,4Y5XB4Y62R4Y64G4Y6BB4Y6GR4Y6IG4Y6PB4Y8SR4Y8UG
1027231,4Y5XB4Y62R4Y64G4Y6BB4Y6GR4Y6IG4Y6PB4Y8SR4Y8UG
964231,4Y5YG4Y62R4Y65B4Y6CG4Y6GR4Y6JB4Y6QG4Y8SR4Y8VB
964215,4Y5YG4Y62R4Y65B4Y6CG4Y6GR4Y6JB4Y6QG4Y8SR4Y8VB
635400,4Y5YG4Y62R4Y65B4Y6CG4Y6GR4Y6JB4Y6QG4Y8SR4Y8VB
774138,4Y3WB4Y3YR4Y60G4Y67B4Y69R4Y6EG4Y6LB4Y6NR4Y8QG
967478,4Y3WB4Y3YR4Y60G4Y67B4Y69R4Y6EG4Y6LB4Y6NR4Y8QG
999740,4Y3WB4Y3YR4Y60G4Y67B4Y69R4Y6EG4Y6LB4Y6NR4Y8QG
967490,4Y3WB4Y3YR4Y60G4Y67B4Y69R4Y6EG4Y6LB4Y6NR4Y8QG
967474,4Y3WB4Y3YR4Y60G4Y67B4Y69R4Y6EG4Y6LB4Y6NR4Y8QG
967483,4Y3WB4Y3YR4Y60G4Y67B4Y69R4Y6EG4Y6LB4Y6NR4Y8QG
774140,4Y3WB4Y3YR4Y60G4Y67B4Y69R4Y6EG4Y6LB4Y6NR4Y8QG
789461,4Y3YR4Y5YB4Y65G4Y69R4Y6CB4Y6JG4Y6NR4Y6QB4Y8VG
906593,4Y3YR4Y5YB4Y65G4Y69R4Y6CB4Y6JG4Y6NR4Y6QB4Y8VG
789462,4Y3YR4Y5YB4Y65G4Y69R4Y6CB4Y6JG4Y6NR4Y6QB4Y8VG
906568,4Y3YR4Y5YB4Y65G4Y69R4Y6CB4Y6JG4Y6NR4Y6QB4Y8VG
906567,4Y3YR4Y5YB4Y65G4Y69R4Y6CB4Y6JG4Y6NR4Y6QB4Y8VG
906571,4Y3YR4Y5YB4Y65G4Y69R4Y6CB4Y6JG4Y6NR4Y6QB4Y8VG
906595,4Y3YR4Y5YB4Y65G4Y69R4Y6CB4Y6JG4Y6NR4Y6QB4Y8VG
789460,4Y3YR4Y5YB4Y65G4Y69R4Y6CB4Y6JG4Y6NR4Y6QB4Y8VG
906594,4Y3YR4Y5YB4Y65G4Y69R4Y6CB4Y6JG4Y6NR4Y6QB4Y8VG
801203,4Y3YB4Y62G4Y69B4Y6GG4Y6NB4Y8SG4Y8ZB4Y96G4Y9DB
801201,4Y3YB4Y3ZR4Y62G4Y69B4Y6AR4Y6GG4Y6NB4Y6OR4Y8SG
801199,4Y3YB4Y3ZR4Y62G4Y69B4Y6AR4Y6GG4Y6NB4Y6OR4Y8SG
820198,4Y3YB4Y62G4Y69B4Y6GG4Y6NB4Y8SG4Y8ZB4Y96G4Y9DB
820196,4Y3YB4Y3ZR4Y62G4Y69B4Y6AR4Y6GG4Y6NB4Y6OR4Y8SG
801235,4Y3YB4Y3ZR4Y62G4Y69B4Y6AR4Y6GG4Y6NB4Y6OR4Y8SG
742796,4Y3YB4Y62G4Y69B4Y6GG4Y6NB4Y8SG4Y8ZB4Y96G4Y9DB
801242,4Y3YB4Y3ZR4Y62G4Y69B4Y6AR4Y6GG4Y6NB4Y6OR4Y8SG
1030786,4Y3WR4Y3XB4Y61G4Y67R4Y68B4Y6FG4Y6LR4Y6MB4Y8RG
1006270,4Y3XB4Y61G4Y68B4Y6FG4Y6MB4Y8RG4Y8YB4Y95G4Y9CB
1037120,4Y3WR4Y3XB4Y61G4Y67R4Y68B4Y6FG4Y6LR4Y6MB4Y8RG
1037119,4Y3WR4Y3XB4Y61G4Y67R4Y68B4Y6FG4Y6LR4Y6MB4Y8RG
907879,4Y3WR4Y3XB4Y61G4Y67R4Y68B4Y6FG4Y6LR4Y6MB4Y8RG
1037118,4Y3WR4Y3XB4Y61G4Y67R4Y68B4Y6FG4Y6LR4Y6MB4Y8RG
1037117,4Y3WR4Y3XB4Y61G4Y67R4Y68B4Y6FG4Y6LR4Y6MB4Y8RG
1037116,4Y3XB4Y61G4Y68B4Y6FG4Y6MB4Y8RG4Y8YB4Y95G4Y9CB
1037115,4Y3WR4Y3XB4Y61G4Y67R4Y68B4Y6FG4Y6LR4Y6MB4Y8RG
698605,4Y3WR4Y3XB4Y61G4Y67R4Y68B4Y6FG4Y6LR4Y6MB4Y8RG
1037114,4Y3WR4Y3XB4Y61G4Y67R4Y68B4Y6FG4Y6LR4Y6MB4Y8RG
1037113,4Y3WR4Y3XB4Y61G4Y67R4Y68B4Y6FG4Y6LR4Y6MB4Y8RG
1035485,4Y3XB4Y61G4Y68B4Y6FG4Y6MB4Y8RG4Y8YB4Y95G4Y9CB
1037112,4Y3WR4Y3XB4Y61G4Y67R4Y68B4Y6FG4Y6LR4Y6MB4Y8RG
1037111,4Y3WR4Y3XB4Y61G4Y67R4Y68B4Y6FG4Y6LR4Y6MB4Y8RG
1036706,4Y3WR4Y3XB4Y61G4Y67R4Y68B4Y6FG4Y6LR4Y6MB4Y8RG
1036707,4Y3WR4Y3XB4Y61G4Y67R4Y68B4Y6FG4Y6LR4Y6MB4Y8RG
1024730,4Y3XB4Y61G4Y68B4Y6FG4Y6MB4Y8RG4Y8YB4Y95G4Y9CB
1036708,4Y3WR4Y3XB4Y61G4Y67R4Y68B4Y6FG4Y6LR4Y6MB4Y8RG
1036709,4Y3WR4Y3XB4Y61G4Y67R4Y68B4Y6FG4Y6LR4Y6MB4Y8RG
623897,4Y3WR4Y3XB4Y61G4Y67R4Y68B4Y6FG4Y6LR4Y6MB4Y8RG
1036710,4Y3WR4Y3XB4Y61G4Y67R4Y68B4Y6FG4Y6LR4Y6MB4Y8RG
1036711,4Y3WR4Y3XB4Y61G4Y67R4Y68B4Y6FG4Y6LR4Y6MB4Y8RG
1036712,4Y3WR4Y3XB4Y61G4Y67R4Y68B4Y6FG4Y6LR4Y6MB4Y8RG
1036713,4Y3WR4Y3XB4Y61G4Y67R4Y68B4Y6FG4Y6LR4Y6MB4Y8RG
698604,4Y3WR4Y3XB4Y61G4Y67R4Y68B4Y6FG4Y6LR4Y6MB4Y8RG
700997,4Y3WR4Y3XB4Y61G4Y67R4Y68B4Y6FG4Y6LR4Y6MB4Y8RG
698603,4Y3XB4Y61G4Y68B4Y6FG4Y6MB4Y8RG4Y8YB4Y95G4Y9CB
698602,4Y3WR4Y3XB4Y61G4Y67R4Y68B4Y6FG4Y6LR4Y6MB4Y8RG
698601,4Y3WR4Y3XB4Y61G4Y67R4Y68B4Y6FG4Y6LR4Y6MB4Y8RG
698600,4Y3WR4Y3XB4Y61G4Y67R4Y68B4Y6FG4Y6LR4Y6MB4Y8RG
1030787,4Y3WR4Y3XB4Y61G4Y67R4Y68B4Y6FG4Y6LR4Y6MB4Y8RG
763589,4Y3YB4Y61R4Y62G4Y69B4Y6FR4Y6GG4Y6NB4Y8RR4Y8SG
721491,4Y3YB4Y61R4Y62G4Y69B4Y6FR4Y6GG4Y6NB4Y8RR4Y8SG
721493,4Y3YB4Y61R4Y62G4Y69B4Y6FR4Y6GG4Y6NB4Y8RR4Y8SG
721495,4Y3YB4Y61R4Y62G4Y69B4Y6FR4Y6GG4Y6NB4Y8RR4Y8SG
721497,4Y3YB4Y61R4Y62G4Y69B4Y6FR4Y6GG4Y6NB4Y8RR4Y8SG
861615,4Y3YB4Y61R4Y62G4Y69B4Y6FR4Y6GG4Y6NB4Y8RR4Y8SG
1037628,4Y3YB4Y62G4Y69B4Y6GG4Y6NB4Y8SG4Y8ZB4Y96G4Y9DB
763595,4Y3YB4Y61R4Y62G4Y69B4Y6FR4Y6GG4Y6NB4Y8RR4Y8SG
859127,4Y3YB4Y61R4Y62G4Y69B4Y6FR4Y6GG4Y6NB4Y8RR4Y8SG
763943,4Y3YB4Y61R4Y62G4Y69B4Y6FR4Y6GG4Y6NB4Y8RR4Y8SG
763946,4Y3YB4Y61R4Y62G4Y69B4Y6FR4Y6GG4Y6NB4Y8RR4Y8SG
700451,4Y3YB4Y61R4Y62G4Y69B4Y6FR4Y6GG4Y6NB4Y8RR4Y8SG
763966,4Y3YB4Y61R4Y62G4Y69B4Y6FR4Y6GG4Y6NB4Y8RR4Y8SG
721502,4Y3YB4Y61R4Y62G4Y69B4Y6FR4Y6GG4Y6NB4Y8RR4Y8SG
721504,4Y3YB4Y61R4Y62G4Y69B4Y6FR4Y6GG4Y6NB4Y8RR4Y8SG
763596,4Y3YB4Y61R4Y62G4Y69B4Y6FR4Y6GG4Y6NB4Y8RR4Y8SG
700443,4Y3YB4Y61R4Y62G4Y69B4Y6FR4Y6GG4Y6NB4Y8RR4Y8SG
763592,4Y3YB4Y61R4Y62G4Y69B4Y6FR4Y6GG4Y6NB4Y8RR4Y8SG
763594,4Y3YB4Y61R4Y62G4Y69B4Y6FR4Y6GG4Y6NB4Y8RR4Y8SG
828228,4Y3ZB4Y60R4Y63G4Y6AB4Y6ER4Y6HG4Y6OB4Y8QR4Y8TG
785995,4Y3ZB4Y60R4Y63G4Y6AB4Y6ER4Y6HG4Y6OB4Y8QR4Y8TG
799935,4Y3ZB4Y60R4Y63G4Y6AB4Y6ER4Y6HG4Y6OB4Y8QR4Y8TG
799934,4Y3ZB4Y60R4Y63G4Y6AB4Y6ER4Y6HG4Y6OB4Y8QR4Y8TG
664764,4Y5XG4Y63R4Y64B4Y6BG4Y6HR4Y6IB4Y6PG4Y8TR4Y8UB
995816,4Y5XG4Y63R4Y64B4Y6BG4Y6HR4Y6IB4Y6PG4Y8TR4Y8UB
747183,4Y5XG4Y63R4Y64B4Y6BG4Y6HR4Y6IB4Y6PG4Y8TR4Y8UB
1027476,4Y5XG4Y63R4Y64B4Y6BG4Y6HR4Y6IB4Y6PG4Y8TR4Y8UB
707458,4Y5XG4Y63R4Y64B4Y6BG4Y6HR4Y6IB4Y6PG4Y8TR4Y8UB
707460,4Y5XG4Y63R4Y64B4Y6BG4Y6HR4Y6IB4Y6PG4Y8TR4Y8UB
1009389,4Y5XG4Y63R4Y64B4Y6BG4Y6HR4Y6IB4Y6PG4Y8TR4Y8UB
707463,4Y5XG4Y63R4Y64B4Y6BG4Y6HR4Y6IB4Y6PG4Y8TR4Y8UB
739015,4Y5XG4Y63R4Y64B4Y6BG4Y6HR4Y6IB4Y6PG4Y8TR4Y8UB
707448,4Y5XG4Y63R4Y64B4Y6BG4Y6HR4Y6IB4Y6PG4Y8TR4Y8UB
707445,4Y5XG4Y63R4Y64B4Y6BG4Y6HR4Y6IB4Y6PG4Y8TR4Y8UB
707447,4Y5XG4Y63R4Y64B4Y6BG4Y6HR4Y6IB4Y6PG4Y8TR4Y8UB
707442,4Y5XG4Y63R4Y64B4Y6BG4Y6HR4Y6IB4Y6PG4Y8TR4Y8UB
957511,4Y3ZB4Y63G4Y63R4Y6AB4Y6HG4Y6HR4Y6OB4Y8TG4Y8TR
745650,4Y3ZB4Y63G4Y63R4Y6AB4Y6HG4Y6HR4Y6OB4Y8TG4Y8TR
995406,4Y3ZB4Y63G4Y63R4Y6AB4Y6HG4Y6HR4Y6OB4Y8TG4Y8TR
957514,4Y3ZB4Y63G4Y63R4Y6AB4Y6HG4Y6HR4Y6OB4Y8TG4Y8TR
957513,4Y3ZB4Y63G4Y63R4Y6AB4Y6HG4Y6HR4Y6OB4Y8TG4Y8TR
1020818,4Y3ZB4Y63G4Y63R4Y6AB4Y6HG4Y6HR4Y6OB4Y8TG4Y8TR
912682,4Y3XB4Y3XR4Y61G4Y68B4Y68R4Y6FG4Y6MB4Y6MR4Y8RG
781975,4Y3XB4Y3XR4Y61G4Y68B4Y68R4Y6FG4Y6MB4Y6MR4Y8RG
912679,4Y3XB4Y3XR4Y61G4Y68B4Y68R4Y6FG4Y6MB4Y6MR4Y8RG
919193,4Y3XB4Y3XR4Y61G4Y68B4Y68R4Y6FG4Y6MB4Y6MR4Y8RG
635298,4Y3YG4Y62B4Y64R4Y69G4Y6GB4Y6IR4Y6NG4Y8SB4Y8UR
635295,4Y3YG4Y62B4Y64R4Y69G4Y6GB4Y6IR4Y6NG4Y8SB4Y8UR
635293,4Y3YG4Y62B4Y64R4Y69G4Y6GB4Y6IR4Y6NG4Y8SB4Y8UR
635301,4Y3YG4Y62B4Y69G4Y6GB4Y6NG4Y8SB4Y8ZG4Y96B4Y9DG
1017916,4Y3YG4Y62B4Y64R4Y69G4Y6GB4Y6IR4Y6NG4Y8SB4Y8UR
635322,4Y3YG4Y62B4Y64R4Y69G4Y6GB4Y6IR4Y6NG4Y8SB4Y8UR
1049278,4Y3YG4Y62B4Y64R4Y69G4Y6GB4Y6IR4Y6NG4Y8SB4Y8UR
774543,4Y3YG4Y62B4Y64R4Y69G4Y6GB4Y6IR4Y6NG4Y8SB4Y8UR
635313,4Y3YG4Y62B4Y64R4Y69G4Y6GB4Y6IR4Y6NG4Y8SB4Y8UR
1049285,4Y3YG4Y62B4Y64R4Y69G4Y6GB4Y6IR4Y6NG4Y8SB4Y8UR
635310,4Y3YG4Y62B4Y69G4Y6GB4Y6NG4Y8SB4Y8ZG4Y96B4Y9DG
777168,4Y3YG4Y62B4Y64R4Y69G4Y6GB4Y6IR4Y6NG4Y8SB4Y8UR
969041,4Y3YG4Y62B4Y64R4Y69G4Y6GB4Y6IR4Y6NG4Y8SB4Y8UR
969039,4Y3YG4Y62B4Y64R4Y69G4Y6GB4Y6IR4Y6NG4Y8SB4Y8UR
969037,4Y3YG4Y62B4Y64R4Y69G4Y6GB4Y6IR4Y6NG4Y8SB4Y8UR
776848,4Y3YG4Y62B4Y69G4Y6GB4Y6NG4Y8SB4Y8ZG4Y96B4Y9DG
776847,4Y3YG4Y62B4Y64R4Y69G4Y6GB4Y6IR4Y6NG4Y8SB4Y8UR
969054,4Y3YG4Y62B4Y64R4Y69G4Y6GB4Y6IR4Y6NG4Y8SB4Y8UR
1049268,4Y3YG4Y62B4Y64R4Y69G4Y6GB4Y6IR4Y6NG4Y8SB4Y8UR
783632,4Y3YG4Y62B4Y64R4Y69G4Y6GB4Y6IR4Y6NG4Y8SB4Y8UR
636638,4Y3YG4Y62B4Y64R4Y69G4Y6GB4Y6IR4Y6NG4Y8SB4Y8UR
1011116,4Y3YG4Y62B4Y64R4Y69G4Y6GB4Y6IR4Y6NG4Y8SB4Y8UR
963540,4Y3YG4Y62B4Y64R4Y69G4Y6GB4Y6IR4Y6NG4Y8SB4Y8UR
776853,4Y3YG4Y62B4Y64R4Y69G4Y6GB4Y6IR4Y6NG4Y8SB4Y8UR
788850,4Y3YG4Y62B4Y64R4Y69G4Y6GB4Y6IR4Y6NG4Y8SB4Y8UR
963530,4Y3YG4Y62B4Y64R4Y69G4Y6GB4Y6IR4Y6NG4Y8SB4Y8UR
829652,4Y3YG4Y62B4Y64R4Y69G4Y6GB4Y6IR4Y6NG4Y8SB4Y8UR
636646,4Y3YG4Y62B4Y64R4Y69G4Y6GB4Y6IR4Y6NG4Y8SB4Y8UR
1049283,4Y3YG4Y62B4Y64R4Y69G4Y6GB4Y6IR4Y6NG4Y8SB4Y8UR
636622,4Y3YG4Y62B4Y64R4Y69G4Y6GB4Y6IR4Y6NG4Y8SB4Y8UR
774540,4Y3YG4Y62B4Y64R4Y69G4Y6GB4Y6IR4Y6NG4Y8SB4Y8UR
774539,4Y3YG4Y62B4Y64R4Y69G4Y6GB4Y6IR4Y6NG4Y8SB4Y8UR
635292,4Y3YG4Y62B4Y64R4Y69G4Y6GB4Y6IR4Y6NG4Y8SB4Y8UR
985165,4Y3YB4Y62G4Y69B4Y6GG4Y6NB4Y8SG4Y8ZB4Y96G4Y9DB
758267,4Y3WR4Y3YB4Y62G4Y67R4Y69B4Y6GG4Y6LR4Y6NB4Y8SG
758689,4Y3WR4Y3YB4Y62G4Y67R4Y69B4Y6GG4Y6LR4Y6NB4Y8SG
985166,4Y3YB4Y62G4Y69B4Y6GG4Y6NB4Y8SG4Y8ZB4Y96G4Y9DB
818727,4Y3YB4Y62G4Y69B4Y6GG4Y6NB4Y8SG4Y8ZB4Y96G4Y9DB
984365,4Y3YB4Y62G4Y69B4Y6GG4Y6NB4Y8SG4Y8ZB4Y96G4Y9DB
758241,4Y3YB4Y62G4Y69B4Y6GG4Y6NB4Y8SG4Y8ZB4Y96G4Y9DB
984366,4Y3YB4Y62G4Y69B4Y6GG4Y6NB4Y8SG4Y8ZB4Y96G4Y9DB
758244,4Y3WR4Y3YB4Y62G4Y67R4Y69B4Y6GG4Y6LR4Y6NB4Y8SG
994448,4Y3YB4Y62G4Y69B4Y6GG4Y6NB4Y8SG4Y8ZB4Y96G4Y9DB
753589,4Y3WR4Y3YB4Y62G4Y67R4Y69B4Y6GG4Y6LR4Y6NB4Y8SG
758251,4Y3YB4Y62G4Y69B4Y6GG4Y6NB4Y8SG4Y8ZB4Y96G4Y9DB
758282,4Y3WR4Y3YB4Y62G4Y67R4Y69B4Y6GG4Y6LR4Y6NB4Y8SG
758280,4Y3WR4Y3YB4Y62G4Y67R4Y69B4Y6GG4Y6LR4Y6NB4Y8SG
758270,4Y3WR4Y3YB4Y62G4Y67R4Y69B4Y6GG4Y6LR4Y6NB4Y8SG
791041,4Y3YB4Y62G4Y69B4Y6GG4Y6NB4Y8SG4Y8ZB4Y96G4Y9DB
826129,4Y3YB4Y62G4Y69B4Y6GG4Y6NB4Y8SG4Y8ZB4Y96G4Y9DB
881948,4Y5XB4Y64G4Y6BB4Y6IG4Y6PB4Y8UG4Y91B4Y98G4Y9FB
910873,4Y5XB4Y64G4Y6BB4Y6IG4Y6PB4Y8UG4Y91B4Y98G4Y9FB
745303,4Y5XB4Y64G4Y6BB4Y6IG4Y6PB4Y8UG4Y91B4Y98G4Y9FB
910335,4Y5YB4Y5YR4Y65G4Y6CB4Y6CR4Y6JG4Y6QB4Y6QR4Y8VG
725739,4Y5YB4Y5YR4Y65G4Y6CB4Y6CR4Y6JG4Y6QB4Y6QR4Y8VG
911359,4Y5YB4Y5YR4Y65G4Y6CB4Y6CR4Y6JG4Y6QB4Y6QR4Y8VG
1030577,4Y5YB4Y65G4Y6CB4Y6JG4Y6QB4Y8VG4Y92B4Y99G4Y9GB
725258,4Y5YB4Y65G4Y6CB4Y6JG4Y6QB4Y8VG4Y92B4Y99G4Y9GB
1109153,4Y3XG4Y61B4Y68G4Y6FB4Y6MG4Y8RB4Y8YG4Y95B4Y9CG
955336,4Y3XG4Y3XG4Y61B4Y61B4Y68G4Y68G4Y6FB4Y6FB4Y6MG
903595,4Y3XG4Y5YR4Y61B4Y68G4Y6CR4Y6FB4Y6MG4Y6QR4Y8RB
678075,4Y3ZG4Y62R4Y63B4Y6AG4Y6GR4Y6HB4Y6OG4Y8SR4Y8TB
1011711,4Y3ZG4Y62R4Y63B4Y6AG4Y6GR4Y6HB4Y6OG4Y8SR4Y8TB
632449,4Y3ZG4Y62R4Y63B4Y6AG4Y6GR4Y6HB4Y6OG4Y8SR4Y8TB
632446,4Y3ZG4Y62R4Y63B4Y6AG4Y6GR4Y6HB4Y6OG4Y8SR4Y8TB
632442,4Y3ZG4Y62R4Y63B4Y6AG4Y6GR4Y6HB4Y6OG4Y8SR4Y8TB
783636,4Y3ZG4Y62R4Y63B4Y6AG4Y6GR4Y6HB4Y6OG4Y8SR4Y8TB
777226,4Y3ZG4Y62R4Y63B4Y6AG4Y6GR4Y6HB4Y6OG4Y8SR4Y8TB
632444,4Y3ZG4Y62R4Y63B4Y6AG4Y6GR4Y6HB4Y6OG4Y8SR4Y8TB
1011712,4Y3ZG4Y62R4Y63B4Y6AG4Y6GR4Y6HB4Y6OG4Y8SR4Y8TB
678080,4Y3ZG4Y63B4Y6AG4Y6HB4Y6OG4Y8TB4Y90G4Y97B4Y9EG
632473,4Y3ZG4Y62R4Y63B4Y6AG4Y6GR4Y6HB4Y6OG4Y8SR4Y8TB
1039281,4Y3ZG4Y62R4Y63B4Y6AG4Y6GR4Y6HB4Y6OG4Y8SR4Y8TB
632463,4Y3ZG4Y62R4Y63B4Y6AG4Y6GR4Y6HB4Y6OG4Y8SR4Y8TB
632460,4Y3ZG4Y62R4Y63B4Y6AG4Y6GR4Y6HB4Y6OG4Y8SR4Y8TB
963913,4Y3ZG4Y62R4Y63B4Y6AG4Y6GR4Y6HB4Y6OG4Y8SR4Y8TB
963884,4Y62R4Y63B4Y6GR4Y6HB4Y8SR4Y8TB4Y96R4Y97B4YBHR
963881,4Y3ZG4Y62R4Y63B4Y6AG4Y6GR4Y6HB4Y6OG4Y8SR4Y8TB
963541,4Y3ZG4Y62R4Y63B4Y6AG4Y6GR4Y6HB4Y6OG4Y8SR4Y8TB
963873,4Y3ZG4Y62R4Y63B4Y6AG4Y6GR4Y6HB4Y6OG4Y8SR4Y8TB
678074,4Y3ZG4Y62R4Y63B4Y6AG4Y6GR4Y6HB4Y6OG4Y8SR4Y8TB
963545,4Y3ZG4Y62R4Y63B4Y6AG4Y6GR4Y6HB4Y6OG4Y8SR4Y8TB
963542,4Y3ZG4Y62R4Y63B4Y6AG4Y6GR4Y6HB4Y6OG4Y8SR4Y8TB
963909,4Y3ZG4Y62R4Y63B4Y6AG4Y6GR4Y6HB4Y6OG4Y8SR4Y8TB
963907,4Y3ZG4Y62R4Y63B4Y6AG4Y6GR4Y6HB4Y6OG4Y8SR4Y8TB
963903,4Y3ZG4Y62R4Y63B4Y6AG4Y6GR4Y6HB4Y6OG4Y8SR4Y8TB
678066,4Y3ZG4Y62R4Y63B4Y6AG4Y6GR4Y6HB4Y6OG4Y8SR4Y8TB
963889,4Y3ZG4Y62R4Y63B4Y6AG4Y6GR4Y6HB4Y6OG4Y8SR4Y8TB
963896,4Y3ZG4Y62R4Y63B4Y6AG4Y6GR4Y6HB4Y6OG4Y8SR4Y8TB
1044015,4Y3ZG4Y62R4Y63B4Y6AG4Y6GR4Y6HB4Y6OG4Y8SR4Y8TB
963890,4Y3ZG4Y62R4Y63B4Y6AG4Y6GR4Y6HB4Y6OG4Y8SR4Y8TB
675266,4Y3ZG4Y62R4Y63B4Y6AG4Y6GR4Y6HB4Y6OG4Y8SR4Y8TB
675262,4Y3ZG4Y62R4Y63B4Y6AG4Y6GR4Y6HB4Y6OG4Y8SR4Y8TB
675259,4Y3ZG4Y62R4Y63B4Y6AG4Y6GR4Y6HB4Y6OG4Y8SR4Y8TB
1000116,4Y3ZG4Y62R4Y63B4Y6AG4Y6GR4Y6HB4Y6OG4Y8SR4Y8TB
679045,4Y3ZG4Y62R4Y63B4Y6AG4Y6GR4Y6HB4Y6OG4Y8SR4Y8TB
679043,4Y3ZG4Y62R4Y63B4Y6AG4Y6GR4Y6HB4Y6OG4Y8SR4Y8TB
776843,4Y3ZG4Y62R4Y63B4Y6AG4Y6GR4Y6HB4Y6OG4Y8SR4Y8TB
969026,4Y3ZG4Y62R4Y63B4Y6AG4Y6GR4Y6HB4Y6OG4Y8SR4Y8TB
969015,4Y3ZG4Y62R4Y63B4Y6AG4Y6GR4Y6HB4Y6OG4Y8SR4Y8TB
775931,4Y3ZG4Y62R4Y63B4Y6AG4Y6GR4Y6HB4Y6OG4Y8SR4Y8TB
981594,4Y3ZB4Y60R4Y63G4Y6AB4Y6ER4Y6HG4Y6OB4Y8QR4Y8TG
662594,4Y3ZB4Y60R4Y63G4Y6AB4Y6ER4Y6HG4Y6OB4Y8QR4Y8TG
981624,4Y3ZB4Y60R4Y63G4Y6AB4Y6ER4Y6HG4Y6OB4Y8QR4Y8TG
1005579,4Y3ZB4Y63G4Y6AB4Y6HG4Y6OB4Y8TG4Y90B4Y97G4Y9EB
981613,4Y3ZB4Y60R4Y63G4Y6AB4Y6ER4Y6HG4Y6OB4Y8QR4Y8TG
978761,4Y3ZB4Y63G4Y6AB4Y6HG4Y6OB4Y8TG4Y90B4Y97G4Y9EB
979698,4Y3ZB4Y60R4Y63G4Y6AB4Y6ER4Y6HG4Y6OB4Y8QR4Y8TG
861874,4Y3ZB4Y60R4Y63G4Y6AB4Y6ER4Y6HG4Y6OB4Y8QR4Y8TG
662595,4Y3ZB4Y63G4Y6AB4Y6HG4Y6OB4Y8TG4Y90B4Y97G4Y9EB
652593,4Y3ZB4Y60R4Y63G4Y6AB4Y6ER4Y6HG4Y6OB4Y8QR4Y8TG
979688,4Y3ZB4Y60R4Y63G4Y6AB4Y6ER4Y6HG4Y6OB4Y8QR4Y8TG
983320,4Y3ZB4Y60R4Y63G4Y6AB4Y6ER4Y6HG4Y6OB4Y8QR4Y8TG
983332,4Y3ZB4Y60R4Y63G4Y6AB4Y6ER4Y6HG4Y6OB4Y8QR4Y8TG
1047839,4Y3ZB4Y60R4Y63G4Y6AB4Y6ER4Y6HG4Y6OB4Y8QR4Y8TG
983340,4Y3ZB4Y63G4Y6AB4Y6HG4Y6OB4Y8TG4Y90B4Y97G4Y9EB
662606,4Y3ZB4Y60R4Y63G4Y6AB4Y6ER4Y6HG4Y6OB4Y8QR4Y8TG
1028681,4Y3ZB4Y63G4Y6AB4Y6HG4Y6OB4Y8TG4Y90B4Y97G4Y9EB
787374,4Y3ZB4Y60R4Y63G4Y6AB4Y6ER4Y6HG4Y6OB4Y8QR4Y8TG
903937,4Y3ZB4Y60R4Y63G4Y6AB4Y6ER4Y6HG4Y6OB4Y8QR4Y8TG
983343,4Y3ZB4Y60R4Y63G4Y6AB4Y6ER4Y6HG4Y6OB4Y8QR4Y8TG
983345,4Y3ZB4Y60R4Y63G4Y6AB4Y6ER4Y6HG4Y6OB4Y8QR4Y8TG
981664,4Y3ZB4Y60R4Y63G4Y6AB4Y6ER4Y6HG4Y6OB4Y8QR4Y8TG
861879,4Y3ZB4Y60R4Y63G4Y6AB4Y6ER4Y6HG4Y6OB4Y8QR4Y8TG
981669,4Y3ZB4Y60R4Y63G4Y6AB4Y6ER4Y6HG4Y6OB4Y8QR4Y8TG
646106,4Y3ZB4Y60R4Y63G4Y6AB4Y6ER4Y6HG4Y6OB4Y8QR4Y8TG
981658,4Y3ZB4Y60R4Y63G4Y6AB4Y6ER4Y6HG4Y6OB4Y8QR4Y8TG
982973,4Y3ZB4Y60R4Y63G4Y6AB4Y6ER4Y6HG4Y6OB4Y8QR4Y8TG
983302,4Y3ZB4Y60R4Y63G4Y6AB4Y6ER4Y6HG4Y6OB4Y8QR4Y8TG
662599,4Y3ZB4Y60R4Y63G4Y6AB4Y6ER4Y6HG4Y6OB4Y8QR4Y8TG
982969,4Y3ZB4Y60R4Y63G4Y6AB4Y6ER4Y6HG4Y6OB4Y8QR4Y8TG
1019093,4Y3ZB4Y63G4Y6AB4Y6HG4Y6OB4Y8TG4Y90B4Y97G4Y9EB
903935,4Y3ZB4Y60R4Y63G4Y6AB4Y6ER4Y6HG4Y6OB4Y8QR4Y8TG
650913,4Y3ZB4Y60R4Y63G4Y6AB4Y6ER4Y6HG4Y6OB4Y8QR4Y8TG
650911,4Y3ZB4Y60R4Y63G4Y6AB4Y6ER4Y6HG4Y6OB4Y8QR4Y8TG
650570,4Y3ZB4Y60R4Y63G4Y6AB4Y6ER4Y6HG4Y6OB4Y8QR4Y8TG
650896,4Y3ZB4Y60R4Y63G4Y6AB4Y6ER4Y6HG4Y6OB4Y8QR4Y8TG
650932,4Y3ZB4Y60R4Y63G4Y6AB4Y6ER4Y6HG4Y6OB4Y8QR4Y8TG
663855,4Y3ZB4Y60R4Y63G4Y6AB4Y6ER4Y6HG4Y6OB4Y8QR4Y8TG
650916,4Y3ZB4Y60R4Y63G4Y6AB4Y6ER4Y6HG4Y6OB4Y8QR4Y8TG
662972,4Y3ZB4Y60R4Y63G4Y6AB4Y6ER4Y6HG4Y6OB4Y8QR4Y8TG
650924,4Y3ZB4Y60R4Y63G4Y6AB4Y6ER4Y6HG4Y6OB4Y8QR4Y8TG
647398,4Y3ZB4Y60R4Y63G4Y6AB4Y6ER4Y6HG4Y6OB4Y8QR4Y8TG
979718,4Y3ZB4Y60R4Y63G4Y6AB4Y6ER4Y6HG4Y6OB4Y8QR4Y8TG
788256,4Y3ZB4Y60R4Y63G4Y6AB4Y6ER4Y6HG4Y6OB4Y8QR4Y8TG
903938,4Y3ZB4Y60R4Y63G4Y6AB4Y6ER4Y6HG4Y6OB4Y8QR4Y8TG
983368,4Y3ZB4Y60R4Y63G4Y6AB4Y6ER4Y6HG4Y6OB4Y8QR4Y8TG
861885,4Y3ZB4Y60R4Y63G4Y6AB4Y6ER4Y6HG4Y6OB4Y8QR4Y8TG
662968,4Y3ZB4Y60R4Y63G4Y6AB4Y6ER4Y6HG4Y6OB4Y8QR4Y8TG
1019094,4Y3ZB4Y60R4Y63G4Y6AB4Y6ER4Y6HG4Y6OB4Y8QR4Y8TG
979730,4Y3ZB4Y60R4Y63G4Y6AB4Y6ER4Y6HG4Y6OB4Y8QR4Y8TG
1000720,4Y3ZB4Y60R4Y63G4Y6AB4Y6ER4Y6HG4Y6OB4Y8QR4Y8TG
649557,4Y3ZB4Y60R4Y63G4Y6AB4Y6ER4Y6HG4Y6OB4Y8QR4Y8TG
861876,4Y3ZB4Y63G4Y6AB4Y6HG4Y6OB4Y8TG4Y90B4Y97G4Y9EB
903939,4Y3ZB4Y60R4Y63G4Y6AB4Y6ER4Y6HG4Y6OB4Y8QR4Y8TG
983371,4Y3ZB4Y60R4Y63G4Y6AB4Y6ER4Y6HG4Y6OB4Y8QR4Y8TG
650942,4Y3ZB4Y60R4Y63G4Y6AB4Y6ER4Y6HG4Y6OB4Y8QR4Y8TG
1012833,4Y3ZB4Y60R4Y63G4Y6AB4Y6ER4Y6HG4Y6OB4Y8QR4Y8TG
662601,4Y3ZB4Y60R4Y63G4Y6AB4Y6ER4Y6HG4Y6OB4Y8QR4Y8TG
903881,4Y3ZB4Y60R4Y63G4Y6AB4Y6ER4Y6HG4Y6OB4Y8QR4Y8TG
981665,4Y3ZB4Y60R4Y63G4Y6AB4Y6ER4Y6HG4Y6OB4Y8QR4Y8TG
662605,4Y3ZB4Y60R4Y63G4Y6AB4Y6ER4Y6HG4Y6OB4Y8QR4Y8TG
1024593,4Y3ZB4Y60R4Y63G4Y6AB4Y6ER4Y6HG4Y6OB4Y8QR4Y8TG
983324,4Y3ZB4Y60R4Y63G4Y6AB4Y6ER4Y6HG4Y6OB4Y8QR4Y8TG
662963,4Y3ZB4Y60R4Y63G4Y6AB4Y6ER4Y6HG4Y6OB4Y8QR4Y8TG
647429,4Y3ZB4Y60R4Y63G4Y6AB4Y6ER4Y6HG4Y6OB4Y8QR4Y8TG
650960,4Y3ZB4Y60R4Y63G4Y6AB4Y6ER4Y6HG4Y6OB4Y8QR4Y8TG
678689,4Y3ZB4Y60R4Y63G4Y6AB4Y6ER4Y6HG4Y6OB4Y8QR4Y8TG
648307,4Y3ZB4Y60R4Y63G4Y6AB4Y6ER4Y6HG4Y6OB4Y8QR4Y8TG
830264,4Y3ZB4Y60R4Y63G4Y6AB4Y6ER4Y6HG4Y6OB4Y8QR4Y8TG
979644,4Y3ZB4Y60R4Y63G4Y6AB4Y6ER4Y6HG4Y6OB4Y8QR4Y8TG
1020750,4Y3ZB4Y60R4Y63G4Y6AB4Y6ER4Y6HG4Y6OB4Y8QR4Y8TG
979649,4Y3ZB4Y63G4Y6AB4Y6HG4Y6OB4Y8TG4Y90B4Y97G4Y9EB
1041324,4Y3ZB4Y60R4Y63G4Y6AB4Y6ER4Y6HG4Y6OB4Y8QR4Y8TG
904508,4Y3ZB4Y60R4Y63G4Y6AB4Y6ER4Y6HG4Y6OB4Y8QR4Y8TG
897263,4Y3ZB4Y60R4Y63G4Y6AB4Y6ER4Y6HG4Y6OB4Y8QR4Y8TG
979690,4Y3ZB4Y60R4Y63G4Y6AB4Y6ER4Y6HG4Y6OB4Y8QR4Y8TG
979657,4Y3ZB4Y60R4Y63G4Y6AB4Y6ER4Y6HG4Y6OB4Y8QR4Y8TG
860607,4Y3ZB4Y63G4Y6AB4Y6HG4Y6OB4Y8TG4Y90B4Y97G4Y9EB
981632,4Y3ZB4Y60R4Y63G4Y6AB4Y6ER4Y6HG4Y6OB4Y8QR4Y8TG
810963,4Y3ZB4Y60R4Y63G4Y6AB4Y6ER4Y6HG4Y6OB4Y8QR4Y8TG
805459,4Y3ZB4Y63G4Y6AB4Y6HG4Y6OB4Y8TG4Y90B4Y97G4Y9EB
805448,4Y3ZB4Y60R4Y63G4Y6AB4Y6ER4Y6HG4Y6OB4Y8QR4Y8TG
805451,4Y3ZB4Y60R4Y63G4Y6AB4Y6ER4Y6HG4Y6OB4Y8QR4Y8TG
1019090,4Y3ZB4Y60R4Y63G4Y6AB4Y6ER4Y6HG4Y6OB4Y8QR4Y8TG
1000717,4Y3ZB4Y63G4Y6AB4Y6HG4Y6OB4Y8TG4Y90B4Y97G4Y9EB
979672,4Y3ZB4Y60R4Y63G4Y6AB4Y6ER4Y6HG4Y6OB4Y8QR4Y8TG
1019091,4Y3ZB4Y63G4Y6AB4Y6HG4Y6OB4Y8TG4Y90B4Y97G4Y9EB
979662,4Y3ZB4Y3ZB4Y60R4Y63G4Y6AB4Y6AB4Y6ER4Y6HG4Y6OB
979668,4Y3ZB4Y60R4Y63G4Y6AB4Y6ER4Y6HG4Y6OB4Y8QR4Y8TG
652614,4Y3ZB4Y60R4Y63G4Y6AB4Y6ER4Y6HG4Y6OB4Y8QR4Y8TG
1033142,4Y3ZB4Y60R4Y63G4Y6AB4Y6ER4Y6HG4Y6OB4Y8QR4Y8TG
665515,4Y3ZB4Y60R4Y63G4Y6AB4Y6ER4Y6HG4Y6OB4Y8QR4Y8TG
901366,4Y3ZB4Y63G4Y6AB4Y6HG4Y6OB4Y8TG4Y90B4Y97G4Y9EB
981636,4Y3ZB4Y63G4Y6AB4Y6HG4Y6OB4Y8TG4Y90B4Y97G4Y9EB
652609,4Y3ZB4Y60R4Y63G4Y6AB4Y6ER4Y6HG4Y6OB4Y8QR4Y8TG
648324,4Y3ZB4Y63G4Y6AB4Y6HG4Y6OB4Y8TG4Y90B4Y97G4Y9EB
648328,4Y3ZB4Y60R4Y63G4Y6AB4Y6ER4Y6HG4Y6OB4Y8QR4Y8TG
648309,4Y3ZB4Y60R4Y63G4Y6AB4Y6ER4Y6HG4Y6OB4Y8QR4Y8TG
648316,4Y3ZB4Y60R4Y63G4Y6AB4Y6ER4Y6HG4Y6OB4Y8QR4Y8TG
901368,4Y3ZB4Y63G4Y6AB4Y6HG4Y6OB4Y8TG4Y90B4Y97G4Y9EB
650964,4Y3ZB4Y60R4Y63G4Y6AB4Y6ER4Y6HG4Y6OB4Y8QR4Y8TG
663856,4Y3ZB4Y63G4Y6AB4Y6HG4Y6OB4Y8TG4Y90B4Y97G4Y9EB
650945,4Y3ZB4Y60R4Y63G4Y6AB4Y6ER4Y6HG4Y6OB4Y8QR4Y8TG
650950,4Y3ZB4Y60R4Y63G4Y6AB4Y6ER4Y6HG4Y6OB4Y8QR4Y8TG
860604,4Y3ZB4Y60R4Y63G4Y6AB4Y6ER4Y6HG4Y6OB4Y8QR4Y8TG
652597,4Y3ZB4Y60R4Y63G4Y6AB4Y6ER4Y6HG4Y6OB4Y8QR4Y8TG
652599,4Y3ZB4Y60R4Y63G4Y6AB4Y6ER4Y6HG4Y6OB4Y8QR4Y8TG
1028689,4Y3ZB4Y60R4Y63G4Y6AB4Y6ER4Y6HG4Y6OB4Y8QR4Y8TG
647460,4Y3ZB4Y60R4Y63G4Y6AB4Y6ER4Y6HG4Y6OB4Y8QR4Y8TG
665537,4Y3ZB4Y60R4Y63G4Y6AB4Y6ER4Y6HG4Y6OB4Y8QR4Y8TG
978769,4Y3ZB4Y63G4Y6AB4Y6HG4Y6OB4Y8TG4Y90B4Y97G4Y9EB
647444,4Y3ZB4Y60R4Y63G4Y6AB4Y6ER4Y6HG4Y6OB4Y8QR4Y8TG
647802,4Y3ZB4Y60R4Y63G4Y6AB4Y6ER4Y6HG4Y6OB4Y8QR4Y8TG
647808,4Y3ZB4Y60R4Y63G4Y6AB4Y6ER4Y6HG4Y6OB4Y8QR4Y8TG
662644,4Y3ZB4Y60R4Y63G4Y6AB4Y6ER4Y6HG4Y6OB4Y8QR4Y8TG
981648,4Y3ZB4Y63G4Y6AB4Y6HG4Y6OB4Y8TG4Y90B4Y97G4Y9EB
648686,4Y3ZB4Y60R4Y63G4Y6AB4Y6ER4Y6HG4Y6OB4Y8QR4Y8TG
665550,4Y3ZB4Y60R4Y63G4Y6AB4Y6ER4Y6HG4Y6OB4Y8QR4Y8TG
648676,4Y3ZB4Y60R4Y63G4Y6AB4Y6ER4Y6HG4Y6OB4Y8QR4Y8TG
981607,4Y3ZB4Y60R4Y63G4Y6AB4Y6ER4Y6HG4Y6OB4Y8QR4Y8TG
903012,4Y3ZB4Y60R4Y63G4Y6AB4Y6ER4Y6HG4Y6OB4Y8QR4Y8TG
646111,4Y3ZB4Y60R4Y63G4Y6AB4Y6ER4Y6HG4Y6OB4Y8QR4Y8TG
647430,4Y3ZB4Y63G4Y6AB4Y6HG4Y6OB4Y8TG4Y90B4Y97G4Y9EB
648694,4Y3ZB4Y60R4Y63G4Y6AB4Y6ER4Y6HG4Y6OB4Y8QR4Y8TG
648690,4Y3ZB4Y60R4Y63G4Y6AB4Y6ER4Y6HG4Y6OB4Y8QR4Y8TG
693457,4Y3ZB4Y60R4Y63G4Y6AB4Y6ER4Y6HG4Y6OB4Y8QR4Y8TG
996436,4Y3ZB4Y63G4Y6AB4Y6HG4Y6OB4Y8TG4Y90B4Y97G4Y9EB
902630,4Y3ZB4Y63G4Y6AB4Y6HG4Y6OB4Y8TG4Y90B4Y97G4Y9EB
897264,4Y3ZB4Y60R4Y63G4Y6AB4Y6ER4Y6HG4Y6OB4Y8QR4Y8TG
675610,4Y3XB4Y5YG4Y61B4Y68B4Y6CG4Y6FB4Y6MB4Y6QG4Y8RB
679023,4Y3XB4Y5YG4Y61B4Y68B4Y6CG4Y6FB4Y6MB4Y6QG4Y8RB
774769,4Y3XB4Y5YG4Y61B4Y68B4Y6CG4Y6FB4Y6MB4Y6QG4Y8RB
679010,4Y3XB4Y5YG4Y61B4Y68B4Y6CG4Y6FB4Y6MB4Y6QG4Y8RB
679049,4Y3XB4Y5YG4Y61B4Y68B4Y6CG4Y6FB4Y6MB4Y6QG4Y8RB
675615,4Y3XB4Y5YG4Y61B4Y68B4Y6CG4Y6FB4Y6MB4Y6QG4Y8RB
675609,4Y3XB4Y5YG4Y61B4Y68B4Y6CG4Y6FB4Y6MB4Y6QG4Y8RB
675605,4Y3XB4Y5YG4Y61B4Y68B4Y6CG4Y6FB4Y6MB4Y6QG4Y8RB
675601,4Y3XB4Y5YG4Y61B4Y68B4Y6CG4Y6FB4Y6MB4Y6QG4Y8RB
774794,4Y3XB4Y5YG4Y61B4Y68B4Y6CG4Y6FB4Y6MB4Y6QG4Y8RB
829634,4Y3XB4Y5YG4Y61B4Y68B4Y6CG4Y6FB4Y6MB4Y6QG4Y8RB
679475,4Y3XB4Y5YG4Y61B4Y68B4Y6CG4Y6FB4Y6MB4Y6QG4Y8RB
679460,4Y3XB4Y5YG4Y61B4Y68B4Y6CG4Y6FB4Y6MB4Y6QG4Y8RB
636668,4Y3XB4Y5YG4Y61B4Y68B4Y6CG4Y6FB4Y6MB4Y6QG4Y8RB
679441,4Y3XB4Y5YG4Y61B4Y68B4Y6CG4Y6FB4Y6MB4Y6QG4Y8RB
634076,4Y3XB4Y5YG4Y61B4Y68B4Y6CG4Y6FB4Y6MB4Y6QG4Y8RB
635367,4Y3XB4Y5YG4Y61B4Y68B4Y6CG4Y6FB4Y6MB4Y6QG4Y8RB
775843,4Y3XB4Y5YG4Y61B4Y68B4Y6CG4Y6FB4Y6MB4Y6QG4Y8RB
774780,4Y3XB4Y5YG4Y61B4Y68B4Y6CG4Y6FB4Y6MB4Y6QG4Y8RB
635364,4Y3XB4Y5YG4Y61B4Y68B4Y6CG4Y6FB4Y6MB4Y6QG4Y8RB
635382,4Y3XB4Y5YG4Y61B4Y68B4Y6CG4Y6FB4Y6MB4Y6QG4Y8RB
635361,4Y3XB4Y5YG4Y61B4Y68B4Y6CG4Y6FB4Y6MB4Y6QG4Y8RB
678990,4Y3XB4Y5YG4Y61B4Y68B4Y6CG4Y6FB4Y6MB4Y6QG4Y8RB
635356,4Y3XB4Y5YG4Y61B4Y68B4Y6CG4Y6FB4Y6MB4Y6QG4Y8RB
678987,4Y3XB4Y5YG4Y61B4Y68B4Y6CG4Y6FB4Y6MB4Y6QG4Y8RB
636674,4Y3XB4Y5YG4Y61B4Y68B4Y6CG4Y6FB4Y6MB4Y6QG4Y8RB
678999,4Y3XB4Y5YG4Y61B4Y68B4Y6CG4Y6FB4Y6MB4Y6QG4Y8RB
636671,4Y3XB4Y5YG4Y61B4Y68B4Y6CG4Y6FB4Y6MB4Y6QG4Y8RB
678997,4Y3XB4Y5YG4Y61B4Y68B4Y6CG4Y6FB4Y6MB4Y6QG4Y8RB
679016,4Y3XB4Y5YG4Y61B4Y68B4Y6CG4Y6FB4Y6MB4Y6QG4Y8RB
635749,4Y3XB4Y5YG4Y61B4Y68B4Y6CG4Y6FB4Y6MB4Y6QG4Y8RB
679003,4Y3XB4Y5YG4Y61B4Y68B4Y6CG4Y6FB4Y6MB4Y6QG4Y8RB
635744,4Y3XB4Y5YG4Y61B4Y68B4Y6CG4Y6FB4Y6MB4Y6QG4Y8RB
774546,4Y3XB4Y5YG4Y61B4Y68B4Y6CG4Y6FB4Y6MB4Y6QG4Y8RB
679007,4Y3XB4Y5YG4Y61B4Y68B4Y6CG4Y6FB4Y6MB4Y6QG4Y8RB
635389,4Y3XB4Y5YG4Y61B4Y68B4Y6CG4Y6FB4Y6MB4Y6QG4Y8RB
1028821,4Y3XB4Y5YG4Y61B4Y68B4Y6CG4Y6FB4Y6MB4Y6QG4Y8RB
635378,4Y3XB4Y5YG4Y61B4Y68B4Y6CG4Y6FB4Y6MB4Y6QG4Y8RB
635742,4Y3XB4Y5YG4Y61B4Y68B4Y6CG4Y6FB4Y6MB4Y6QG4Y8RB
635374,4Y3XB4Y5YG4Y61B4Y68B4Y6CG4Y6FB4Y6MB4Y6QG4Y8RB
635345,4Y3XB4Y5YG4Y61B4Y68B4Y6CG4Y6FB4Y6MB4Y6QG4Y8RB
775809,4Y3XB4Y5YG4Y61B4Y68B4Y6CG4Y6FB4Y6MB4Y6QG4Y8RB
635737,4Y3XB4Y5YG4Y61B4Y68B4Y6CG4Y6FB4Y6MB4Y6QG4Y8RB
1049281,4Y3XB4Y5YG4Y61B4Y68B4Y6CG4Y6FB4Y6MB4Y6QG4Y8RB
775803,4Y3XB4Y5YG4Y61B4Y68B4Y6CG4Y6FB4Y6MB4Y6QG4Y8RB
829638,4Y3XB4Y5YG4Y61B4Y68B4Y6CG4Y6FB4Y6MB4Y6QG4Y8RB
635726,4Y3XB4Y5YG4Y61B4Y68B4Y6CG4Y6FB4Y6MB4Y6QG4Y8RB
679013,4Y3XB4Y5YG4Y61B4Y68B4Y6CG4Y6FB4Y6MB4Y6QG4Y8RB
774549,4Y3XB4Y5YG4Y61B4Y68B4Y6CG4Y6FB4Y6MB4Y6QG4Y8RB
635393,4Y3XB4Y5YG4Y61B4Y68B4Y6CG4Y6FB4Y6MB4Y6QG4Y8RB
774550,4Y3XB4Y5YG4Y61B4Y68B4Y6CG4Y6FB4Y6MB4Y6QG4Y8RB
635733,4Y3XB4Y5YG4Y61B4Y68B4Y6CG4Y6FB4Y6MB4Y6QG4Y8RB
635735,4Y3XB4Y5YG4Y61B4Y68B4Y6CG4Y6FB4Y6MB4Y6QG4Y8RB
635340,4Y3XB4Y5YG4Y61B4Y68B4Y6CG4Y6FB4Y6MB4Y6QG4Y8RB
635729,4Y3XB4Y5YG4Y61B4Y68B4Y6CG4Y6FB4Y6MB4Y6QG4Y8RB
635376,4Y3XB4Y5YG4Y61B4Y68B4Y6CG4Y6FB4Y6MB4Y6QG4Y8RB
1049280,4Y3XB4Y5YG4Y61B4Y68B4Y6CG4Y6FB4Y6MB4Y6QG4Y8RB
635383,4Y3XB4Y5YG4Y61B4Y68B4Y6CG4Y6FB4Y6MB4Y6QG4Y8RB
635386,4Y3XB4Y5YG4Y61B4Y68B4Y6CG4Y6FB4Y6MB4Y6QG4Y8RB
714580,4Y3XB4Y5YG4Y61B4Y68B4Y6CG4Y6FB4Y6MB4Y6QG4Y8RB
1017920,4Y3XB4Y5YG4Y61B4Y68B4Y6CG4Y6FB4Y6MB4Y6QG4Y8RB
678995,4Y3XB4Y5YG4Y61B4Y68B4Y6CG4Y6FB4Y6MB4Y6QG4Y8RB
774763,4Y3XB4Y5YG4Y61B4Y68B4Y6CG4Y6FB4Y6MB4Y6QG4Y8RB
774764,4Y3XB4Y5YG4Y61B4Y68B4Y6CG4Y6FB4Y6MB4Y6QG4Y8RB
679006,4Y3XB4Y5YG4Y61B4Y68B4Y6CG4Y6FB4Y6MB4Y6QG4Y8RB
1049279,4Y3XB4Y5YG4Y61B4Y68B4Y6CG4Y6FB4Y6MB4Y6QG4Y8RB
774766,4Y3XB4Y5YG4Y61B4Y68B4Y6CG4Y6FB4Y6MB4Y6QG4Y8RB
635743,4Y3XB4Y5YG4Y61B4Y68B4Y6CG4Y6FB4Y6MB4Y6QG4Y8RB
775808,4Y3XB4Y5YG4Y61B4Y68B4Y6CG4Y6FB4Y6MB4Y6QG4Y8RB
635750,4Y3XB4Y5YG4Y61B4Y68B4Y6CG4Y6FB4Y6MB4Y6QG4Y8RB
678989,4Y3XB4Y5YG4Y61B4Y68B4Y6CG4Y6FB4Y6MB4Y6QG4Y8RB
679482,4Y3XB4Y5YG4Y61B4Y68B4Y6CG4Y6FB4Y6MB4Y6QG4Y8RB
636666,4Y3XB4Y5YG4Y61B4Y68B4Y6CG4Y6FB4Y6MB4Y6QG4Y8RB
635335,4Y3XB4Y5YG4Y61B4Y68B4Y6CG4Y6FB4Y6MB4Y6QG4Y8RB
636677,4Y3XB4Y5YG4Y61B4Y68B4Y6CG4Y6FB4Y6MB4Y6QG4Y8RB
634079,4Y3XB4Y5YG4Y61B4Y68B4Y6CG4Y6FB4Y6MB4Y6QG4Y8RB
635325,4Y3XB4Y5YG4Y61B4Y68B4Y6CG4Y6FB4Y6MB4Y6QG4Y8RB
1017917,4Y3XB4Y5YG4Y61B4Y68B4Y6CG4Y6FB4Y6MB4Y6QG4Y8RB
634080,4Y3XB4Y5YG4Y61B4Y68B4Y6CG4Y6FB4Y6MB4Y6QG4Y8RB
829653,4Y3XB4Y5YG4Y61B4Y68B4Y6CG4Y6FB4Y6MB4Y6QG4Y8RB
709557,4Y3XG4Y61B4Y68G4Y6FB4Y6MG4Y8RB4Y8YG4Y95B4Y9CG
733574,4Y3XG4Y61B4Y68G4Y6FB4Y6MG4Y8RB4Y8YG4Y95B4Y9CG
706968,4Y3XG4Y61B4Y68G4Y6FB4Y6MG4Y8RB4Y8YG4Y95B4Y9CG
733426,4Y3XG4Y61B4Y68G4Y6FB4Y6MG4Y8RB4Y8YG4Y95B4Y9CG
700823,4Y3XG4Y61B4Y68G4Y6FB4Y6MG4Y8RB4Y8YG4Y95B4Y9CG
707624,4Y3XG4Y61B4Y68G4Y6FB4Y6MG4Y8RB4Y8YG4Y95B4Y9CG
721095,4Y3YB4Y62G4Y69B4Y6GG4Y6NB4Y8SG4Y8ZB4Y96G4Y9DB
1042375,4Y3YB4Y62G4Y64R4Y69B4Y6GG4Y6IR4Y6NB4Y8SG4Y8UR
764249,4Y3YB4Y62G4Y64R4Y69B4Y6GG4Y6IR4Y6NB4Y8SG4Y8UR
1003464,4Y3YB4Y62G4Y64R4Y69B4Y6GG4Y6IR4Y6NB4Y8SG4Y8UR
897266,4Y3YB4Y62G4Y69B4Y6GG4Y6NB4Y8SG4Y8ZB4Y96G4Y9DB
636664,4Y3ZB4Y63G4Y64R4Y6AB4Y6HG4Y6IR4Y6OB4Y8TG4Y8UR
764070,4Y3YB4Y62G4Y69B4Y6GG4Y6NB4Y8SG4Y8ZB4Y96G4Y9DB
992331,4Y3YB4Y62G4Y64R4Y69B4Y6GG4Y6IR4Y6NB4Y8SG4Y8UR
1015700,4Y3YB4Y62G4Y64R4Y69B4Y6GG4Y6IR4Y6NB4Y8SG4Y8UR
720757,4Y3YB4Y62G4Y64R4Y69B4Y6GG4Y6IR4Y6NB4Y8SG4Y8UR
635352,4Y3ZB4Y63G4Y64R4Y6AB4Y6HG4Y6IR4Y6OB4Y8TG4Y8UR
658764,4Y3YB4Y62G4Y64R4Y69B4Y6GG4Y6IR4Y6NB4Y8SG4Y8UR
764247,4Y3YB4Y62G4Y69B4Y6GG4Y6NB4Y8SG4Y8ZB4Y96G4Y9DB
1044939,4Y3ZB4Y63G4Y64R4Y6AB4Y6HG4Y6IR4Y6OB4Y8TG4Y8UR
635360,4Y3ZB4Y63G4Y64R4Y6AB4Y6HG4Y6IR4Y6OB4Y8TG4Y8UR
635338,4Y3ZB4Y63G4Y64R4Y6AB4Y6HG4Y6IR4Y6OB4Y8TG4Y8UR
635346,4Y3ZB4Y63G4Y64R4Y6AB4Y6HG4Y6IR4Y6OB4Y8TG4Y8UR
1022276,4Y3YB4Y62G4Y64R4Y69B4Y6GG4Y6IR4Y6NB4Y8SG4Y8UR
679455,4Y3YB4Y62G4Y69B4Y6GG4Y6NB4Y8SG4Y8ZB4Y96G4Y9DB
1108527,4Y3YB4Y62G4Y64R4Y69B4Y6GG4Y6IR4Y6NB4Y8SG4Y8UR
1014302,4Y3YB4Y62G4Y64R4Y69B4Y6GG4Y6IR4Y6NB4Y8SG4Y8UR
635351,4Y3YB4Y62G4Y69B4Y6GG4Y6NB4Y8SG4Y8ZB4Y96G4Y9DB
1024891,4Y3YB4Y62G4Y69B4Y6GG4Y6NB4Y8SG4Y8ZB4Y96G4Y9DB
1015102,4Y3YB4Y62G4Y64R4Y69B4Y6GG4Y6IR4Y6NB4Y8SG4Y8UR
679449,4Y3YB4Y62G4Y64R4Y69B4Y6GG4Y6IR4Y6NB4Y8SG4Y8UR
679440,4Y5YG4Y65B4Y6CG4Y6JB4Y6QG4Y8VB4Y92G4Y99B4Y9GG
679457,4Y3YB4Y62G4Y64R4Y69B4Y6GG4Y6IR4Y6NB4Y8SG4Y8UR
679436,4Y3YB4Y62G4Y64R4Y69B4Y6GG4Y6IR4Y6NB4Y8SG4Y8UR
897265,4Y3YB4Y62G4Y64R4Y69B4Y6GG4Y6IR4Y6NB4Y8SG4Y8UR
636659,4Y3YB4Y62G4Y64R4Y69B4Y6GG4Y6IR4Y6NB4Y8SG4Y8UR
904509,4Y3YB4Y62G4Y64R4Y69B4Y6GG4Y6IR4Y6NB4Y8SG4Y8UR
743705,4Y3YB4Y62G4Y64R4Y69B4Y6GG4Y6IR4Y6NB4Y8SG4Y8UR
679452,4Y3YB4Y62G4Y69B4Y6GG4Y6NB4Y8SG4Y8ZB4Y96G4Y9DB
679438,4Y3YB4Y62G4Y64R4Y69B4Y6GG4Y6IR4Y6NB4Y8SG4Y8UR
904510,4Y3YB4Y62G4Y64R4Y69B4Y6GG4Y6IR4Y6NB4Y8SG4Y8UR
741612,4Y3ZR4Y5XB4Y64G4Y6AR4Y6BB4Y6IG4Y6OR4Y6PB4Y8UG
824852,4Y3ZR4Y5XB4Y64G4Y6AR4Y6BB4Y6IG4Y6OR4Y6PB4Y8UG
842648,4Y3ZR4Y5XB4Y64G4Y6AR4Y6BB4Y6IG4Y6OR4Y6PB4Y8UG
995219,4Y3ZB4Y3ZR4Y63G4Y6AB4Y6AR4Y6HG4Y6OB4Y6OR4Y8TG
851751,4Y3ZR4Y5XB4Y64G4Y6AR4Y6BB4Y6IG4Y6OR4Y6PB4Y8UG
765036,4Y3ZB4Y3ZR4Y63G4Y6AB4Y6AR4Y6HG4Y6OB4Y6OR4Y8TG
925232,4Y3ZR4Y5XB4Y64G4Y6AR4Y6BB4Y6IG4Y6OR4Y6PB4Y8UG
745301,4Y3ZR4Y5XB4Y64G4Y6AR4Y6BB4Y6IG4Y6OR4Y6PB4Y8UG
842586,4Y3ZR4Y5XB4Y64G4Y6AR4Y6BB4Y6IG4Y6OR4Y6PB4Y8UG
1001889,4Y3ZR4Y5XB4Y64G4Y6AR4Y6BB4Y6IG4Y6OR4Y6PB4Y8UG
800364,4Y3XR4Y5XB4Y64G4Y68R4Y6BB4Y6IG4Y6MR4Y6PB4Y8UG
842578,4Y5XB4Y64G4Y6BB4Y6IG4Y6PB4Y8UG4Y91B4Y98G4Y9FB
842613,4Y3XR4Y5XB4Y64G4Y68R4Y6BB4Y6IG4Y6MR4Y6PB4Y8UG
842611,4Y3XR4Y5XB4Y64G4Y68R4Y6BB4Y6IG4Y6MR4Y6PB4Y8UG
842617,4Y3XR4Y5XB4Y64G4Y68R4Y6BB4Y6IG4Y6MR4Y6PB4Y8UG
842604,4Y3XR4Y5XB4Y64G4Y68R4Y6BB4Y6IG4Y6MR4Y6PB4Y8UG
842598,4Y3XR4Y5XB4Y64G4Y68R4Y6BB4Y6IG4Y6MR4Y6PB4Y8UG
842603,4Y3XR4Y5XB4Y64G4Y68R4Y6BB4Y6IG4Y6MR4Y6PB4Y8UG
784588,4Y3XR4Y5XB4Y64G4Y68R4Y6BB4Y6IG4Y6MR4Y6PB4Y8UG
897267,4Y3XR4Y5XB4Y64G4Y68R4Y6BB4Y6IG4Y6MR4Y6PB4Y8UG
819043,4Y3ZR4Y5XB4Y64G4Y6AR4Y6BB4Y6IG4Y6OR4Y6PB4Y8UG
842645,4Y3ZR4Y5XB4Y64G4Y6AR4Y6BB4Y6IG4Y6OR4Y6PB4Y8UG
834408,4Y3YG4Y3YR4Y62B4Y69G4Y69R4Y6GB4Y6NG4Y6NR4Y8SB
834407,4Y3YG4Y3YR4Y62B4Y69G4Y69R4Y6GB4Y6NG4Y6NR4Y8SB
834425,4Y3YG4Y3YR4Y62B4Y69G4Y69R4Y6GB4Y6NG4Y6NR4Y8SB
834417,4Y3YG4Y3YR4Y62B4Y69G4Y69R4Y6GB4Y6NG4Y6NR4Y8SB
834410,4Y3YG4Y3YR4Y62B4Y69G4Y69R4Y6GB4Y6NG4Y6NR4Y8SB
734008,4Y3YG4Y3YR4Y62B4Y69G4Y69R4Y6GB4Y6NG4Y6NR4Y8SB
834415,4Y3YG4Y3YR4Y62B4Y69G4Y69R4Y6GB4Y6NG4Y6NR4Y8SB
834413,4Y3YG4Y3YR4Y62B4Y69G4Y69R4Y6GB4Y6NG4Y6NR4Y8SB
834405,4Y3YG4Y3YR4Y62B4Y69G4Y69R4Y6GB4Y6NG4Y6NR4Y8SB
734009,4Y3YG4Y3YR4Y62B4Y69G4Y69R4Y6GB4Y6NG4Y6NR4Y8SB
1039724,4Y3YG4Y3YR4Y62B4Y69G4Y69R4Y6GB4Y6NG4Y6NR4Y8SB
1022406,4Y3YG4Y3YR4Y62B4Y69G4Y69R4Y6GB4Y6NG4Y6NR4Y8SB
1043769,4Y3YG4Y3YR4Y62B4Y69G4Y69R4Y6GB4Y6NG4Y6NR4Y8SB
734012,4Y3YG4Y3YR4Y62B4Y69G4Y69R4Y6GB4Y6NG4Y6NR4Y8SB
834428,4Y3YG4Y3YR4Y62B4Y69G4Y69R4Y6GB4Y6NG4Y6NR4Y8SB
834426,4Y3YG4Y3YR4Y62B4Y69G4Y69R4Y6GB4Y6NG4Y6NR4Y8SB
1022407,4Y3YG4Y3YR4Y62B4Y69G4Y69R4Y6GB4Y6NG4Y6NR4Y8SB
834424,4Y3YG4Y3YR4Y62B4Y69G4Y69R4Y6GB4Y6NG4Y6NR4Y8SB
834423,4Y3YG4Y3YR4Y62B4Y69G4Y69R4Y6GB4Y6NG4Y6NR4Y8SB
995891,4Y3YG4Y62B4Y69G4Y6GB4Y6NG4Y8SB4Y8ZG4Y96B4Y9DG
734010,4Y3YG4Y3YR4Y62B4Y69G4Y69R4Y6GB4Y6NG4Y6NR4Y8SB
834420,4Y3YG4Y3YR4Y62B4Y69G4Y69R4Y6GB4Y6NG4Y6NR4Y8SB
834090,4Y3YG4Y62B4Y69G4Y6GB4Y6NG4Y8SB4Y8ZG4Y96B4Y9DG
834406,4Y3YG4Y3YR4Y62B4Y69G4Y69R4Y6GB4Y6NG4Y6NR4Y8SB
834086,4Y3YG4Y3YR4Y62B4Y69G4Y69R4Y6GB4Y6NG4Y6NR4Y8SB
834084,4Y3YG4Y3YR4Y62B4Y69G4Y69R4Y6GB4Y6NG4Y6NR4Y8SB
834083,4Y3YG4Y3YR4Y62B4Y69G4Y69R4Y6GB4Y6NG4Y6NR4Y8SB
834430,4Y3YG4Y3YR4Y62B4Y69G4Y69R4Y6GB4Y6NG4Y6NR4Y8SB
834082,4Y3YG4Y3YR4Y62B4Y69G4Y69R4Y6GB4Y6NG4Y6NR4Y8SB
834081,4Y3YG4Y3YR4Y62B4Y69G4Y69R4Y6GB4Y6NG4Y6NR4Y8SB
995888,4Y3YG4Y3YR4Y62B4Y69G4Y69R4Y6GB4Y6NG4Y6NR4Y8SB
834087,4Y3YG4Y3YR4Y62B4Y69G4Y69R4Y6GB4Y6NG4Y6NR4Y8SB
1043767,4Y3YG4Y3YR4Y62B4Y69G4Y69R4Y6GB4Y6NG4Y6NR4Y8SB
834077,4Y3YG4Y62B4Y69G4Y6GB4Y6NG4Y8SB4Y8ZG4Y96B4Y9DG
1014098,4Y3YG4Y62B4Y69G4Y6GB4Y6NG4Y8SB4Y8ZG4Y96B4Y9DG
651444,4Y3ZB4Y5XR4Y63G4Y6AB4Y6BR4Y6HG4Y6OB4Y6PR4Y8TG
859425,4Y3ZB4Y5XR4Y63G4Y6AB4Y6BR4Y6HG4Y6OB4Y6PR4Y8TG
979042,4Y3ZB4Y3ZB4Y5XR4Y63G4Y6AB4Y6AB4Y6BR4Y6HG4Y6OB
744008,4Y3ZB4Y5XR4Y63G4Y6AB4Y6BR4Y6HG4Y6OB4Y6PR4Y8TG
651451,4Y3ZB4Y5XR4Y63G4Y6AB4Y6BR4Y6HG4Y6OB4Y6PR4Y8TG
979040,4Y3ZB4Y63G4Y6AB4Y6HG4Y6OB4Y8TG4Y90B4Y97G4Y9EB
651434,4Y3ZB4Y5XR4Y63G4Y6AB4Y6BR4Y6HG4Y6OB4Y6PR4Y8TG
651103,4Y3ZB4Y5XR4Y63G4Y6AB4Y6BR4Y6HG4Y6OB4Y6PR4Y8TG
651431,4Y3ZB4Y5XR4Y63G4Y6AB4Y6BR4Y6HG4Y6OB4Y6PR4Y8TG
979020,4Y3ZB4Y5XR4Y63G4Y6AB4Y6BR4Y6HG4Y6OB4Y6PR4Y8TG
651441,4Y3ZB4Y5XR4Y63G4Y63G4Y6AB4Y6BR4Y6HG4Y6HG4Y6OB
651437,4Y3ZB4Y5XR4Y63G4Y6AB4Y6BR4Y6HG4Y6OB4Y6PR4Y8TG
651439,4Y3ZB4Y5XR4Y63G4Y6AB4Y6BR4Y6HG4Y6OB4Y6PR4Y8TG
825309,4Y3ZB4Y5XR4Y63G4Y6AB4Y6BR4Y6HG4Y6OB4Y6PR4Y8TG
982498,4Y3ZB4Y5XR4Y63G4Y6AB4Y6BR4Y6HG4Y6OB4Y6PR4Y8TG
903910,4Y3ZB4Y5XR4Y63G4Y6AB4Y6BR4Y6HG4Y6OB4Y6PR4Y8TG
982503,4Y3ZB4Y5XR4Y63G4Y6AB4Y6BR4Y6HG4Y6OB4Y6PR4Y8TG
978995,4Y3ZB4Y5XR4Y63G4Y6AB4Y6BR4Y6HG4Y6OB4Y6PR4Y8TG
982511,4Y3ZB4Y5XR4Y63G4Y6AB4Y6BR4Y6HG4Y6OB4Y6PR4Y8TG
743660,4Y3ZB4Y5XR4Y63G4Y6AB4Y6BR4Y6HG4Y6OB4Y6PR4Y8TG
903911,4Y3ZB4Y5XR4Y63G4Y6AB4Y6BR4Y6HG4Y6OB4Y6PR4Y8TG
982510,4Y3ZB4Y5XR4Y63G4Y6AB4Y6BR4Y6HG4Y6OB4Y6PR4Y8TG
982492,4Y3ZB4Y5XR4Y63G4Y6AB4Y6BR4Y6HG4Y6OB4Y6PR4Y8TG
978990,4Y3ZB4Y5XR4Y63G4Y6AB4Y6BR4Y6HG4Y6OB4Y6PR4Y8TG
937722,4Y3ZB4Y5XR4Y63G4Y6AB4Y6BR4Y6HG4Y6OB4Y6PR4Y8TG
982490,4Y3ZB4Y5XR4Y63G4Y6AB4Y6BR4Y6HG4Y6OB4Y6PR4Y8TG
982499,4Y3ZB4Y5XR4Y63G4Y6AB4Y6BR4Y6HG4Y6OB4Y6PR4Y8TG
978992,4Y3ZB4Y5XR4Y63G4Y6AB4Y6BR4Y6HG4Y6OB4Y6PR4Y8TG
979005,4Y3ZB4Y5XR4Y63G4Y6AB4Y6BR4Y6HG4Y6OB4Y6PR4Y8TG
978998,4Y3ZB4Y5XR4Y63G4Y6AB4Y6BR4Y6HG4Y6OB4Y6PR4Y8TG
979001,4Y3ZB4Y5XR4Y63G4Y6AB4Y6BR4Y6HG4Y6OB4Y6PR4Y8TG
979003,4Y3ZB4Y5XR4Y63G4Y6AB4Y6BR4Y6HG4Y6OB4Y6PR4Y8TG
743656,4Y3ZB4Y5XR4Y63G4Y6AB4Y6BR4Y6HG4Y6OB4Y6PR4Y8TG
927407,4Y3ZG4Y5YR4Y63B4Y6AG4Y6CR4Y6HB4Y6OG4Y6QR4Y8TB
818646,4Y3ZG4Y5YR4Y63B4Y6AG4Y6CR4Y6HB4Y6OG4Y6QR4Y8TB
786394,4Y3ZG4Y5YR4Y63B4Y6AG4Y6CR4Y6HB4Y6OG4Y6QR4Y8TB
823767,4Y3ZG4Y5YR4Y63B4Y6AG4Y6CR4Y6HB4Y6OG4Y6QR4Y8TB
930824,4Y3ZG4Y5YR4Y63B4Y6AG4Y6CR4Y6HB4Y6OG4Y6QR4Y8TB
932560,4Y3ZG4Y5YR4Y63B4Y6AG4Y6CR4Y6HB4Y6OG4Y6QR4Y8TB
761938,4Y3ZG4Y5YR4Y63B4Y6AG4Y6CR4Y6HB4Y6OG4Y6QR4Y8TB
932153,4Y3ZG4Y5YR4Y63B4Y6AG4Y6CR4Y6HB4Y6OG4Y6QR4Y8TB
932489,4Y3ZG4Y5YR4Y63B4Y6AG4Y6CR4Y6HB4Y6OG4Y6QR4Y8TB
823761,4Y3ZG4Y5YR4Y63B4Y6AG4Y6CR4Y6HB4Y6OG4Y6QR4Y8TB
930793,4Y3ZG4Y5YR4Y63B4Y6AG4Y6CR4Y6HB4Y6OG4Y6QR4Y8TB
930786,4Y3ZG4Y63B4Y6AG4Y6HB4Y6OG4Y8TB4Y90G4Y97B4Y9EG
661693,4Y3ZG4Y5YR4Y63B4Y6AG4Y6CR4Y6HB4Y6OG4Y6QR4Y8TB
1036220,4Y3ZG4Y5YR4Y63B4Y6AG4Y6CR4Y6HB4Y6OG4Y6QR4Y8TB
930801,4Y3ZG4Y5YR4Y63B4Y6AG4Y6CR4Y6HB4Y6OG4Y6QR4Y8TB
932529,4Y3ZG4Y5YR4Y63B4Y6AG4Y6CR4Y6HB4Y6OG4Y6QR4Y8TB
932521,4Y3ZG4Y5YR4Y63B4Y6AG4Y6CR4Y6HB4Y6OG4Y6QR4Y8TB
927428,4Y3ZG4Y5YR4Y63B4Y6AG4Y6CR4Y6HB4Y6OG4Y6QR4Y8TB
761934,4Y3ZG4Y63B4Y6AG4Y6HB4Y6OG4Y8TB4Y90G4Y97B4Y9EG
761935,4Y3ZG4Y63B4Y6AG4Y6HB4Y6OG4Y8TB4Y90G4Y97B4Y9EG
661699,4Y3ZG4Y5YR4Y63B4Y6AG4Y6CR4Y6HB4Y6OG4Y6QR4Y8TB
932541,4Y3ZG4Y5YR4Y63B4Y6AG4Y6CR4Y6HB4Y6OG4Y6QR4Y8TB
784455,4Y3ZG4Y5YR4Y63B4Y6AG4Y6CR4Y6HB4Y6OG4Y6QR4Y8TB
1004095,4Y3ZG4Y5YR4Y63B4Y6AG4Y6CR4Y6HB4Y6OG4Y6QR4Y8TB
929536,4Y3ZG4Y5YR4Y63B4Y6AG4Y6CR4Y6HB4Y6OG4Y6QR4Y8TB
929531,4Y3ZG4Y5YR4Y63B4Y6AG4Y6CR4Y6HB4Y6OG4Y6QR4Y8TB
932512,4Y3ZG4Y5YR4Y63B4Y6AG4Y6CR4Y6HB4Y6OG4Y6QR4Y8TB
932504,4Y3ZG4Y5YR4Y63B4Y6AG4Y6CR4Y6HB4Y6OG4Y6QR4Y8TB
841267,4Y3ZG4Y5YR4Y63B4Y6AG4Y6CR4Y6HB4Y6OG4Y6QR4Y8TB
927420,4Y3ZG4Y5YR4Y63B4Y6AG4Y6CR4Y6HB4Y6OG4Y6QR4Y8TB
999562,4Y3ZG4Y63B4Y6AG4Y6HB4Y6OG4Y8TB4Y90G4Y97B4Y9EG
700477,4Y3ZG4Y5YR4Y63B4Y6AG4Y6CR4Y6HB4Y6OG4Y6QR4Y8TB
841260,4Y3ZG4Y5YR4Y63B4Y6AG4Y6CR4Y6HB4Y6OG4Y6QR4Y8TB
841251,4Y3ZG4Y63B4Y6AG4Y6HB4Y6OG4Y8TB4Y90G4Y97B4Y9EG
841283,4Y3ZG4Y5YR4Y63B4Y6AG4Y6CR4Y6HB4Y6OG4Y6QR4Y8TB
776154,4Y3ZG4Y5YR4Y63B4Y6AG4Y6CR4Y6HB4Y6OG4Y6QR4Y8TB
841270,4Y3ZG4Y5YR4Y63B4Y6AG4Y6CR4Y6HB4Y6OG4Y6QR4Y8TB
1008107,4Y3ZG4Y5YR4Y63B4Y6AG4Y6CR4Y6HB4Y6OG4Y6QR4Y8TB
839601,4Y3ZG4Y5YR4Y63B4Y6AG4Y6CR4Y6HB4Y6OG4Y6QR4Y8TB
927415,4Y3ZG4Y5YR4Y63B4Y6AG4Y6CR4Y6HB4Y6OG4Y6QR4Y8TB
620224,4Y3ZG4Y63B4Y6AG4Y6HB4Y6OG4Y8TB4Y90G4Y97B4Y9EG
927411,4Y3ZG4Y5YR4Y63B4Y6AG4Y6CR4Y6HB4Y6OG4Y6QR4Y8TB
761922,4Y3ZG4Y63B4Y6AG4Y6HB4Y6OG4Y8TB4Y90G4Y97B4Y9EG
885813,4Y3ZG4Y63B4Y63B4Y6AG4Y6HB4Y6HB4Y6OG4Y8TB4Y8TB
881982,4Y3ZG4Y63B4Y63B4Y6AG4Y6HB4Y6HB4Y6OG4Y8TB4Y8TB
881974,4Y3ZG4Y63B4Y63B4Y6AG4Y6HB4Y6HB4Y6OG4Y8TB4Y8TB
824476,4Y3ZG4Y63B4Y6AG4Y6HB4Y6OG4Y8TB4Y90G4Y97B4Y9EG
841245,4Y3ZG4Y63B4Y63B4Y6AG4Y6HB4Y6HB4Y6OG4Y8TB4Y8TB
839936,4Y3ZG4Y63B4Y63B4Y6AG4Y6HB4Y6HB4Y6OG4Y8TB4Y8TB
664158,4Y3ZG4Y63B4Y63B4Y6AG4Y6HB4Y6HB4Y6OG4Y8TB4Y8TB
885822,4Y3ZG4Y63B4Y63B4Y6AG4Y6HB4Y6HB4Y6OG4Y8TB4Y8TB
679032,4Y5YB4Y65B4Y6AG4Y6CB4Y6JB4Y6QB4Y8VB4Y90G4Y92B
714581,4Y5YB4Y65B4Y6AG4Y6CB4Y6JB4Y6QB4Y8VB4Y90G4Y92B
679466,4Y5YB4Y65B4Y6AG4Y6CB4Y6JB4Y6QB4Y8VB4Y90G4Y92B
774788,4Y5YB4Y65B4Y6AG4Y6CB4Y6JB4Y6QB4Y8VB4Y90G4Y92B
679465,4Y5YB4Y65B4Y6AG4Y6CB4Y6JB4Y6QB4Y8VB4Y90G4Y92B
679459,4Y5YB4Y65B4Y6AG4Y6CB4Y6JB4Y6QB4Y8VB4Y90G4Y92B
774790,4Y5YB4Y65B4Y6AG4Y6CB4Y6JB4Y6QB4Y8VB4Y90G4Y92B
774791,4Y5YB4Y65B4Y6AG4Y6CB4Y6JB4Y6QB4Y8VB4Y90G4Y92B
679030,4Y5YB4Y65B4Y6AG4Y6CB4Y6JB4Y6QB4Y8VB4Y90G4Y92B
679040,4Y5YB4Y65B4Y6AG4Y6CB4Y6JB4Y6QB4Y8VB4Y90G4Y92B
679037,4Y5YB4Y65B4Y6AG4Y6CB4Y6JB4Y6QB4Y8VB4Y90G4Y92B
906659,4Y5YB4Y65B4Y6AG4Y6CB4Y6JB4Y6QB4Y8VB4Y90G4Y92B
675611,4Y5YB4Y65B4Y6AG4Y6CB4Y6JB4Y6QB4Y8VB4Y90G4Y92B
989547,4Y5YB4Y65B4Y6AG4Y6CB4Y6JB4Y6QB4Y8VB4Y90G4Y92B
1000103,4Y5YB4Y65B4Y6AG4Y6CB4Y6JB4Y6QB4Y8VB4Y90G4Y92B
679018,4Y5YB4Y65B4Y6AG4Y6CB4Y6JB4Y6QB4Y8VB4Y90G4Y92B
679021,4Y5YB4Y65B4Y6AG4Y6CB4Y6JB4Y6QB4Y8VB4Y90G4Y92B
679024,4Y5YB4Y65B4Y6AG4Y6CB4Y6JB4Y6QB4Y8VB4Y90G4Y92B
963891,4Y5YB4Y65B4Y6AG4Y6CB4Y6JB4Y6QB4Y8VB4Y90G4Y92B
963894,4Y5YB4Y65B4Y6AG4Y6CB4Y6JB4Y6QB4Y8VB4Y90G4Y92B
963911,4Y5YB4Y65B4Y6AG4Y6CB4Y6JB4Y6QB4Y8VB4Y90G4Y92B
783635,4Y5YB4Y65B4Y6AG4Y6CB4Y6JB4Y6QB4Y8VB4Y90G4Y92B
963906,4Y5YB4Y65B4Y6AG4Y6CB4Y6JB4Y6QB4Y8VB4Y90G4Y92B
963910,4Y5YB4Y65B4Y6AG4Y6CB4Y6JB4Y6QB4Y8VB4Y90G4Y92B
963543,4Y5YB4Y65B4Y6AG4Y6CB4Y6JB4Y6QB4Y8VB4Y90G4Y92B
963546,4Y5YB4Y65B4Y6AG4Y6CB4Y6JB4Y6QB4Y8VB4Y90G4Y92B
783633,4Y5YB4Y65B4Y6AG4Y6CB4Y6JB4Y6QB4Y8VB4Y90G4Y92B
675619,4Y5YB4Y65B4Y65R4Y6AG4Y6CB4Y6JB4Y6JR4Y6QB4Y8VB
963880,4Y5YB4Y65B4Y6AG4Y6CB4Y6JB4Y6QB4Y8VB4Y90G4Y92B
963883,4Y5YB4Y65B4Y6AG4Y6CB4Y6JB4Y6QB4Y8VB4Y90G4Y92B
963887,4Y5YB4Y65B4Y6AG4Y6CB4Y6JB4Y6QB4Y8VB4Y90G4Y92B
660429,4Y5YB4Y65B4Y6AG4Y6CB4Y6JB4Y6QB4Y8VB4Y90G4Y92B
632462,4Y5YB4Y65B4Y6AG4Y6CB4Y6JB4Y6QB4Y8VB4Y90G4Y92B
632466,4Y5YB4Y65B4Y6AG4Y6CB4Y6JB4Y6QB4Y8VB4Y90G4Y92B
632470,4Y5YB4Y65B4Y6AG4Y6CB4Y6JB4Y6QB4Y8VB4Y90G4Y92B
632474,4Y5YB4Y65B4Y6AG4Y6CB4Y6JB4Y6QB4Y8VB4Y90G4Y92B
632476,4Y5YB4Y65B4Y6AG4Y6CB4Y6JB4Y6QB4Y8VB4Y90G4Y92B
632443,4Y5YB4Y65B4Y6AG4Y6CB4Y6JB4Y6QB4Y8VB4Y90G4Y92B
659124,4Y5YB4Y65B4Y6AG4Y6CB4Y6JB4Y6QB4Y8VB4Y90G4Y92B
750074,4Y5YB4Y65B4Y6AG4Y6CB4Y6JB4Y6QB4Y8VB4Y90G4Y92B
750075,4Y5YB4Y65B4Y6AG4Y6CB4Y6JB4Y6QB4Y8VB4Y90G4Y92B
782787,4Y5YB4Y65B4Y6AG4Y6CB4Y6JB4Y6QB4Y8VB4Y90G4Y92B
675608,4Y5YB4Y65B4Y6AG4Y6CB4Y6JB4Y6QB4Y8VB4Y90G4Y92B
774777,4Y5YB4Y65B4Y6AG4Y6CB4Y6JB4Y6QB4Y8VB4Y90G4Y92B
679046,4Y5YB4Y65B4Y6AG4Y6CB4Y6JB4Y6QB4Y8VB4Y90G4Y92B
675255,4Y5YB4Y65B4Y6AG4Y6CB4Y6JB4Y6QB4Y8VB4Y90G4Y92B
675260,4Y5YB4Y65B4Y6AG4Y6CB4Y6JB4Y6QB4Y8VB4Y90G4Y92B
675264,4Y5YB4Y65B4Y6AG4Y6CB4Y6JB4Y6QB4Y8VB4Y90G4Y92B
679448,4Y5YB4Y65B4Y6AG4Y6CB4Y6JB4Y6QB4Y8VB4Y90G4Y92B
1137715,4Y5YB4Y65B4Y6AG4Y6CB4Y6JB4Y6QB4Y8VB4Y90G4Y92B
1137714,4Y5YB4Y65B4Y6AG4Y6CB4Y6JB4Y6QB4Y8VB4Y90G4Y92B
1137713,4Y5YB4Y65B4Y6AG4Y6CB4Y6JB4Y6QB4Y8VB4Y90G4Y92B
1137717,4Y5YB4Y65B4Y6AG4Y6CB4Y6JB4Y6QB4Y8VB4Y90G4Y92B
1137716,4Y5YB4Y65B4Y6AG4Y6CB4Y6JB4Y6QB4Y8VB4Y90G4Y92B
678065,4Y5YB4Y65B4Y6AG4Y6CB4Y6JB4Y6QB4Y8VB4Y90G4Y92B
678069,4Y5YB4Y65B4Y6AG4Y6CB4Y6JB4Y6QB4Y8VB4Y90G4Y92B
660451,4Y5YB4Y65B4Y6AG4Y6CB4Y6JB4Y6QB4Y8VB4Y90G4Y92B
853038,4Y5YB4Y65B4Y6AG4Y6CB4Y6JB4Y6QB4Y8VB4Y90G4Y92B
853039,4Y5YB4Y65B4Y6AG4Y6CB4Y6JB4Y6QB4Y8VB4Y90G4Y92B
678081,4Y5YB4Y65B4Y6AG4Y6CB4Y6JB4Y6QB4Y8VB4Y90G4Y92B
678083,4Y5YB4Y65B4Y6AG4Y6CB4Y6JB4Y6QB4Y8VB4Y90G4Y92B
969025,4Y5YB4Y65B4Y6AG4Y6CB4Y6JB4Y6QB4Y8VB4Y90G4Y92B
675597,4Y5YB4Y65B4Y6AG4Y6CB4Y6JB4Y6QB4Y8VB4Y90G4Y92B
969053,4Y5YB4Y65B4Y6AG4Y6CB4Y6JB4Y6QB4Y8VB4Y90G4Y92B
632447,4Y5YB4Y65B4Y6AG4Y6CB4Y6JB4Y6QB4Y8VB4Y90G4Y92B
776852,4Y5YB4Y65B4Y6AG4Y6CB4Y6JB4Y6QB4Y8VB4Y90G4Y92B
963533,4Y5YB4Y5YB4Y65B4Y65B4Y6AG4Y6CB4Y6CB4Y6JB4Y6JB
632451,4Y5YB4Y65B4Y6AG4Y6CB4Y6JB4Y6QB4Y8VB4Y90G4Y92B
632454,4Y5YB4Y65B4Y6AG4Y6CB4Y6JB4Y6QB4Y8VB4Y90G4Y92B
969011,4Y5YB4Y65B4Y6AG4Y6CB4Y6JB4Y6QB4Y8VB4Y90G4Y92B
969014,4Y5YB4Y65B4Y6AG4Y6CB4Y6JB4Y6QB4Y8VB4Y90G4Y92B
969017,4Y5YB4Y65B4Y6AG4Y6CB4Y6JB4Y6QB4Y8VB4Y90G4Y92B
969020,4Y5YB4Y65B4Y6AG4Y6CB4Y6JB4Y6QB4Y8VB4Y90G4Y92B
969021,4Y5YB4Y65B4Y6AG4Y6CB4Y6JB4Y6QB4Y8VB4Y90G4Y92B
783611,4Y5YB4Y65B4Y6AG4Y6CB4Y6JB4Y6QB4Y8VB4Y90G4Y92B
1050144,4Y5YB4Y65B4Y6AG4Y6CB4Y6JB4Y6QB4Y8VB4Y90G4Y92B
1021816,4Y5YB4Y65B4Y6AG4Y6CB4Y6JB4Y6QB4Y8VB4Y90G4Y92B
1021817,4Y5YB4Y65B4Y6AG4Y6CB4Y6JB4Y6QB4Y8VB4Y90G4Y92B
699875,4Y3YG4Y60R4Y62B4Y69G4Y6ER4Y6GB4Y6NG4Y8QR4Y8SB
699874,4Y3YG4Y62B4Y69G4Y6GB4Y6NG4Y8SB4Y8ZG4Y96B4Y9DG
993418,4Y3YG4Y62B4Y69G4Y6GB4Y6NG4Y8SB4Y8ZG4Y96B4Y9DG
696355,4Y3YG4Y62B4Y69G4Y6GB4Y6NG4Y8SB4Y8ZG4Y96B4Y9DG
696354,4Y3YG4Y62B4Y69G4Y6GB4Y6NG4Y8SB4Y8ZG4Y96B4Y9DG
696353,4Y3YG4Y60R4Y62B4Y69G4Y6ER4Y6GB4Y6NG4Y8QR4Y8SB
869958,4Y3WG4Y3XR4Y60B4Y67G4Y68R4Y6EB4Y6LG4Y6MR4Y8QB
869962,4Y3WG4Y3XR4Y60B4Y67G4Y68R4Y6EB4Y6LG4Y6MR4Y8QB
1041107,4Y3WG4Y3XR4Y60B4Y67G4Y68R4Y6EB4Y6LG4Y6MR4Y8QB
695870,4Y3WG4Y3XR4Y60B4Y67G4Y68R4Y6EB4Y6LG4Y6MR4Y8QB
869968,4Y3WG4Y3XR4Y60B4Y67G4Y68R4Y6EB4Y6LG4Y6MR4Y8QB
998135,4Y3WG4Y3XR4Y60B4Y67G4Y68R4Y6EB4Y6LG4Y6MR4Y8QB
868923,4Y3WG4Y3XR4Y60B4Y67G4Y68R4Y6EB4Y6LG4Y6MR4Y8QB
868926,4Y3WG4Y3XR4Y60B4Y67G4Y68R4Y6EB4Y6LG4Y6MR4Y8QB
868934,4Y3WG4Y3XR4Y60B4Y67G4Y68R4Y6EB4Y6LG4Y6MR4Y8QB
868626,4Y3WG4Y3XR4Y60B4Y67G4Y68R4Y6EB4Y6LG4Y6MR4Y8QB
1041106,4Y3WG4Y3XR4Y60B4Y67G4Y68R4Y6EB4Y6LG4Y6MR4Y8QB
786613,4Y3WG4Y3XR4Y60B4Y67G4Y68R4Y6EB4Y6LG4Y6MR4Y8QB
869983,4Y3WG4Y60B4Y67G4Y6EB4Y6LG4Y8QB4Y8XG4Y94B4Y9BG
695871,4Y3WG4Y3XR4Y60B4Y67G4Y68R4Y6EB4Y6LG4Y6MR4Y8QB
695872,4Y3WG4Y3XR4Y60B4Y67G4Y68R4Y6EB4Y6LG4Y6MR4Y8QB
786661,4Y3WG4Y3XR4Y60B4Y67G4Y68R4Y6EB4Y6LG4Y6MR4Y8QB
866558,4Y3WG4Y3XR4Y60B4Y67G4Y68R4Y6EB4Y6LG4Y6MR4Y8QB
869974,4Y3WG4Y3XR4Y60B4Y67G4Y68R4Y6EB4Y6LG4Y6MR4Y8QB
963538,4Y5XB4Y5YR4Y64G4Y6BB4Y6CR4Y6IG4Y6PB4Y6QR4Y8UG
635312,4Y5XB4Y5YR4Y64G4Y6BB4Y6CR4Y6IG4Y6PB4Y6QR4Y8UG
635316,4Y5XB4Y5YR4Y64G4Y6BB4Y6CR4Y6IG4Y6PB4Y6QR4Y8UG
705397,4Y5XB4Y5YR4Y64G4Y6BB4Y6CR4Y6IG4Y6PB4Y6QR4Y8UG
774544,4Y5XB4Y5YR4Y64G4Y6BB4Y6CR4Y6IG4Y6PB4Y6QR4Y8UG
829632,4Y5XB4Y64G4Y6BB4Y6IG4Y6PB4Y8UG4Y91B4Y98G4Y9FB
636619,4Y5XB4Y5YR4Y64G4Y6BB4Y6CR4Y6IG4Y6PB4Y6QR4Y8UG
829630,4Y5XB4Y5YR4Y64G4Y6BB4Y6CR4Y6IG4Y6PB4Y6QR4Y8UG
635297,4Y5XB4Y5YR4Y64G4Y6BB4Y6CR4Y6IG4Y6PB4Y6QR4Y8UG
635302,4Y5XB4Y5YR4Y64G4Y6BB4Y6CR4Y6IG4Y6PB4Y6QR4Y8UG
635307,4Y5XB4Y5YR4Y64G4Y6BB4Y6CR4Y6IG4Y6PB4Y6QR4Y8UG
969036,4Y5XB4Y5YR4Y64G4Y6BB4Y6CR4Y6IG4Y6PB4Y6QR4Y8UG
969033,4Y5XB4Y5YR4Y64G4Y6BB4Y6CR4Y6IG4Y6PB4Y6QR4Y8UG
783612,4Y5XB4Y5YR4Y64G4Y6BB4Y6CR4Y6IG4Y6PB4Y6QR4Y8UG
969042,4Y5XB4Y5YR4Y64G4Y6BB4Y6CR4Y6IG4Y6PB4Y6QR4Y8UG
827338,4Y5XB4Y64G4Y6BB4Y6IG4Y6PB4Y8UG4Y91B4Y98G4Y9FB
969027,4Y5XB4Y5YR4Y64G4Y6BB4Y6CR4Y6IG4Y6PB4Y6QR4Y8UG
969029,4Y5XB4Y5YR4Y64G4Y6BB4Y6CR4Y6IG4Y6PB4Y6QR4Y8UG
898768,4Y5XB4Y64G4Y6BB4Y6IG4Y6PB4Y8UG4Y91B4Y98G4Y9FB
990835,4Y5XB4Y5YR4Y64G4Y6BB4Y6CR4Y6IG4Y6PB4Y6QR4Y8UG
898767,4Y5XB4Y5YR4Y64G4Y6BB4Y6CR4Y6IG4Y6PB4Y6QR4Y8UG
870708,4Y3WG4Y3XR4Y60B4Y67G4Y68R4Y6EB4Y6LG4Y6MR4Y8QB
870698,4Y3WG4Y3XR4Y60B4Y67G4Y68R4Y6EB4Y6LG4Y6MR4Y8QB
870700,4Y3WG4Y3XR4Y60B4Y67G4Y68R4Y6EB4Y6LG4Y6MR4Y8QB
872012,4Y3WG4Y3XR4Y60B4Y67G4Y68R4Y6EB4Y6LG4Y6MR4Y8QB
998121,4Y3WG4Y3XR4Y60B4Y67G4Y68R4Y6EB4Y6LG4Y6MR4Y8QB
868933,4Y3WG4Y3XR4Y60B4Y67G4Y68R4Y6EB4Y6LG4Y6MR4Y8QB
868929,4Y3WG4Y3XR4Y60B4Y67G4Y68R4Y6EB4Y6LG4Y6MR4Y8QB
1013181,4Y3WG4Y3XR4Y60B4Y67G4Y68R4Y6EB4Y6LG4Y6MR4Y8QB
1032236,4Y3WG4Y3XR4Y60B4Y67G4Y68R4Y6EB4Y6LG4Y6MR4Y8QB
870576,4Y3WG4Y60B4Y67G4Y6EB4Y6LG4Y8QB4Y8XG4Y94B4Y9BG
868909,4Y3WG4Y3XR4Y60B4Y67G4Y68R4Y6EB4Y6LG4Y6MR4Y8QB
868907,4Y3WG4Y3XR4Y60B4Y67G4Y68R4Y6EB4Y6LG4Y6MR4Y8QB
867588,4Y3WG4Y3XR4Y60B4Y67G4Y68R4Y6EB4Y6LG4Y6MR4Y8QB
867524,4Y3WG4Y3XR4Y60B4Y67G4Y68R4Y6EB4Y6LG4Y6MR4Y8QB
867186,4Y3WG4Y3XR4Y60B4Y67G4Y68R4Y6EB4Y6LG4Y6MR4Y8QB
867523,4Y3WG4Y3XR4Y60B4Y67G4Y68R4Y6EB4Y6LG4Y6MR4Y8QB
737994,4Y3WG4Y60B4Y67G4Y6EB4Y6LG4Y8QB4Y8XG4Y94B4Y9BG
1032233,4Y3WG4Y3XR4Y60B4Y67G4Y68R4Y6EB4Y6LG4Y6MR4Y8QB
867521,4Y3WG4Y3XR4Y60B4Y67G4Y68R4Y6EB4Y6LG4Y6MR4Y8QB
872007,4Y3WG4Y3XR4Y60B4Y67G4Y68R4Y6EB4Y6LG4Y6MR4Y8QB
870710,4Y3WG4Y3XR4Y60B4Y67G4Y68R4Y6EB4Y6LG4Y6MR4Y8QB
870697,4Y3WG4Y3XR4Y60B4Y67G4Y68R4Y6EB4Y6LG4Y6MR4Y8QB
870341,4Y3WG4Y3XR4Y60B4Y67G4Y68R4Y6EB4Y6LG4Y6MR4Y8QB
870344,4Y3WG4Y3XR4Y60B4Y67G4Y68R4Y6EB4Y6LG4Y6MR4Y8QB
1036660,4Y3WG4Y3XR4Y60B4Y67G4Y68R4Y6EB4Y6LG4Y6MR4Y8QB
696567,4Y3WG4Y3XR4Y60B4Y67G4Y68R4Y6EB4Y6LG4Y6MR4Y8QB
696568,4Y3WG4Y3XR4Y60B4Y67G4Y68R4Y6EB4Y6LG4Y6MR4Y8QB
789378,4Y3WG4Y3XR4Y60B4Y67G4Y68R4Y6EB4Y6LG4Y6MR4Y8QB
984691,4Y3YR4Y5XB4Y64G4Y69R4Y6BB4Y6IG4Y6NR4Y6PB4Y8UG
984697,4Y3YR4Y5XB4Y64G4Y69R4Y6BB4Y6IG4Y6NR4Y6PB4Y8UG
898769,4Y5XB4Y64G4Y6BB4Y6IG4Y6PB4Y8UG4Y91B4Y98G4Y9FB
743764,4Y5XB4Y64G4Y6BB4Y6IG4Y6PB4Y8UG4Y91B4Y98G4Y9FB
898770,4Y5XB4Y64G4Y6BB4Y6IG4Y6PB4Y8UG4Y91B4Y98G4Y9FB
969116,4Y3ZR4Y5XB4Y64G4Y6AR4Y6BB4Y6IG4Y6OR4Y6PB4Y8UG
649290,4Y5XB4Y64G4Y6BB4Y6IG4Y6PB4Y8UG4Y91B4Y98G4Y9FB
649292,4Y5XB4Y64G4Y6BB4Y6IG4Y6PB4Y8UG4Y91B4Y98G4Y9FB
646235,4Y5XB4Y64G4Y6BB4Y6IG4Y6PB4Y8UG4Y91B4Y98G4Y9FB
632504,4Y3YR4Y5XB4Y64G4Y69R4Y6BB4Y6IG4Y6NR4Y6PB4Y8UG
743961,4Y5XB4Y64G4Y6BB4Y6IG4Y6PB4Y8UG4Y91B4Y98G4Y9FB
742644,4Y5XB4Y64G4Y6BB4Y6IG4Y6PB4Y8UG4Y91B4Y98G4Y9FB
649670,4Y5XB4Y64G4Y6BB4Y6IG4Y6PB4Y8UG4Y91B4Y98G4Y9FB
632500,4Y3ZR4Y5XB4Y64G4Y6AR4Y6BB4Y6IG4Y6OR4Y6PB4Y8UG
1010329,4Y3YR4Y5XB4Y64G4Y69R4Y6BB4Y6IG4Y6NR4Y6PB4Y8UG
827686,4Y3YR4Y5XB4Y64G4Y69R4Y6BB4Y6IG4Y6NR4Y6PB4Y8UG
632480,4Y3YR4Y5XB4Y64G4Y69R4Y6BB4Y6IG4Y6NR4Y6PB4Y8UG
632482,4Y3ZR4Y5XB4Y64G4Y6AR4Y6BB4Y6IG4Y6OR4Y6PB4Y8UG
632484,4Y3YR4Y5XB4Y64G4Y69R4Y6BB4Y6IG4Y6NR4Y6PB4Y8UG
632488,4Y3ZR4Y5XB4Y64G4Y6AR4Y6BB4Y6IG4Y6OR4Y6PB4Y8UG
632491,4Y3YR4Y5XB4Y64G4Y69R4Y6BB4Y6IG4Y6NR4Y6PB4Y8UG
637499,4Y3ZR4Y5XB4Y64G4Y6AR4Y6BB4Y6IG4Y6OR4Y6PB4Y8UG
636656,4Y3ZR4Y5XB4Y64G4Y6AR4Y6BB4Y6IG4Y6OR4Y6PB4Y8UG
984692,4Y3YR4Y5XB4Y64G4Y69R4Y6BB4Y6IG4Y6NR4Y6PB4Y8UG
637502,4Y5XB4Y64G4Y6BB4Y6IG4Y6PB4Y8UG4Y91B4Y98G4Y9FB
637504,4Y3ZR4Y5XB4Y64G4Y6AR4Y6BB4Y6IG4Y6OR4Y6PB4Y8UG
637507,4Y3YR4Y5XB4Y64G4Y69R4Y6BB4Y6IG4Y6NR4Y6PB4Y8UG
744117,4Y3ZR4Y5XB4Y64G4Y6AR4Y6BB4Y6IG4Y6OR4Y6PB4Y8UG
637503,4Y3YR4Y5XB4Y64G4Y69R4Y6BB4Y6IG4Y6NR4Y6PB4Y8UG
632508,4Y3ZR4Y5XB4Y64G4Y6AR4Y6BB4Y6IG4Y6OR4Y6PB4Y8UG
632511,4Y3YR4Y5XB4Y64G4Y69R4Y6BB4Y6IG4Y6NR4Y6PB4Y8UG
632842,4Y3ZR4Y5XB4Y64G4Y6AR4Y6BB4Y6IG4Y6OR4Y6PB4Y8UG
632844,4Y3YR4Y5XB4Y64G4Y69R4Y6BB4Y6IG4Y6NR4Y6PB4Y8UG
777174,4Y3ZR4Y5XB4Y64G4Y6AR4Y6BB4Y6IG4Y6OR4Y6PB4Y8UG
1017930,4Y3YR4Y5XB4Y64G4Y69R4Y6BB4Y6IG4Y6NR4Y6PB4Y8UG
984693,4Y3YR4Y5XB4Y64G4Y69R4Y6BB4Y6IG4Y6NR4Y6PB4Y8UG
719636,4Y3YR4Y5XB4Y64G4Y69R4Y6BB4Y6IG4Y6NR4Y6PB4Y8UG
714653,4Y5XB4Y64G4Y6BB4Y6IG4Y6PB4Y8UG4Y91B4Y98G4Y9FB
717730,4Y3YR4Y5XB4Y64G4Y69R4Y6BB4Y6IG4Y6NR4Y6PB4Y8UG
719625,4Y3ZR4Y5XB4Y64G4Y6AR4Y6BB4Y6IG4Y6OR4Y6PB4Y8UG
714993,4Y3YR4Y5XB4Y64G4Y69R4Y6BB4Y6IG4Y6NR4Y6PB4Y8UG
774938,4Y3ZR4Y5XB4Y64G4Y6AR4Y6BB4Y6IG4Y6OR4Y6PB4Y8UG
637042,4Y3YR4Y5XB4Y64G4Y69R4Y6BB4Y6IG4Y6NR4Y6PB4Y8UG
714596,4Y3ZR4Y5XB4Y64G4Y6AR4Y6BB4Y6IG4Y6OR4Y6PB4Y8UG
714616,4Y3YR4Y5XB4Y64G4Y69R4Y6BB4Y6IG4Y6NR4Y6PB4Y8UG
717697,4Y3ZR4Y5XB4Y64G4Y6AR4Y6BB4Y6IG4Y6OR4Y6PB4Y8UG
636625,4Y3ZR4Y5XB4Y64G4Y6AR4Y6BB4Y6IG4Y6OR4Y6PB4Y8UG
984694,4Y3YR4Y5XB4Y64G4Y69R4Y6BB4Y6IG4Y6NR4Y6PB4Y8UG
819763,4Y3YR4Y5XB4Y64G4Y69R4Y6BB4Y6IG4Y6NR4Y6PB4Y8UG
717666,4Y3ZR4Y5XB4Y64G4Y6AR4Y6BB4Y6IG4Y6OR4Y6PB4Y8UG
717687,4Y3YR4Y5XB4Y64G4Y69R4Y6BB4Y6IG4Y6NR4Y6PB4Y8UG
717677,4Y5XB4Y64G4Y6BB4Y6IG4Y6PB4Y8UG4Y91B4Y98G4Y9FB
717667,4Y3YR4Y5XB4Y64G4Y69R4Y6BB4Y6IG4Y6NR4Y6PB4Y8UG
717700,4Y5XB4Y64G4Y6BB4Y6IG4Y6PB4Y8UG4Y91B4Y98G4Y9FB
744986,4Y5XB4Y64G4Y6BB4Y6IG4Y6PB4Y8UG4Y91B4Y98G4Y9FB
637046,4Y3ZR4Y5XB4Y64G4Y6AR4Y6BB4Y6IG4Y6OR4Y6PB4Y8UG
719627,4Y3YR4Y5XB4Y64G4Y69R4Y6BB4Y6IG4Y6NR4Y6PB4Y8UG
819767,4Y3ZR4Y5XB4Y64G4Y6AR4Y6BB4Y6IG4Y6OR4Y6PB4Y8UG
636629,4Y3YR4Y5XB4Y64G4Y69R4Y6BB4Y6IG4Y6NR4Y6PB4Y8UG
948134,4Y3YR4Y5XB4Y64G4Y69R4Y6BB4Y6IG4Y6NR4Y6PB4Y8UG
774933,4Y5XB4Y64G4Y6BB4Y6IG4Y6PB4Y8UG4Y91B4Y98G4Y9FB
714992,4Y5XB4Y64G4Y6BB4Y6IG4Y6PB4Y8UG4Y91B4Y98G4Y9FB
719634,4Y5XB4Y64G4Y6BB4Y6IG4Y6PB4Y8UG4Y91B4Y98G4Y9FB
636688,4Y3ZR4Y5XB4Y64G4Y6AR4Y6BB4Y6IG4Y6OR4Y6PB4Y8UG
714602,4Y5XB4Y64G4Y6BB4Y6IG4Y6PB4Y8UG4Y91B4Y98G4Y9FB
819757,4Y3ZR4Y5XB4Y64G4Y6AR4Y6BB4Y6IG4Y6OR4Y6PB4Y8UG
717691,4Y5XB4Y64G4Y6BB4Y6IG4Y6PB4Y8UG4Y91B4Y98G4Y9FB
714603,4Y3ZR4Y5XB4Y64G4Y6AR4Y6BB4Y6IG4Y6OR4Y6PB4Y8UG
1005765,4Y5XB4Y64G4Y6BB4Y6IG4Y6PB4Y8UG4Y91B4Y98G4Y9FB
714585,4Y3ZR4Y5XB4Y64G4Y6AR4Y6BB4Y6IG4Y6OR4Y6PB4Y8UG
636630,4Y3ZR4Y5XB4Y64G4Y6AR4Y6BB4Y6IG4Y6OR4Y6PB4Y8UG
994036,4Y3YR4Y5XB4Y64G4Y69R4Y6BB4Y6IG4Y6NR4Y6PB4Y8UG
744999,4Y5XB4Y64G4Y6BB4Y6IG4Y6PB4Y8UG4Y91B4Y98G4Y9FB
637038,4Y3ZR4Y5XB4Y64G4Y6AR4Y6BB4Y6IG4Y6OR4Y6PB4Y8UG
744118,4Y3YR4Y5XB4Y64G4Y69R4Y6BB4Y6IG4Y6NR4Y6PB4Y8UG
774935,4Y3ZR4Y5XB4Y64G4Y6AR4Y6BB4Y6IG4Y6OR4Y6PB4Y8UG
714991,4Y5XB4Y64G4Y6BB4Y6IG4Y6PB4Y8UG4Y91B4Y98G4Y9FB
714644,4Y3ZR4Y5XB4Y64G4Y6AR4Y6BB4Y6IG4Y6OR4Y6PB4Y8UG
745000,4Y5XB4Y64G4Y6BB4Y6IG4Y6PB4Y8UG4Y91B4Y98G4Y9FB
744985,4Y3ZR4Y5XB4Y64G4Y6AR4Y6BB4Y6IG4Y6OR4Y6PB4Y8UG
717736,4Y5XB4Y64G4Y6BB4Y6IG4Y6PB4Y8UG4Y91B4Y98G4Y9FB
714649,4Y3ZR4Y5XB4Y64G4Y6AR4Y6BB4Y6IG4Y6OR4Y6PB4Y8UG
636633,4Y3YR4Y5XB4Y64G4Y69R4Y6BB4Y6IG4Y6NR4Y6PB4Y8UG
984695,4Y3YR4Y5XB4Y64G4Y69R4Y6BB4Y6IG4Y6NR4Y6PB4Y8UG
715007,4Y3YR4Y5XB4Y69R4Y6BB4Y6NR4Y6PB4Y8ZR4Y91B4Y9DR
717685,4Y3ZR4Y5XB4Y64G4Y6AR4Y6BB4Y6IG4Y6OR4Y6PB4Y8UG
714599,4Y5XB4Y64G4Y6BB4Y6IG4Y6PB4Y8UG4Y91B4Y98G4Y9FB
717674,4Y3ZR4Y5XB4Y64G4Y6AR4Y6BB4Y6IG4Y6OR4Y6PB4Y8UG
636680,4Y5XB4Y64G4Y6BB4Y6IG4Y6PB4Y8UG4Y91B4Y98G4Y9FB
717673,4Y3ZR4Y5XB4Y64G4Y6AR4Y6BB4Y6IG4Y6OR4Y6PB4Y8UG
717698,4Y5XB4Y64G4Y6BB4Y6IG4Y6PB4Y8UG4Y91B4Y98G4Y9FB
714608,4Y3ZR4Y5XB4Y64G4Y6AR4Y6BB4Y6IG4Y6OR4Y6PB4Y8UG
637047,4Y5XB4Y64G4Y6BB4Y6IG4Y6PB4Y8UG4Y91B4Y98G4Y9FB
714999,4Y3ZR4Y5XB4Y64G4Y6AR4Y6BB4Y6IG4Y6OR4Y6PB4Y8UG
636637,4Y3ZR4Y5XB4Y64G4Y6AR4Y6BB4Y6IG4Y6OR4Y6PB4Y8UG
984696,4Y3YR4Y5XB4Y64G4Y69R4Y6BB4Y6IG4Y6NR4Y6PB4Y8UG
714987,4Y3YR4Y5XB4Y64G4Y69R4Y6BB4Y6IG4Y6NR4Y6PB4Y8UG
1012020,4Y5XB4Y64G4Y6BB4Y6IG4Y6PB4Y8UG4Y91B4Y98G4Y9FB
719623,4Y3YR4Y5XB4Y64G4Y69R4Y6BB4Y6IG4Y6NR4Y6PB4Y8UG
715004,4Y3ZR4Y5XB4Y64G4Y6AR4Y6BB4Y6IG4Y6OR4Y6PB4Y8UG
636685,4Y3YR4Y5XB4Y64G4Y69R4Y6BB4Y6IG4Y6NR4Y6PB4Y8UG
715011,4Y3ZR4Y5XB4Y64G4Y6AR4Y6BB4Y6IG4Y6OR4Y6PB4Y8UG
715000,4Y3ZR4Y5XB4Y64G4Y6AR4Y6BB4Y6IG4Y6OR4Y6PB4Y8UG
742303,4Y5XB4Y64G4Y6BB4Y6IG4Y6PB4Y8UG4Y91B4Y98G4Y9FB
969143,4Y3ZR4Y5XB4Y64G4Y6AR4Y6BB4Y6IG4Y6OR4Y6PB4Y8UG
632850,4Y3YR4Y5XB4Y64G4Y69R4Y6BB4Y6IG4Y6NR4Y6PB4Y8UG
948135,4Y3YR4Y5XB4Y64G4Y69R4Y6BB4Y6IG4Y6NR4Y6PB4Y8UG
1008200,4Y5XB4Y64G4Y6BB4Y6IG4Y6PB4Y8UG4Y91B4Y98G4Y9FB
774372,4Y3ZR4Y5XB4Y64G4Y6AR4Y6BB4Y6IG4Y6OR4Y6PB4Y8UG
646234,4Y5XB4Y64G4Y6BB4Y6IG4Y6PB4Y8UG4Y91B4Y98G4Y9FB
969161,4Y5XB4Y64G4Y6BB4Y6IG4Y6PB4Y8UG4Y91B4Y98G4Y9FB
649285,4Y5XB4Y64G4Y6BB4Y6IG4Y6PB4Y8UG4Y91B4Y98G4Y9FB
969135,4Y3ZR4Y5XB4Y64G4Y6AR4Y6BB4Y6IG4Y6OR4Y6PB4Y8UG
649287,4Y5XB4Y64G4Y6BB4Y6IG4Y6PB4Y8UG4Y91B4Y98G4Y9FB
970068,4Y3ZR4Y5XB4Y64G4Y6AR4Y6BB4Y6IG4Y6OR4Y6PB4Y8UG
825289,4Y5XB4Y64G4Y6BB4Y6IG4Y6PB4Y8UG4Y91B4Y98G4Y9FB
963550,4Y3ZR4Y5XB4Y64G4Y6AR4Y6BB4Y6IG4Y6OR4Y6PB4Y8UG
827685,4Y3ZR4Y5XB4Y64G4Y6AR4Y6BB4Y6IG4Y6OR4Y6PB4Y8UG
1105329,4Y5XB4Y64G4Y6BB4Y6IG4Y6PB4Y8UG4Y91B4Y98G4Y9FB
998164,4Y5XB4Y64G4Y6BB4Y6IG4Y6PB4Y8UG4Y91B4Y98G4Y9FB
830031,4Y5XB4Y64G4Y6BB4Y6IG4Y6PB4Y8UG4Y91B4Y98G4Y9FB
783563,4Y5XB4Y64G4Y6BB4Y6IG4Y6PB4Y8UG4Y91B4Y98G4Y9FB
924605,4Y3ZR4Y5XB4Y64G4Y6AR4Y6BB4Y6IG4Y6OR4Y6PB4Y8UG
920124,4Y3ZR4Y5XB4Y64G4Y6AR4Y6BB4Y6IG4Y6OR4Y6PB4Y8UG
920113,4Y3ZR4Y5XB4Y64G4Y6AR4Y6BB4Y6IG4Y6OR4Y6PB4Y8UG
920119,4Y3ZR4Y5XB4Y64G4Y6AR4Y6BB4Y6IG4Y6OR4Y6PB4Y8UG
827419,4Y3ZR4Y5XB4Y64G4Y6AR4Y6BB4Y6IG4Y6OR4Y6PB4Y8UG
920165,4Y3ZR4Y5XB4Y64G4Y6AR4Y6BB4Y6IG4Y6OR4Y6PB4Y8UG
920166,4Y3ZR4Y5XB4Y64G4Y6AR4Y6BB4Y6IG4Y6OR4Y6PB4Y8UG
920156,4Y3ZR4Y5XB4Y64G4Y6AR4Y6BB4Y6IG4Y6OR4Y6PB4Y8UG
963997,4Y3ZR4Y5XB4Y64G4Y6AR4Y6BB4Y6IG4Y6OR4Y6PB4Y8UG
970023,4Y5XB4Y64G4Y6BB4Y6IG4Y6PB4Y8UG4Y91B4Y98G4Y9FB
1024006,4Y3ZR4Y5XB4Y64G4Y6AR4Y6BB4Y6IG4Y6OR4Y6PB4Y8UG
970011,4Y5XB4Y64G4Y6BB4Y6IG4Y6PB4Y8UG4Y91B4Y98G4Y9FB
970001,4Y3ZR4Y5XB4Y64G4Y6AR4Y6BB4Y6IG4Y6OR4Y6PB4Y8UG
743762,4Y5XB4Y64G4Y6BB4Y6IG4Y6PB4Y8UG4Y91B4Y98G4Y9FB
1024007,4Y3ZR4Y5XB4Y64G4Y6AR4Y6BB4Y6IG4Y6OR4Y6PB4Y8UG
970059,4Y3ZR4Y5XB4Y64G4Y6AR4Y6BB4Y6IG4Y6OR4Y6PB4Y8UG
1001265,4Y3ZR4Y5XB4Y64G4Y6AR4Y6BB4Y6IG4Y6OR4Y6PB4Y8UG
970048,4Y3ZR4Y5XB4Y64G4Y6AR4Y6BB4Y6IG4Y6OR4Y6PB4Y8UG
924648,4Y3ZR4Y5XB4Y64G4Y6AR4Y6BB4Y6IG4Y6OR4Y6PB4Y8UG
969506,4Y3ZR4Y5XB4Y64G4Y6AR4Y6BB4Y6IG4Y6OR4Y6PB4Y8UG
924657,4Y3ZR4Y5XB4Y64G4Y6AR4Y6BB4Y6IG4Y6OR4Y6PB4Y8UG
924660,4Y3ZR4Y5XB4Y64G4Y6AR4Y6BB4Y6IG4Y6OR4Y6PB4Y8UG
924636,4Y3ZR4Y5XB4Y64G4Y6AR4Y6BB4Y6IG4Y6OR4Y6PB4Y8UG
924639,4Y3ZR4Y5XB4Y64G4Y6AR4Y6BB4Y6IG4Y6OR4Y6PB4Y8UG
969987,4Y3ZR4Y5XB4Y64G4Y6AR4Y6BB4Y6IG4Y6OR4Y6PB4Y8UG
924676,4Y3ZR4Y5XB4Y64G4Y6AR4Y6BB4Y6IG4Y6OR4Y6PB4Y8UG
969991,4Y3ZR4Y5XB4Y64G4Y6AR4Y6BB4Y6IG4Y6OR4Y6PB4Y8UG
924666,4Y3ZR4Y5XB4Y64G4Y6AR4Y6BB4Y6IG4Y6OR4Y6PB4Y8UG
924674,4Y3ZR4Y5XB4Y64G4Y6AR4Y6BB4Y6IG4Y6OR4Y6PB4Y8UG
743750,4Y3ZR4Y5XB4Y64G4Y6AR4Y6BB4Y6IG4Y6OR4Y6PB4Y8UG
921278,4Y5XB4Y64G4Y6BB4Y6IG4Y6PB4Y8UG4Y91B4Y98G4Y9FB
1024433,4Y3ZR4Y5XB4Y64G4Y6AR4Y6BB4Y6IG4Y6OR4Y6PB4Y8UG
924664,4Y3ZR4Y5XB4Y64G4Y6AR4Y6BB4Y6IG4Y6OR4Y6PB4Y8UG
924670,4Y3ZR4Y5XB4Y64G4Y6AR4Y6BB4Y6IG4Y6OR4Y6PB4Y8UG
969997,4Y3ZR4Y5XB4Y64G4Y6AR4Y6BB4Y6IG4Y6OR4Y6PB4Y8UG
970000,4Y3ZR4Y5XB4Y64G4Y6AR4Y6BB4Y6IG4Y6OR4Y6PB4Y8UG
783569,4Y3ZR4Y5XB4Y64G4Y6AR4Y6BB4Y6IG4Y6OR4Y6PB4Y8UG
924641,4Y3ZR4Y5XB4Y64G4Y6AR4Y6BB4Y6IG4Y6OR4Y6PB4Y8UG
743749,4Y3ZR4Y5XB4Y64G4Y6AR4Y6BB4Y6IG4Y6OR4Y6PB4Y8UG
924634,4Y3ZR4Y5XB4Y64G4Y6AR4Y6BB4Y6IG4Y6OR4Y6PB4Y8UG
924630,4Y3ZR4Y5XB4Y64G4Y6AR4Y6BB4Y6IG4Y6OR4Y6PB4Y8UG
921277,4Y3ZR4Y5XB4Y64G4Y6AR4Y6BB4Y6IG4Y6OR4Y6PB4Y8UG
924658,4Y3ZR4Y5XB4Y64G4Y6AR4Y6BB4Y6IG4Y6OR4Y6PB4Y8UG
924656,4Y3ZR4Y5XB4Y64G4Y6AR4Y6BB4Y6IG4Y6OR4Y6PB4Y8UG
789760,4Y5XB4Y64G4Y6BB4Y6IG4Y6PB4Y8UG4Y91B4Y98G4Y9FB
780584,4Y3ZR4Y5XB4Y64G4Y6AR4Y6BB4Y6IG4Y6OR4Y6PB4Y8UG
924611,4Y3ZR4Y5XB4Y64G4Y6AR4Y6BB4Y6IG4Y6OR4Y6PB4Y8UG
924617,4Y5XB4Y64G4Y6BB4Y6IG4Y6PB4Y8UG4Y91B4Y98G4Y9FB
924618,4Y3ZR4Y5XB4Y64G4Y6AR4Y6BB4Y6IG4Y6OR4Y6PB4Y8UG
774403,4Y3XB4Y3YR4Y61G4Y68B4Y69R4Y6FG4Y6MB4Y6NR4Y8RG
774402,4Y3XB4Y3YR4Y61G4Y68B4Y69R4Y6FG4Y6MB4Y6NR4Y8RG
970053,4Y3XB4Y3YR4Y61G4Y68B4Y69R4Y6FG4Y6MB4Y6NR4Y8RG
970009,4Y3XB4Y3YR4Y61G4Y68B4Y69R4Y6FG4Y6MB4Y6NR4Y8RG
1001263,4Y3XB4Y3YR4Y61G4Y68B4Y69R4Y6FG4Y6MB4Y6NR4Y8RG
970007,4Y3XB4Y3YR4Y61G4Y68B4Y69R4Y6FG4Y6MB4Y6NR4Y8RG
970027,4Y3XB4Y3YR4Y61G4Y68B4Y69R4Y6FG4Y6MB4Y6NR4Y8RG
910537,4Y3XB4Y3YR4Y61G4Y68B4Y69R4Y6FG4Y6MB4Y6NR4Y8RG
970030,4Y3XB4Y3YR4Y61G4Y68B4Y69R4Y6FG4Y6MB4Y6NR4Y8RG
1001264,4Y3XB4Y3YR4Y61G4Y68B4Y69R4Y6FG4Y6MB4Y6NR4Y8RG
970065,4Y3XB4Y3YR4Y61G4Y68B4Y69R4Y6FG4Y6MB4Y6NR4Y8RG
780730,4Y3XB4Y3YR4Y61G4Y68B4Y69R4Y6FG4Y6MB4Y6NR4Y8RG
1045390,4Y3XB4Y3YR4Y61G4Y68B4Y69R4Y6FG4Y6MB4Y6NR4Y8RG
827418,4Y3XB4Y3YR4Y61G4Y68B4Y69R4Y6FG4Y6MB4Y6NR4Y8RG
920150,4Y3XB4Y3YR4Y61G4Y68B4Y69R4Y6FG4Y6MB4Y6NR4Y8RG
920168,4Y3XB4Y3YR4Y61G4Y68B4Y69R4Y6FG4Y6MB4Y6NR4Y8RG
920171,4Y3XB4Y3YR4Y61G4Y68B4Y69R4Y6FG4Y6MB4Y6NR4Y8RG
920161,4Y3XB4Y3YR4Y61G4Y68B4Y69R4Y6FG4Y6MB4Y6NR4Y8RG
827416,4Y3XB4Y3YR4Y61G4Y68B4Y69R4Y6FG4Y6MB4Y6NR4Y8RG
920117,4Y3XB4Y3YR4Y61G4Y68B4Y69R4Y6FG4Y6MB4Y6NR4Y8RG
783567,4Y3XB4Y3YR4Y61G4Y68B4Y69R4Y6FG4Y6MB4Y6NR4Y8RG
920110,4Y3XB4Y3YR4Y61G4Y68B4Y69R4Y6FG4Y6MB4Y6NR4Y8RG
920107,4Y3XB4Y3YR4Y61G4Y68B4Y69R4Y6FG4Y6MB4Y6NR4Y8RG
920138,4Y3XB4Y3YR4Y61G4Y68B4Y69R4Y6FG4Y6MB4Y6NR4Y8RG
827417,4Y3XB4Y3YR4Y61G4Y68B4Y69R4Y6FG4Y6MB4Y6NR4Y8RG
920127,4Y3XB4Y3YR4Y61G4Y68B4Y69R4Y6FG4Y6MB4Y6NR4Y8RG
924627,4Y3XB4Y3YR4Y61G4Y68B4Y69R4Y6FG4Y6MB4Y6NR4Y8RG
924603,4Y3XB4Y3YR4Y61G4Y68B4Y69R4Y6FG4Y6MB4Y6NR4Y8RG
924600,4Y3XB4Y3YR4Y61G4Y68B4Y69R4Y6FG4Y6MB4Y6NR4Y8RG
924596,4Y3XB4Y3YR4Y61G4Y68B4Y69R4Y6FG4Y6MB4Y6NR4Y8RG
924625,4Y3XB4Y3YR4Y61G4Y68B4Y69R4Y6FG4Y6MB4Y6NR4Y8RG
924619,4Y3XB4Y3YR4Y61G4Y68B4Y69R4Y6FG4Y6MB4Y6NR4Y8RG
924616,4Y3XB4Y3YR4Y61G4Y68B4Y69R4Y6FG4Y6MB4Y6NR4Y8RG
924593,4Y3XB4Y3YR4Y61G4Y68B4Y69R4Y6FG4Y6MB4Y6NR4Y8RG
921269,4Y3XB4Y3YR4Y61G4Y68B4Y69R4Y6FG4Y6MB4Y6NR4Y8RG
774256,4Y3XB4Y3YR4Y61G4Y68B4Y69R4Y6FG4Y6MB4Y6NR4Y8RG
920174,4Y3XB4Y3YR4Y61G4Y68B4Y69R4Y6FG4Y6MB4Y6NR4Y8RG
1045384,4Y3XB4Y3YR4Y61G4Y68B4Y69R4Y6FG4Y6MB4Y6NR4Y8RG
921608,4Y3XB4Y61G4Y68B4Y6FG4Y6MB4Y8RG4Y8YB4Y95G4Y9CB
921276,4Y3XB4Y3YR4Y61G4Y68B4Y69R4Y6FG4Y6MB4Y6NR4Y8RG
921274,4Y3XB4Y3YR4Y61G4Y68B4Y69R4Y6FG4Y6MB4Y6NR4Y8RG
970018,4Y3XB4Y3YR4Y61G4Y68B4Y69R4Y6FG4Y6MB4Y6NR4Y8RG
964015,4Y3XB4Y3YR4Y61G4Y68B4Y69R4Y6FG4Y6MB4Y6NR4Y8RG
1001253,4Y3XB4Y3YR4Y61G4Y68B4Y69R4Y6FG4Y6MB4Y6NR4Y8RG
1024013,4Y3XB4Y3YR4Y61G4Y68B4Y69R4Y6FG4Y6MB4Y6NR4Y8RG
969510,4Y3XB4Y3YR4Y61G4Y68B4Y69R4Y6FG4Y6MB4Y6NR4Y8RG
964008,4Y3XB4Y3YR4Y61G4Y68B4Y69R4Y6FG4Y6MB4Y6NR4Y8RG
774399,4Y3XB4Y3YR4Y61G4Y68B4Y69R4Y6FG4Y6MB4Y6NR4Y8RG
1049658,4Y3XB4Y3XB4Y3YR4Y61G4Y61G4Y68B4Y68B4Y69R4Y6FG
970041,4Y3XB4Y3YR4Y61G4Y68B4Y69R4Y6FG4Y6MB4Y6NR4Y8RG
970046,4Y3XB4Y3YR4Y61G4Y68B4Y69R4Y6FG4Y6MB4Y6NR4Y8RG
774408,4Y3XB4Y3YR4Y61G4Y68B4Y69R4Y6FG4Y6MB4Y6NR4Y8RG
969156,4Y3XB4Y3YR4Y61G4Y68B4Y69R4Y6FG4Y6MB4Y6NR4Y8RG
969158,4Y3XB4Y3YR4Y61G4Y68B4Y69R4Y6FG4Y6MB4Y6NR4Y8RG
969175,4Y3XB4Y3YR4Y61G4Y68B4Y69R4Y6FG4Y6MB4Y6NR4Y8RG
969168,4Y3XB4Y3YR4Y61G4Y68B4Y69R4Y6FG4Y6MB4Y6NR4Y8RG
969147,4Y3XB4Y3YR4Y61G4Y68B4Y69R4Y6FG4Y6MB4Y6NR4Y8RG
1001249,4Y3XB4Y3YR4Y61G4Y68B4Y69R4Y6FG4Y6MB4Y6NR4Y8RG
1049656,4Y3XB4Y3YR4Y61G4Y68B4Y69R4Y6FG4Y6MB4Y6NR4Y8RG
969149,4Y3XB4Y3YR4Y61G4Y68B4Y69R4Y6FG4Y6MB4Y6NR4Y8RG
774367,4Y3XB4Y3YR4Y61G4Y68B4Y69R4Y6FG4Y6MB4Y6NR4Y8RG
964023,4Y3XB4Y3YR4Y61G4Y68B4Y69R4Y6FG4Y6MB4Y6NR4Y8RG
969137,4Y3XB4Y3YR4Y61G4Y68B4Y69R4Y6FG4Y6MB4Y6NR4Y8RG
1030549,4Y3XB4Y3YR4Y61G4Y68B4Y69R4Y6FG4Y6MB4Y6NR4Y8RG
969171,4Y3XB4Y3YR4Y61G4Y68B4Y69R4Y6FG4Y6MB4Y6NR4Y8RG
969166,4Y3XB4Y3YR4Y61G4Y68B4Y69R4Y6FG4Y6MB4Y6NR4Y8RG
963552,4Y3XB4Y3YR4Y61G4Y68B4Y69R4Y6FG4Y6MB4Y6NR4Y8RG
963557,4Y3XB4Y3YR4Y61G4Y68B4Y69R4Y6FG4Y6MB4Y6NR4Y8RG
970070,4Y3XB4Y61G4Y68B4Y6FG4Y6MB4Y8RG4Y8YB4Y95G4Y9CB
969165,4Y3XB4Y3YR4Y61G4Y68B4Y69R4Y6FG4Y6MB4Y6NR4Y8RG
969130,4Y3XB4Y3YR4Y61G4Y68B4Y69R4Y6FG4Y6MB4Y6NR4Y8RG
964019,4Y3XB4Y3YR4Y61G4Y68B4Y69R4Y6FG4Y6MB4Y6NR4Y8RG
969115,4Y3XB4Y3YR4Y61G4Y68B4Y69R4Y6FG4Y6MB4Y6NR4Y8RG
964016,4Y3XB4Y3YR4Y61G4Y68B4Y69R4Y6FG4Y6MB4Y6NR4Y8RG
778618,4Y3XB4Y3YR4Y61G4Y68B4Y69R4Y6FG4Y6MB4Y6NR4Y8RG
964006,4Y3XB4Y3YR4Y61G4Y68B4Y69R4Y6FG4Y6MB4Y6NR4Y8RG
969518,4Y3XB4Y3YR4Y61G4Y68B4Y69R4Y6FG4Y6MB4Y6NR4Y8RG
774407,4Y3XB4Y3YR4Y61G4Y68B4Y69R4Y6FG4Y6MB4Y6NR4Y8RG
1049659,4Y3XB4Y3YR4Y61G4Y68B4Y69R4Y6FG4Y6MB4Y6NR4Y8RG
969131,4Y3XB4Y3YR4Y61G4Y68B4Y69R4Y6FG4Y6MB4Y6NR4Y8RG
963556,4Y3XB4Y3YR4Y61G4Y68B4Y69R4Y6FG4Y6MB4Y6NR4Y8RG
1138571,4Y3XB4Y61G4Y68B4Y6FG4Y6MB4Y8RG4Y8YB4Y95G4Y9CB
970067,4Y3XB4Y3YR4Y61G4Y68B4Y69R4Y6FG4Y6MB4Y6NR4Y8RG
1138572,4Y3XB4Y68B4Y6MB4Y8YB4Y9CB4YBNB4YC1B
964001,4Y3XB4Y3YR4Y61G4Y68B4Y69R4Y6FG4Y6MB4Y6NR4Y8RG
1045381,4Y3XB4Y3YR4Y61G4Y68B4Y69R4Y6FG4Y6MB4Y6NR4Y8RG
921184,4Y3XB4Y3YR4Y61G4Y68B4Y69R4Y6FG4Y6MB4Y6NR4Y8RG
921182,4Y3XB4Y3YR4Y61G4Y68B4Y69R4Y6FG4Y6MB4Y6NR4Y8RG
921183,4Y3XB4Y3YR4Y61G4Y68B4Y69R4Y6FG4Y6MB4Y6NR4Y8RG
923315,4Y3XB4Y3YR4Y61G4Y68B4Y69R4Y6FG4Y6MB4Y6NR4Y8RG
923314,4Y3XB4Y3YR4Y61G4Y68B4Y69R4Y6FG4Y6MB4Y6NR4Y8RG
923312,4Y3XB4Y3YR4Y61G4Y68B4Y69R4Y6FG4Y6MB4Y6NR4Y8RG
777960,4Y3XB4Y3YR4Y61G4Y68B4Y69R4Y6FG4Y6MB4Y6NR4Y8RG
619409,4Y3XB4Y3YR4Y61G4Y68B4Y69R4Y6FG4Y6MB4Y6NR4Y8RG
781989,4Y3XB4Y3YR4Y61G4Y68B4Y69R4Y6FG4Y6MB4Y6NR4Y8RG
920763,4Y3XB4Y3YR4Y61G4Y68B4Y69R4Y6FG4Y6MB4Y6NR4Y8RG
920766,4Y3XB4Y3YR4Y61G4Y68B4Y69R4Y6FG4Y6MB4Y6NR4Y8RG
920755,4Y3XB4Y3YR4Y61G4Y68B4Y69R4Y6FG4Y6MB4Y6NR4Y8RG
920752,4Y3XB4Y3YR4Y61G4Y68B4Y69R4Y6FG4Y6MB4Y6NR4Y8RG
920749,4Y3XB4Y3YR4Y61G4Y68B4Y69R4Y6FG4Y6MB4Y6NR4Y8RG
781988,4Y3XB4Y3YR4Y61G4Y68B4Y69R4Y6FG4Y6MB4Y6NR4Y8RG
920768,4Y3XB4Y3YR4Y61G4Y68B4Y69R4Y6FG4Y6MB4Y6NR4Y8RG
920784,4Y3XB4Y3YR4Y61G4Y68B4Y69R4Y6FG4Y6MB4Y6NR4Y8RG
920787,4Y3XB4Y3YR4Y61G4Y68B4Y69R4Y6FG4Y6MB4Y6NR4Y8RG
921197,4Y3XB4Y3YR4Y61G4Y68B4Y69R4Y6FG4Y6MB4Y6NR4Y8RG
920789,4Y3XB4Y3YR4Y61G4Y68B4Y69R4Y6FG4Y6MB4Y6NR4Y8RG
781990,4Y3XB4Y3YR4Y61G4Y68B4Y69R4Y6FG4Y6MB4Y6NR4Y8RG
920773,4Y3XB4Y3YR4Y61G4Y68B4Y69R4Y6FG4Y6MB4Y6NR4Y8RG
920770,4Y3XB4Y3YR4Y61G4Y68B4Y69R4Y6FG4Y6MB4Y6NR4Y8RG
920778,4Y3XB4Y3YR4Y61G4Y68B4Y69R4Y6FG4Y6MB4Y6NR4Y8RG
1045378,4Y3XB4Y3YR4Y61G4Y68B4Y69R4Y6FG4Y6MB4Y6NR4Y8RG
921253,4Y3XB4Y3YR4Y61G4Y68B4Y69R4Y6FG4Y6MB4Y6NR4Y8RG
921257,4Y3XB4Y3YR4Y61G4Y68B4Y69R4Y6FG4Y6MB4Y6NR4Y8RG
921260,4Y3XB4Y3YR4Y61G4Y68B4Y69R4Y6FG4Y6MB4Y6NR4Y8RG
921256,4Y3XB4Y3YR4Y61G4Y68B4Y69R4Y6FG4Y6MB4Y6NR4Y8RG
921198,4Y3XB4Y3YR4Y61G4Y68B4Y69R4Y6FG4Y6MB4Y6NR4Y8RG
780579,4Y3XB4Y3YR4Y61G4Y68B4Y69R4Y6FG4Y6MB4Y6NR4Y8RG
921248,4Y3XB4Y3YR4Y61G4Y68B4Y69R4Y6FG4Y6MB4Y6NR4Y8RG
921246,4Y3XB4Y3YR4Y61G4Y68B4Y69R4Y6FG4Y6MB4Y6NR4Y8RG
968283,4Y3XB4Y3YR4Y61G4Y68B4Y69R4Y6FG4Y6MB4Y6NR4Y8RG
1023985,4Y3XB4Y3YR4Y61G4Y68B4Y69R4Y6FG4Y6MB4Y6NR4Y8RG
968293,4Y3XB4Y3YR4Y61G4Y68B4Y69R4Y6FG4Y6MB4Y6NR4Y8RG
968295,4Y3XB4Y3YR4Y61G4Y68B4Y69R4Y6FG4Y6MB4Y6NR4Y8RG
968285,4Y3XB4Y3YR4Y61G4Y68B4Y69R4Y6FG4Y6MB4Y6NR4Y8RG
996314,4Y3XB4Y3YR4Y61G4Y68B4Y69R4Y6FG4Y6MB4Y6NR4Y8RG
968289,4Y3XB4Y3YR4Y61G4Y68B4Y69R4Y6FG4Y6MB4Y6NR4Y8RG
921202,4Y3XB4Y3YR4Y61G4Y68B4Y69R4Y6FG4Y6MB4Y6NR4Y8RG
968286,4Y3XB4Y3YR4Y61G4Y68B4Y69R4Y6FG4Y6MB4Y6NR4Y8RG
968288,4Y3XB4Y3YR4Y61G4Y68B4Y69R4Y6FG4Y6MB4Y6NR4Y8RG
1016618,4Y3XB4Y3YR4Y61G4Y68B4Y69R4Y6FG4Y6MB4Y6NR4Y8RG
921218,4Y3XB4Y3YR4Y61G4Y68B4Y69R4Y6FG4Y6MB4Y6NR4Y8RG
921215,4Y3XB4Y3YR4Y61G4Y68B4Y69R4Y6FG4Y6MB4Y6NR4Y8RG
921222,4Y3XB4Y3YR4Y61G4Y68B4Y69R4Y6FG4Y6MB4Y6NR4Y8RG
921214,4Y3XB4Y3YR4Y61G4Y68B4Y69R4Y6FG4Y6MB4Y6NR4Y8RG
1045382,4Y3XB4Y3YR4Y61G4Y68B4Y69R4Y6FG4Y6MB4Y6NR4Y8RG
921207,4Y3XB4Y3YR4Y61G4Y68B4Y69R4Y6FG4Y6MB4Y6NR4Y8RG
921204,4Y3XB4Y3YR4Y61G4Y68B4Y69R4Y6FG4Y6MB4Y6NR4Y8RG
921224,4Y3XB4Y3YR4Y61G4Y68B4Y69R4Y6FG4Y6MB4Y6NR4Y8RG
782000,4Y3XB4Y3YR4Y61G4Y68B4Y69R4Y6FG4Y6MB4Y6NR4Y8RG
921241,4Y3XB4Y3YR4Y61G4Y68B4Y69R4Y6FG4Y6MB4Y6NR4Y8RG
921186,4Y3XB4Y3YR4Y61G4Y68B4Y69R4Y6FG4Y6MB4Y6NR4Y8RG
921187,4Y3XB4Y3YR4Y61G4Y68B4Y69R4Y6FG4Y6MB4Y6NR4Y8RG
921190,4Y3XB4Y3YR4Y61G4Y68B4Y69R4Y6FG4Y6MB4Y6NR4Y8RG
921192,4Y3XB4Y3YR4Y61G4Y68B4Y69R4Y6FG4Y6MB4Y6NR4Y8RG
923316,4Y3XB4Y3YR4Y61G4Y68B4Y69R4Y6FG4Y6MB4Y6NR4Y8RG
968858,4Y3XR4Y5YB4Y65G4Y68R4Y6CB4Y6JG4Y6MR4Y6QB4Y8VG
779678,4Y3XR4Y5YB4Y65G4Y68R4Y6CB4Y6JG4Y6MR4Y6QB4Y8VG
968848,4Y3XR4Y5YB4Y65G4Y68R4Y6CB4Y6JG4Y6MR4Y6QB4Y8VG
968847,4Y3XR4Y5YB4Y65G4Y68R4Y6CB4Y6JG4Y6MR4Y6QB4Y8VG
968843,4Y3XR4Y5YB4Y65G4Y68R4Y6CB4Y6JG4Y6MR4Y6QB4Y8VG
786730,4Y3XB4Y3YR4Y61G4Y68B4Y69R4Y6FG4Y6MB4Y6NR4Y8RG
743766,4Y3XR4Y5YB4Y65G4Y68R4Y6CB4Y6JG4Y6MR4Y6QB4Y8VG
920803,4Y3XR4Y5YB4Y65G4Y68R4Y6CB4Y6JG4Y6MR4Y6QB4Y8VG
781993,4Y3XR4Y5YB4Y65G4Y68R4Y6CB4Y6JG4Y6MR4Y6QB4Y8VG
920808,4Y3XR4Y5YB4Y65G4Y68R4Y6CB4Y6JG4Y6MR4Y6QB4Y8VG
920810,4Y3XR4Y5YB4Y65G4Y68R4Y6CB4Y6JG4Y6MR4Y6QB4Y8VG
966815,4Y3XB4Y3YR4Y61G4Y68B4Y69R4Y6FG4Y6MB4Y6NR4Y8RG
920790,4Y3XR4Y5YB4Y65G4Y68R4Y6CB4Y6JG4Y6MR4Y6QB4Y8VG
920800,4Y3XR4Y5YB4Y65G4Y68R4Y6CB4Y6JG4Y6MR4Y6QB4Y8VG
920797,4Y3XR4Y5YB4Y65G4Y68R4Y6CB4Y6JG4Y6MR4Y6QB4Y8VG
920799,4Y3XR4Y5YB4Y65G4Y68R4Y6CB4Y6JG4Y6MR4Y6QB4Y8VG
968871,4Y3XR4Y5YB4Y65G4Y68R4Y6CB4Y6JG4Y6MR4Y6QB4Y8VG
966802,4Y3XB4Y3YR4Y61G4Y68B4Y69R4Y6FG4Y6MB4Y6NR4Y8RG
779687,4Y3XR4Y5YB4Y65G4Y68R4Y6CB4Y6JG4Y6MR4Y6QB4Y8VG
779688,4Y3XR4Y5YB4Y65G4Y68R4Y6CB4Y6JG4Y6MR4Y6QB4Y8VG
968879,4Y3XR4Y5YB4Y65G4Y68R4Y6CB4Y6JG4Y6MR4Y6QB4Y8VG
968874,4Y3XR4Y5YB4Y65G4Y68R4Y6CB4Y6JG4Y6MR4Y6QB4Y8VG
944370,4Y3XB4Y3YR4Y61G4Y68B4Y69R4Y6FG4Y6MB4Y6NR4Y8RG
966798,4Y3XB4Y3YR4Y61G4Y68B4Y69R4Y6FG4Y6MB4Y6NR4Y8RG
967160,4Y3XB4Y3YR4Y61G4Y68B4Y69R4Y6FG4Y6MB4Y6NR4Y8RG
778390,4Y3XB4Y3YR4Y61G4Y68B4Y69R4Y6FG4Y6MB4Y6NR4Y8RG
778389,4Y3XB4Y3YR4Y61G4Y68B4Y69R4Y6FG4Y6MB4Y6NR4Y8RG
967163,4Y3XB4Y61G4Y68B4Y6FG4Y6MB4Y8RG4Y8YB4Y95G4Y9CB
967149,4Y3XB4Y3YR4Y61G4Y68B4Y69R4Y6FG4Y6MB4Y6NR4Y8RG
780575,4Y3XB4Y3YR4Y61G4Y68B4Y69R4Y6FG4Y6MB4Y6NR4Y8RG
967147,4Y3XB4Y3YR4Y61G4Y68B4Y69R4Y6FG4Y6MB4Y6NR4Y8RG
967148,4Y3XB4Y3YR4Y68B4Y69R4Y6MB4Y6NR4Y8YB4Y8ZR4Y9CB
1049663,4Y3XB4Y3YR4Y61G4Y68B4Y69R4Y6FG4Y6MB4Y6NR4Y8RG
967153,4Y3XB4Y3YR4Y61G4Y68B4Y69R4Y6FG4Y6MB4Y6NR4Y8RG
965432,4Y3XB4Y3YR4Y61G4Y68B4Y69R4Y6FG4Y6MB4Y6NR4Y8RG
966767,4Y3XB4Y3YR4Y61G4Y68B4Y69R4Y6FG4Y6MB4Y6NR4Y8RG
966771,4Y3XB4Y3YR4Y61G4Y68B4Y69R4Y6FG4Y6MB4Y6NR4Y8RG
965421,4Y3XB4Y3YR4Y61G4Y68B4Y69R4Y6FG4Y6MB4Y6NR4Y8RG
965428,4Y3XB4Y3YR4Y61G4Y68B4Y69R4Y6FG4Y6MB4Y6NR4Y8RG
965425,4Y3XB4Y3YR4Y61G4Y68B4Y69R4Y6FG4Y6MB4Y6NR4Y8RG
780576,4Y3XB4Y3YR4Y61G4Y68B4Y69R4Y6FG4Y6MB4Y6NR4Y8RG
781710,4Y3XB4Y3YR4Y61G4Y68B4Y69R4Y6FG4Y6MB4Y6NR4Y8RG
965422,4Y3XB4Y3YR4Y61G4Y68B4Y69R4Y6FG4Y6MB4Y6NR4Y8RG
966787,4Y3XB4Y3YR4Y61G4Y68B4Y69R4Y6FG4Y6MB4Y6NR4Y8RG
966796,4Y3XB4Y3YR4Y61G4Y68B4Y69R4Y6FG4Y6MB4Y6NR4Y8RG
966794,4Y3XB4Y3YR4Y61G4Y68B4Y69R4Y6FG4Y6MB4Y6NR4Y8RG
1049662,4Y3XB4Y3YR4Y61G4Y68B4Y69R4Y6FG4Y6MB4Y6NR4Y8RG
966789,4Y3XB4Y3YR4Y61G4Y68B4Y69R4Y6FG4Y6MB4Y6NR4Y8RG
966777,4Y3XB4Y3YR4Y61G4Y68B4Y69R4Y6FG4Y6MB4Y6NR4Y8RG
966781,4Y3XB4Y3YR4Y61G4Y68B4Y69R4Y6FG4Y6MB4Y6NR4Y8RG
966784,4Y3XB4Y3YR4Y61G4Y68B4Y69R4Y6FG4Y6MB4Y6NR4Y8RG
1045383,4Y3XB4Y3YR4Y61G4Y68B4Y69R4Y6FG4Y6MB4Y6NR4Y8RG
967155,4Y3XB4Y3YR4Y61G4Y68B4Y69R4Y6FG4Y6MB4Y6NR4Y8RG
925966,4Y3XB4Y3YR4Y61G4Y68B4Y69R4Y6FG4Y6MB4Y6NR4Y8RG
925964,4Y3XB4Y3YR4Y61G4Y68B4Y69R4Y6FG4Y6MB4Y6NR4Y8RG
925971,4Y3XB4Y3YR4Y61G4Y68B4Y69R4Y6FG4Y6MB4Y6NR4Y8RG
925969,4Y3XB4Y3YR4Y61G4Y68B4Y69R4Y6FG4Y6MB4Y6NR4Y8RG
925961,4Y3XB4Y3YR4Y61G4Y68B4Y69R4Y6FG4Y6MB4Y6NR4Y8RG
925958,4Y3XB4Y3YR4Y61G4Y68B4Y69R4Y6FG4Y6MB4Y6NR4Y8RG
925956,4Y3XB4Y3YR4Y61G4Y68B4Y69R4Y6FG4Y6MB4Y6NR4Y8RG
919421,4Y3XB4Y3YR4Y61G4Y68B4Y69R4Y6FG4Y6MB4Y6NR4Y8RG
919419,4Y3XB4Y3YR4Y61G4Y68B4Y69R4Y6FG4Y6MB4Y6NR4Y8RG
921234,4Y3XB4Y3YR4Y61G4Y68B4Y69R4Y6FG4Y6MB4Y6NR4Y8RG
779294,4Y3XB4Y3YR4Y61G4Y68B4Y69R4Y6FG4Y6MB4Y6NR4Y8RG
779296,4Y3XB4Y3YR4Y61G4Y68B4Y69R4Y6FG4Y6MB4Y6NR4Y8RG
919413,4Y3XB4Y3YR4Y61G4Y68B4Y69R4Y6FG4Y6MB4Y6NR4Y8RG
925974,4Y3XB4Y3YR4Y61G4Y68B4Y69R4Y6FG4Y6MB4Y6NR4Y8RG
919412,4Y3XB4Y3YR4Y61G4Y68B4Y69R4Y6FG4Y6MB4Y6NR4Y8RG
779293,4Y3XB4Y3YR4Y61G4Y68B4Y69R4Y6FG4Y6MB4Y6NR4Y8RG
925945,4Y3XB4Y3YR4Y61G4Y68B4Y69R4Y6FG4Y6MB4Y6NR4Y8RG
967176,4Y3XB4Y3YR4Y61G4Y68B4Y69R4Y6FG4Y6MB4Y6NR4Y8RG
1049664,4Y3XB4Y3YR4Y61G4Y68B4Y69R4Y6FG4Y6MB4Y6NR4Y8RG
925929,4Y3XB4Y3YR4Y61G4Y68B4Y69R4Y6FG4Y6MB4Y6NR4Y8RG
921223,4Y3XB4Y3YR4Y61G4Y68B4Y69R4Y6FG4Y6MB4Y6NR4Y8RG
967165,4Y3XR4Y5YB4Y65G4Y68R4Y6CB4Y6JG4Y6MR4Y6QB4Y8VG
778394,4Y3XB4Y3YR4Y61G4Y68B4Y69R4Y6FG4Y6MB4Y6NR4Y8RG
1003815,4Y3XR4Y5YB4Y65G4Y68R4Y6CB4Y6JG4Y6MR4Y6QB4Y8VG
967168,4Y3XB4Y3YR4Y61G4Y68B4Y69R4Y6FG4Y6MB4Y6NR4Y8RG
925935,4Y3XR4Y5YB4Y65G4Y68R4Y6CB4Y6JG4Y6MR4Y6QB4Y8VG
1045376,4Y3XB4Y3YR4Y61G4Y68B4Y69R4Y6FG4Y6MB4Y6NR4Y8RG
925954,4Y3XR4Y5YB4Y65G4Y68R4Y6CB4Y6JG4Y6MR4Y6QB4Y8VG
779284,4Y3XB4Y3YR4Y61G4Y68B4Y69R4Y6FG4Y6MB4Y6NR4Y8RG
779285,4Y3XR4Y5YB4Y65G4Y68R4Y6CB4Y6JG4Y6MR4Y6QB4Y8VG
925948,4Y3XB4Y3YR4Y61G4Y68B4Y69R4Y6FG4Y6MB4Y6NR4Y8RG
921233,4Y3XB4Y3YR4Y61G4Y68B4Y69R4Y6FG4Y6MB4Y6NR4Y8RG
925934,4Y3XR4Y5YB4Y65G4Y68R4Y6CB4Y6JG4Y6MR4Y6QB4Y8VG
925943,4Y3XR4Y5YB4Y65G4Y68R4Y6CB4Y6JG4Y6MR4Y6QB4Y8VG
968290,4Y3XR4Y5YB4Y65G4Y68R4Y6CB4Y6JG4Y6MR4Y6QB4Y8VG
920828,4Y3XR4Y5YB4Y65G4Y68R4Y6CB4Y6JG4Y6MR4Y6QB4Y8VG
920819,4Y3XR4Y5YB4Y65G4Y68R4Y6CB4Y6JG4Y6MR4Y6QB4Y8VG
966785,4Y3XB4Y3YR4Y61G4Y68B4Y69R4Y6FG4Y6MB4Y6NR4Y8RG
920827,4Y3XR4Y5YB4Y65G4Y68R4Y6CB4Y6JG4Y6MR4Y6QB4Y8VG
920823,4Y3XR4Y5YB4Y65G4Y68R4Y6CB4Y6JG4Y6MR4Y6QB4Y8VG
920816,4Y3XR4Y5YB4Y65G4Y68R4Y6CB4Y6JG4Y6MR4Y6QB4Y8VG
920814,4Y3XR4Y5YB4Y65G4Y68R4Y6CB4Y6JG4Y6MR4Y6QB4Y8VG
920812,4Y3XR4Y5YB4Y65G4Y68R4Y6CB4Y6JG4Y6MR4Y6QB4Y8VG
920844,4Y3XR4Y5YB4Y65G4Y68R4Y6CB4Y6JG4Y6MR4Y6QB4Y8VG
920842,4Y3XR4Y5YB4Y65G4Y68R4Y6CB4Y6JG4Y6MR4Y6QB4Y8VG
920843,4Y3XR4Y5YB4Y65G4Y68R4Y6CB4Y6JG4Y6MR4Y6QB4Y8VG
920847,4Y3XR4Y5YB4Y65G4Y68R4Y6CB4Y6JG4Y6MR4Y6QB4Y8VG
920832,4Y3XR4Y5YB4Y65G4Y68R4Y6CB4Y6JG4Y6MR4Y6QB4Y8VG
966812,4Y3XB4Y3YR4Y61G4Y68B4Y69R4Y6FG4Y6MB4Y6NR4Y8RG
743753,4Y3XR4Y5YB4Y65G4Y68R4Y6CB4Y6JG4Y6MR4Y6QB4Y8VG
920833,4Y3XR4Y5YB4Y65G4Y68R4Y6CB4Y6JG4Y6MR4Y6QB4Y8VG
780568,4Y3XR4Y5YB4Y65G4Y68R4Y6CB4Y6JG4Y6MR4Y6QB4Y8VG
743752,4Y3XR4Y5YB4Y65G4Y68R4Y6CB4Y6JG4Y6MR4Y6QB4Y8VG
968853,4Y3XR4Y5YB4Y65G4Y68R4Y6CB4Y6JG4Y6MR4Y6QB4Y8VG
968860,4Y3XR4Y5YB4Y65G4Y68R4Y6CB4Y6JG4Y6MR4Y6QB4Y8VG
966808,4Y3XB4Y3YR4Y61G4Y68B4Y69R4Y6FG4Y6MB4Y6NR4Y8RG
