784285,4Q2FB4Q2KR4Q2MG4Q2TB4Q2YR4Q30G4Q55B4Q5AR4Q5CG
707675,4Q2FB4Q2KR4Q2MG4Q2TB4Q2YR4Q30G4Q55B4Q5AR4Q5CG
707674,4Q2FB4Q2KR4Q2MG4Q2TB4Q2YR4Q30G4Q55B4Q5AR4Q5CG
709559,4Q2FB4Q2KR4Q2MG4Q2TB4Q2YR4Q30G4Q55B4Q5AR4Q5CG
708273,4Q2FB4Q2KR4Q2MG4Q2TB4Q2YR4Q30G4Q55B4Q5AR4Q5CG
707635,4Q2FB4Q2KR4Q2MG4Q2TB4Q2YR4Q30G4Q55B4Q5AR4Q5CG
941696,4Q2FB4Q2KR4Q2MG4Q2TB4Q2YR4Q30G4Q55B4Q5AR4Q5CG
783319,4Q2CR4Q2FG4Q2MB4Q2QR4Q2TG4Q30B4Q52R4Q55G4Q5CB
761619,4Q2CR4Q2FG4Q2MB4Q2QR4Q2TG4Q30B4Q52R4Q55G4Q5CB
823467,4Q2FG4Q2MB4Q2TG4Q30B4Q55G4Q5CB4Q5JG4Q5QB4Q7UG
761621,4Q2CR4Q2FG4Q2MB4Q2QR4Q2TG4Q30B4Q52R4Q55G4Q5CB
761623,4Q2CR4Q2FG4Q2MB4Q2QR4Q2TG4Q30B4Q52R4Q55G4Q5CB
761580,4Q2CR4Q2FG4Q2MB4Q2QR4Q2TG4Q30B4Q52R4Q55G4Q5CB
761600,4Q2CR4Q2FG4Q2MB4Q2QR4Q2TG4Q30B4Q52R4Q55G4Q5CB
1015654,4Q2CR4Q2FG4Q2MB4Q2QR4Q2TG4Q30B4Q52R4Q55G4Q5CB
761611,4Q2CR4Q2FG4Q2MB4Q2QR4Q2TG4Q30B4Q52R4Q55G4Q5CB
761613,4Q2CR4Q2FG4Q2MB4Q2QR4Q2TG4Q30B4Q52R4Q55G4Q5CB
823465,4Q2FG4Q2MB4Q2TG4Q30B4Q55G4Q5CB4Q5JG4Q5QB4Q7UG
761615,4Q2FG4Q2MB4Q2TG4Q30B4Q55G4Q5CB4Q5JG4Q5QB4Q7UG
761616,4Q2CR4Q2FG4Q2MB4Q2QR4Q2TG4Q30B4Q52R4Q55G4Q5CB
823466,4Q2CR4Q2FG4Q2MB4Q2QR4Q2TG4Q30B4Q52R4Q55G4Q5CB
683862,4Q2EG4Q2JR4Q2LB4Q2SG4Q2XR4Q2ZB4Q54G4Q59R4Q5BB
1005641,4Q2EG4Q2JR4Q2LB4Q2SG4Q2XR4Q2ZB4Q54G4Q59R4Q5BB
683854,4Q2EG4Q2JR4Q2LB4Q2SG4Q2XR4Q2ZB4Q54G4Q59R4Q5BB
724117,4Q2EG4Q2JR4Q2LB4Q2SG4Q2XR4Q2ZB4Q54G4Q59R4Q5BB
862916,4Q2EG4Q2JR4Q2LB4Q2SG4Q2XR4Q2ZB4Q54G4Q59R4Q5BB
724115,4Q2EG4Q2JR4Q2LB4Q2SG4Q2XR4Q2ZB4Q54G4Q59R4Q5BB
724114,4Q2EG4Q2JR4Q2LB4Q2SG4Q2XR4Q2ZB4Q54G4Q59R4Q5BB
720315,4Q2EG4Q2JR4Q2LB4Q2SG4Q2XR4Q2ZB4Q54G4Q59R4Q5BB
1022666,4Q2EG4Q2JR4Q2LB4Q2SG4Q2XR4Q2ZB4Q54G4Q59R4Q5BB
683865,4Q2EG4Q2JR4Q2LB4Q2SG4Q2XR4Q2ZB4Q54G4Q59R4Q5BB
823446,4Q2EG4Q2JR4Q2LB4Q2SG4Q2XR4Q2ZB4Q54G4Q59R4Q5BB
683863,4Q2EG4Q2JR4Q2LB4Q2SG4Q2XR4Q2ZB4Q54G4Q59R4Q5BB
1094428,4Q2GB4Q2NG4Q2UB4Q31G4Q56B4Q5DG4Q5KB4Q5RG4Q7VB
1094408,4Q2GB4Q2NG4Q2UB4Q31G4Q56B4Q5DG4Q5KB4Q5RG4Q7VB
1094423,4Q2GB4Q2NG4Q2UB4Q31G4Q56B4Q5DG4Q5KB4Q5RG4Q7VB
1094440,4Q2GB4Q2NG4Q2UB4Q31G4Q56B4Q5DG4Q5KB4Q5RG4Q7VB
1094439,4Q2GB4Q2NG4Q2UB4Q31G4Q56B4Q5DG4Q5KB4Q5RG4Q7VB
1094422,4Q2GB4Q2NG4Q2UB4Q31G4Q56B4Q5DG4Q5KB4Q5RG4Q7VB
1094421,4Q2GB4Q2NG4Q2UB4Q31G4Q56B4Q5DG4Q5KB4Q5RG4Q7VB
1094438,4Q2GB4Q2NG4Q2UB4Q31G4Q56B4Q5DG4Q5KB4Q5RG4Q7VB
1094437,4Q2GB4Q2NG4Q2UB4Q31G4Q56B4Q5DG4Q5KB4Q5RG4Q7VB
1094427,4Q2GB4Q2NG4Q2UB4Q31G4Q56B4Q5DG4Q5KB4Q5RG4Q7VB
1094405,4Q2GB4Q2NG4Q2UB4Q31G4Q56B4Q5DG4Q5KB4Q5RG4Q7VB
1094444,4Q2GB4Q2NG4Q2UB4Q31G4Q56B4Q5DG4Q5KB4Q5RG4Q7VB
1094406,4Q2GB4Q2NG4Q2UB4Q31G4Q56B4Q5DG4Q5KB4Q5RG4Q7VB
1094443,4Q2GB4Q2NG4Q2UB4Q31G4Q56B4Q5DG4Q5KB4Q5RG4Q7VB
1094407,4Q2GB4Q2NG4Q2UB4Q31G4Q56B4Q5DG4Q5KB4Q5RG4Q7VB
1094426,4Q2GB4Q2NG4Q2UB4Q31G4Q56B4Q5DG4Q5KB4Q5RG4Q7VB
1094425,4Q2GB4Q2NG4Q2UB4Q31G4Q56B4Q5DG4Q5KB4Q5RG4Q7VB
1094442,4Q2GB4Q2NG4Q2UB4Q31G4Q56B4Q5DG4Q5KB4Q5RG4Q7VB
1094441,4Q2GB4Q2NG4Q2UB4Q31G4Q56B4Q5DG4Q5KB4Q5RG4Q7VB
1094424,4Q2GB4Q2NG4Q2UB4Q31G4Q56B4Q5DG4Q5KB4Q5RG4Q7VB
751640,4Q2AG4Q2HB4Q2OG4Q2VB4Q32G4Q57B4Q5EG4Q5LB4Q5SG
1097265,4Q2HB4Q2VB4Q57B4Q5LB4Q7WB4Q8AB
1097266,4Q2HB4Q2VB4Q57B4Q5LB4Q7WB4Q8AB
746678,4Q2AG4Q2AR4Q2HB4Q2OG4Q2OR4Q2VB4Q32G4Q32R4Q57B
995490,4Q2AG4Q2HB4Q2OG4Q2VB4Q32G4Q57B4Q5EG4Q5LB4Q5SG
828152,4Q2AG4Q2AR4Q2HB4Q2OG4Q2OR4Q2VB4Q32G4Q32R4Q57B
792927,4Q2AG4Q2HB4Q2OG4Q2VB4Q32G4Q57B4Q5EG4Q5LB4Q5SG
792925,4Q2AG4Q2AR4Q2HB4Q2OG4Q2OR4Q2VB4Q32G4Q32R4Q57B
1017750,4Q2AG4Q2AR4Q2HB4Q2OG4Q2OR4Q2VB4Q32G4Q32R4Q57B
792930,4Q2AG4Q2HB4Q2OG4Q2VB4Q32G4Q57B4Q5EG4Q5LB4Q5SG
660795,4Q2HB4Q2VB4Q57B4Q5LB4Q7WB4Q8AB
792932,4Q2AG4Q2HB4Q2OG4Q2VB4Q32G4Q57B4Q5EG4Q5LB4Q5SG
792949,4Q2AG4Q2AR4Q2HB4Q2OG4Q2OR4Q2VB4Q32G4Q32R4Q57B
792946,4Q2AG4Q2AR4Q2HB4Q2OG4Q2OR4Q2VB4Q32G4Q32R4Q57B
792936,4Q2AG4Q2HB4Q2OG4Q2VB4Q32G4Q57B4Q5EG4Q5LB4Q5SG
736642,4Q2AG4Q2AR4Q2HB4Q2OG4Q2OR4Q2VB4Q32G4Q32R4Q57B
795809,4Q2AG4Q2AR4Q2HB4Q2OG4Q2OR4Q2VB4Q32G4Q32R4Q57B
792942,4Q2AG4Q2AR4Q2HB4Q2OG4Q2OR4Q2VB4Q32G4Q32R4Q57B
792556,4Q2AG4Q2AR4Q2HB4Q2OG4Q2OR4Q2VB4Q32G4Q32R4Q57B
751668,4Q2AG4Q2HB4Q2OG4Q2VB4Q32G4Q57B4Q5EG4Q5LB4Q5SG
897546,4Q2AG4Q2HB4Q2OG4Q2VB4Q32G4Q57B4Q5EG4Q5LB4Q5SG
792554,4Q2AG4Q2AR4Q2HB4Q2OG4Q2OR4Q2VB4Q32G4Q32R4Q57B
795802,4Q2AG4Q2HB4Q2OG4Q2VB4Q32G4Q57B4Q5EG4Q5LB4Q5SG
795807,4Q2AG4Q2AR4Q2HB4Q2OG4Q2OR4Q2VB4Q32G4Q32R4Q57B
792917,4Q2AG4Q2AR4Q2HB4Q2OG4Q2OR4Q2VB4Q32G4Q32R4Q57B
796646,4Q2AG4Q2HB4Q2OG4Q2VB4Q32G4Q57B4Q5EG4Q5LB4Q5SG
828153,4Q2AG4Q2HB4Q2OG4Q2VB4Q32G4Q57B4Q5EG4Q5LB4Q5SG
751636,4Q2AG4Q2HB4Q2OG4Q2VB4Q32G4Q57B4Q5EG4Q5LB4Q5SG
744655,4Q2AG4Q2HB4Q2OG4Q2VB4Q32G4Q57B4Q5EG4Q5LB4Q5SG
1013414,4Q2GB4Q2GB4Q2NG4Q2NG4Q2UB4Q2UB4Q31G4Q31G4Q56B
873453,4Q2GB4Q2GB4Q2NG4Q2UB4Q2UB4Q31G4Q56B4Q56B4Q5DG
1045568,4Q2GB4Q2GB4Q2NG4Q2NG4Q2UB4Q2UB4Q31G4Q31G4Q56B
1032787,4Q2GB4Q2GB4Q2NG4Q2UB4Q2UB4Q31G4Q56B4Q56B4Q5DG
884838,4Q2GB4Q2NG4Q2UB4Q31G4Q56B4Q5DG4Q5KB4Q5RG4Q7VB
1045569,4Q2GB4Q2GB4Q2NG4Q2NG4Q2UB4Q2UB4Q31G4Q31G4Q56B
921368,4Q2GB4Q2GB4Q2NG4Q2UB4Q2UB4Q31G4Q56B4Q56B4Q5DG
1045570,4Q2GB4Q2GB4Q2NG4Q2NG4Q2UB4Q2UB4Q31G4Q31G4Q56B
921376,4Q2GB4Q2GB4Q2NG4Q2UB4Q2UB4Q31G4Q56B4Q56B4Q5DG
883455,4Q2GB4Q2NG4Q2UB4Q31G4Q56B4Q5DG4Q5KB4Q5RG4Q7VB
1045571,4Q2GB4Q2GB4Q2NG4Q2NG4Q2UB4Q2UB4Q31G4Q31G4Q56B
709163,4Q2GB4Q2GB4Q2NG4Q2UB4Q2UB4Q31G4Q56B4Q56B4Q5DG
882006,4Q2GB4Q2NG4Q2UB4Q31G4Q56B4Q5DG4Q5KB4Q5RG4Q7VB
709167,4Q2GB4Q2GB4Q2NG4Q2UB4Q2UB4Q31G4Q56B4Q56B4Q5DG
709172,4Q2GB4Q2GB4Q2NG4Q2UB4Q2UB4Q31G4Q56B4Q56B4Q5DG
662934,4Q2GB4Q2NG4Q2UB4Q31G4Q56B4Q5DG4Q5KB4Q5RG4Q7VB
709175,4Q2GB4Q2GB4Q2NG4Q2UB4Q2UB4Q31G4Q56B4Q56B4Q5DG
1037227,4Q2GB4Q2GB4Q2NG4Q2UB4Q2UB4Q31G4Q56B4Q56B4Q5DG
709177,4Q2GB4Q2GB4Q2NG4Q2UB4Q2UB4Q31G4Q56B4Q56B4Q5DG
1045561,4Q2GB4Q2GB4Q2NG4Q2NG4Q2UB4Q2UB4Q31G4Q31G4Q56B
873464,4Q2GB4Q2GB4Q2NG4Q2UB4Q2UB4Q31G4Q56B4Q56B4Q5DG
993260,4Q2GB4Q2GB4Q2NG4Q2UB4Q2UB4Q31G4Q56B4Q56B4Q5DG
709179,4Q2GB4Q2GB4Q2NG4Q2UB4Q2UB4Q31G4Q56B4Q56B4Q5DG
709180,4Q2GB4Q2GB4Q2NG4Q2UB4Q2UB4Q31G4Q56B4Q56B4Q5DG
709181,4Q2GB4Q2GB4Q2NG4Q2UB4Q2UB4Q31G4Q56B4Q56B4Q5DG
709185,4Q2GB4Q2GB4Q2NG4Q2UB4Q2UB4Q31G4Q56B4Q56B4Q5DG
709187,4Q2GB4Q2GB4Q2NG4Q2UB4Q2UB4Q31G4Q56B4Q56B4Q5DG
734729,4Q2GB4Q2GB4Q2NG4Q2UB4Q2UB4Q31G4Q56B4Q56B4Q5DG
709188,4Q2GB4Q2GB4Q2NG4Q2UB4Q2UB4Q31G4Q56B4Q56B4Q5DG
709189,4Q2GB4Q2GB4Q2NG4Q2UB4Q2UB4Q31G4Q56B4Q56B4Q5DG
788078,4Q2GB4Q2GB4Q2NG4Q2UB4Q2UB4Q31G4Q56B4Q56B4Q5DG
841241,4Q2GB4Q2NG4Q2UB4Q31G4Q56B4Q5DG4Q5KB4Q5RG4Q7VB
1045562,4Q2GB4Q2GB4Q2NG4Q2NG4Q2UB4Q2UB4Q31G4Q31G4Q56B
873490,4Q2GB4Q2GB4Q2NG4Q2UB4Q2UB4Q31G4Q56B4Q56B4Q5DG
789702,4Q2GB4Q2GB4Q2NG4Q2UB4Q2UB4Q31G4Q56B4Q56B4Q5DG
709191,4Q2GB4Q2GB4Q2NG4Q2UB4Q2UB4Q31G4Q56B4Q56B4Q5DG
709192,4Q2GB4Q2GB4Q2NG4Q2UB4Q2UB4Q31G4Q56B4Q56B4Q5DG
1037228,4Q2GB4Q2GB4Q2NG4Q2UB4Q2UB4Q31G4Q56B4Q56B4Q5DG
709513,4Q2GB4Q2GB4Q2NG4Q2UB4Q2UB4Q31G4Q56B4Q56B4Q5DG
734732,4Q2GB4Q2GB4Q2NG4Q2UB4Q2UB4Q31G4Q56B4Q56B4Q5DG
790029,4Q2GB4Q2GB4Q2NG4Q2UB4Q2UB4Q31G4Q56B4Q56B4Q5DG
734733,4Q2GB4Q2GB4Q2NG4Q2UB4Q2UB4Q31G4Q56B4Q56B4Q5DG
1044052,4Q2GB4Q2GB4Q2NG4Q2UB4Q2UB4Q31G4Q56B4Q56B4Q5DG
1037230,4Q2GB4Q2GB4Q2NG4Q2UB4Q2UB4Q31G4Q56B4Q56B4Q5DG
909372,4Q2GB4Q2GB4Q2NG4Q2NG4Q2UB4Q2UB4Q31G4Q31G4Q56B
873493,4Q2GB4Q2GB4Q2NG4Q2UB4Q2UB4Q31G4Q56B4Q56B4Q5DG
709533,4Q2GB4Q2GB4Q2NG4Q2UB4Q2UB4Q31G4Q56B4Q56B4Q5DG
993440,4Q2GB4Q2GB4Q2NG4Q2UB4Q2UB4Q31G4Q56B4Q56B4Q5DG
709536,4Q2GB4Q2GB4Q2NG4Q2UB4Q2UB4Q31G4Q56B4Q56B4Q5DG
753215,4Q2GB4Q2GB4Q2NG4Q2UB4Q2UB4Q31G4Q56B4Q56B4Q5DG
753216,4Q2GB4Q2GB4Q2NG4Q2UB4Q2UB4Q31G4Q56B4Q56B4Q5DG
753219,4Q2GB4Q2GB4Q2NG4Q2UB4Q2UB4Q31G4Q56B4Q56B4Q5DG
753221,4Q2GB4Q2GB4Q2NG4Q2UB4Q2UB4Q31G4Q56B4Q56B4Q5DG
753223,4Q2GB4Q2GB4Q2NG4Q2UB4Q2UB4Q31G4Q56B4Q56B4Q5DG
993441,4Q2GB4Q2GB4Q2NG4Q2UB4Q2UB4Q31G4Q56B4Q56B4Q5DG
746813,4Q2GB4Q2GB4Q2NG4Q2UB4Q2UB4Q31G4Q56B4Q56B4Q5DG
880267,4Q2GB4Q2NG4Q2UB4Q31G4Q56B4Q5DG4Q5KB4Q5RG4Q7VB
1045563,4Q2GB4Q2GB4Q2NG4Q2NG4Q2UB4Q2UB4Q31G4Q31G4Q56B
873498,4Q2GB4Q2GB4Q2NG4Q2UB4Q2UB4Q31G4Q56B4Q56B4Q5DG
746817,4Q2GB4Q2GB4Q2NG4Q2UB4Q2UB4Q31G4Q56B4Q56B4Q5DG
1046217,4Q2GB4Q2GB4Q2NG4Q2UB4Q2UB4Q31G4Q56B4Q56B4Q5DG
778313,4Q2GB4Q2GB4Q2NG4Q2UB4Q2UB4Q31G4Q56B4Q56B4Q5DG
706927,4Q2GB4Q2GB4Q2NG4Q2UB4Q2UB4Q31G4Q56B4Q56B4Q5DG
1041751,4Q2GB4Q2GB4Q2NG4Q2UB4Q2UB4Q31G4Q56B4Q56B4Q5DG
663144,4Q2GB4Q2GB4Q2NG4Q2UB4Q2UB4Q31G4Q56B4Q56B4Q5DG
706936,4Q2GB4Q2GB4Q2NG4Q2UB4Q2UB4Q31G4Q56B4Q56B4Q5DG
706939,4Q2GB4Q2GB4Q2NG4Q2UB4Q2UB4Q31G4Q56B4Q56B4Q5DG
707276,4Q2GB4Q2GB4Q2NG4Q2UB4Q2UB4Q31G4Q56B4Q56B4Q5DG
707278,4Q2GB4Q2GB4Q2NG4Q2UB4Q2UB4Q31G4Q56B4Q56B4Q5DG
1045564,4Q2GB4Q2GB4Q2NG4Q2NG4Q2UB4Q2UB4Q31G4Q31G4Q56B
923327,4Q2GB4Q2GB4Q2NG4Q2UB4Q2UB4Q31G4Q56B4Q56B4Q5DG
993442,4Q2GB4Q2GB4Q2NG4Q2UB4Q2UB4Q31G4Q56B4Q56B4Q5DG
707279,4Q2GB4Q2GB4Q2NG4Q2UB4Q2UB4Q31G4Q56B4Q56B4Q5DG
707281,4Q2GB4Q2GB4Q2NG4Q2UB4Q2UB4Q31G4Q56B4Q56B4Q5DG
707282,4Q2GB4Q2GB4Q2NG4Q2UB4Q2UB4Q31G4Q56B4Q56B4Q5DG
707284,4Q2GB4Q2GB4Q2NG4Q2UB4Q2UB4Q31G4Q56B4Q56B4Q5DG
707286,4Q2GB4Q2GB4Q2NG4Q2UB4Q2UB4Q31G4Q56B4Q56B4Q5DG
1041752,4Q2GB4Q2GB4Q2NG4Q2UB4Q2UB4Q31G4Q56B4Q56B4Q5DG
994362,4Q2GB4Q2GB4Q2NG4Q2UB4Q2UB4Q31G4Q56B4Q56B4Q5DG
663145,4Q2GB4Q2GB4Q2NG4Q2UB4Q2UB4Q31G4Q56B4Q56B4Q5DG
707289,4Q2GB4Q2GB4Q2NG4Q2UB4Q2UB4Q31G4Q56B4Q56B4Q5DG
884804,4Q2GB4Q2NG4Q2UB4Q31G4Q56B4Q5DG4Q5KB4Q5RG4Q7VB
1045565,4Q2GB4Q2GB4Q2NG4Q2NG4Q2UB4Q2UB4Q31G4Q31G4Q56B
923331,4Q2GB4Q2GB4Q2NG4Q2UB4Q2UB4Q31G4Q56B4Q56B4Q5DG
782746,4Q2GB4Q2GB4Q2NG4Q2UB4Q2UB4Q31G4Q56B4Q56B4Q5DG
707291,4Q2GB4Q2GB4Q2NG4Q2UB4Q2UB4Q31G4Q56B4Q56B4Q5DG
1011963,4Q2GB4Q2GB4Q2NG4Q2UB4Q2UB4Q31G4Q56B4Q56B4Q5DG
707293,4Q2GB4Q2GB4Q2NG4Q2UB4Q2UB4Q31G4Q56B4Q56B4Q5DG
707294,4Q2GB4Q2GB4Q2NG4Q2UB4Q2UB4Q31G4Q56B4Q56B4Q5DG
737385,4Q2GB4Q2GB4Q2NG4Q2UB4Q2UB4Q31G4Q56B4Q56B4Q5DG
1041753,4Q2GB4Q2GB4Q2NG4Q2UB4Q2UB4Q31G4Q56B4Q56B4Q5DG
994363,4Q2GB4Q2GB4Q2NG4Q2UB4Q2UB4Q31G4Q56B4Q56B4Q5DG
707321,4Q2GB4Q2GB4Q2NG4Q2UB4Q2UB4Q31G4Q56B4Q56B4Q5DG
1045566,4Q2GB4Q2GB4Q2NG4Q2NG4Q2UB4Q2UB4Q31G4Q31G4Q56B
923336,4Q2GB4Q2GB4Q2NG4Q2UB4Q2UB4Q31G4Q56B4Q56B4Q5DG
884795,4Q2GB4Q2NG4Q2UB4Q31G4Q56B4Q5DG4Q5KB4Q5RG4Q7VB
1045567,4Q2GB4Q2GB4Q2NG4Q2NG4Q2UB4Q2UB4Q31G4Q31G4Q56B
921358,4Q2GB4Q2GB4Q2NG4Q2UB4Q2UB4Q31G4Q56B4Q56B4Q5DG
706614,4Q2DB4Q2KG4Q2RB4Q2YG4Q53B4Q5AG4Q5HB4Q5OG4Q5VB
707907,4Q2DB4Q2KG4Q2RB4Q2YG4Q53B4Q5AG4Q5HB4Q5OG4Q5VB
668802,4Q2DB4Q2KG4Q2RB4Q2YG4Q53B4Q5AG4Q5HB4Q5OG4Q5VB
668812,4Q2DB4Q2KG4Q2RB4Q2YG4Q53B4Q5AG4Q5HB4Q5OG4Q5VB
998521,4Q2DB4Q2KG4Q2RB4Q2YG4Q53B4Q5AG4Q5HB4Q5OG4Q5VB
706578,4Q2DB4Q2KG4Q2RB4Q2YG4Q53B4Q5AG4Q5HB4Q5OG4Q5VB
700816,4Q2DB4Q2KG4Q2RB4Q2YG4Q53B4Q5AG4Q5HB4Q5OG4Q5VB
734686,4Q2DB4Q2KG4Q2RB4Q2YG4Q53B4Q5AG4Q5HB4Q5OG4Q5VB
668854,4Q2DB4Q2KG4Q2RB4Q2YG4Q53B4Q5AG4Q5HB4Q5OG4Q5VB
668840,4Q2DB4Q2KG4Q2RB4Q2YG4Q53B4Q5AG4Q5HB4Q5OG4Q5VB
706992,4Q2DB4Q2KG4Q2RB4Q2YG4Q53B4Q5AG4Q5HB4Q5OG4Q5VB
669202,4Q2DB4Q2KG4Q2RB4Q2YG4Q53B4Q5AG4Q5HB4Q5OG4Q5VB
668876,4Q2DB4Q2KG4Q2RB4Q2YG4Q53B4Q5AG4Q5HB4Q5OG4Q5VB
708038,4Q2DB4Q2KG4Q2RB4Q2YG4Q53B4Q5AG4Q5HB4Q5OG4Q5VB
753177,4Q2FG4Q2MB4Q2TG4Q30B4Q55G4Q5CB4Q5JG4Q5QB4Q7UG
950311,4Q2FG4Q2MB4Q2TG4Q30B4Q55G4Q5CB4Q5JG4Q5QB4Q7UG
744238,4Q2FG4Q2MB4Q2TG4Q30B4Q55G4Q5CB4Q5JG4Q5QB4Q7UG
753176,4Q2FG4Q2MB4Q2TG4Q30B4Q55G4Q5CB4Q5JG4Q5QB4Q7UG
1135835,4Q2FG4Q2MB4Q2TG4Q30B4Q55G4Q5CB4Q5JG4Q5QB4Q7UG
1135836,4Q2FG4Q2MB4Q2TG4Q30B4Q55G4Q5CB4Q5JG4Q5QB4Q7UG
753184,4Q2FG4Q2MB4Q2TG4Q30B4Q55G4Q5CB4Q5JG4Q5QB4Q7UG
826488,4Q2FG4Q2MB4Q2TG4Q30B4Q55G4Q5CB4Q5JG4Q5QB4Q7UG
1024276,4Q2FG4Q2MB4Q2TG4Q30B4Q55G4Q5CB4Q5JG4Q5QB4Q7UG
1001217,4Q2FG4Q2MB4Q2TG4Q30B4Q55G4Q5CB4Q5JG4Q5QB4Q7UG
1041291,4Q2FG4Q2MB4Q2TG4Q30B4Q55G4Q5CB4Q5JG4Q5QB4Q7UG
1001430,4Q2FG4Q2MB4Q2TG4Q30B4Q55G4Q5CB4Q5JG4Q5QB4Q7UG
897547,4Q2CB4Q2JB4Q2QB4Q2XB4Q52B4Q59B4Q5GB4Q5NB4Q5UB
700362,4Q2CB4Q2JB4Q2QB4Q2XB4Q52B4Q59B4Q5GB4Q5NB4Q5UB
897552,4Q2CB4Q2JB4Q2QB4Q2XB4Q52B4Q59B4Q5GB4Q5NB4Q5UB
900273,4Q2CB4Q2JB4Q2QB4Q2XB4Q52B4Q59B4Q5GB4Q5NB4Q5UB
897548,4Q2CB4Q2JB4Q2QB4Q2XB4Q52B4Q59B4Q5GB4Q5NB4Q5UB
897549,4Q2CB4Q2JB4Q2QB4Q2XB4Q52B4Q59B4Q5GB4Q5NB4Q5UB
897550,4Q2CB4Q2JB4Q2QB4Q2XB4Q52B4Q59B4Q5GB4Q5NB4Q5UB
897551,4Q2CB4Q2JB4Q2QB4Q2XB4Q52B4Q59B4Q5GB4Q5NB4Q5UB
900274,4Q2CB4Q2JB4Q2QB4Q2XB4Q52B4Q59B4Q5GB4Q5NB4Q5UB
1048947,4Q2CB4Q2JB4Q2QB4Q2XB4Q52B4Q59B4Q5GB4Q5NB4Q5UB
991972,4Q2CB4Q2JB4Q2QB4Q2XB4Q52B4Q59B4Q5GB4Q5NB4Q5UB
1097428,4Q2DB4Q2KG4Q2RB4Q2YG4Q53B4Q5AG4Q5HB4Q5OG4Q5VB
1055037,4Q2CR4Q2DB4Q2KG4Q2QR4Q2RB4Q2YG4Q52R4Q53B4Q5AG
1055051,4Q2DB4Q2KG4Q2RB4Q2YG4Q53B4Q5AG4Q5HB4Q5OG4Q5VB
1055050,4Q2DB4Q2KG4Q2RB4Q2YG4Q53B4Q5AG4Q5HB4Q5OG4Q5VB
1055038,4Q2CR4Q2DB4Q2KG4Q2QR4Q2RB4Q2YG4Q52R4Q53B4Q5AG
1055049,4Q2DB4Q2KG4Q2RB4Q2YG4Q53B4Q5AG4Q5HB4Q5OG4Q5VB
1055039,4Q2CR4Q2DB4Q2KG4Q2QR4Q2RB4Q2YG4Q52R4Q53B4Q5AG
1055048,4Q2DB4Q2KG4Q2RB4Q2YG4Q53B4Q5AG4Q5HB4Q5OG4Q5VB
1055040,4Q2CR4Q2DB4Q2KG4Q2QR4Q2RB4Q2YG4Q52R4Q53B4Q5AG
1055064,4Q2CR4Q2DB4Q2KG4Q2QR4Q2RB4Q2YG4Q52R4Q53B4Q5AG
1055047,4Q2CR4Q2DB4Q2KG4Q2QR4Q2RB4Q2YG4Q52R4Q53B4Q5AG
1055041,4Q2CR4Q2DB4Q2KG4Q2QR4Q2RB4Q2YG4Q52R4Q53B4Q5AG
1055056,4Q2DB4Q2KG4Q2RB4Q2YG4Q53B4Q5AG4Q5HB4Q5OG4Q5VB
1055042,4Q2CR4Q2DB4Q2KG4Q2QR4Q2RB4Q2YG4Q52R4Q53B4Q5AG
1055055,4Q2DB4Q2KG4Q2RB4Q2YG4Q53B4Q5AG4Q5HB4Q5OG4Q5VB
1055043,4Q2DB4Q2KG4Q2RB4Q2YG4Q53B4Q5AG4Q5HB4Q5OG4Q5VB
1055044,4Q2CR4Q2DB4Q2KG4Q2QR4Q2RB4Q2YG4Q52R4Q53B4Q5AG
1055045,4Q2DB4Q2KG4Q2RB4Q2YG4Q53B4Q5AG4Q5HB4Q5OG4Q5VB
1055052,4Q2DB4Q2KG4Q2RB4Q2YG4Q53B4Q5AG4Q5HB4Q5OG4Q5VB
1055046,4Q2CR4Q2DB4Q2KG4Q2QR4Q2RB4Q2YG4Q52R4Q53B4Q5AG
1055032,4Q2CR4Q2DB4Q2KG4Q2QR4Q2RB4Q2YG4Q52R4Q53B4Q5AG
1055053,4Q2DB4Q2KG4Q2RB4Q2YG4Q53B4Q5AG4Q5HB4Q5OG4Q5VB
1055033,4Q2CR4Q2DB4Q2KG4Q2QR4Q2RB4Q2YG4Q52R4Q53B4Q5AG
1055054,4Q2DB4Q2KG4Q2RB4Q2YG4Q53B4Q5AG4Q5HB4Q5OG4Q5VB
1055034,4Q2DB4Q2KG4Q2RB4Q2YG4Q53B4Q5AG4Q5HB4Q5OG4Q5VB
1055057,4Q2DB4Q2KG4Q2RB4Q2YG4Q53B4Q5AG4Q5HB4Q5OG4Q5VB
1055036,4Q2CR4Q2DB4Q2KG4Q2QR4Q2RB4Q2YG4Q52R4Q53B4Q5AG
823329,4Q2FB4Q2MG4Q2TB4Q30G4Q55B4Q5CG4Q5JB4Q5QG4Q7UB
884247,4Q2FB4Q2HR4Q2MG4Q2TB4Q2VR4Q30G4Q55B4Q57R4Q5CG
823327,4Q2FB4Q2HR4Q2MG4Q2TB4Q2VR4Q30G4Q55B4Q57R4Q5CG
884245,4Q2FB4Q2MG4Q2TB4Q30G4Q55B4Q5CG4Q5JB4Q5QG4Q7UB
874869,4Q2AB4Q2AR4Q2HG4Q2OB4Q2OR4Q2VG4Q32B4Q32R4Q57G
874866,4Q2AB4Q2AR4Q2HG4Q2OB4Q2OR4Q2VG4Q32B4Q32R4Q57G
741647,4Q2AB4Q2AR4Q2HG4Q2OB4Q2OR4Q2VG4Q32B4Q32R4Q57G
874858,4Q2AB4Q2AR4Q2HG4Q2OB4Q2OR4Q2VG4Q32B4Q32R4Q57G
829792,4Q2AB4Q2AR4Q2HG4Q2OB4Q2OR4Q2VG4Q32B4Q32R4Q57G
783223,4Q2AB4Q2AR4Q2HG4Q2OB4Q2OR4Q2VG4Q32B4Q32R4Q57G
875237,4Q2AB4Q2AR4Q2HG4Q2OB4Q2OR4Q2VG4Q32B4Q32R4Q57G
1011595,4Q2AB4Q2AR4Q2HG4Q2OB4Q2OR4Q2VG4Q32B4Q32R4Q57G
900275,4Q2AB4Q2HG4Q2OB4Q2VG4Q32B4Q57G4Q5EB4Q5LG4Q5SB
992202,4Q2AB4Q2HG4Q2OB4Q2VG4Q32B4Q57G4Q5EB4Q5LG4Q5SB
897557,4Q2AB4Q2AR4Q2HG4Q2OB4Q2OR4Q2VG4Q32B4Q32R4Q57G
897553,4Q2AB4Q2HG4Q2OB4Q2VG4Q32B4Q57G4Q5EB4Q5LG4Q5SB
900276,4Q2AB4Q2HG4Q2OB4Q2VG4Q32B4Q57G4Q5EB4Q5LG4Q5SB
897558,4Q2AB4Q2HG4Q2OB4Q2VG4Q32B4Q57G4Q5EB4Q5LG4Q5SB
665026,4Q2AB4Q2HG4Q2OB4Q2VG4Q32B4Q57G4Q5EB4Q5LG4Q5SB
897555,4Q2AB4Q2AB4Q2HG4Q2OB4Q2OB4Q2VG4Q32B4Q32B4Q57G
900277,4Q2AB4Q2HG4Q2OB4Q2VG4Q32B4Q57G4Q5EB4Q5LG4Q5SB
897554,4Q2AB4Q2HG4Q2OB4Q2VG4Q32B4Q57G4Q5EB4Q5LG4Q5SB
897556,4Q2AB4Q2HG4Q2OB4Q2VG4Q32B4Q57G4Q5EB4Q5LG4Q5SB
900278,4Q2AB4Q2HG4Q2OB4Q2VG4Q32B4Q57G4Q5EB4Q5LG4Q5SB
873247,4Q2EB4Q2EG4Q2GR4Q2LB4Q2SB4Q2SG4Q2UR4Q2ZB4Q54B
873250,4Q2EG4Q2GR4Q2LB4Q2SG4Q2UR4Q2ZB4Q54G4Q56R4Q5BB
873252,4Q2EB4Q2EG4Q2GR4Q2LB4Q2SB4Q2SG4Q2UR4Q2ZB4Q54B
873246,4Q2EG4Q2GR4Q2LB4Q2SG4Q2UR4Q2ZB4Q54G4Q56R4Q5BB
1043460,4Q2EB4Q2EG4Q2GR4Q2LB4Q2SB4Q2SG4Q2UR4Q2ZB4Q54B
781275,4Q2EB4Q2EG4Q2LB4Q2SB4Q2SG4Q2ZB4Q54B4Q54G4Q5BB
873237,4Q2EB4Q2EG4Q2GR4Q2LB4Q2SB4Q2SG4Q2UR4Q2ZB4Q54B
873297,4Q2EG4Q2GR4Q2LB4Q2SG4Q2UR4Q2ZB4Q54G4Q56R4Q5BB
873231,4Q2EB4Q2EG4Q2GR4Q2LB4Q2SB4Q2SG4Q2UR4Q2ZB4Q54B
781273,4Q2EB4Q2EG4Q2LB4Q2SB4Q2SG4Q2ZB4Q54B4Q54G4Q5BB
836511,4Q2EB4Q2EG4Q2LB4Q2SB4Q2SG4Q2ZB4Q54B4Q54G4Q5BB
925074,4Q2EG4Q2GR4Q2LB4Q2SG4Q2UR4Q2ZB4Q54G4Q56R4Q5BB
780663,4Q2EG4Q2GR4Q2LB4Q2SG4Q2UR4Q2ZB4Q54G4Q56R4Q5BB
872877,4Q2EB4Q2EG4Q2LB4Q2SB4Q2SG4Q2ZB4Q54B4Q54G4Q5BB
1043458,4Q2EG4Q2GR4Q2LB4Q2SG4Q2UR4Q2ZB4Q54G4Q56R4Q5BB
875412,4Q2EG4Q2GR4Q2LB4Q2SG4Q2UR4Q2ZB4Q54G4Q56R4Q5BB
875409,4Q2EG4Q2GR4Q2LB4Q2SG4Q2UR4Q2ZB4Q54G4Q56R4Q5BB
925089,4Q2EG4Q2LB4Q2SG4Q2ZB4Q54G4Q5BB4Q5IG4Q5PB4Q7TG
873068,4Q2EG4Q2GR4Q2LB4Q2SG4Q2UR4Q2ZB4Q54G4Q56R4Q5BB
873224,4Q2EG4Q2GR4Q2LB4Q2SG4Q2UR4Q2ZB4Q54G4Q56R4Q5BB
877283,4Q2EB4Q2EG4Q2LB4Q2SB4Q2SG4Q2ZB4Q54B4Q54G4Q5BB
877285,4Q2EG4Q2LB4Q2SG4Q2ZB4Q54G4Q5BB4Q5IG4Q5PB4Q7TG
877280,4Q2EB4Q2EG4Q2GR4Q2LB4Q2SB4Q2SG4Q2UR4Q2ZB4Q54B
877291,4Q2EG4Q2GR4Q2LB4Q2SG4Q2UR4Q2ZB4Q54G4Q56R4Q5BB
877293,4Q2EB4Q2EG4Q2GR4Q2LB4Q2SB4Q2SG4Q2UR4Q2ZB4Q54B
877281,4Q2EG4Q2GR4Q2LB4Q2SG4Q2UR4Q2ZB4Q54G4Q56R4Q5BB
778020,4Q2EG4Q2GR4Q2LB4Q2SG4Q2UR4Q2ZB4Q54G4Q56R4Q5BB
783552,4Q2AB4Q2AR4Q2HG4Q2OB4Q2OR4Q2VG4Q32B4Q32R4Q57G
924142,4Q2AB4Q2AR4Q2HG4Q2OB4Q2OR4Q2VG4Q32B4Q32R4Q57G
965022,4Q2AB4Q2AR4Q2HG4Q2OB4Q2OR4Q2VG4Q32B4Q32R4Q57G
966315,4Q2AB4Q2AR4Q2HG4Q2OB4Q2OR4Q2VG4Q32B4Q32R4Q57G
923733,4Q2AB4Q2AR4Q2HG4Q2OB4Q2OR4Q2VG4Q32B4Q32R4Q57G
923739,4Q2AB4Q2AR4Q2HG4Q2OB4Q2OR4Q2VG4Q32B4Q32R4Q57G
923743,4Q2AB4Q2AR4Q2HG4Q2OB4Q2OR4Q2VG4Q32B4Q32R4Q57G
874880,4Q2AB4Q2AR4Q2HG4Q2OB4Q2OR4Q2VG4Q32B4Q32R4Q57G
776686,4Q2AB4Q2AR4Q2HG4Q2OB4Q2OR4Q2VG4Q32B4Q32R4Q57G
783221,4Q2AB4Q2AR4Q2HG4Q2OB4Q2OR4Q2VG4Q32B4Q32R4Q57G
874879,4Q2AB4Q2AR4Q2HG4Q2OB4Q2OR4Q2VG4Q32B4Q32R4Q57G
923780,4Q2AB4Q2AR4Q2HG4Q2OB4Q2OR4Q2VG4Q32B4Q32R4Q57G
923784,4Q2AB4Q2AR4Q2HG4Q2OB4Q2OR4Q2VG4Q32B4Q32R4Q57G
965018,4Q2AB4Q2AR4Q2HG4Q2OB4Q2OR4Q2VG4Q32B4Q32R4Q57G
923767,4Q2AB4Q2AR4Q2HG4Q2OB4Q2OR4Q2VG4Q32B4Q32R4Q57G
923777,4Q2AB4Q2AR4Q2HG4Q2OB4Q2OR4Q2VG4Q32B4Q32R4Q57G
824585,4Q2AB4Q2HG4Q2OB4Q2VG4Q32B4Q57G4Q5EB4Q5LG4Q5SB
923746,4Q2AB4Q2AR4Q2HG4Q2OB4Q2OR4Q2VG4Q32B4Q32R4Q57G
824586,4Q2AB4Q2AR4Q2HG4Q2OB4Q2OR4Q2VG4Q32B4Q32R4Q57G
923744,4Q2AB4Q2AR4Q2HG4Q2OB4Q2OR4Q2VG4Q32B4Q32R4Q57G
783547,4Q2AB4Q2AR4Q2HG4Q2OB4Q2OR4Q2VG4Q32B4Q32R4Q57G
824582,4Q2AB4Q2AR4Q2HG4Q2OB4Q2OR4Q2VG4Q32B4Q32R4Q57G
875256,4Q2AB4Q2AR4Q2HG4Q2OB4Q2OR4Q2VG4Q32B4Q32R4Q57G
824587,4Q2AB4Q2AR4Q2HG4Q2OB4Q2OR4Q2VG4Q32B4Q32R4Q57G
783549,4Q2AB4Q2AR4Q2HG4Q2OB4Q2OR4Q2VG4Q32B4Q32R4Q57G
800658,4Q2AB4Q2AR4Q2HG4Q2OB4Q2OR4Q2VG4Q32B4Q32R4Q57G
923764,4Q2AB4Q2AR4Q2HG4Q2OB4Q2OR4Q2VG4Q32B4Q32R4Q57G
800657,4Q2AB4Q2AR4Q2HG4Q2OB4Q2OR4Q2VG4Q32B4Q32R4Q57G
663741,4Q2AB4Q2AR4Q2HG4Q2OB4Q2OR4Q2VG4Q32B4Q32R4Q57G
779767,4Q2AB4Q2AR4Q2HG4Q2OB4Q2OR4Q2VG4Q32B4Q32R4Q57G
779769,4Q2AB4Q2AR4Q2HG4Q2OB4Q2OR4Q2VG4Q32B4Q32R4Q57G
741679,4Q2AB4Q2AR4Q2HG4Q2OB4Q2OR4Q2VG4Q32B4Q32R4Q57G
925292,4Q2AB4Q2HG4Q2OB4Q2VG4Q32B4Q57G4Q5EB4Q5LG4Q5SB
925284,4Q2AB4Q2AR4Q2HG4Q2OB4Q2OR4Q2VG4Q32B4Q32R4Q57G
990023,4Q2AB4Q2AR4Q2HG4Q2OB4Q2OR4Q2VG4Q32B4Q32R4Q57G
925312,4Q2AB4Q2AR4Q2HG4Q2OB4Q2OR4Q2VG4Q32B4Q32R4Q57G
923779,4Q2AB4Q2AR4Q2HG4Q2OB4Q2OR4Q2VG4Q32B4Q32R4Q57G
779447,4Q2AB4Q2HG4Q2OB4Q2VG4Q32B4Q57G4Q5EB4Q5LG4Q5SB
925329,4Q2AB4Q2AB4Q2HG4Q2OB4Q2OB4Q2VG4Q32B4Q32B4Q57G
779441,4Q2AB4Q2HG4Q2OB4Q2VG4Q32B4Q57G4Q5EB4Q5LG4Q5SB
925317,4Q2AB4Q2AR4Q2HG4Q2OB4Q2OR4Q2VG4Q32B4Q32R4Q57G
990027,4Q2AB4Q2AR4Q2HG4Q2OB4Q2OR4Q2VG4Q32B4Q32R4Q57G
925677,4Q2AB4Q2AR4Q2HG4Q2OB4Q2OR4Q2VG4Q32B4Q32R4Q57G
925680,4Q2AB4Q2HG4Q2OB4Q2VG4Q32B4Q57G4Q5EB4Q5LG4Q5SB
925335,4Q2AB4Q2AR4Q2HG4Q2OB4Q2OR4Q2VG4Q32B4Q32R4Q57G
644212,4Q2EG4Q2ER4Q2LB4Q2SG4Q2SR4Q2ZB4Q54G4Q54R4Q5BB
645593,4Q2EG4Q2ER4Q2LB4Q2SG4Q2SR4Q2ZB4Q54G4Q54R4Q5BB
644222,4Q2EG4Q2ER4Q2LB4Q2SG4Q2SR4Q2ZB4Q54G4Q54R4Q5BB
644219,4Q2EG4Q2ER4Q2LB4Q2SG4Q2SR4Q2ZB4Q54G4Q54R4Q5BB
821402,4Q2EG4Q2ER4Q2LB4Q2SG4Q2SR4Q2ZB4Q54G4Q54R4Q5BB
821399,4Q2EG4Q2LB4Q2SG4Q2ZB4Q54G4Q5BB4Q5IG4Q5PB4Q7TG
644201,4Q2EG4Q2ER4Q2LB4Q2SG4Q2SR4Q2ZB4Q54G4Q54R4Q5BB
681930,4Q2EG4Q2ER4Q2LB4Q2SG4Q2SR4Q2ZB4Q54G4Q54R4Q5BB
907171,4Q2EG4Q2ER4Q2LB4Q2SG4Q2SR4Q2ZB4Q54G4Q54R4Q5BB
644250,4Q2EG4Q2ER4Q2LB4Q2SG4Q2SR4Q2ZB4Q54G4Q54R4Q5BB
644256,4Q2EG4Q2ER4Q2LB4Q2SG4Q2SR4Q2ZB4Q54G4Q54R4Q5BB
644198,4Q2EG4Q2ER4Q2LB4Q2SG4Q2SR4Q2ZB4Q54G4Q54R4Q5BB
1049239,4Q2EG4Q2ER4Q2LB4Q2SG4Q2SR4Q2ZB4Q54G4Q54R4Q5BB
645580,4Q2EG4Q2ER4Q2LB4Q2SG4Q2SR4Q2ZB4Q54G4Q54R4Q5BB
644247,4Q2EG4Q2ER4Q2LB4Q2SG4Q2SR4Q2ZB4Q54G4Q54R4Q5BB
644255,4Q2EG4Q2ER4Q2LB4Q2SG4Q2SR4Q2ZB4Q54G4Q54R4Q5BB
907170,4Q2EG4Q2ER4Q2LB4Q2SG4Q2SR4Q2ZB4Q54G4Q54R4Q5BB
644237,4Q2EG4Q2ER4Q2LB4Q2SG4Q2SR4Q2ZB4Q54G4Q54R4Q5BB
644210,4Q2EG4Q2LB4Q2SG4Q2ZB4Q54G4Q5BB4Q5IG4Q5PB4Q7TG
864177,4Q2EG4Q2ER4Q2LB4Q2SG4Q2SR4Q2ZB4Q54G4Q54R4Q5BB
645540,4Q2EG4Q2ER4Q2LB4Q2SG4Q2SR4Q2ZB4Q54G4Q54R4Q5BB
1027163,4Q2EG4Q2ER4Q2LB4Q2SG4Q2SR4Q2ZB4Q54G4Q54R4Q5BB
645546,4Q2EG4Q2ER4Q2LB4Q2SG4Q2SR4Q2ZB4Q54G4Q54R4Q5BB
645550,4Q2EG4Q2ER4Q2LB4Q2SG4Q2SR4Q2ZB4Q54G4Q54R4Q5BB
645525,4Q2EG4Q2ER4Q2LB4Q2SG4Q2SR4Q2ZB4Q54G4Q54R4Q5BB
821401,4Q2EG4Q2ER4Q2LB4Q2SG4Q2SR4Q2ZB4Q54G4Q54R4Q5BB
645588,4Q2EG4Q2ER4Q2LB4Q2SG4Q2SR4Q2ZB4Q54G4Q54R4Q5BB
644215,4Q2EG4Q2ER4Q2LB4Q2SG4Q2SR4Q2ZB4Q54G4Q54R4Q5BB
1030156,4Q2EG4Q2ER4Q2LB4Q2SG4Q2SR4Q2ZB4Q54G4Q54R4Q5BB
644218,4Q2EG4Q2ER4Q2LB4Q2SG4Q2SR4Q2ZB4Q54G4Q54R4Q5BB
645586,4Q2EG4Q2ER4Q2LB4Q2SG4Q2SR4Q2ZB4Q54G4Q54R4Q5BB
645556,4Q2EG4Q2ER4Q2LB4Q2SG4Q2SR4Q2ZB4Q54G4Q54R4Q5BB
821391,4Q2EG4Q2ER4Q2LB4Q2SG4Q2SR4Q2ZB4Q54G4Q54R4Q5BB
821394,4Q2EG4Q2ER4Q2LB4Q2SG4Q2SR4Q2ZB4Q54G4Q54R4Q5BB
645565,4Q2EG4Q2ER4Q2LB4Q2SG4Q2SR4Q2ZB4Q54G4Q54R4Q5BB
640455,4Q2EG4Q2ER4Q2LB4Q2SG4Q2SR4Q2ZB4Q54G4Q54R4Q5BB
641374,4Q2EG4Q2ER4Q2LB4Q2SG4Q2SR4Q2ZB4Q54G4Q54R4Q5BB
641369,4Q2EG4Q2ER4Q2LB4Q2SG4Q2SR4Q2ZB4Q54G4Q54R4Q5BB
645529,4Q2EG4Q2ER4Q2LB4Q2SG4Q2SR4Q2ZB4Q54G4Q54R4Q5BB
641378,4Q2EG4Q2ER4Q2LB4Q2SG4Q2SR4Q2ZB4Q54G4Q54R4Q5BB
641363,4Q2EG4Q2ER4Q2LB4Q2SG4Q2SR4Q2ZB4Q54G4Q54R4Q5BB
862445,4Q2EG4Q2ER4Q2LB4Q2SG4Q2SR4Q2ZB4Q54G4Q54R4Q5BB
641368,4Q2EG4Q2ER4Q2LB4Q2SG4Q2SR4Q2ZB4Q54G4Q54R4Q5BB
645523,4Q2EG4Q2ER4Q2LB4Q2SG4Q2SR4Q2ZB4Q54G4Q54R4Q5BB
829001,4Q2EG4Q2ER4Q2LB4Q2SG4Q2SR4Q2ZB4Q54G4Q54R4Q5BB
645559,4Q2EG4Q2ER4Q2LB4Q2SG4Q2SR4Q2ZB4Q54G4Q54R4Q5BB
821396,4Q2EG4Q2ER4Q2LB4Q2SG4Q2SR4Q2ZB4Q54G4Q54R4Q5BB
642907,4Q2EG4Q2ER4Q2LB4Q2SG4Q2SR4Q2ZB4Q54G4Q54R4Q5BB
642911,4Q2EG4Q2ER4Q2LB4Q2SG4Q2SR4Q2ZB4Q54G4Q54R4Q5BB
644194,4Q2EG4Q2ER4Q2LB4Q2SG4Q2SR4Q2ZB4Q54G4Q54R4Q5BB
642908,4Q2EG4Q2ER4Q2LB4Q2SG4Q2SR4Q2ZB4Q54G4Q54R4Q5BB
644281,4Q2EG4Q2LB4Q2SG4Q2ZB4Q54G4Q5BB4Q5IG4Q5PB4Q7TG
1030164,4Q2EG4Q2ER4Q2LB4Q2SG4Q2SR4Q2ZB4Q54G4Q54R4Q5BB
644284,4Q2EG4Q2ER4Q2LB4Q2SG4Q2SR4Q2ZB4Q54G4Q54R4Q5BB
644274,4Q2EG4Q2ER4Q2LB4Q2SG4Q2SR4Q2ZB4Q54G4Q54R4Q5BB
644270,4Q2EG4Q2ER4Q2LB4Q2SG4Q2SR4Q2ZB4Q54G4Q54R4Q5BB
644260,4Q2EG4Q2ER4Q2LB4Q2SG4Q2SR4Q2ZB4Q54G4Q54R4Q5BB
641365,4Q2EG4Q2ER4Q2LB4Q2SG4Q2SR4Q2ZB4Q54G4Q54R4Q5BB
644258,4Q2EG4Q2ER4Q2LB4Q2SG4Q2SR4Q2ZB4Q54G4Q54R4Q5BB
1015839,4Q2EG4Q2ER4Q2LB4Q2SG4Q2SR4Q2ZB4Q54G4Q54R4Q5BB
1049241,4Q2EG4Q2ER4Q2LB4Q2SG4Q2SR4Q2ZB4Q54G4Q54R4Q5BB
641345,4Q2EG4Q2ER4Q2LB4Q2SG4Q2SR4Q2ZB4Q54G4Q54R4Q5BB
1008147,4Q2EG4Q2ER4Q2LB4Q2SG4Q2SR4Q2ZB4Q54G4Q54R4Q5BB
642670,4Q2EG4Q2ER4Q2LB4Q2SG4Q2SR4Q2ZB4Q54G4Q54R4Q5BB
641349,4Q2EG4Q2ER4Q2LB4Q2SG4Q2SR4Q2ZB4Q54G4Q54R4Q5BB
641353,4Q2EG4Q2ER4Q2LB4Q2SG4Q2SR4Q2ZB4Q54G4Q54R4Q5BB
641348,4Q2EG4Q2ER4Q2LB4Q2SG4Q2SR4Q2ZB4Q54G4Q54R4Q5BB
642667,4Q2EG4Q2ER4Q2LB4Q2SG4Q2SR4Q2ZB4Q54G4Q54R4Q5BB
641382,4Q2EG4Q2ER4Q2LB4Q2SG4Q2SR4Q2ZB4Q54G4Q54R4Q5BB
829046,4Q2EG4Q2ER4Q2LB4Q2SG4Q2SR4Q2ZB4Q54G4Q54R4Q5BB
641386,4Q2EG4Q2ER4Q2LB4Q2SG4Q2SR4Q2ZB4Q54G4Q54R4Q5BB
642664,4Q2EG4Q2ER4Q2LB4Q2SG4Q2SR4Q2ZB4Q54G4Q54R4Q5BB
641387,4Q2EG4Q2LB4Q2SG4Q2ZB4Q54G4Q5BB4Q5IG4Q5PB4Q7TG
642654,4Q2EG4Q2ER4Q2LB4Q2SG4Q2SR4Q2ZB4Q54G4Q54R4Q5BB
1022670,4Q2CB4Q2HG4Q2JB4Q2QB4Q2VG4Q2XB4Q52B4Q57G4Q59B
684297,4Q2CB4Q2HG4Q2JB4Q2QB4Q2VG4Q2XB4Q52B4Q57G4Q59B
723164,4Q2CB4Q2HG4Q2JB4Q2QB4Q2VG4Q2XB4Q52B4Q57G4Q59B
865402,4Q2CB4Q2HG4Q2JB4Q2QB4Q2VG4Q2XB4Q52B4Q57G4Q59B
744723,4Q2CB4Q2HG4Q2JB4Q2QB4Q2VG4Q2XB4Q52B4Q57G4Q59B
684295,4Q2CB4Q2HG4Q2JB4Q2QB4Q2VG4Q2XB4Q52B4Q57G4Q59B
684296,4Q2CB4Q2HG4Q2JB4Q2QB4Q2VG4Q2XB4Q52B4Q57G4Q59B
684298,4Q2CB4Q2HG4Q2JB4Q2QB4Q2VG4Q2XB4Q52B4Q57G4Q59B
996402,4Q2CB4Q2HG4Q2JB4Q2QB4Q2VG4Q2XB4Q52B4Q57G4Q59B
684300,4Q2CB4Q2HG4Q2JB4Q2QB4Q2VG4Q2XB4Q52B4Q57G4Q59B
684302,4Q2CB4Q2HG4Q2JB4Q2QB4Q2VG4Q2XB4Q52B4Q57G4Q59B
824660,4Q2CB4Q2HG4Q2JB4Q2QB4Q2VG4Q2XB4Q52B4Q57G4Q59B
684304,4Q2CB4Q2HG4Q2JB4Q2QB4Q2VG4Q2XB4Q52B4Q57G4Q59B
684642,4Q2CB4Q2HG4Q2JB4Q2QB4Q2VG4Q2XB4Q52B4Q57G4Q59B
1022964,4Q2CB4Q2HG4Q2JB4Q2QB4Q2VG4Q2XB4Q52B4Q57G4Q59B
684643,4Q2CB4Q2HG4Q2JB4Q2QB4Q2VG4Q2XB4Q52B4Q57G4Q59B
684644,4Q2CB4Q2HG4Q2JB4Q2QB4Q2VG4Q2XB4Q52B4Q57G4Q59B
723480,4Q2CB4Q2HG4Q2JB4Q2QB4Q2VG4Q2XB4Q52B4Q57G4Q59B
684646,4Q2CB4Q2HG4Q2JB4Q2QB4Q2VG4Q2XB4Q52B4Q57G4Q59B
723482,4Q2CB4Q2HG4Q2JB4Q2QB4Q2VG4Q2XB4Q52B4Q57G4Q59B
723161,4Q2CB4Q2HG4Q2JB4Q2QB4Q2VG4Q2XB4Q52B4Q57G4Q59B
907497,4Q2CB4Q2HG4Q2JB4Q2QB4Q2VG4Q2XB4Q52B4Q57G4Q59B
723166,4Q2CB4Q2HG4Q2JB4Q2QB4Q2VG4Q2XB4Q52B4Q57G4Q59B
685975,4Q2CB4Q2HG4Q2JB4Q2QB4Q2VG4Q2XB4Q52B4Q57G4Q59B
685977,4Q2CB4Q2HG4Q2JB4Q2QB4Q2VG4Q2XB4Q52B4Q57G4Q59B
685979,4Q2CB4Q2HG4Q2JB4Q2QB4Q2VG4Q2XB4Q52B4Q57G4Q59B
723156,4Q2CB4Q2HG4Q2JB4Q2QB4Q2VG4Q2XB4Q52B4Q57G4Q59B
723157,4Q2CB4Q2HG4Q2JB4Q2QB4Q2VG4Q2XB4Q52B4Q57G4Q59B
723159,4Q2CB4Q2HG4Q2JB4Q2QB4Q2VG4Q2XB4Q52B4Q57G4Q59B
723160,4Q2CB4Q2HG4Q2JB4Q2QB4Q2VG4Q2XB4Q52B4Q57G4Q59B
644744,4Q2CB4Q2HG4Q2JB4Q2QB4Q2VG4Q2XB4Q52B4Q57G4Q59B
644380,4Q2CB4Q2HG4Q2JB4Q2QB4Q2VG4Q2XB4Q52B4Q57G4Q59B
644389,4Q2CB4Q2HG4Q2JB4Q2QB4Q2VG4Q2XB4Q52B4Q57G4Q59B
723167,4Q2CB4Q2HG4Q2JB4Q2QB4Q2VG4Q2XB4Q52B4Q57G4Q59B
744383,4Q2CB4Q2HG4Q2JB4Q2QB4Q2VG4Q2XB4Q52B4Q57G4Q59B
644377,4Q2CB4Q2HG4Q2JB4Q2QB4Q2VG4Q2XB4Q52B4Q57G4Q59B
864180,4Q2CB4Q2HG4Q2JB4Q2QB4Q2VG4Q2XB4Q52B4Q57G4Q59B
863741,4Q2CB4Q2HG4Q2JB4Q2QB4Q2VG4Q2XB4Q52B4Q57G4Q59B
645955,4Q2CB4Q2HG4Q2JB4Q2QB4Q2VG4Q2XB4Q52B4Q57G4Q59B
645988,4Q2CB4Q2HG4Q2JB4Q2QB4Q2VG4Q2XB4Q52B4Q57G4Q59B
723475,4Q2CB4Q2HG4Q2JB4Q2QB4Q2VG4Q2XB4Q52B4Q57G4Q59B
645974,4Q2CB4Q2HG4Q2JB4Q2QB4Q2VG4Q2XB4Q52B4Q57G4Q59B
723484,4Q2CB4Q2HG4Q2JB4Q2QB4Q2VG4Q2XB4Q52B4Q57G4Q59B
745611,4Q2CB4Q2HG4Q2JB4Q2QB4Q2VG4Q2XB4Q52B4Q57G4Q59B
723478,4Q2CB4Q2HG4Q2JB4Q2QB4Q2VG4Q2XB4Q52B4Q57G4Q59B
865404,4Q2CB4Q2HG4Q2JB4Q2QB4Q2VG4Q2XB4Q52B4Q57G4Q59B
684640,4Q2CB4Q2HG4Q2JB4Q2QB4Q2VG4Q2XB4Q52B4Q57G4Q59B
723479,4Q2CB4Q2HG4Q2JB4Q2QB4Q2VG4Q2XB4Q52B4Q57G4Q59B
750813,4Q2CB4Q2JB4Q2LG4Q2QB4Q2XB4Q2ZG4Q52B4Q59B4Q5BG
748170,4Q2CB4Q2JB4Q2LG4Q2QB4Q2XB4Q2ZG4Q52B4Q59B4Q5BG
995470,4Q2CB4Q2JB4Q2LG4Q2QB4Q2XB4Q2ZG4Q52B4Q59B4Q5BG
752469,4Q2CB4Q2JB4Q2LG4Q2QB4Q2XB4Q2ZG4Q52B4Q59B4Q5BG
750866,4Q2CB4Q2JB4Q2LG4Q2QB4Q2XB4Q2ZG4Q52B4Q59B4Q5BG
750863,4Q2CB4Q2JB4Q2LG4Q2QB4Q2XB4Q2ZG4Q52B4Q59B4Q5BG
826914,4Q2CB4Q2JB4Q2LG4Q2QB4Q2XB4Q2ZG4Q52B4Q59B4Q5BG
752484,4Q2CB4Q2JB4Q2LG4Q2QB4Q2XB4Q2ZG4Q52B4Q59B4Q5BG
752489,4Q2CB4Q2JB4Q2LG4Q2QB4Q2XB4Q2ZG4Q52B4Q59B4Q5BG
752492,4Q2CB4Q2JB4Q2LG4Q2QB4Q2XB4Q2ZG4Q52B4Q59B4Q5BG
752481,4Q2CB4Q2JB4Q2LG4Q2QB4Q2XB4Q2ZG4Q52B4Q59B4Q5BG
752476,4Q2CB4Q2JB4Q2LG4Q2QB4Q2XB4Q2ZG4Q52B4Q59B4Q5BG
752473,4Q2CB4Q2JB4Q2LG4Q2QB4Q2XB4Q2ZG4Q52B4Q59B4Q5BG
748172,4Q2CB4Q2JB4Q2LG4Q2QB4Q2XB4Q2ZG4Q52B4Q59B4Q5BG
749511,4Q2CB4Q2JB4Q2LG4Q2QB4Q2XB4Q2ZG4Q52B4Q59B4Q5BG
749831,4Q2CB4Q2JB4Q2LG4Q2QB4Q2XB4Q2ZG4Q52B4Q59B4Q5BG
749508,4Q2CB4Q2JB4Q2LG4Q2QB4Q2XB4Q2ZG4Q52B4Q59B4Q5BG
748156,4Q2CB4Q2JB4Q2LG4Q2QB4Q2XB4Q2ZG4Q52B4Q59B4Q5BG
749505,4Q2CB4Q2JB4Q2LG4Q2QB4Q2XB4Q2ZG4Q52B4Q59B4Q5BG
749502,4Q2CB4Q2JB4Q2LG4Q2QB4Q2XB4Q2ZG4Q52B4Q59B4Q5BG
1028998,4Q2CB4Q2JB4Q2LG4Q2QB4Q2XB4Q2ZG4Q52B4Q59B4Q5BG
1044513,4Q2CB4Q2JB4Q2LG4Q2QB4Q2XB4Q2ZG4Q52B4Q59B4Q5BG
1044514,4Q2CB4Q2JB4Q2LG4Q2QB4Q2XB4Q2ZG4Q52B4Q59B4Q5BG
791613,4Q2CB4Q2JB4Q2LG4Q2QB4Q2XB4Q2ZG4Q52B4Q59B4Q5BG
791617,4Q2CB4Q2JB4Q2LG4Q2QB4Q2XB4Q2ZG4Q52B4Q59B4Q5BG
1022879,4Q2CB4Q2JB4Q2LG4Q2QB4Q2XB4Q2ZG4Q52B4Q59B4Q5BG
738775,4Q2CB4Q2JB4Q2LG4Q2QB4Q2XB4Q2ZG4Q52B4Q59B4Q5BG
693822,4Q2CB4Q2JB4Q2LG4Q2QB4Q2XB4Q2ZG4Q52B4Q59B4Q5BG
1047200,4Q2CB4Q2JB4Q2LG4Q2QB4Q2XB4Q2ZG4Q52B4Q59B4Q5BG
788641,4Q2CB4Q2JB4Q2LG4Q2QB4Q2XB4Q2ZG4Q52B4Q59B4Q5BG
1011031,4Q2CB4Q2HG4Q2JB4Q2QB4Q2VG4Q2XB4Q52B4Q57G4Q59B
788640,4Q2CB4Q2JB4Q2LG4Q2QB4Q2XB4Q2ZG4Q52B4Q59B4Q5BG
788642,4Q2CB4Q2JB4Q2LG4Q2QB4Q2XB4Q2ZG4Q52B4Q59B4Q5BG
812181,4Q2AG4Q2HB4Q2OG4Q2VB4Q32G4Q57B4Q5EG4Q5LB4Q5SG
852849,4Q2AG4Q2HB4Q2OG4Q2VB4Q32G4Q57B4Q5EG4Q5LB4Q5SG
1002530,4Q2AG4Q2HB4Q2OG4Q2VB4Q32G4Q57B4Q5EG4Q5LB4Q5SG
852878,4Q2AG4Q2HB4Q2OG4Q2VB4Q32G4Q57B4Q5EG4Q5LB4Q5SG
852880,4Q2AG4Q2HB4Q2OG4Q2VB4Q32G4Q57B4Q5EG4Q5LB4Q5SG
852871,4Q2HB4Q2VB4Q57B4Q5LB4Q7WB4Q8AB
901413,4Q2HB4Q2VB4Q57B4Q5LB4Q7WB4Q8AB
817218,4Q2HB4Q2VB4Q57B4Q5LB4Q7WB4Q8AB
811621,4Q2HB4Q2VB4Q57B4Q5LB4Q7WB4Q8AB
897827,4Q2AG4Q2HB4Q2OG4Q2VB4Q32G4Q57B4Q5EG4Q5LB4Q5SG
811626,4Q2HB4Q2VB4Q57B4Q5LB4Q7WB4Q8AB
817209,4Q2HB4Q2VB4Q57B4Q5LB4Q7WB4Q8AB
817215,4Q2HB4Q2VB4Q57B4Q5LB4Q7WB4Q8AB
1008254,4Q2HB4Q2VB4Q57B4Q5LB4Q7WB4Q8AB
1035954,4Q2HB4Q2VB4Q57B4Q5LB4Q7WB4Q8AB
811648,4Q2HB4Q2VB4Q57B4Q5LB4Q7WB4Q8AB
811630,4Q2HB4Q2VB4Q57B4Q5LB4Q7WB4Q8AB
811636,4Q2HB4Q2VB4Q57B4Q5LB4Q7WB4Q8AB
814144,4Q2HB4Q2VB4Q57B4Q5LB4Q7WB4Q8AB
897815,4Q2AG4Q2HB4Q2OG4Q2VB4Q32G4Q57B4Q5EG4Q5LB4Q5SG
902258,4Q2HB4Q2VB4Q57B4Q5LB4Q7WB4Q8AB
814154,4Q2HB4Q2VB4Q57B4Q5LB4Q7WB4Q8AB
814140,4Q2HB4Q2VB4Q57B4Q5LB4Q7WB4Q8AB
1001469,4Q2HB4Q2VB4Q57B4Q5LB4Q7WB4Q8AB
811966,4Q2HB4Q2VB4Q57B4Q5LB4Q7WB4Q8AB
814167,4Q2HB4Q2VB4Q57B4Q5LB4Q7WB4Q8AB
817200,4Q2HB4Q2VB4Q57B4Q5LB4Q7WB4Q8AB
1020611,4Q2HB4Q2VB4Q57B4Q5LB4Q7WB4Q8AB
814160,4Q2HB4Q2VB4Q57B4Q5LB4Q7WB4Q8AB
1035953,4Q2HB4Q2VB4Q57B4Q5LB4Q7WB4Q8AB
852904,4Q2AG4Q2HB4Q2OG4Q2VB4Q32G4Q57B4Q5EG4Q5LB4Q5SG
1023466,4Q2HB4Q2VB4Q57B4Q5LB4Q7WB4Q8AB
812173,4Q2HB4Q2VB4Q57B4Q5LB4Q7WB4Q8AB
812180,4Q2HB4Q2VB4Q57B4Q5LB4Q7WB4Q8AB
901133,4Q2HB4Q2VB4Q57B4Q5LB4Q7WB4Q8AB
1001470,4Q2HB4Q2VB4Q57B4Q5LB4Q7WB4Q8AB
812164,4Q2HB4Q2VB4Q57B4Q5LB4Q7WB4Q8AB
901135,4Q2HB4Q2VB4Q57B4Q5LB4Q7WB4Q8AB
856640,4Q2HB4Q2VB4Q57B4Q5LB4Q7WB4Q8AB
856641,4Q2HB4Q2VB4Q57B4Q5LB4Q7WB4Q8AB
901423,4Q2AG4Q2HB4Q2OG4Q2VB4Q32G4Q57B4Q5EG4Q5LB4Q5SG
1023467,4Q2HB4Q2VB4Q57B4Q5LB4Q7WB4Q8AB
897818,4Q2AG4Q2HB4Q2OG4Q2VB4Q32G4Q57B4Q5EG4Q5LB4Q5SG
1035976,4Q2AG4Q2HB4Q2OG4Q2VB4Q32G4Q57B4Q5EG4Q5LB4Q5SG
852853,4Q2AG4Q2HB4Q2OG4Q2VB4Q32G4Q57B4Q5EG4Q5LB4Q5SG
852862,4Q2AG4Q2HB4Q2OG4Q2VB4Q32G4Q57B4Q5EG4Q5LB4Q5SG
1035973,4Q2AG4Q2HB4Q2OG4Q2VB4Q32G4Q57B4Q5EG4Q5LB4Q5SG
1054172,4Q2HB4Q2VB4Q57B4Q5LB4Q7WB4Q8AB
683867,4Q2EG4Q2JR4Q2LB4Q2SG4Q2XR4Q2ZB4Q54G4Q59R4Q5BB
683860,4Q2EG4Q2LB4Q2SG4Q2ZB4Q54G4Q5BB4Q5IG4Q5PB4Q7TG
683859,4Q2EG4Q2JR4Q2LB4Q2SG4Q2XR4Q2ZB4Q54G4Q59R4Q5BB
683858,4Q2EG4Q2JR4Q2LB4Q2SG4Q2XR4Q2ZB4Q54G4Q59R4Q5BB
683856,4Q2EG4Q2JR4Q2LB4Q2SG4Q2XR4Q2ZB4Q54G4Q59R4Q5BB
823444,4Q2EG4Q2LB4Q2SG4Q2ZB4Q54G4Q5BB4Q5IG4Q5PB4Q7TG
683861,4Q2EG4Q2JR4Q2LB4Q2SG4Q2XR4Q2ZB4Q54G4Q59R4Q5BB
746394,4Q2EG4Q2JR4Q2LB4Q2SG4Q2XR4Q2ZB4Q54G4Q59R4Q5BB
1112287,4Q2DG4Q2KB4Q2RG4Q2YB4Q53G4Q5AB4Q5HG4Q5OB4Q5VG
1112284,4Q2DG4Q2KB4Q2RG4Q2YB4Q53G4Q5AB4Q5HG4Q5OB4Q5VG
1112286,4Q2DG4Q2KB4Q2RG4Q2YB4Q53G4Q5AB4Q5HG4Q5OB4Q5VG
1112283,4Q2DG4Q2KB4Q2RG4Q2YB4Q53G4Q5AB4Q5HG4Q5OB4Q5VG
1112285,4Q2DG4Q2KB4Q2RG4Q2YB4Q53G4Q5AB4Q5HG4Q5OB4Q5VG
1112282,4Q2DG4Q2KB4Q2RG4Q2YB4Q53G4Q5AB4Q5HG4Q5OB4Q5VG
684306,4Q2AG4Q2FR4Q2HB4Q2OG4Q2TR4Q2VB4Q32G4Q55R4Q57B
996404,4Q2AG4Q2FR4Q2HB4Q2OG4Q2TR4Q2VB4Q32G4Q55R4Q57B
684311,4Q2AG4Q2FR4Q2HB4Q2OG4Q2TR4Q2VB4Q32G4Q55R4Q57B
684310,4Q2AG4Q2FR4Q2HB4Q2OG4Q2TR4Q2VB4Q32G4Q55R4Q57B
684309,4Q2AG4Q2FR4Q2HB4Q2OG4Q2TR4Q2VB4Q32G4Q55R4Q57B
686013,4Q2AG4Q2FR4Q2HB4Q2OG4Q2TR4Q2VB4Q32G4Q55R4Q57B
723485,4Q2AG4Q2FR4Q2HB4Q2OG4Q2TR4Q2VB4Q32G4Q55R4Q57B
686047,4Q2AG4Q2FR4Q2HB4Q2OG4Q2TR4Q2VB4Q32G4Q55R4Q57B
824721,4Q2AG4Q2FR4Q2HB4Q2OG4Q2TR4Q2VB4Q32G4Q55R4Q57B
824658,4Q2AG4Q2FR4Q2HB4Q2OG4Q2TR4Q2VB4Q32G4Q55R4Q57B
686043,4Q2AG4Q2FR4Q2HB4Q2OG4Q2TR4Q2VB4Q32G4Q55R4Q57B
686041,4Q2AG4Q2FR4Q2HB4Q2OG4Q2TR4Q2VB4Q32G4Q55R4Q57B
705914,4Q2AG4Q2FR4Q2HB4Q2OG4Q2TR4Q2VB4Q32G4Q55R4Q57B
824722,4Q2AG4Q2FR4Q2HB4Q2OG4Q2TR4Q2VB4Q32G4Q55R4Q57B
824719,4Q2AG4Q2FR4Q2HB4Q2OG4Q2TR4Q2VB4Q32G4Q55R4Q57B
1016328,4Q2AG4Q2FR4Q2HB4Q2OG4Q2TR4Q2VB4Q32G4Q55R4Q57B
906274,4Q2AG4Q2FR4Q2HB4Q2OG4Q2TR4Q2VB4Q32G4Q55R4Q57B
996430,4Q2AG4Q2FR4Q2HB4Q2OG4Q2TR4Q2VB4Q32G4Q55R4Q57B
684294,4Q2AG4Q2FR4Q2HB4Q2OG4Q2TR4Q2VB4Q32G4Q55R4Q57B
686040,4Q2AG4Q2FR4Q2HB4Q2OG4Q2TR4Q2VB4Q32G4Q55R4Q57B
1001036,4Q2AG4Q2FR4Q2HB4Q2OG4Q2TR4Q2VB4Q32G4Q55R4Q57B
824657,4Q2AG4Q2FR4Q2HB4Q2OG4Q2TR4Q2VB4Q32G4Q55R4Q57B
705911,4Q2AG4Q2FR4Q2HB4Q2OG4Q2TR4Q2VB4Q32G4Q55R4Q57B
684299,4Q2AG4Q2FR4Q2HB4Q2OG4Q2TR4Q2VB4Q32G4Q55R4Q57B
824664,4Q2AG4Q2FR4Q2HB4Q2OG4Q2TR4Q2VB4Q32G4Q55R4Q57B
684316,4Q2AG4Q2FR4Q2HB4Q2OG4Q2TR4Q2VB4Q32G4Q55R4Q57B
705912,4Q2AG4Q2FR4Q2HB4Q2OG4Q2TR4Q2VB4Q32G4Q55R4Q57B
824663,4Q2AG4Q2FR4Q2HB4Q2OG4Q2TR4Q2VB4Q32G4Q55R4Q57B
800263,4Q2FG4Q2MB4Q2TG4Q30B4Q55G4Q5CB4Q5JG4Q5QB4Q7UG
901576,4Q2FG4Q2MB4Q2TG4Q30B4Q55G4Q5CB4Q5JG4Q5QB4Q7UG
746395,4Q2EG4Q2JR4Q2LB4Q2SG4Q2XR4Q2ZB4Q54G4Q59R4Q5BB
683870,4Q2EG4Q2JR4Q2LB4Q2SG4Q2XR4Q2ZB4Q54G4Q59R4Q5BB
683869,4Q2EG4Q2JR4Q2LB4Q2SG4Q2XR4Q2ZB4Q54G4Q59R4Q5BB
1010200,4Q2EG4Q2JR4Q2LB4Q2SG4Q2XR4Q2ZB4Q54G4Q59R4Q5BB
720071,4Q2EG4Q2JR4Q2LB4Q2SG4Q2XR4Q2ZB4Q54G4Q59R4Q5BB
897559,4Q2EG4Q2JR4Q2LB4Q2SG4Q2XR4Q2ZB4Q54G4Q59R4Q5BB
683880,4Q2EG4Q2JR4Q2LB4Q2SG4Q2XR4Q2ZB4Q54G4Q59R4Q5BB
683879,4Q2EG4Q2JR4Q2LB4Q2SG4Q2XR4Q2ZB4Q54G4Q59R4Q5BB
824645,4Q2EG4Q2JR4Q2LB4Q2SG4Q2XR4Q2ZB4Q54G4Q59R4Q5BB
683877,4Q2EG4Q2JR4Q2LB4Q2SG4Q2XR4Q2ZB4Q54G4Q59R4Q5BB
683875,4Q2EG4Q2JR4Q2LB4Q2SG4Q2XR4Q2ZB4Q54G4Q59R4Q5BB
683868,4Q2EG4Q2JR4Q2LB4Q2SG4Q2XR4Q2ZB4Q54G4Q59R4Q5BB
824646,4Q2EG4Q2JR4Q2LB4Q2SG4Q2XR4Q2ZB4Q54G4Q59R4Q5BB
683873,4Q2EG4Q2JR4Q2LB4Q2SG4Q2XR4Q2ZB4Q54G4Q59R4Q5BB
824643,4Q2EG4Q2JR4Q2LB4Q2SG4Q2XR4Q2ZB4Q54G4Q59R4Q5BB
704493,4Q2FB4Q2MG4Q2NR4Q2TB4Q30G4Q31R4Q55B4Q5CG4Q5DR
727182,4Q2FB4Q2MG4Q2NR4Q2TB4Q30G4Q31R4Q55B4Q5CG4Q5DR
726867,4Q2FB4Q2MG4Q2NR4Q2TB4Q30G4Q31R4Q55B4Q5CG4Q5DR
726861,4Q2FB4Q2MG4Q2NR4Q2TB4Q30G4Q31R4Q55B4Q5CG4Q5DR
726856,4Q2FB4Q2MG4Q2NR4Q2TB4Q30G4Q31R4Q55B4Q5CG4Q5DR
732171,4Q2FB4Q2MG4Q2NR4Q2TB4Q30G4Q31R4Q55B4Q5CG4Q5DR
732176,4Q2FB4Q2MG4Q2NR4Q2TB4Q30G4Q31R4Q55B4Q5CG4Q5DR
1046552,4Q2FB4Q2MG4Q2NR4Q2TB4Q30G4Q31R4Q55B4Q5CG4Q5DR
732181,4Q2FB4Q2MG4Q2NR4Q2TB4Q30G4Q31R4Q55B4Q5CG4Q5DR
1042156,4Q2FB4Q2MG4Q2NR4Q2TB4Q30G4Q31R4Q55B4Q5CG4Q5DR
732163,4Q2FB4Q2MG4Q2NR4Q2TB4Q30G4Q31R4Q55B4Q5CG4Q5DR
732172,4Q2FB4Q2MG4Q2NR4Q2TB4Q30G4Q31R4Q55B4Q5CG4Q5DR
704187,4Q2FB4Q2MG4Q2NR4Q2TB4Q30G4Q31R4Q55B4Q5CG4Q5DR
732162,4Q2FB4Q2MG4Q2NR4Q2TB4Q30G4Q31R4Q55B4Q5CG4Q5DR
902253,4Q2FB4Q2MG4Q2NR4Q2TB4Q30G4Q31R4Q55B4Q5CG4Q5DR
732203,4Q2FB4Q2MG4Q2NR4Q2TB4Q30G4Q31R4Q55B4Q5CG4Q5DR
726822,4Q2FB4Q2MG4Q2NR4Q2TB4Q30G4Q31R4Q55B4Q5CG4Q5DR
704490,4Q2FB4Q2MG4Q2NR4Q2TB4Q30G4Q31R4Q55B4Q5CG4Q5DR
732184,4Q2FB4Q2MG4Q2NR4Q2TB4Q30G4Q31R4Q55B4Q5CG4Q5DR
732192,4Q2FB4Q2MG4Q2NR4Q2TB4Q30G4Q31R4Q55B4Q5CG4Q5DR
726840,4Q2FB4Q2MG4Q2NR4Q2TB4Q30G4Q31R4Q55B4Q5CG4Q5DR
691158,4Q2FB4Q2MG4Q2NR4Q2TB4Q30G4Q31R4Q55B4Q5CG4Q5DR
732188,4Q2FB4Q2MG4Q2NR4Q2TB4Q30G4Q31R4Q55B4Q5CG4Q5DR
726820,4Q2FB4Q2MG4Q2NR4Q2TB4Q30G4Q31R4Q55B4Q5CG4Q5DR
732198,4Q2FB4Q2MG4Q2NR4Q2TB4Q30G4Q31R4Q55B4Q5CG4Q5DR
732168,4Q2FB4Q2MG4Q2NR4Q2TB4Q30G4Q31R4Q55B4Q5CG4Q5DR
729391,4Q2FB4Q2MG4Q2NR4Q2TB4Q30G4Q31R4Q55B4Q5CG4Q5DR
730714,4Q2FB4Q2MG4Q2NR4Q2TB4Q30G4Q31R4Q55B4Q5CG4Q5DR
729389,4Q2FB4Q2MG4Q2NR4Q2TB4Q30G4Q31R4Q55B4Q5CG4Q5DR
1024624,4Q2FB4Q2MG4Q2NR4Q2TB4Q30G4Q31R4Q55B4Q5CG4Q5DR
726833,4Q2FB4Q2MG4Q2NR4Q2TB4Q30G4Q31R4Q55B4Q5CG4Q5DR
726851,4Q2FB4Q2MG4Q2NR4Q2TB4Q30G4Q31R4Q55B4Q5CG4Q5DR
726865,4Q2FB4Q2MG4Q2NR4Q2TB4Q30G4Q31R4Q55B4Q5CG4Q5DR
761697,4Q2GB4Q2NG4Q2UB4Q31G4Q56B4Q5DG4Q5KB4Q5RG4Q7VB
897560,4Q2GB4Q2NB4Q2UB4Q31B4Q56B4Q5DB4Q5KB4Q5RB4Q7VB
844785,4Q2CB4Q2GG4Q2JB4Q2NG4Q2QB4Q2UG4Q2XB4Q31G4Q52B
820705,4Q2CB4Q2GG4Q2JB4Q2NG4Q2QB4Q2UG4Q2XB4Q31G4Q52B
1039337,4Q2CB4Q2GG4Q2JB4Q2NG4Q2QB4Q2UG4Q2XB4Q31G4Q52B
1039338,4Q2CB4Q2GG4Q2JB4Q2NG4Q2QB4Q2UG4Q2XB4Q31G4Q52B
1033708,4Q2CB4Q2JB4Q2QB4Q2XB4Q52B4Q59B4Q5GB4Q5NB4Q5UB
860447,4Q2AB4Q2ER4Q2HG4Q2OB4Q2SR4Q2VG4Q32B4Q54R4Q57G
725434,4Q2AB4Q2ER4Q2HG4Q2OB4Q2SR4Q2VG4Q32B4Q54R4Q57G
725113,4Q2AB4Q2ER4Q2HG4Q2OB4Q2SR4Q2VG4Q32B4Q54R4Q57G
668827,4Q2CB4Q2JG4Q2KR4Q2QB4Q2XG4Q2YR4Q52B4Q59G4Q5AR
707902,4Q2CB4Q2JG4Q2KR4Q2QB4Q2XG4Q2YR4Q52B4Q59G4Q5AR
1016207,4Q2CB4Q2JG4Q2KR4Q2QB4Q2XG4Q2YR4Q52B4Q59G4Q5AR
998525,4Q2CB4Q2JG4Q2KR4Q2QB4Q2XG4Q2YR4Q52B4Q59G4Q5AR
734690,4Q2CB4Q2JG4Q2KR4Q2QB4Q2XG4Q2YR4Q52B4Q59G4Q5AR
788076,4Q2CB4Q2JG4Q2KR4Q2QB4Q2XG4Q2YR4Q52B4Q59G4Q5AR
706570,4Q2CB4Q2JG4Q2KR4Q2QB4Q2XG4Q2YR4Q52B4Q59G4Q5AR
699944,4Q2CB4Q2JG4Q2KR4Q2QB4Q2XG4Q2YR4Q52B4Q59G4Q5AR
706590,4Q2CB4Q2JG4Q2KR4Q2QB4Q2XG4Q2YR4Q52B4Q59G4Q5AR
668870,4Q2CB4Q2JG4Q2KR4Q2QB4Q2XG4Q2YR4Q52B4Q59G4Q5AR
706619,4Q2CB4Q2JG4Q2KR4Q2QB4Q2XG4Q2YR4Q52B4Q59G4Q5AR
706605,4Q2CB4Q2JG4Q2KR4Q2QB4Q2XG4Q2YR4Q52B4Q59G4Q5AR
733431,4Q2CB4Q2JG4Q2KR4Q2QB4Q2XG4Q2YR4Q52B4Q59G4Q5AR
706979,4Q2CB4Q2JG4Q2KR4Q2QB4Q2XG4Q2YR4Q52B4Q59G4Q5AR
707627,4Q2CB4Q2JG4Q2KR4Q2QB4Q2XG4Q2YR4Q52B4Q59G4Q5AR
707677,4Q2CB4Q2JG4Q2KR4Q2QB4Q2XG4Q2YR4Q52B4Q59G4Q5AR
707640,4Q2CB4Q2JG4Q2KR4Q2QB4Q2XG4Q2YR4Q52B4Q59G4Q5AR
701171,4Q2CB4Q2JG4Q2KR4Q2QB4Q2XG4Q2YR4Q52B4Q59G4Q5AR
701979,4Q2CB4Q2JG4Q2KR4Q2QB4Q2XG4Q2YR4Q52B4Q59G4Q5AR
709546,4Q2CB4Q2JG4Q2KR4Q2QB4Q2XG4Q2YR4Q52B4Q59G4Q5AR
708249,4Q2CB4Q2JG4Q2KR4Q2QB4Q2XG4Q2YR4Q52B4Q59G4Q5AR
708279,4Q2CB4Q2JG4Q2KR4Q2QB4Q2XG4Q2YR4Q52B4Q59G4Q5AR
733424,4Q2CB4Q2JG4Q2KR4Q2QB4Q2XG4Q2YR4Q52B4Q59G4Q5AR
706962,4Q2CB4Q2JG4Q2KR4Q2QB4Q2XG4Q2YR4Q52B4Q59G4Q5AR
708039,4Q2CB4Q2JG4Q2KR4Q2QB4Q2XG4Q2YR4Q52B4Q59G4Q5AR
708025,4Q2CB4Q2JG4Q2KR4Q2QB4Q2XG4Q2YR4Q52B4Q59G4Q5AR
706622,4Q2CB4Q2JG4Q2KR4Q2QB4Q2XG4Q2YR4Q52B4Q59G4Q5AR
706589,4Q2CB4Q2JG4Q2KR4Q2QB4Q2XG4Q2YR4Q52B4Q59G4Q5AR
668803,4Q2CB4Q2JG4Q2KR4Q2QB4Q2XG4Q2YR4Q52B4Q59G4Q5AR
712000,4Q2CB4Q2JG4Q2KR4Q2QB4Q2XG4Q2YR4Q52B4Q59G4Q5AR
712005,4Q2CB4Q2JG4Q2KR4Q2QB4Q2XG4Q2YR4Q52B4Q59G4Q5AR
1007859,4Q2CB4Q2JG4Q2QB4Q2XG4Q52B4Q59G4Q5GB4Q5NG4Q5UB
707908,4Q2CB4Q2JG4Q2KR4Q2QB4Q2XG4Q2YR4Q52B4Q59G4Q5AR
734680,4Q2CB4Q2JG4Q2QB4Q2XG4Q52B4Q59G4Q5GB4Q5NG4Q5UB
706595,4Q2CB4Q2JG4Q2KR4Q2QB4Q2XG4Q2YR4Q52B4Q59G4Q5AR
706946,4Q2CB4Q2JG4Q2KR4Q2QB4Q2XG4Q2YR4Q52B4Q59G4Q5AR
1001613,4Q2CB4Q2JG4Q2KR4Q2QB4Q2XG4Q2YR4Q52B4Q59G4Q5AR
707622,4Q2CB4Q2JG4Q2KR4Q2QB4Q2XG4Q2YR4Q52B4Q59G4Q5AR
707661,4Q2CB4Q2JG4Q2KR4Q2QB4Q2XG4Q2YR4Q52B4Q59G4Q5AR
733430,4Q2CB4Q2JG4Q2KR4Q2QB4Q2XG4Q2YR4Q52B4Q59G4Q5AR
1012555,4Q2CR4Q2FG4Q2MB4Q2QR4Q2TG4Q30B4Q52R4Q55G4Q5CB
1123261,4Q2AB4Q2CR4Q2HG4Q2OB4Q2QR4Q2VG4Q32B4Q52R4Q57G
1043395,4Q2CR4Q2FG4Q2MB4Q2QR4Q2TG4Q30B4Q52R4Q55G4Q5CB
1123262,4Q2AB4Q2CR4Q2HG4Q2OB4Q2QR4Q2VG4Q32B4Q52R4Q57G
756442,4Q2CR4Q2FG4Q2MB4Q2QR4Q2TG4Q30B4Q52R4Q55G4Q5CB
1123263,4Q2AB4Q2CR4Q2HG4Q2OB4Q2QR4Q2VG4Q32B4Q52R4Q57G
1123238,4Q2AB4Q2CR4Q2HG4Q2OB4Q2QR4Q2VG4Q32B4Q52R4Q57G
1123239,4Q2AB4Q2HG4Q2OB4Q2VG4Q32B4Q57G4Q5EB4Q5LG4Q5SB
755643,4Q2CR4Q2FG4Q2MB4Q2QR4Q2TG4Q30B4Q52R4Q55G4Q5CB
1123240,4Q2AB4Q2CR4Q2HG4Q2OB4Q2QR4Q2VG4Q32B4Q52R4Q57G
1123241,4Q2AB4Q2CR4Q2HG4Q2OB4Q2QR4Q2VG4Q32B4Q52R4Q57G
1123242,4Q2AB4Q2HG4Q2OB4Q2VG4Q32B4Q57G4Q5EB4Q5LG4Q5SB
1123243,4Q2AB4Q2HG4Q2OB4Q2VG4Q32B4Q57G4Q5EB4Q5LG4Q5SB
1123244,4Q2AB4Q2CR4Q2HG4Q2OB4Q2QR4Q2VG4Q32B4Q52R4Q57G
755644,4Q2CR4Q2FG4Q2MB4Q2QR4Q2TG4Q30B4Q52R4Q55G4Q5CB
1123254,4Q2AB4Q2HG4Q2OB4Q2VG4Q32B4Q57G4Q5EB4Q5LG4Q5SB
1123255,4Q2AB4Q2CR4Q2HG4Q2OB4Q2QR4Q2VG4Q32B4Q52R4Q57G
1123256,4Q2AB4Q2CR4Q2HG4Q2OB4Q2QR4Q2VG4Q32B4Q52R4Q57G
1123257,4Q2AB4Q2CR4Q2HG4Q2OB4Q2QR4Q2VG4Q32B4Q52R4Q57G
1123258,4Q2AB4Q2CR4Q2HG4Q2OB4Q2QR4Q2VG4Q32B4Q52R4Q57G
820166,4Q2CR4Q2FG4Q2MB4Q2QR4Q2TG4Q30B4Q52R4Q55G4Q5CB
1123259,4Q2AB4Q2CR4Q2HG4Q2OB4Q2QR4Q2VG4Q32B4Q52R4Q57G
1123260,4Q2AB4Q2HG4Q2OB4Q2VG4Q32B4Q57G4Q5EB4Q5LG4Q5SB
660050,4Q2FG4Q2MB4Q2TG4Q30B4Q55G4Q5CB4Q5JG4Q5QB4Q7UG
755650,4Q2CR4Q2FG4Q2MB4Q2QR4Q2TG4Q30B4Q52R4Q55G4Q5CB
755651,4Q2CR4Q2FG4Q2MB4Q2QR4Q2TG4Q30B4Q52R4Q55G4Q5CB
1123280,4Q2CR4Q2FG4Q2MB4Q2QR4Q2TG4Q30B4Q52R4Q55G4Q5CB
756444,4Q2CR4Q2FG4Q2MB4Q2QR4Q2TG4Q30B4Q52R4Q55G4Q5CB
1123279,4Q2AB4Q2CR4Q2HG4Q2OB4Q2QR4Q2VG4Q32B4Q52R4Q57G
733566,4Q2CB4Q2JG4Q2KR4Q2QB4Q2XG4Q2YR4Q52B4Q59G4Q5AR
707638,4Q2CB4Q2JG4Q2KR4Q2QB4Q2XG4Q2YR4Q52B4Q59G4Q5AR
706994,4Q2CB4Q2JG4Q2KR4Q2QB4Q2XG4Q2YR4Q52B4Q59G4Q5AR
706624,4Q2CB4Q2JG4Q2KR4Q2QB4Q2XG4Q2YR4Q52B4Q59G4Q5AR
706063,4Q2CB4Q2JG4Q2KR4Q2QB4Q2XG4Q2YR4Q52B4Q59G4Q5AR
733365,4Q2CB4Q2JG4Q2KR4Q2QB4Q2XG4Q2YR4Q52B4Q59G4Q5AR
712017,4Q2CB4Q2JG4Q2KR4Q2QB4Q2XG4Q2YR4Q52B4Q59G4Q5AR
708265,4Q2CB4Q2JG4Q2KR4Q2QB4Q2XG4Q2YR4Q52B4Q59G4Q5AR
668845,4Q2CB4Q2JG4Q2KR4Q2QB4Q2XG4Q2YR4Q52B4Q59G4Q5AR
668882,4Q2CB4Q2JG4Q2KR4Q2QB4Q2XG4Q2YR4Q52B4Q59G4Q5AR
734691,4Q2CB4Q2JG4Q2KR4Q2QB4Q2XG4Q2YR4Q52B4Q59G4Q5AR
668877,4Q2CB4Q2JG4Q2KR4Q2QB4Q2XG4Q2YR4Q52B4Q59G4Q5AR
669204,4Q2CB4Q2JG4Q2KR4Q2QB4Q2XG4Q2YR4Q52B4Q59G4Q5AR
706073,4Q2CB4Q2JG4Q2KR4Q2QB4Q2XG4Q2YR4Q52B4Q59G4Q5AR
734546,4Q2CB4Q2JG4Q2KR4Q2QB4Q2XG4Q2YR4Q52B4Q59G4Q5AR
708257,4Q2CB4Q2JG4Q2KR4Q2QB4Q2XG4Q2YR4Q52B4Q59G4Q5AR
700817,4Q2CB4Q2JG4Q2KR4Q2QB4Q2XG4Q2YR4Q52B4Q59G4Q5AR
708260,4Q2CB4Q2JG4Q2KR4Q2QB4Q2XG4Q2YR4Q52B4Q59G4Q5AR
707893,4Q2CB4Q2JG4Q2KR4Q2QB4Q2XG4Q2YR4Q52B4Q59G4Q5AR
708239,4Q2CB4Q2JG4Q2KR4Q2QB4Q2XG4Q2YR4Q52B4Q59G4Q5AR
668865,4Q2CB4Q2JG4Q2KR4Q2QB4Q2XG4Q2YR4Q52B4Q59G4Q5AR
787468,4Q2CB4Q2JG4Q2KR4Q2QB4Q2XG4Q2YR4Q52B4Q59G4Q5AR
734551,4Q2CB4Q2JG4Q2KR4Q2QB4Q2XG4Q2YR4Q52B4Q59G4Q5AR
734687,4Q2CB4Q2JG4Q2KR4Q2QB4Q2XG4Q2YR4Q52B4Q59G4Q5AR
995783,4Q2CB4Q2JG4Q2KR4Q2QB4Q2XG4Q2YR4Q52B4Q59G4Q5AR
706988,4Q2CB4Q2JG4Q2KR4Q2QB4Q2XG4Q2YR4Q52B4Q59G4Q5AR
706974,4Q2CB4Q2JG4Q2KR4Q2QB4Q2XG4Q2YR4Q52B4Q59G4Q5AR
707673,4Q2CB4Q2JG4Q2KR4Q2QB4Q2XG4Q2YR4Q52B4Q59G4Q5AR
1123253,4Q2AB4Q2CR4Q2HG4Q2OB4Q2QR4Q2VG4Q32B4Q52R4Q57G
1123245,4Q2AB4Q2CR4Q2HG4Q2OB4Q2QR4Q2VG4Q32B4Q52R4Q57G
1123252,4Q2AB4Q2CR4Q2HG4Q2OB4Q2QR4Q2VG4Q32B4Q52R4Q57G
1123246,4Q2AB4Q2CR4Q2HG4Q2OB4Q2QR4Q2VG4Q32B4Q52R4Q57G
1123251,4Q2AB4Q2CR4Q2HG4Q2OB4Q2QR4Q2VG4Q32B4Q52R4Q57G
1123247,4Q2AB4Q2CR4Q2HG4Q2OB4Q2QR4Q2VG4Q32B4Q52R4Q57G
1123250,4Q2AB4Q2CR4Q2HG4Q2OB4Q2QR4Q2VG4Q32B4Q52R4Q57G
1123248,4Q2AB4Q2CR4Q2HG4Q2OB4Q2QR4Q2VG4Q32B4Q52R4Q57G
1123249,4Q2AB4Q2CR4Q2HG4Q2OB4Q2QR4Q2VG4Q32B4Q52R4Q57G
706620,4Q2CB4Q2JG4Q2KR4Q2QB4Q2XG4Q2YR4Q52B4Q59G4Q5AR
733421,4Q2CB4Q2JG4Q2KR4Q2QB4Q2XG4Q2YR4Q52B4Q59G4Q5AR
995804,4Q2CB4Q2JG4Q2KR4Q2QB4Q2XG4Q2YR4Q52B4Q59G4Q5AR
708029,4Q2CB4Q2JG4Q2KR4Q2QB4Q2XG4Q2YR4Q52B4Q59G4Q5AR
708043,4Q2CB4Q2JG4Q2KR4Q2QB4Q2XG4Q2YR4Q52B4Q59G4Q5AR
706985,4Q2CB4Q2JG4Q2KR4Q2QB4Q2XG4Q2YR4Q52B4Q59G4Q5AR
733423,4Q2CB4Q2JG4Q2KR4Q2QB4Q2XG4Q2YR4Q52B4Q59G4Q5AR
706982,4Q2CB4Q2JG4Q2KR4Q2QB4Q2XG4Q2YR4Q52B4Q59G4Q5AR
706970,4Q2CB4Q2JG4Q2KR4Q2QB4Q2XG4Q2YR4Q52B4Q59G4Q5AR
709562,4Q2CB4Q2JG4Q2KR4Q2QB4Q2XG4Q2YR4Q52B4Q59G4Q5AR
707629,4Q2CB4Q2JG4Q2KR4Q2QB4Q2XG4Q2YR4Q52B4Q59G4Q5AR
1007860,4Q2CB4Q2JG4Q2KR4Q2QB4Q2XG4Q2YR4Q52B4Q59G4Q5AR
708281,4Q2CB4Q2JG4Q2KR4Q2QB4Q2XG4Q2YR4Q52B4Q59G4Q5AR
709554,4Q2CB4Q2JG4Q2KR4Q2QB4Q2XG4Q2YR4Q52B4Q59G4Q5AR
733568,4Q2CB4Q2JG4Q2KR4Q2QB4Q2XG4Q2YR4Q52B4Q59G4Q5AR
784287,4Q2CB4Q2JG4Q2KR4Q2QB4Q2XG4Q2YR4Q52B4Q59G4Q5AR
707690,4Q2CB4Q2JG4Q2KR4Q2QB4Q2XG4Q2YR4Q52B4Q59G4Q5AR
707645,4Q2CB4Q2JG4Q2KR4Q2QB4Q2XG4Q2YR4Q52B4Q59G4Q5AR
701975,4Q2CB4Q2JG4Q2KR4Q2QB4Q2XG4Q2YR4Q52B4Q59G4Q5AR
699924,4Q2CB4Q2JG4Q2KR4Q2QB4Q2XG4Q2YR4Q52B4Q59G4Q5AR
710275,4Q2CB4Q2JG4Q2KR4Q2QB4Q2XG4Q2YR4Q52B4Q59G4Q5AR
710263,4Q2CB4Q2JG4Q2KR4Q2QB4Q2XG4Q2YR4Q52B4Q59G4Q5AR
706581,4Q2CB4Q2JG4Q2KR4Q2QB4Q2XG4Q2YR4Q52B4Q59G4Q5AR
710291,4Q2CB4Q2JG4Q2KR4Q2QB4Q2XG4Q2YR4Q52B4Q59G4Q5AR
710293,4Q2CB4Q2JG4Q2KR4Q2QB4Q2XG4Q2YR4Q52B4Q59G4Q5AR
710277,4Q2CB4Q2JG4Q2KR4Q2QB4Q2XG4Q2YR4Q52B4Q59G4Q5AR
995782,4Q2CB4Q2JG4Q2KR4Q2QB4Q2XG4Q2YR4Q52B4Q59G4Q5AR
712012,4Q2CB4Q2JG4Q2KR4Q2QB4Q2XG4Q2YR4Q52B4Q59G4Q5AR
733364,4Q2CB4Q2JG4Q2KR4Q2QB4Q2XG4Q2YR4Q52B4Q59G4Q5AR
668805,4Q2CB4Q2JG4Q2KR4Q2QB4Q2XG4Q2YR4Q52B4Q59G4Q5AR
667491,4Q2CB4Q2JG4Q2KR4Q2QB4Q2XG4Q2YR4Q52B4Q59G4Q5AR
706593,4Q2CB4Q2JG4Q2KR4Q2QB4Q2XG4Q2YR4Q52B4Q59G4Q5AR
667495,4Q2CB4Q2JG4Q2KR4Q2QB4Q2XG4Q2YR4Q52B4Q59G4Q5AR
705063,4Q2DG4Q2KB4Q2RG4Q2YB4Q53G4Q5AB4Q5HG4Q5OB4Q5VG
920260,4Q2DG4Q2KB4Q2RG4Q2YB4Q53G4Q5AB4Q5HG4Q5OB4Q5VG
705056,4Q2DG4Q2KB4Q2RG4Q2YB4Q53G4Q5AB4Q5HG4Q5OB4Q5VG
778222,4Q2DG4Q2KB4Q2RG4Q2YB4Q53G4Q5AB4Q5HG4Q5OB4Q5VG
778223,4Q2DG4Q2KB4Q2RG4Q2YB4Q53G4Q5AB4Q5HG4Q5OB4Q5VG
920648,4Q2DG4Q2KB4Q2RG4Q2YB4Q53G4Q5AB4Q5HG4Q5OB4Q5VG
920642,4Q2DG4Q2KB4Q2RG4Q2YB4Q53G4Q5AB4Q5HG4Q5OB4Q5VG
920646,4Q2DG4Q2KB4Q2RG4Q2YB4Q53G4Q5AB4Q5HG4Q5OB4Q5VG
920291,4Q2DG4Q2KB4Q2RG4Q2YB4Q53G4Q5AB4Q5HG4Q5OB4Q5VG
920292,4Q2DG4Q2KB4Q2RG4Q2YB4Q53G4Q5AB4Q5HG4Q5OB4Q5VG
827665,4Q2DG4Q2KB4Q2RG4Q2YB4Q53G4Q5AB4Q5HG4Q5OB4Q5VG
920293,4Q2DG4Q2KB4Q2RG4Q2YB4Q53G4Q5AB4Q5HG4Q5OB4Q5VG
920629,4Q2DG4Q2KB4Q2RG4Q2YB4Q53G4Q5AB4Q5HG4Q5OB4Q5VG
827666,4Q2DG4Q2KB4Q2RG4Q2YB4Q53G4Q5AB4Q5HG4Q5OB4Q5VG
777310,4Q2DG4Q2KB4Q2RG4Q2YB4Q53G4Q5AB4Q5HG4Q5OB4Q5VG
920220,4Q2DG4Q2KB4Q2RG4Q2YB4Q53G4Q5AB4Q5HG4Q5OB4Q5VG
920215,4Q2DG4Q2KB4Q2RG4Q2YB4Q53G4Q5AB4Q5HG4Q5OB4Q5VG
777311,4Q2DG4Q2KB4Q2RG4Q2YB4Q53G4Q5AB4Q5HG4Q5OB4Q5VG
827659,4Q2DG4Q2KB4Q2RG4Q2YB4Q53G4Q5AB4Q5HG4Q5OB4Q5VG
703468,4Q2DG4Q2KB4Q2RG4Q2YB4Q53G4Q5AB4Q5HG4Q5OB4Q5VG
919845,4Q2DG4Q2KB4Q2RG4Q2YB4Q53G4Q5AB4Q5HG4Q5OB4Q5VG
919846,4Q2DG4Q2KB4Q2RG4Q2YB4Q53G4Q5AB4Q5HG4Q5OB4Q5VG
705054,4Q2DG4Q2KB4Q2RG4Q2YB4Q53G4Q5AB4Q5HG4Q5OB4Q5VG
920193,4Q2DG4Q2KB4Q2RG4Q2YB4Q53G4Q5AB4Q5HG4Q5OB4Q5VG
922445,4Q2DG4Q2KB4Q2RG4Q2YB4Q53G4Q5AB4Q5HG4Q5OB4Q5VG
922440,4Q2DG4Q2KB4Q2RG4Q2YB4Q53G4Q5AB4Q5HG4Q5OB4Q5VG
922454,4Q2DG4Q2KB4Q2RG4Q2YB4Q53G4Q5AB4Q5HG4Q5OB4Q5VG
922461,4Q2DG4Q2KB4Q2RG4Q2YB4Q53G4Q5AB4Q5HG4Q5OB4Q5VG
911448,4Q2DG4Q2KB4Q2RG4Q2YB4Q53G4Q5AB4Q5HG4Q5OB4Q5VG
922447,4Q2DG4Q2KB4Q2RG4Q2YB4Q53G4Q5AB4Q5HG4Q5OB4Q5VG
922422,4Q2DG4Q2KB4Q2RG4Q2YB4Q53G4Q5AB4Q5HG4Q5OB4Q5VG
793584,4Q2DG4Q2KB4Q2RG4Q2YB4Q53G4Q5AB4Q5HG4Q5OB4Q5VG
832479,4Q2DG4Q2KB4Q2RG4Q2YB4Q53G4Q5AB4Q5HG4Q5OB4Q5VG
791574,4Q2DG4Q2KB4Q2RG4Q2YB4Q53G4Q5AB4Q5HG4Q5OB4Q5VG
796713,4Q2DG4Q2KB4Q2RG4Q2YB4Q53G4Q5AB4Q5HG4Q5OB4Q5VG
1004972,4Q2DG4Q2KB4Q2RG4Q2YB4Q53G4Q5AB4Q5HG4Q5OB4Q5VG
854270,4Q2DG4Q2KB4Q2RG4Q2YB4Q53G4Q5AB4Q5HG4Q5OB4Q5VG
920284,4Q2DG4Q2KB4Q2RG4Q2YB4Q53G4Q5AB4Q5HG4Q5OB4Q5VG
854271,4Q2DG4Q2KB4Q2RG4Q2YB4Q53G4Q5AB4Q5HG4Q5OB4Q5VG
920281,4Q2DG4Q2KB4Q2RG4Q2YB4Q53G4Q5AB4Q5HG4Q5OB4Q5VG
854272,4Q2DG4Q2KB4Q2RG4Q2YB4Q53G4Q5AB4Q5HG4Q5OB4Q5VG
920275,4Q2DG4Q2KB4Q2RG4Q2YB4Q53G4Q5AB4Q5HG4Q5OB4Q5VG
854273,4Q2DG4Q2KB4Q2RG4Q2YB4Q53G4Q5AB4Q5HG4Q5OB4Q5VG
1031299,4Q2DG4Q2KB4Q2RG4Q2YB4Q53G4Q5AB4Q5HG4Q5OB4Q5VG
1122076,4Q2DG4Q2KB4Q2RG4Q2YB4Q53G4Q5AB4Q5HG4Q5OB4Q5VG
1122077,4Q2DG4Q2KB4Q2RG4Q2YB4Q53G4Q5AB4Q5HG4Q5OB4Q5VG
1122078,4Q2DG4Q2KB4Q2RG4Q2YB4Q53G4Q5AB4Q5HG4Q5OB4Q5VG
1122079,4Q2DG4Q2KB4Q2RG4Q2YB4Q53G4Q5AB4Q5HG4Q5OB4Q5VG
1122080,4Q2DG4Q2KB4Q2RG4Q2YB4Q53G4Q5AB4Q5HG4Q5OB4Q5VG
897562,4Q2DG4Q2KB4Q2RG4Q2YB4Q53G4Q5AB4Q5HG4Q5OB4Q5VG
964355,4Q2FB4Q2MG4Q2TB4Q30G4Q55B4Q5CG4Q5JB4Q5QG4Q7UB
964357,4Q2FB4Q2MG4Q2TB4Q30G4Q55B4Q5CG4Q5JB4Q5QG4Q7UB
705060,4Q2FB4Q2MG4Q2TB4Q30G4Q55B4Q5CG4Q5JB4Q5QG4Q7UB
783644,4Q2FB4Q2MG4Q2TB4Q30G4Q55B4Q5CG4Q5JB4Q5QG4Q7UB
920661,4Q2FB4Q2MG4Q2TB4Q30G4Q55B4Q5CG4Q5JB4Q5QG4Q7UB
964348,4Q2FB4Q2MG4Q2TB4Q30G4Q55B4Q5CG4Q5JB4Q5QG4Q7UB
778229,4Q2FB4Q2MG4Q2TB4Q30G4Q55B4Q5CG4Q5JB4Q5QG4Q7UB
705109,4Q2FB4Q2MG4Q2TB4Q30G4Q55B4Q5CG4Q5JB4Q5QG4Q7UB
637315,4Q2FB4Q2MG4Q2TB4Q30G4Q55B4Q5CG4Q5JB4Q5QG4Q7UB
637305,4Q2FB4Q2MG4Q2TB4Q30G4Q55B4Q5CG4Q5JB4Q5QG4Q7UB
920232,4Q2FB4Q2MG4Q2TB4Q30G4Q55B4Q5CG4Q5JB4Q5QG4Q7UB
637308,4Q2FB4Q2MG4Q2TB4Q30G4Q55B4Q5CG4Q5JB4Q5QG4Q7UB
706354,4Q2FB4Q2MG4Q2TB4Q30G4Q55B4Q5CG4Q5JB4Q5QG4Q7UB
637326,4Q2FB4Q2MG4Q2TB4Q30G4Q55B4Q5CG4Q5JB4Q5QG4Q7UB
637323,4Q2FB4Q2MG4Q2TB4Q30G4Q55B4Q5CG4Q5JB4Q5QG4Q7UB
637303,4Q2FB4Q2MG4Q2TB4Q30G4Q55B4Q5CG4Q5JB4Q5QG4Q7UB
637288,4Q2FB4Q2MG4Q2TB4Q30G4Q55B4Q5CG4Q5JB4Q5QG4Q7UB
637275,4Q2FB4Q2MG4Q2TB4Q30G4Q55B4Q5CG4Q5JB4Q5QG4Q7UB
827811,4Q2FB4Q2MG4Q2TB4Q30G4Q55B4Q5CG4Q5JB4Q5QG4Q7UB
827813,4Q2FB4Q2MG4Q2TB4Q30G4Q55B4Q5CG4Q5JB4Q5QG4Q7UB
637300,4Q2FB4Q2MG4Q2TB4Q30G4Q55B4Q5CG4Q5JB4Q5QG4Q7UB
778215,4Q2FB4Q2MG4Q2TB4Q30G4Q55B4Q5CG4Q5JB4Q5QG4Q7UB
637295,4Q2FB4Q2MG4Q2TB4Q30G4Q55B4Q5CG4Q5JB4Q5QG4Q7UB
638919,4Q2FB4Q2MG4Q2TB4Q30G4Q55B4Q5CG4Q5JB4Q5QG4Q7UB
637416,4Q2FB4Q2MG4Q2TB4Q30G4Q55B4Q5CG4Q5JB4Q5QG4Q7UB
774457,4Q2FB4Q2MG4Q2TB4Q30G4Q55B4Q5CG4Q5JB4Q5QG4Q7UB
637409,4Q2FB4Q2MG4Q2TB4Q30G4Q55B4Q5CG4Q5JB4Q5QG4Q7UB
827662,4Q2FB4Q2MG4Q2TB4Q30G4Q55B4Q5CG4Q5JB4Q5QG4Q7UB
922425,4Q2FB4Q2MG4Q2TB4Q30G4Q55B4Q5CG4Q5JB4Q5QG4Q7UB
920237,4Q2FB4Q2MG4Q2TB4Q30G4Q55B4Q5CG4Q5JB4Q5QG4Q7UB
705110,4Q2FB4Q2MG4Q2TB4Q30G4Q55B4Q5CG4Q5JB4Q5QG4Q7UB
964354,4Q2FB4Q2MG4Q2TB4Q30G4Q55B4Q5CG4Q5JB4Q5QG4Q7UB
778226,4Q2FB4Q2MG4Q2TB4Q30G4Q55B4Q5CG4Q5JB4Q5QG4Q7UB
964364,4Q2FB4Q2MG4Q2TB4Q30G4Q55B4Q5CG4Q5JB4Q5QG4Q7UB
637335,4Q2FB4Q2MG4Q2TB4Q30G4Q55B4Q5CG4Q5JB4Q5QG4Q7UB
638932,4Q2FB4Q2MG4Q2TB4Q30G4Q55B4Q5CG4Q5JB4Q5QG4Q7UB
633401,4Q2FB4Q2MG4Q2TB4Q30G4Q55B4Q5CG4Q5JB4Q5QG4Q7UB
831155,4Q2FB4Q2MG4Q2TB4Q30G4Q55B4Q5CG4Q5JB4Q5QG4Q7UB
638929,4Q2FB4Q2MG4Q2TB4Q30G4Q55B4Q5CG4Q5JB4Q5QG4Q7UB
637430,4Q2FB4Q2MG4Q2TB4Q30G4Q55B4Q5CG4Q5JB4Q5QG4Q7UB
635654,4Q2FB4Q2MG4Q2TB4Q30G4Q55B4Q5CG4Q5JB4Q5QG4Q7UB
635649,4Q2FB4Q2MG4Q2TB4Q30G4Q55B4Q5CG4Q5JB4Q5QG4Q7UB
635641,4Q2FB4Q2MG4Q2TB4Q30G4Q55B4Q5CG4Q5JB4Q5QG4Q7UB
635659,4Q2FB4Q2MG4Q2TB4Q30G4Q55B4Q5CG4Q5JB4Q5QG4Q7UB
635662,4Q2FB4Q2MG4Q2TB4Q30G4Q55B4Q5CG4Q5JB4Q5QG4Q7UB
1024225,4Q2FB4Q2MG4Q2TB4Q30G4Q55B4Q5CG4Q5JB4Q5QG4Q7UB
637423,4Q2FB4Q2MG4Q2TB4Q30G4Q55B4Q5CG4Q5JB4Q5QG4Q7UB
638925,4Q2FB4Q2MG4Q2TB4Q30G4Q55B4Q5CG4Q5JB4Q5QG4Q7UB
638920,4Q2FB4Q2MG4Q2TB4Q30G4Q55B4Q5CG4Q5JB4Q5QG4Q7UB
653541,4Q2EB4Q2LG4Q2SB4Q2ZG4Q54B4Q5BG4Q5IB4Q5PG4Q7TB
995340,4Q2EB4Q2LG4Q2SB4Q2ZG4Q54B4Q5BG4Q5IB4Q5PG4Q7TB
653540,4Q2EB4Q2LG4Q2SB4Q2ZG4Q54B4Q5BG4Q5IB4Q5PG4Q7TB
867376,4Q2EB4Q2LG4Q2SB4Q2ZG4Q54B4Q5BG4Q5IB4Q5PG4Q7TB
919633,4Q2EB4Q2LG4Q2SB4Q2ZG4Q54B4Q5BG4Q5IB4Q5PG4Q7TB
806780,4Q2EB4Q2LG4Q2SB4Q2ZG4Q54B4Q5BG4Q5IB4Q5PG4Q7TB
780706,4Q2EB4Q2LG4Q2SB4Q2ZG4Q54B4Q5BG4Q5IB4Q5PG4Q7TB
787949,4Q2EB4Q2LG4Q2SB4Q2ZG4Q54B4Q5BG4Q5IB4Q5PG4Q7TB
635954,4Q2DG4Q2KB4Q2RG4Q2YB4Q53G4Q5AB4Q5HG4Q5OB4Q5VG
637270,4Q2FB4Q2MG4Q2TB4Q30G4Q55B4Q5CG4Q5JB4Q5QG4Q7UB
637264,4Q2DG4Q2KB4Q2RG4Q2YB4Q53G4Q5AB4Q5HG4Q5OB4Q5VG
637260,4Q2FB4Q2MG4Q2TB4Q30G4Q55B4Q5CG4Q5JB4Q5QG4Q7UB
678893,4Q2DG4Q2KB4Q2RG4Q2YB4Q53G4Q5AB4Q5HG4Q5OB4Q5VG
678889,4Q2FB4Q2MG4Q2TB4Q30G4Q55B4Q5CG4Q5JB4Q5QG4Q7UB
635944,4Q2DG4Q2KB4Q2RG4Q2YB4Q53G4Q5AB4Q5HG4Q5OB4Q5VG
635610,4Q2FB4Q2MG4Q2TB4Q30G4Q55B4Q5CG4Q5JB4Q5QG4Q7UB
776042,4Q2DG4Q2KB4Q2RG4Q2YB4Q53G4Q5AB4Q5HG4Q5OB4Q5VG
636872,4Q2FB4Q2MG4Q2TB4Q30G4Q55B4Q5CG4Q5JB4Q5QG4Q7UB
635507,4Q2DG4Q2KB4Q2RG4Q2YB4Q53G4Q5AB4Q5HG4Q5OB4Q5VG
635504,4Q2DG4Q2KB4Q2RG4Q2YB4Q53G4Q5AB4Q5HG4Q5OB4Q5VG
636812,4Q2DG4Q2KB4Q2RG4Q2YB4Q53G4Q5AB4Q5HG4Q5OB4Q5VG
705108,4Q2DG4Q2KB4Q2RG4Q2YB4Q53G4Q5AB4Q5HG4Q5OB4Q5VG
776023,4Q2DG4Q2KB4Q2RG4Q2YB4Q53G4Q5AB4Q5HG4Q5OB4Q5VG
706359,4Q2DG4Q2KB4Q2RG4Q2YB4Q53G4Q5AB4Q5HG4Q5OB4Q5VG
635634,4Q2FB4Q2MG4Q2TB4Q30G4Q55B4Q5CG4Q5JB4Q5QG4Q7UB
706360,4Q2DG4Q2KB4Q2RG4Q2YB4Q53G4Q5AB4Q5HG4Q5OB4Q5VG
635623,4Q2FB4Q2MG4Q2TB4Q30G4Q55B4Q5CG4Q5JB4Q5QG4Q7UB
779967,4Q2DG4Q2KB4Q2RG4Q2YB4Q53G4Q5AB4Q5HG4Q5OB4Q5VG
637256,4Q2FB4Q2MG4Q2TB4Q30G4Q55B4Q5CG4Q5JB4Q5QG4Q7UB
637258,4Q2DG4Q2KB4Q2RG4Q2YB4Q53G4Q5AB4Q5HG4Q5OB4Q5VG
635949,4Q2FB4Q2MG4Q2TB4Q30G4Q55B4Q5CG4Q5JB4Q5QG4Q7UB
698203,4Q2FB4Q2MG4Q2TB4Q30G4Q55B4Q5CG4Q5JB4Q5QG4Q7UB
1017344,4Q2FB4Q2MG4Q2TB4Q30G4Q55B4Q5CG4Q5JB4Q5QG4Q7UB
698202,4Q2FB4Q2MG4Q2TB4Q30G4Q55B4Q5CG4Q5JB4Q5QG4Q7UB
827806,4Q2FB4Q2MG4Q2TB4Q30G4Q55B4Q5CG4Q5JB4Q5QG4Q7UB
636885,4Q2FB4Q2MG4Q2TB4Q30G4Q55B4Q5CG4Q5JB4Q5QG4Q7UB
789783,4Q2FB4Q2MG4Q2TB4Q30G4Q55B4Q5CG4Q5JB4Q5QG4Q7UB
636881,4Q2FB4Q2MG4Q2TB4Q30G4Q55B4Q5CG4Q5JB4Q5QG4Q7UB
636829,4Q2FB4Q2MG4Q2TB4Q30G4Q55B4Q5CG4Q5JB4Q5QG4Q7UB
636826,4Q2FB4Q2MG4Q2TB4Q30G4Q55B4Q5CG4Q5JB4Q5QG4Q7UB
636822,4Q2FB4Q2MG4Q2TB4Q30G4Q55B4Q5CG4Q5JB4Q5QG4Q7UB
636853,4Q2FB4Q2MG4Q2TB4Q30G4Q55B4Q5CG4Q5JB4Q5QG4Q7UB
636847,4Q2FB4Q2MG4Q2TB4Q30G4Q55B4Q5CG4Q5JB4Q5QG4Q7UB
636843,4Q2FB4Q2MG4Q2TB4Q30G4Q55B4Q5CG4Q5JB4Q5QG4Q7UB
805315,4Q2FB4Q2MG4Q2TB4Q30G4Q55B4Q5CG4Q5JB4Q5QG4Q7UB
963827,4Q2FB4Q2MG4Q2TB4Q30G4Q55B4Q5CG4Q5JB4Q5QG4Q7UB
963823,4Q2FB4Q2MG4Q2TB4Q30G4Q55B4Q5CG4Q5JB4Q5QG4Q7UB
705088,4Q2FB4Q2MG4Q2TB4Q30G4Q55B4Q5CG4Q5JB4Q5QG4Q7UB
963822,4Q2FB4Q2MG4Q2TB4Q30G4Q55B4Q5CG4Q5JB4Q5QG4Q7UB
705098,4Q2FB4Q2MG4Q2TB4Q30G4Q55B4Q5CG4Q5JB4Q5QG4Q7UB
783641,4Q2FB4Q2MG4Q2TB4Q30G4Q55B4Q5CG4Q5JB4Q5QG4Q7UB
967736,4Q2FB4Q2MG4Q2TB4Q30G4Q55B4Q5CG4Q5JB4Q5QG4Q7UB
1011050,4Q2FB4Q2MG4Q2TB4Q30G4Q55B4Q5CG4Q5JB4Q5QG4Q7UB
963809,4Q2FB4Q2MG4Q2TB4Q30G4Q55B4Q5CG4Q5JB4Q5QG4Q7UB
766390,4Q2FB4Q2MG4Q2TB4Q30G4Q55B4Q5CG4Q5JB4Q5QG4Q7UB
706366,4Q2FB4Q2MG4Q2TB4Q30G4Q55B4Q5CG4Q5JB4Q5QG4Q7UB
637437,4Q2FB4Q2MG4Q2TB4Q30G4Q55B4Q5CG4Q5JB4Q5QG4Q7UB
774463,4Q2FB4Q2MG4Q2TB4Q30G4Q55B4Q5CG4Q5JB4Q5QG4Q7UB
963836,4Q2FB4Q2MG4Q2TB4Q30G4Q55B4Q5CG4Q5JB4Q5QG4Q7UB
967733,4Q2FB4Q2MG4Q2TB4Q30G4Q55B4Q5CG4Q5JB4Q5QG4Q7UB
635500,4Q2FB4Q2MG4Q2TB4Q30G4Q55B4Q5CG4Q5JB4Q5QG4Q7UB
963820,4Q2FB4Q2MG4Q2TB4Q30G4Q55B4Q5CG4Q5JB4Q5QG4Q7UB
854274,4Q2FB4Q2MG4Q2TB4Q30G4Q55B4Q5CG4Q5JB4Q5QG4Q7UB
854275,4Q2FB4Q2MG4Q2TB4Q30G4Q55B4Q5CG4Q5JB4Q5QG4Q7UB
636838,4Q2FB4Q2MG4Q2TB4Q30G4Q55B4Q5CG4Q5JB4Q5QG4Q7UB
636848,4Q2FB4Q2MG4Q2TB4Q30G4Q55B4Q5CG4Q5JB4Q5QG4Q7UB
776026,4Q2FB4Q2MG4Q2TB4Q30G4Q55B4Q5CG4Q5JB4Q5QG4Q7UB
636825,4Q2FB4Q2MG4Q2TB4Q30G4Q55B4Q5CG4Q5JB4Q5QG4Q7UB
636833,4Q2FB4Q2MG4Q2TB4Q30G4Q55B4Q5CG4Q5JB4Q5QG4Q7UB
636877,4Q2FB4Q2MG4Q2TB4Q30G4Q55B4Q5CG4Q5JB4Q5QG4Q7UB
827781,4Q2FB4Q2MG4Q2TB4Q30G4Q55B4Q5CG4Q5JB4Q5QG4Q7UB
636874,4Q2FB4Q2MG4Q2TB4Q30G4Q55B4Q5CG4Q5JB4Q5QG4Q7UB
1005185,4Q2FB4Q2MG4Q2TB4Q30G4Q55B4Q5CG4Q5JB4Q5QG4Q7UB
636862,4Q2FB4Q2MG4Q2TB4Q30G4Q55B4Q5CG4Q5JB4Q5QG4Q7UB
963976,4Q2FB4Q2MG4Q2TB4Q30G4Q55B4Q5CG4Q5JB4Q5QG4Q7UB
963972,4Q2FB4Q2MG4Q2TB4Q30G4Q55B4Q5CG4Q5JB4Q5QG4Q7UB
963966,4Q2FB4Q2MG4Q2TB4Q30G4Q55B4Q5CG4Q5JB4Q5QG4Q7UB
963969,4Q2FB4Q2MG4Q2TB4Q30G4Q55B4Q5CG4Q5JB4Q5QG4Q7UB
964324,4Q2FB4Q2MG4Q2TB4Q30G4Q55B4Q5CG4Q5JB4Q5QG4Q7UB
964319,4Q2FB4Q2MG4Q2TB4Q30G4Q55B4Q5CG4Q5JB4Q5QG4Q7UB
705107,4Q2FB4Q2MG4Q2TB4Q30G4Q55B4Q5CG4Q5JB4Q5QG4Q7UB
967748,4Q2FB4Q2MG4Q2TB4Q30G4Q55B4Q5CG4Q5JB4Q5QG4Q7UB
967744,4Q2FB4Q2MG4Q2TB4Q30G4Q55B4Q5CG4Q5JB4Q5QG4Q7UB
967741,4Q2FB4Q2MG4Q2TB4Q30G4Q55B4Q5CG4Q5JB4Q5QG4Q7UB
967737,4Q2FB4Q2MG4Q2TB4Q30G4Q55B4Q5CG4Q5JB4Q5QG4Q7UB
1011088,4Q2FB4Q2MG4Q2TB4Q30G4Q55B4Q5CG4Q5JB4Q5QG4Q7UB
967762,4Q2FB4Q2MG4Q2TB4Q30G4Q55B4Q5CG4Q5JB4Q5QG4Q7UB
775901,4Q2FB4Q2MG4Q2TB4Q30G4Q55B4Q5CG4Q5JB4Q5QG4Q7UB
785214,4Q2FB4Q2MG4Q2TB4Q30G4Q55B4Q5CG4Q5JB4Q5QG4Q7UB
967753,4Q2FB4Q2MG4Q2TB4Q30G4Q55B4Q5CG4Q5JB4Q5QG4Q7UB
967751,4Q2FB4Q2MG4Q2TB4Q30G4Q55B4Q5CG4Q5JB4Q5QG4Q7UB
967738,4Q2FB4Q2MG4Q2TB4Q30G4Q55B4Q5CG4Q5JB4Q5QG4Q7UB
967742,4Q2FB4Q2MG4Q2TB4Q30G4Q55B4Q5CG4Q5JB4Q5QG4Q7UB
967749,4Q2FB4Q2MG4Q2TB4Q30G4Q55B4Q5CG4Q5JB4Q5QG4Q7UB
963985,4Q2FB4Q2MG4Q2TB4Q30G4Q55B4Q5CG4Q5JB4Q5QG4Q7UB
963831,4Q2FB4Q2MG4Q2TB4Q30G4Q55B4Q5CG4Q5JB4Q5QG4Q7UB
964325,4Q2FB4Q2MG4Q2TB4Q30G4Q55B4Q5CG4Q5JB4Q5QG4Q7UB
1011089,4Q2FB4Q2MG4Q2TB4Q30G4Q55B4Q5CG4Q5JB4Q5QG4Q7UB
783639,4Q2FB4Q2MG4Q2TB4Q30G4Q55B4Q5CG4Q5JB4Q5QG4Q7UB
637443,4Q2FB4Q2MG4Q2TB4Q30G4Q55B4Q5CG4Q5JB4Q5QG4Q7UB
637440,4Q2FB4Q2MG4Q2TB4Q30G4Q55B4Q5CG4Q5JB4Q5QG4Q7UB
963803,4Q2FB4Q2MG4Q2TB4Q30G4Q55B4Q5CG4Q5JB4Q5QG4Q7UB
963808,4Q2FB4Q2MG4Q2TB4Q30G4Q55B4Q5CG4Q5JB4Q5QG4Q7UB
963799,4Q2FB4Q2MG4Q2TB4Q30G4Q55B4Q5CG4Q5JB4Q5QG4Q7UB
963796,4Q2MG4Q30G4Q5CG4Q5QG4Q81G4Q8FG
636815,4Q2FB4Q2MG4Q2TB4Q30G4Q55B4Q5CG4Q5JB4Q5QG4Q7UB
636811,4Q2FB4Q2MG4Q2TB4Q30G4Q55B4Q5CG4Q5JB4Q5QG4Q7UB
776032,4Q2FB4Q2MG4Q2TB4Q30G4Q55B4Q5CG4Q5JB4Q5QG4Q7UB
706338,4Q2FB4Q2MG4Q2TB4Q30G4Q55B4Q5CG4Q5JB4Q5QG4Q7UB
1005501,4Q2FB4Q2MG4Q2TB4Q30G4Q55B4Q5CG4Q5JB4Q5QG4Q7UB
898611,4Q2FB4Q2MG4Q2TB4Q30G4Q55B4Q5CG4Q5JB4Q5QG4Q7UB
635612,4Q2FB4Q2MG4Q2TB4Q30G4Q55B4Q5CG4Q5JB4Q5QG4Q7UB
635666,4Q2FB4Q2MG4Q2TB4Q30G4Q55B4Q5CG4Q5JB4Q5QG4Q7UB
678899,4Q2FB4Q2MG4Q2TB4Q30G4Q55B4Q5CG4Q5JB4Q5QG4Q7UB
777321,4Q2FB4Q2MG4Q2TB4Q30G4Q55B4Q5CG4Q5JB4Q5QG4Q7UB
637267,4Q2FB4Q2MG4Q2TB4Q30G4Q55B4Q5CG4Q5JB4Q5QG4Q7UB
636869,4Q2FB4Q2MG4Q2TB4Q30G4Q55B4Q5CG4Q5JB4Q5QG4Q7UB
776024,4Q2FB4Q2MG4Q2TB4Q30G4Q55B4Q5CG4Q5JB4Q5QG4Q7UB
635170,4Q2FB4Q2MG4Q2TB4Q30G4Q55B4Q5CG4Q5JB4Q5QG4Q7UB
964340,4Q2FB4Q2FB4Q2MG4Q2TB4Q2TB4Q30G4Q55B4Q55B4Q5CG
964339,4Q2FB4Q2MG4Q2TB4Q30G4Q55B4Q5CG4Q5JB4Q5QG4Q7UB
964344,4Q2FB4Q2MG4Q2TB4Q30G4Q55B4Q5CG4Q5JB4Q5QG4Q7UB
635515,4Q2FB4Q2MG4Q2TB4Q30G4Q55B4Q5CG4Q5JB4Q5QG4Q7UB
994284,4Q2FB4Q2MG4Q2TB4Q30G4Q55B4Q5CG4Q5JB4Q5QG4Q7UB
854276,4Q2FB4Q2MG4Q2TB4Q30G4Q55B4Q5CG4Q5JB4Q5QG4Q7UB
854277,4Q2FB4Q2MG4Q2TB4Q30G4Q55B4Q5CG4Q5JB4Q5QG4Q7UB
898612,4Q2FB4Q2MG4Q2TB4Q30G4Q55B4Q5CG4Q5JB4Q5QG4Q7UB
700020,4Q2FB4Q2MG4Q2TB4Q30G4Q55B4Q5CG4Q5JB4Q5QG4Q7UB
896359,4Q2FB4Q2MG4Q2TB4Q30G4Q55B4Q5CG4Q5JB4Q5QG4Q7UB
779963,4Q2FB4Q2HG4Q2MB4Q2TB4Q2VG4Q30B4Q55B4Q57G4Q5CB
635665,4Q2FB4Q2HG4Q2HR4Q2MB4Q2TB4Q2VG4Q2VR4Q30B4Q55B
826273,4Q2FB4Q2HG4Q2MB4Q2TB4Q2VG4Q30B4Q55B4Q57G4Q5CB
637291,4Q2FB4Q2HG4Q2HR4Q2MB4Q2TB4Q2VG4Q2VR4Q30B4Q55B
638934,4Q2FB4Q2HG4Q2HR4Q2MB4Q2TB4Q2VG4Q2VR4Q30B4Q55B
637406,4Q2FB4Q2HG4Q2MB4Q2TB4Q2VG4Q30B4Q55B4Q57G4Q5CB
637334,4Q2FB4Q2HG4Q2MB4Q2TB4Q2VG4Q30B4Q55B4Q57G4Q5CB
638923,4Q2FB4Q2HG4Q2HR4Q2MB4Q2TB4Q2VG4Q2VR4Q30B4Q55B
637427,4Q2FB4Q2HG4Q2MB4Q2TB4Q2VG4Q30B4Q55B4Q57G4Q5CB
637425,4Q2FB4Q2HG4Q2HR4Q2MB4Q2TB4Q2VG4Q2VR4Q30B4Q55B
637431,4Q2FB4Q2HG4Q2MB4Q2TB4Q2VG4Q30B4Q55B4Q57G4Q5CB
706365,4Q2FB4Q2HG4Q2HR4Q2MB4Q2TB4Q2VG4Q2VR4Q30B4Q55B
963817,4Q2FB4Q2HG4Q2MB4Q2TB4Q2VG4Q30B4Q55B4Q57G4Q5CB
706352,4Q2FB4Q2HG4Q2MB4Q2TB4Q2VG4Q30B4Q55B4Q57G4Q5CB
637304,4Q2FB4Q2HG4Q2MB4Q2TB4Q2VG4Q30B4Q55B4Q57G4Q5CB
637284,4Q2FB4Q2HG4Q2MB4Q2TB4Q2VG4Q30B4Q55B4Q57G4Q5CB
637280,4Q2FB4Q2HG4Q2HR4Q2MB4Q2TB4Q2VG4Q2VR4Q30B4Q55B
827812,4Q2FB4Q2HG4Q2MB4Q2TB4Q2VG4Q30B4Q55B4Q57G4Q5CB
637321,4Q2FB4Q2HG4Q2HR4Q2MB4Q2TB4Q2VG4Q2VR4Q30B4Q55B
827815,4Q2FB4Q2HG4Q2MB4Q2TB4Q2VG4Q30B4Q55B4Q57G4Q5CB
706353,4Q2FB4Q2HG4Q2MB4Q2TB4Q2VG4Q30B4Q55B4Q57G4Q5CB
637316,4Q2FB4Q2HG4Q2HR4Q2MB4Q2TB4Q2VG4Q2VR4Q30B4Q55B
920659,4Q2FB4Q2HG4Q2MB4Q2TB4Q2VG4Q30B4Q55B4Q57G4Q5CB
964363,4Q2FB4Q2HG4Q2HR4Q2MB4Q2TB4Q2VG4Q2VR4Q30B4Q55B
778227,4Q2FB4Q2HG4Q2MB4Q2TB4Q2VG4Q30B4Q55B4Q57G4Q5CB
964349,4Q2FB4Q2HG4Q2MB4Q2TB4Q2VG4Q30B4Q55B4Q57G4Q5CB
920653,4Q2FB4Q2HG4Q2MB4Q2TB4Q2VG4Q30B4Q55B4Q57G4Q5CB
964353,4Q2FB4Q2HG4Q2HR4Q2MB4Q2TB4Q2VG4Q2VR4Q30B4Q55B
635948,4Q2FB4Q2HG4Q2MB4Q2TB4Q2VG4Q30B4Q55B4Q57G4Q5CB
778216,4Q2FB4Q2HG4Q2MB4Q2TB4Q2VG4Q30B4Q55B4Q57G4Q5CB
922424,4Q2FB4Q2HG4Q2HR4Q2MB4Q2TB4Q2VG4Q2VR4Q30B4Q55B
920225,4Q2FB4Q2HG4Q2MB4Q2TB4Q2VG4Q30B4Q55B4Q57G4Q5CB
920231,4Q2FB4Q2HG4Q2HR4Q2MB4Q2TB4Q2VG4Q2VR4Q30B4Q55B
922451,4Q2FB4Q2HG4Q2HR4Q2MB4Q2TB4Q2VG4Q2VR4Q30B4Q55B
922456,4Q2FB4Q2HG4Q2HR4Q2MB4Q2TB4Q2VG4Q2VR4Q30B4Q55B
922436,4Q2FB4Q2HG4Q2HR4Q2MB4Q2TB4Q2VG4Q2VR4Q30B4Q55B
920192,4Q2FB4Q2HG4Q2HR4Q2MB4Q2TB4Q2VG4Q2VR4Q30B4Q55B
920201,4Q2FB4Q2HG4Q2HR4Q2MB4Q2TB4Q2VG4Q2VR4Q30B4Q55B
635955,4Q2FB4Q2HG4Q2MB4Q2TB4Q2VG4Q30B4Q55B4Q57G4Q5CB
705053,4Q2FB4Q2HG4Q2HR4Q2MB4Q2TB4Q2VG4Q2VR4Q30B4Q55B
777306,4Q2FB4Q2HG4Q2HR4Q2MB4Q2TB4Q2VG4Q2VR4Q30B4Q55B
920216,4Q2FB4Q2HG4Q2MB4Q2TB4Q2VG4Q30B4Q55B4Q57G4Q5CB
920221,4Q2FB4Q2HG4Q2MB4Q2TB4Q2VG4Q30B4Q55B4Q57G4Q5CB
920205,4Q2FB4Q2HG4Q2MB4Q2TB4Q2VG4Q30B4Q55B4Q57G4Q5CB
920211,4Q2FB4Q2HG4Q2HR4Q2MB4Q2TB4Q2VG4Q2VR4Q30B4Q55B
778218,4Q2FB4Q2HG4Q2HR4Q2MB4Q2TB4Q2VG4Q2VR4Q30B4Q55B
920631,4Q2FB4Q2HG4Q2HR4Q2MB4Q2TB4Q2VG4Q2VR4Q30B4Q55B
705058,4Q2FB4Q2HG4Q2MB4Q2TB4Q2VG4Q30B4Q55B4Q57G4Q5CB
920298,4Q2FB4Q2HG4Q2HR4Q2MB4Q2TB4Q2VG4Q2VR4Q30B4Q55B
637257,4Q2FB4Q2HG4Q2HR4Q2MB4Q2TB4Q2VG4Q2VR4Q30B4Q55B
920647,4Q2FB4Q2HG4Q2MB4Q2TB4Q2VG4Q30B4Q55B4Q57G4Q5CB
920650,4Q2FB4Q2HG4Q2HR4Q2MB4Q2TB4Q2VG4Q2VR4Q30B4Q55B
920635,4Q2FB4Q2HG4Q2MB4Q2TB4Q2VG4Q30B4Q55B4Q57G4Q5CB
920640,4Q2FB4Q2HG4Q2HR4Q2MB4Q2TB4Q2VG4Q2VR4Q30B4Q55B
827663,4Q2FB4Q2HG4Q2MB4Q2TB4Q2VG4Q30B4Q55B4Q57G4Q5CB
920259,4Q2FB4Q2HG4Q2MB4Q2TB4Q2VG4Q30B4Q55B4Q57G4Q5CB
922467,4Q2FB4Q2HG4Q2MB4Q2TB4Q2VG4Q30B4Q55B4Q57G4Q5CB
920267,4Q2FB4Q2HG4Q2MB4Q2TB4Q2VG4Q30B4Q55B4Q57G4Q5CB
920277,4Q2FB4Q2HG4Q2HR4Q2MB4Q2TB4Q2VG4Q2VR4Q30B4Q55B
920285,4Q2FB4Q2HG4Q2MB4Q2TB4Q2VG4Q30B4Q55B4Q57G4Q5CB
826270,4Q2FB4Q2HG4Q2HR4Q2MB4Q2TB4Q2VG4Q2VR4Q30B4Q55B
920261,4Q2FB4Q2HG4Q2HR4Q2MB4Q2TB4Q2VG4Q2VR4Q30B4Q55B
920271,4Q2FB4Q2HG4Q2HR4Q2MB4Q2TB4Q2VG4Q2VR4Q30B4Q55B
705057,4Q2FB4Q2HG4Q2MB4Q2TB4Q2VG4Q30B4Q55B4Q57G4Q5CB
920287,4Q2FB4Q2HG4Q2HR4Q2MB4Q2TB4Q2VG4Q2VR4Q30B4Q55B
920248,4Q2FB4Q2HG4Q2MB4Q2TB4Q2VG4Q30B4Q55B4Q57G4Q5CB
922466,4Q2FB4Q2HG4Q2HR4Q2MB4Q2TB4Q2VG4Q2VR4Q30B4Q55B
920250,4Q2FB4Q2HG4Q2HR4Q2MB4Q2TB4Q2VG4Q2VR4Q30B4Q55B
920638,4Q2FB4Q2HG4Q2HR4Q2MB4Q2TB4Q2VG4Q2VR4Q30B4Q55B
920649,4Q2FB4Q2HG4Q2HR4Q2MB4Q2TB4Q2VG4Q2VR4Q30B4Q55B
1024206,4Q2FB4Q2HG4Q2HR4Q2MB4Q2TB4Q2VG4Q2VR4Q30B4Q55B
705059,4Q2FB4Q2HG4Q2HR4Q2MB4Q2TB4Q2VG4Q2VR4Q30B4Q55B
920290,4Q2FB4Q2HG4Q2HR4Q2MB4Q2TB4Q2VG4Q2VR4Q30B4Q55B
1004960,4Q2FB4Q2HG4Q2HR4Q2MB4Q2TB4Q2VG4Q2VR4Q30B4Q55B
635278,4Q2FB4Q2HG4Q2HR4Q2MB4Q2TB4Q2VG4Q2VR4Q30B4Q55B
1035784,4Q2FB4Q2HG4Q2MB4Q2TB4Q2VG4Q30B4Q55B4Q57G4Q5CB
896669,4Q2FB4Q2HG4Q2MB4Q2TB4Q2VG4Q30B4Q55B4Q57G4Q5CB
698204,4Q2FB4Q2HG4Q2MB4Q2TB4Q2VG4Q30B4Q55B4Q57G4Q5CB
896666,4Q2FB4Q2HG4Q2MB4Q2TB4Q2VG4Q30B4Q55B4Q57G4Q5CB
992203,4Q2FB4Q2HG4Q2MB4Q2TB4Q2VG4Q30B4Q55B4Q57G4Q5CB
698205,4Q2FB4Q2HG4Q2MB4Q2TB4Q2VG4Q30B4Q55B4Q57G4Q5CB
896667,4Q2FB4Q2HG4Q2MB4Q2TB4Q2VG4Q30B4Q55B4Q57G4Q5CB
698206,4Q2FB4Q2HG4Q2MB4Q2TB4Q2VG4Q30B4Q55B4Q57G4Q5CB
896668,4Q2FB4Q2HG4Q2MB4Q2TB4Q2VG4Q30B4Q55B4Q57G4Q5CB
698207,4Q2FB4Q2HG4Q2MB4Q2TB4Q2VG4Q30B4Q55B4Q57G4Q5CB
698208,4Q2FB4Q2HG4Q2MB4Q2TB4Q2VG4Q30B4Q55B4Q57G4Q5CB
896671,4Q2FB4Q2HG4Q2HR4Q2MB4Q2TB4Q2VG4Q2VR4Q30B4Q55B
896670,4Q2FB4Q2HG4Q2MB4Q2TB4Q2VG4Q30B4Q55B4Q57G4Q5CB
865887,4Q2CR4Q2FG4Q2MB4Q2QR4Q2TG4Q30B4Q52R4Q55G4Q5CB
866201,4Q2CR4Q2FG4Q2MB4Q2QR4Q2TG4Q30B4Q52R4Q55G4Q5CB
706129,4Q2CR4Q2FG4Q2MB4Q2QR4Q2TG4Q30B4Q52R4Q55G4Q5CB
866212,4Q2CR4Q2FG4Q2MB4Q2QR4Q2TG4Q30B4Q52R4Q55G4Q5CB
697463,4Q2CR4Q2FG4Q2MB4Q2QR4Q2TG4Q30B4Q52R4Q55G4Q5CB
866202,4Q2CR4Q2FG4Q2MB4Q2QR4Q2TG4Q30B4Q52R4Q55G4Q5CB
922453,4Q2FB4Q2HG4Q2HR4Q2MB4Q2TB4Q2VG4Q2VR4Q30B4Q55B
920233,4Q2FB4Q2HG4Q2MB4Q2TB4Q2VG4Q30B4Q55B4Q57G4Q5CB
922426,4Q2FB4Q2HG4Q2MB4Q2TB4Q2VG4Q30B4Q55B4Q57G4Q5CB
920235,4Q2FB4Q2HG4Q2MB4Q2TB4Q2VG4Q30B4Q55B4Q57G4Q5CB
964371,4Q2FB4Q2HG4Q2MB4Q2TB4Q2VG4Q30B4Q55B4Q57G4Q5CB
964372,4Q2FB4Q2HG4Q2HR4Q2MB4Q2TB4Q2VG4Q2VR4Q30B4Q55B
964350,4Q2FB4Q2HG4Q2HR4Q2MB4Q2TB4Q2VG4Q2VR4Q30B4Q55B
920663,4Q2FB4Q2HG4Q2MB4Q2TB4Q2VG4Q30B4Q55B4Q57G4Q5CB
637317,4Q2FB4Q2HG4Q2HR4Q2MB4Q2TB4Q2VG4Q2VR4Q30B4Q55B
637309,4Q2FB4Q2HG4Q2MB4Q2TB4Q2VG4Q30B4Q55B4Q57G4Q5CB
777340,4Q2FB4Q2HG4Q2HR4Q2MB4Q2TB4Q2VG4Q2VR4Q30B4Q55B
637282,4Q2FB4Q2HG4Q2MB4Q2TB4Q2VG4Q30B4Q55B4Q57G4Q5CB
637281,4Q2FB4Q2HG4Q2HR4Q2MB4Q2TB4Q2VG4Q2VR4Q30B4Q55B
637302,4Q2FB4Q2HG4Q2MB4Q2TB4Q2VG4Q30B4Q55B4Q57G4Q5CB
637293,4Q2FB4Q2HG4Q2HR4Q2MB4Q2TB4Q2VG4Q2VR4Q30B4Q55B
637415,4Q2FB4Q2HG4Q2MB4Q2TB4Q2VG4Q30B4Q55B4Q57G4Q5CB
774455,4Q2FB4Q2HG4Q2MB4Q2TB4Q2VG4Q30B4Q55B4Q57G4Q5CB
637424,4Q2FB4Q2HG4Q2MB4Q2TB4Q2VG4Q30B4Q55B4Q57G4Q5CB
774331,4Q2FB4Q2HG4Q2MB4Q2TB4Q2VG4Q30B4Q55B4Q57G4Q5CB
907237,4Q2FB4Q2HG4Q2MB4Q2TB4Q2VG4Q30B4Q55B4Q57G4Q5CB
638927,4Q2FB4Q2HG4Q2MB4Q2TB4Q2VG4Q30B4Q55B4Q57G4Q5CB
637418,4Q2FB4Q2HG4Q2MB4Q2TB4Q2VG4Q30B4Q55B4Q57G4Q5CB
706361,4Q2FB4Q2HG4Q2MB4Q2TB4Q2VG4Q30B4Q55B4Q57G4Q5CB
779966,4Q2FB4Q2HG4Q2MB4Q2TB4Q2VG4Q30B4Q55B4Q57G4Q5CB
1024207,4Q2FB4Q2HG4Q2MB4Q2TB4Q2VG4Q30B4Q55B4Q57G4Q5CB
635613,4Q2FB4Q2HG4Q2MB4Q2TB4Q2VG4Q30B4Q55B4Q57G4Q5CB
635633,4Q2FB4Q2HG4Q2MB4Q2TB4Q2VG4Q30B4Q55B4Q57G4Q5CB
635625,4Q2FB4Q2HG4Q2MB4Q2TB4Q2VG4Q30B4Q55B4Q57G4Q5CB
637269,4Q2FB4Q2HG4Q2MB4Q2TB4Q2VG4Q30B4Q55B4Q57G4Q5CB
1004957,4Q2FB4Q2HG4Q2MB4Q2TB4Q2VG4Q30B4Q55B4Q57G4Q5CB
637259,4Q2FB4Q2HG4Q2MB4Q2TB4Q2VG4Q30B4Q55B4Q57G4Q5CB
776047,4Q2FB4Q2HG4Q2MB4Q2TB4Q2VG4Q30B4Q55B4Q57G4Q5CB
678890,4Q2FB4Q2HG4Q2MB4Q2TB4Q2VG4Q30B4Q55B4Q57G4Q5CB
635943,4Q2FB4Q2HG4Q2MB4Q2TB4Q2VG4Q30B4Q55B4Q57G4Q5CB
635608,4Q2FB4Q2HG4Q2MB4Q2TB4Q2VG4Q30B4Q55B4Q57G4Q5CB
635511,4Q2FB4Q2HG4Q2MB4Q2TB4Q2VG4Q30B4Q55B4Q57G4Q5CB
635503,4Q2FB4Q2HG4Q2MB4Q2TB4Q2VG4Q30B4Q55B4Q57G4Q5CB
636819,4Q2FB4Q2HG4Q2MB4Q2TB4Q2VG4Q30B4Q55B4Q57G4Q5CB
635508,4Q2FB4Q2HG4Q2MB4Q2TB4Q2VG4Q30B4Q55B4Q57G4Q5CB
964337,4Q2FB4Q2HG4Q2MB4Q2TB4Q2VG4Q30B4Q55B4Q57G4Q5CB
920209,4Q2FB4Q2HG4Q2MB4Q2TB4Q2VG4Q30B4Q55B4Q57G4Q5CB
635168,4Q2FB4Q2HG4Q2MB4Q2TB4Q2VG4Q30B4Q55B4Q57G4Q5CB
706349,4Q2FB4Q2HG4Q2MB4Q2TB4Q2VG4Q30B4Q55B4Q57G4Q5CB
636864,4Q2FB4Q2HG4Q2MB4Q2TB4Q2VG4Q30B4Q55B4Q57G4Q5CB
636884,4Q2FB4Q2HG4Q2MB4Q2TB4Q2VG4Q30B4Q55B4Q57G4Q5CB
636876,4Q2FB4Q2HG4Q2MB4Q2TB4Q2VG4Q30B4Q55B4Q57G4Q5CB
636830,4Q2FB4Q2HG4Q2MB4Q2TB4Q2VG4Q30B4Q55B4Q57G4Q5CB
706350,4Q2FB4Q2HG4Q2MB4Q2TB4Q2VG4Q30B4Q55B4Q57G4Q5CB
827805,4Q2FB4Q2HG4Q2MB4Q2TB4Q2VG4Q30B4Q55B4Q57G4Q5CB
963824,4Q2FB4Q2HG4Q2MB4Q2TB4Q2VG4Q30B4Q55B4Q57G4Q5CB
967730,4Q2FB4Q2HG4Q2MB4Q2TB4Q2VG4Q30B4Q55B4Q57G4Q5CB
963835,4Q2FB4Q2HG4Q2MB4Q2TB4Q2VG4Q30B4Q55B4Q57G4Q5CB
963821,4Q2FB4Q2HG4Q2MB4Q2TB4Q2VG4Q30B4Q55B4Q57G4Q5CB
637433,4Q2FB4Q2HG4Q2MB4Q2TB4Q2VG4Q30B4Q55B4Q57G4Q5CB
963805,4Q2FB4Q2HG4Q2MB4Q2TB4Q2VG4Q30B4Q55B4Q57G4Q5CB
705087,4Q2FB4Q2HG4Q2MB4Q2TB4Q2VG4Q30B4Q55B4Q57G4Q5CB
963967,4Q2FB4Q2HG4Q2MB4Q2TB4Q2VG4Q30B4Q55B4Q57G4Q5CB
964326,4Q2FB4Q2HG4Q2MB4Q2TB4Q2VG4Q30B4Q55B4Q57G4Q5CB
963982,4Q2FB4Q2HG4Q2MB4Q2TB4Q2VG4Q30B4Q55B4Q57G4Q5CB
705099,4Q2FB4Q2HG4Q2MB4Q2TB4Q2VG4Q30B4Q55B4Q57G4Q5CB
967764,4Q2FB4Q2HG4Q2MB4Q2TB4Q2VG4Q30B4Q55B4Q57G4Q5CB
775899,4Q2FB4Q2HG4Q2MB4Q2TB4Q2VG4Q30B4Q55B4Q57G4Q5CB
967763,4Q2FB4Q2HG4Q2MB4Q2TB4Q2VG4Q30B4Q55B4Q57G4Q5CB
967739,4Q2FB4Q2HG4Q2MB4Q2TB4Q2VG4Q30B4Q55B4Q57G4Q5CB
775566,4Q2FB4Q2HG4Q2MB4Q2TB4Q2VG4Q30B4Q55B4Q57G4Q5CB
920184,4Q2FB4Q2HG4Q2MB4Q2TB4Q2VG4Q30B4Q55B4Q57G4Q5CB
920194,4Q2FB4Q2HG4Q2HR4Q2MB4Q2TB4Q2VG4Q2VR4Q30B4Q55B
1140424,4Q2FB4Q2HG4Q2MB4Q2TB4Q2VG4Q30B4Q55B4Q57G4Q5CB
1104596,4Q2FB4Q2HG4Q2MB4Q2TB4Q2VG4Q30B4Q55B4Q57G4Q5CB
1098343,4Q2FB4Q2HG4Q2MB4Q2TB4Q2VG4Q30B4Q55B4Q57G4Q5CB
1098344,4Q2FB4Q2HG4Q2MB4Q2TB4Q2VG4Q30B4Q55B4Q57G4Q5CB
1132698,4Q2FB4Q2HG4Q2MB4Q2TB4Q2VG4Q30B4Q55B4Q57G4Q5CB
1104595,4Q2FB4Q2HG4Q2MB4Q2TB4Q2VG4Q30B4Q55B4Q57G4Q5CB
1122070,4Q2FB4Q2HG4Q2MB4Q2TB4Q2VG4Q30B4Q55B4Q57G4Q5CB
1122071,4Q2FB4Q2HG4Q2MB4Q2TB4Q2VG4Q30B4Q55B4Q57G4Q5CB
1122072,4Q2FB4Q2HG4Q2MB4Q2TB4Q2VG4Q30B4Q55B4Q57G4Q5CB
1122073,4Q2FB4Q2HG4Q2MB4Q2TB4Q2VG4Q30B4Q55B4Q57G4Q5CB
1122074,4Q2FB4Q2HG4Q2MB4Q2TB4Q2VG4Q30B4Q55B4Q57G4Q5CB
1122075,4Q2FB4Q2HG4Q2MB4Q2TB4Q2VG4Q30B4Q55B4Q57G4Q5CB
963804,4Q2FB4Q2HG4Q2HR4Q2MB4Q2TB4Q2VG4Q2VR4Q30B4Q55B
963801,4Q2FB4Q2HG4Q2MB4Q2TB4Q2VG4Q30B4Q55B4Q57G4Q5CB
908988,4Q2FB4Q2HG4Q2MB4Q2TB4Q2VG4Q30B4Q55B4Q57G4Q5CB
963811,4Q2FB4Q2HG4Q2MB4Q2TB4Q2VG4Q30B4Q55B4Q57G4Q5CB
967729,4Q2FB4Q2HG4Q2MB4Q2TB4Q2VG4Q30B4Q55B4Q57G4Q5CB
967728,4Q2FB4Q2HG4Q2MB4Q2TB4Q2VG4Q30B4Q55B4Q57G4Q5CB
963828,4Q2FB4Q2HG4Q2MB4Q2TB4Q2VG4Q30B4Q55B4Q57G4Q5CB
635160,4Q2FB4Q2HG4Q2MB4Q2TB4Q2VG4Q30B4Q55B4Q57G4Q5CB
636855,4Q2FB4Q2HG4Q2HR4Q2MB4Q2TB4Q2VG4Q2VR4Q30B4Q55B
636854,4Q2FB4Q2HG4Q2MB4Q2TB4Q2VG4Q30B4Q55B4Q57G4Q5CB
754629,4Q2FB4Q2HG4Q2MB4Q2TB4Q2VG4Q30B4Q55B4Q57G4Q5CB
636823,4Q2FB4Q2HG4Q2HR4Q2MB4Q2TB4Q2VG4Q2VR4Q30B4Q55B
636834,4Q2FB4Q2HG4Q2MB4Q2TB4Q2VG4Q30B4Q55B4Q57G4Q5CB
706351,4Q2FB4Q2HG4Q2HR4Q2MB4Q2TB4Q2VG4Q2VR4Q30B4Q55B
636882,4Q2FB4Q2HG4Q2HR4Q2MB4Q2TB4Q2VG4Q2VR4Q30B4Q55B
777322,4Q2FB4Q2HG4Q2HR4Q2MB4Q2TB4Q2VG4Q2VR4Q30B4Q55B
636873,4Q2FB4Q2HG4Q2MB4Q2TB4Q2VG4Q30B4Q55B4Q57G4Q5CB
776025,4Q2FB4Q2HG4Q2MB4Q2TB4Q2VG4Q30B4Q55B4Q57G4Q5CB
635173,4Q2FB4Q2HG4Q2HR4Q2MB4Q2TB4Q2VG4Q2VR4Q30B4Q55B
964332,4Q2FB4Q2HG4Q2MB4Q2TB4Q2VG4Q30B4Q55B4Q57G4Q5CB
964343,4Q2FB4Q2HG4Q2HR4Q2MB4Q2TB4Q2VG4Q2VR4Q30B4Q55B
635514,4Q2FB4Q2HG4Q2MB4Q2TB4Q2VG4Q30B4Q55B4Q57G4Q5CB
635516,4Q2FB4Q2HG4Q2HR4Q2MB4Q2TB4Q2VG4Q2VR4Q30B4Q55B
776030,4Q2FB4Q2HG4Q2MB4Q2TB4Q2VG4Q30B4Q55B4Q57G4Q5CB
635506,4Q2FB4Q2HG4Q2HR4Q2MB4Q2TB4Q2VG4Q2VR4Q30B4Q55B
635512,4Q2FB4Q2HG4Q2MB4Q2TB4Q2VG4Q30B4Q55B4Q57G4Q5CB
706378,4Q2FB4Q2HG4Q2HR4Q2MB4Q2TB4Q2VG4Q2VR4Q30B4Q55B
635611,4Q2FB4Q2HG4Q2MB4Q2TB4Q2VG4Q30B4Q55B4Q57G4Q5CB
706341,4Q2FB4Q2HG4Q2MB4Q2TB4Q2VG4Q30B4Q55B4Q57G4Q5CB
678895,4Q2FB4Q2HG4Q2MB4Q2TB4Q2VG4Q30B4Q55B4Q57G4Q5CB
635945,4Q2FB4Q2HG4Q2MB4Q2TB4Q2VG4Q30B4Q55B4Q57G4Q5CB
637266,4Q2FB4Q2HG4Q2HR4Q2MB4Q2TB4Q2VG4Q2VR4Q30B4Q55B
637274,4Q2FB4Q2HG4Q2MB4Q2TB4Q2VG4Q30B4Q55B4Q57G4Q5CB
635951,4Q2FB4Q2HG4Q2MB4Q2TB4Q2VG4Q30B4Q55B4Q57G4Q5CB
706342,4Q2FB4Q2HG4Q2MB4Q2TB4Q2VG4Q30B4Q55B4Q57G4Q5CB
635621,4Q2FB4Q2HG4Q2MB4Q2TB4Q2VG4Q30B4Q55B4Q57G4Q5CB
635627,4Q2FB4Q2HG4Q2MB4Q2TB4Q2VG4Q30B4Q55B4Q57G4Q5CB
635283,4Q2FB4Q2HG4Q2MB4Q2TB4Q2VG4Q30B4Q55B4Q57G4Q5CB
635281,4Q2FB4Q2HG4Q2MB4Q2TB4Q2VG4Q30B4Q55B4Q57G4Q5CB
635617,4Q2FB4Q2HG4Q2HR4Q2MB4Q2TB4Q2VG4Q2VR4Q30B4Q55B
779964,4Q2FB4Q2HG4Q2MB4Q2TB4Q2VG4Q30B4Q55B4Q57G4Q5CB
635664,4Q2FB4Q2HG4Q2MB4Q2TB4Q2VG4Q30B4Q55B4Q57G4Q5CB
635642,4Q2FB4Q2HG4Q2HR4Q2MB4Q2TB4Q2VG4Q2VR4Q30B4Q55B
635651,4Q2FB4Q2HG4Q2HR4Q2MB4Q2TB4Q2VG4Q2VR4Q30B4Q55B
789763,4Q2FB4Q2HG4Q2HR4Q2MB4Q2TB4Q2VG4Q2VR4Q30B4Q55B
633400,4Q2FB4Q2HG4Q2HR4Q2MB4Q2TB4Q2VG4Q2VR4Q30B4Q55B
774333,4Q2FB4Q2HG4Q2HR4Q2MB4Q2TB4Q2VG4Q2VR4Q30B4Q55B
637332,4Q2FB4Q2HG4Q2HR4Q2MB4Q2TB4Q2VG4Q2VR4Q30B4Q55B
705126,4Q2FB4Q2HG4Q2HR4Q2MB4Q2TB4Q2VG4Q2VR4Q30B4Q55B
774458,4Q2FB4Q2HG4Q2HR4Q2MB4Q2TB4Q2VG4Q2VR4Q30B4Q55B
774460,4Q2FB4Q2HG4Q2HR4Q2MB4Q2TB4Q2VG4Q2VR4Q30B4Q55B
774459,4Q2FB4Q2HG4Q2HR4Q2MB4Q2TB4Q2VG4Q2VR4Q30B4Q55B
637412,4Q2FB4Q2HG4Q2HR4Q2MB4Q2TB4Q2VG4Q2VR4Q30B4Q55B
777341,4Q2FB4Q2HG4Q2HR4Q2MB4Q2TB4Q2VG4Q2VR4Q30B4Q55B
1005189,4Q2FB4Q2HG4Q2HR4Q2MB4Q2TB4Q2VG4Q2VR4Q30B4Q55B
637301,4Q2FB4Q2HG4Q2HR4Q2MB4Q2TB4Q2VG4Q2VR4Q30B4Q55B
637279,4Q2FB4Q2HG4Q2HR4Q2MB4Q2TB4Q2VG4Q2VR4Q30B4Q55B
637286,4Q2FB4Q2HG4Q2HR4Q2MB4Q2TB4Q2VG4Q2VR4Q30B4Q55B
637320,4Q2FB4Q2HG4Q2HR4Q2MB4Q2TB4Q2VG4Q2VR4Q30B4Q55B
637319,4Q2FB4Q2HG4Q2HR4Q2MB4Q2TB4Q2VG4Q2VR4Q30B4Q55B
963981,4Q2FB4Q2HG4Q2MB4Q2TB4Q2VG4Q30B4Q55B4Q57G4Q5CB
637312,4Q2FB4Q2HG4Q2MB4Q2TB4Q2VG4Q30B4Q55B4Q57G4Q5CB
637311,4Q2FB4Q2HG4Q2HR4Q2MB4Q2TB4Q2VG4Q2VR4Q30B4Q55B
777337,4Q2FB4Q2HG4Q2HR4Q2MB4Q2TB4Q2VG4Q2VR4Q30B4Q55B
964352,4Q2FB4Q2HG4Q2MB4Q2TB4Q2VG4Q30B4Q55B4Q57G4Q5CB
777241,4Q2FB4Q2HG4Q2MB4Q2TB4Q2VG4Q30B4Q55B4Q57G4Q5CB
964368,4Q2FB4Q2HG4Q2MB4Q2TB4Q2VG4Q30B4Q55B4Q57G4Q5CB
777244,4Q2FB4Q2HG4Q2MB4Q2TB4Q2VG4Q30B4Q55B4Q57G4Q5CB
1004961,4Q2FB4Q2HG4Q2MB4Q2TB4Q2VG4Q30B4Q55B4Q57G4Q5CB
964376,4Q2FB4Q2HG4Q2HR4Q2MB4Q2TB4Q2VG4Q2VR4Q30B4Q55B
920652,4Q2FB4Q2HG4Q2HR4Q2MB4Q2TB4Q2VG4Q2VR4Q30B4Q55B
964361,4Q2FB4Q2HG4Q2HR4Q2MB4Q2TB4Q2VG4Q2VR4Q30B4Q55B
922423,4Q2FB4Q2HG4Q2MB4Q2TB4Q2VG4Q30B4Q55B4Q57G4Q5CB
922420,4Q2FB4Q2HG4Q2MB4Q2TB4Q2VG4Q30B4Q55B4Q57G4Q5CB
920229,4Q2FB4Q2HG4Q2MB4Q2TB4Q2VG4Q30B4Q55B4Q57G4Q5CB
705062,4Q2FB4Q2HG4Q2HR4Q2MB4Q2TB4Q2VG4Q2VR4Q30B4Q55B
922457,4Q2FB4Q2HG4Q2HR4Q2MB4Q2TB4Q2VG4Q2VR4Q30B4Q55B
705061,4Q2FB4Q2HG4Q2HR4Q2MB4Q2TB4Q2VG4Q2VR4Q30B4Q55B
1004971,4Q2FB4Q2HG4Q2HR4Q2MB4Q2TB4Q2VG4Q2VR4Q30B4Q55B
777307,4Q2FB4Q2HG4Q2MB4Q2TB4Q2VG4Q30B4Q55B4Q57G4Q5CB
920200,4Q2FB4Q2HG4Q2MB4Q2TB4Q2VG4Q30B4Q55B4Q57G4Q5CB
963975,4Q2FB4Q2HG4Q2HR4Q2MB4Q2TB4Q2VG4Q2VR4Q30B4Q55B
920190,4Q2FB4Q2HG4Q2HR4Q2MB4Q2TB4Q2VG4Q2VR4Q30B4Q55B
920189,4Q2FB4Q2HG4Q2MB4Q2TB4Q2VG4Q30B4Q55B4Q57G4Q5CB
778209,4Q2FB4Q2HG4Q2HR4Q2MB4Q2TB4Q2VG4Q2VR4Q30B4Q55B
963797,4Q2FB4Q2HG4Q2HR4Q2MB4Q2TB4Q2VG4Q2VR4Q30B4Q55B
896672,4Q2FB4Q2HG4Q2MB4Q2TB4Q2VG4Q30B4Q55B4Q57G4Q5CB
698209,4Q2FB4Q2HG4Q2MB4Q2TB4Q2VG4Q30B4Q55B4Q57G4Q5CB
698210,4Q2FB4Q2HG4Q2MB4Q2TB4Q2VG4Q30B4Q55B4Q57G4Q5CB
1035785,4Q2FB4Q2HG4Q2MB4Q2TB4Q2VG4Q30B4Q55B4Q57G4Q5CB
637227,4Q2FB4Q2HG4Q2MB4Q2TB4Q2VG4Q30B4Q55B4Q57G4Q5CB
637226,4Q2FB4Q2HG4Q2MB4Q2TB4Q2VG4Q30B4Q55B4Q57G4Q5CB
920294,4Q2FB4Q2HG4Q2MB4Q2TB4Q2VG4Q30B4Q55B4Q57G4Q5CB
920286,4Q2FB4Q2HG4Q2MB4Q2TB4Q2VG4Q30B4Q55B4Q57G4Q5CB
920283,4Q2FB4Q2HG4Q2MB4Q2TB4Q2VG4Q30B4Q55B4Q57G4Q5CB
920263,4Q2FB4Q2HG4Q2MB4Q2TB4Q2VG4Q30B4Q55B4Q57G4Q5CB
920217,4Q2FB4Q2HG4Q2MB4Q2TB4Q2VG4Q30B4Q55B4Q57G4Q5CB
920270,4Q2FB4Q2HG4Q2MB4Q2TB4Q2VG4Q30B4Q55B4Q57G4Q5CB
783623,4Q2FB4Q2HG4Q2MB4Q2TB4Q2VG4Q30B4Q55B4Q57G4Q5CB
777200,4Q2FB4Q2HG4Q2MB4Q2TB4Q2VG4Q30B4Q55B4Q57G4Q5CB
969909,4Q2FB4Q2HG4Q2MB4Q2TB4Q2VG4Q30B4Q55B4Q57G4Q5CB
969908,4Q2FB4Q2HG4Q2MB4Q2TB4Q2VG4Q30B4Q55B4Q57G4Q5CB
1011109,4Q2FB4Q2HG4Q2MB4Q2TB4Q2VG4Q30B4Q55B4Q57G4Q5CB
705122,4Q2FB4Q2HG4Q2MB4Q2TB4Q2VG4Q30B4Q55B4Q57G4Q5CB
637237,4Q2FB4Q2HG4Q2MB4Q2TB4Q2VG4Q30B4Q55B4Q57G4Q5CB
1011433,4Q2FB4Q2HG4Q2MB4Q2TB4Q2VG4Q30B4Q55B4Q57G4Q5CB
637234,4Q2FB4Q2HG4Q2MB4Q2TB4Q2VG4Q30B4Q55B4Q57G4Q5CB
920208,4Q2FB4Q2HG4Q2MB4Q2TB4Q2VG4Q30B4Q55B4Q57G4Q5CB
777203,4Q2FB4Q2HG4Q2MB4Q2TB4Q2VG4Q30B4Q55B4Q57G4Q5CB
969924,4Q2FB4Q2HG4Q2MB4Q2TB4Q2VG4Q30B4Q55B4Q57G4Q5CB
783624,4Q2FB4Q2HG4Q2MB4Q2TB4Q2VG4Q30B4Q55B4Q57G4Q5CB
788851,4Q2FB4Q2HG4Q2MB4Q2TB4Q2VG4Q30B4Q55B4Q57G4Q5CB
969920,4Q2FB4Q2HG4Q2MB4Q2TB4Q2VG4Q30B4Q55B4Q57G4Q5CB
969919,4Q2FB4Q2HG4Q2MB4Q2TB4Q2VG4Q30B4Q55B4Q57G4Q5CB
969918,4Q2FB4Q2HG4Q2MB4Q2TB4Q2VG4Q30B4Q55B4Q57G4Q5CB
777202,4Q2FB4Q2HG4Q2MB4Q2TB4Q2VG4Q30B4Q55B4Q57G4Q5CB
969914,4Q2FB4Q2HG4Q2MB4Q2TB4Q2VG4Q30B4Q55B4Q57G4Q5CB
969912,4Q2FB4Q2HG4Q2MB4Q2TB4Q2VG4Q30B4Q55B4Q57G4Q5CB
920212,4Q2FB4Q2HG4Q2MB4Q2TB4Q2VG4Q30B4Q55B4Q57G4Q5CB
777201,4Q2FB4Q2HG4Q2MB4Q2TB4Q2VG4Q30B4Q55B4Q57G4Q5CB
705102,4Q2FB4Q2HG4Q2MB4Q2TB4Q2VG4Q30B4Q55B4Q57G4Q5CB
637232,4Q2FB4Q2HG4Q2MB4Q2TB4Q2VG4Q30B4Q55B4Q57G4Q5CB
637207,4Q2FB4Q2HG4Q2MB4Q2TB4Q2VG4Q30B4Q55B4Q57G4Q5CB
969907,4Q2FB4Q2HG4Q2MB4Q2TB4Q2VG4Q30B4Q55B4Q57G4Q5CB
637216,4Q2FB4Q2HG4Q2HR4Q2MB4Q2TB4Q2VG4Q2VR4Q30B4Q55B
1011432,4Q2FB4Q2HG4Q2MB4Q2TB4Q2VG4Q30B4Q55B4Q57G4Q5CB
637214,4Q2FB4Q2HG4Q2MB4Q2TB4Q2VG4Q30B4Q55B4Q57G4Q5CB
637212,4Q2FB4Q2HG4Q2MB4Q2TB4Q2VG4Q30B4Q55B4Q57G4Q5CB
637210,4Q2FB4Q2HG4Q2HR4Q2MB4Q2TB4Q2VG4Q2VR4Q30B4Q55B
920734,4Q2FB4Q2HG4Q2MB4Q2TB4Q2VG4Q30B4Q55B4Q57G4Q5CB
637217,4Q2FB4Q2HG4Q2MB4Q2TB4Q2VG4Q30B4Q55B4Q57G4Q5CB
705121,4Q2FB4Q2HG4Q2MB4Q2TB4Q2VG4Q30B4Q55B4Q57G4Q5CB
637206,4Q2FB4Q2HG4Q2MB4Q2TB4Q2VG4Q30B4Q55B4Q57G4Q5CB
637203,4Q2FB4Q2HG4Q2HR4Q2MB4Q2TB4Q2VG4Q2VR4Q30B4Q55B
637201,4Q2FB4Q2HG4Q2MB4Q2TB4Q2VG4Q30B4Q55B4Q57G4Q5CB
637225,4Q2FB4Q2HG4Q2MB4Q2TB4Q2VG4Q30B4Q55B4Q57G4Q5CB
637209,4Q2FB4Q2HG4Q2MB4Q2TB4Q2VG4Q30B4Q55B4Q57G4Q5CB
637230,4Q2FB4Q2HG4Q2MB4Q2TB4Q2VG4Q30B4Q55B4Q57G4Q5CB
637228,4Q2FB4Q2HG4Q2MB4Q2TB4Q2VG4Q30B4Q55B4Q57G4Q5CB
912185,4Q2FB4Q2HG4Q2MB4Q2TB4Q2VG4Q30B4Q55B4Q57G4Q5CB
920628,4Q2FB4Q2HG4Q2MB4Q2TB4Q2VG4Q30B4Q55B4Q57G4Q5CB
853521,4Q2FB4Q2HG4Q2MB4Q2TB4Q2VG4Q30B4Q55B4Q57G4Q5CB
853522,4Q2FB4Q2HG4Q2MB4Q2TB4Q2VG4Q30B4Q55B4Q57G4Q5CB
754307,4Q2FB4Q2HG4Q2MB4Q2TB4Q2VG4Q30B4Q55B4Q57G4Q5CB
853519,4Q2FB4Q2HG4Q2MB4Q2TB4Q2VG4Q30B4Q55B4Q57G4Q5CB
853518,4Q2FB4Q2HG4Q2MB4Q2TB4Q2VG4Q30B4Q55B4Q57G4Q5CB
853520,4Q2FB4Q2HG4Q2MB4Q2TB4Q2VG4Q30B4Q55B4Q57G4Q5CB
1020853,4Q2FB4Q2HG4Q2MB4Q2TB4Q2VG4Q30B4Q55B4Q57G4Q5CB
948703,4Q2FB4Q2HG4Q2MB4Q2TB4Q2VG4Q30B4Q55B4Q57G4Q5CB
1130062,4Q2FB4Q2HG4Q2MB4Q2TB4Q2VG4Q30B4Q55B4Q57G4Q5CB
1130061,4Q2FB4Q2HG4Q2MB4Q2TB4Q2VG4Q30B4Q55B4Q57G4Q5CB
1130060,4Q2FB4Q2HG4Q2MB4Q2TB4Q2VG4Q30B4Q55B4Q57G4Q5CB
1130065,4Q2FB4Q2HG4Q2MB4Q2TB4Q2VG4Q30B4Q55B4Q57G4Q5CB
1130064,4Q2FB4Q2HG4Q2MB4Q2TB4Q2VG4Q30B4Q55B4Q57G4Q5CB
1130063,4Q2FB4Q2HG4Q2MB4Q2TB4Q2VG4Q30B4Q55B4Q57G4Q5CB
637341,4Q2FB4Q2HG4Q2HR4Q2MB4Q2TB4Q2VG4Q2VR4Q30B4Q55B
964423,4Q2FB4Q2HG4Q2HR4Q2MB4Q2TB4Q2VG4Q2VR4Q30B4Q55B
964421,4Q2FB4Q2HG4Q2HR4Q2MB4Q2TB4Q2VG4Q2VR4Q30B4Q55B
777351,4Q2FB4Q2HG4Q2HR4Q2MB4Q2TB4Q2VG4Q2VR4Q30B4Q55B
637362,4Q2FB4Q2HG4Q2MB4Q2TB4Q2VG4Q30B4Q55B4Q57G4Q5CB
637360,4Q2FB4Q2HG4Q2HR4Q2MB4Q2TB4Q2VG4Q2VR4Q30B4Q55B
637359,4Q2FB4Q2HG4Q2MB4Q2TB4Q2VG4Q30B4Q55B4Q57G4Q5CB
637358,4Q2FB4Q2HG4Q2MB4Q2TB4Q2VG4Q30B4Q55B4Q57G4Q5CB
637356,4Q2FB4Q2HG4Q2HR4Q2MB4Q2TB4Q2VG4Q2VR4Q30B4Q55B
637364,4Q2FB4Q2HG4Q2HR4Q2MB4Q2TB4Q2VG4Q2VR4Q30B4Q55B
637233,4Q2FB4Q2HG4Q2HR4Q2MB4Q2TB4Q2VG4Q2VR4Q30B4Q55B
827817,4Q2FB4Q2HG4Q2MB4Q2TB4Q2VG4Q30B4Q55B4Q57G4Q5CB
789784,4Q2FB4Q2HG4Q2MB4Q2TB4Q2VG4Q30B4Q55B4Q57G4Q5CB
637351,4Q2FB4Q2HG4Q2MB4Q2TB4Q2VG4Q30B4Q55B4Q57G4Q5CB
777349,4Q2FB4Q2HG4Q2MB4Q2TB4Q2VG4Q30B4Q55B4Q57G4Q5CB
1011110,4Q2FB4Q2HG4Q2MB4Q2TB4Q2VG4Q30B4Q55B4Q57G4Q5CB
969925,4Q2FB4Q2HG4Q2MB4Q2TB4Q2VG4Q30B4Q55B4Q57G4Q5CB
777207,4Q2FB4Q2HG4Q2HR4Q2MB4Q2TB4Q2VG4Q2VR4Q30B4Q55B
969930,4Q2FB4Q2HG4Q2MB4Q2TB4Q2VG4Q30B4Q55B4Q57G4Q5CB
969929,4Q2FB4Q2HG4Q2MB4Q2TB4Q2VG4Q30B4Q55B4Q57G4Q5CB
969928,4Q2FB4Q2HG4Q2HR4Q2MB4Q2TB4Q2VG4Q2VR4Q30B4Q55B
969942,4Q2FB4Q2HG4Q2MB4Q2TB4Q2VG4Q30B4Q55B4Q57G4Q5CB
705103,4Q2FB4Q2HG4Q2HR4Q2MB4Q2TB4Q2VG4Q2VR4Q30B4Q55B
964414,4Q2FB4Q2HG4Q2MB4Q2TB4Q2VG4Q30B4Q55B4Q57G4Q5CB
783647,4Q2FB4Q2HG4Q2MB4Q2TB4Q2VG4Q30B4Q55B4Q57G4Q5CB
1011392,4Q2FB4Q2HG4Q2HR4Q2MB4Q2TB4Q2VG4Q2VR4Q30B4Q55B
705111,4Q2FB4Q2HG4Q2HR4Q2MB4Q2TB4Q2VG4Q2VR4Q30B4Q55B
777209,4Q2FB4Q2HG4Q2MB4Q2TB4Q2VG4Q30B4Q55B4Q57G4Q5CB
969939,4Q2FB4Q2HG4Q2HR4Q2MB4Q2TB4Q2VG4Q2VR4Q30B4Q55B
637221,4Q2FB4Q2HG4Q2HR4Q2MB4Q2TB4Q2VG4Q2VR4Q30B4Q55B
777208,4Q2FB4Q2HG4Q2HR4Q2MB4Q2TB4Q2VG4Q2VR4Q30B4Q55B
969935,4Q2FB4Q2HG4Q2MB4Q2TB4Q2VG4Q30B4Q55B4Q57G4Q5CB
777347,4Q2FB4Q2HG4Q2HR4Q2MB4Q2TB4Q2VG4Q2VR4Q30B4Q55B
635553,4Q2FB4Q2HG4Q2MB4Q2TB4Q2VG4Q30B4Q55B4Q57G4Q5CB
635551,4Q2FB4Q2HG4Q2MB4Q2TB4Q2VG4Q30B4Q55B4Q57G4Q5CB
635549,4Q2FB4Q2HG4Q2MB4Q2TB4Q2VG4Q30B4Q55B4Q57G4Q5CB
635546,4Q2FB4Q2HG4Q2HR4Q2MB4Q2TB4Q2VG4Q2VR4Q30B4Q55B
706339,4Q2FB4Q2HG4Q2MB4Q2TB4Q2VG4Q30B4Q55B4Q57G4Q5CB
635554,4Q2FB4Q2HG4Q2MB4Q2TB4Q2VG4Q30B4Q55B4Q57G4Q5CB
827784,4Q2FB4Q2HG4Q2MB4Q2TB4Q2VG4Q30B4Q55B4Q57G4Q5CB
637219,4Q2FB4Q2HG4Q2HR4Q2MB4Q2TB4Q2VG4Q2VR4Q30B4Q55B
635538,4Q2FB4Q2HG4Q2MB4Q2TB4Q2VG4Q30B4Q55B4Q57G4Q5CB
635536,4Q2FB4Q2HG4Q2MB4Q2TB4Q2VG4Q30B4Q55B4Q57G4Q5CB
635563,4Q2FB4Q2HG4Q2HR4Q2MB4Q2TB4Q2VG4Q2VR4Q30B4Q55B
635544,4Q2FB4Q2HG4Q2HR4Q2MB4Q2TB4Q2VG4Q2VR4Q30B4Q55B
635572,4Q2FB4Q2HG4Q2HR4Q2MB4Q2TB4Q2VG4Q2VR4Q30B4Q55B
635570,4Q2FB4Q2HG4Q2HR4Q2MB4Q2TB4Q2VG4Q2VR4Q30B4Q55B
635568,4Q2FB4Q2HG4Q2HR4Q2MB4Q2TB4Q2VG4Q2VR4Q30B4Q55B
827786,4Q2FB4Q2HG4Q2MB4Q2TB4Q2VG4Q30B4Q55B4Q57G4Q5CB
635564,4Q2FB4Q2HG4Q2HR4Q2MB4Q2TB4Q2VG4Q2VR4Q30B4Q55B
705100,4Q2FB4Q2HG4Q2MB4Q2TB4Q2VG4Q30B4Q55B4Q57G4Q5CB
637350,4Q2FB4Q2HG4Q2MB4Q2TB4Q2VG4Q30B4Q55B4Q57G4Q5CB
635561,4Q2FB4Q2HG4Q2MB4Q2TB4Q2VG4Q30B4Q55B4Q57G4Q5CB
635558,4Q2FB4Q2HG4Q2MB4Q2TB4Q2VG4Q30B4Q55B4Q57G4Q5CB
706340,4Q2FB4Q2HG4Q2MB4Q2TB4Q2VG4Q30B4Q55B4Q57G4Q5CB
635557,4Q2FB4Q2HG4Q2MB4Q2TB4Q2VG4Q30B4Q55B4Q57G4Q5CB
635534,4Q2FB4Q2HG4Q2MB4Q2TB4Q2VG4Q30B4Q55B4Q57G4Q5CB
635542,4Q2FB4Q2HG4Q2MB4Q2TB4Q2VG4Q30B4Q55B4Q57G4Q5CB
634266,4Q2FB4Q2HG4Q2MB4Q2TB4Q2VG4Q30B4Q55B4Q57G4Q5CB
827769,4Q2FB4Q2HG4Q2HR4Q2MB4Q2TB4Q2VG4Q2VR4Q30B4Q55B
774730,4Q2FB4Q2HG4Q2MB4Q2TB4Q2VG4Q30B4Q55B4Q57G4Q5CB
634262,4Q2FB4Q2HG4Q2MB4Q2TB4Q2VG4Q30B4Q55B4Q57G4Q5CB
637348,4Q2FB4Q2HG4Q2HR4Q2MB4Q2TB4Q2VG4Q2VR4Q30B4Q55B
774729,4Q2FB4Q2HG4Q2HR4Q2MB4Q2TB4Q2VG4Q2VR4Q30B4Q55B
634259,4Q2FB4Q2HG4Q2MB4Q2TB4Q2VG4Q30B4Q55B4Q57G4Q5CB
634257,4Q2FB4Q2HG4Q2MB4Q2TB4Q2VG4Q30B4Q55B4Q57G4Q5CB
634255,4Q2FB4Q2HG4Q2HR4Q2MB4Q2TB4Q2VG4Q2VR4Q30B4Q55B
706335,4Q2FB4Q2HG4Q2HR4Q2MB4Q2TB4Q2VG4Q2VR4Q30B4Q55B
635522,4Q2FB4Q2HG4Q2HR4Q2MB4Q2TB4Q2VG4Q2VR4Q30B4Q55B
635533,4Q2FB4Q2HG4Q2HR4Q2MB4Q2TB4Q2VG4Q2VR4Q30B4Q55B
637345,4Q2FB4Q2HG4Q2HR4Q2MB4Q2TB4Q2VG4Q2VR4Q30B4Q55B
635531,4Q2FB4Q2HG4Q2HR4Q2MB4Q2TB4Q2VG4Q2VR4Q30B4Q55B
635529,4Q2FB4Q2HG4Q2HR4Q2MB4Q2TB4Q2VG4Q2VR4Q30B4Q55B
635526,4Q2FB4Q2HG4Q2HR4Q2MB4Q2TB4Q2VG4Q2VR4Q30B4Q55B
634269,4Q2FB4Q2HG4Q2HR4Q2MB4Q2TB4Q2VG4Q2VR4Q30B4Q55B
635535,4Q2FB4Q2HG4Q2HR4Q2MB4Q2TB4Q2VG4Q2VR4Q30B4Q55B
635519,4Q2FB4Q2HG4Q2HR4Q2MB4Q2TB4Q2VG4Q2VR4Q30B4Q55B
775656,4Q2FB4Q2HG4Q2HR4Q2MB4Q2TB4Q2VG4Q2VR4Q30B4Q55B
634272,4Q2FB4Q2HG4Q2HR4Q2MB4Q2TB4Q2VG4Q2VR4Q30B4Q55B
775915,4Q2FB4Q2HG4Q2HR4Q2MB4Q2TB4Q2VG4Q2VR4Q30B4Q55B
775910,4Q2FB4Q2HG4Q2HR4Q2MB4Q2TB4Q2VG4Q2VR4Q30B4Q55B
1005191,4Q2FB4Q2HG4Q2HR4Q2MB4Q2TB4Q2VG4Q2VR4Q30B4Q55B
637343,4Q2FB4Q2HG4Q2MB4Q2TB4Q2VG4Q30B4Q55B4Q57G4Q5CB
1097272,4Q2FB4Q2HG4Q2MB4Q2TB4Q2VG4Q30B4Q55B4Q57G4Q5CB
860696,4Q2FB4Q2HG4Q2MB4Q2TB4Q2VG4Q30B4Q55B4Q57G4Q5CB
700021,4Q2FB4Q2HG4Q2MB4Q2TB4Q2VG4Q30B4Q55B4Q57G4Q5CB
992204,4Q2FB4Q2HG4Q2MB4Q2TB4Q2VG4Q30B4Q55B4Q57G4Q5CB
896673,4Q2FB4Q2HG4Q2MB4Q2TB4Q2VG4Q30B4Q55B4Q57G4Q5CB
1122064,4Q2FB4Q2HG4Q2MB4Q2TB4Q2VG4Q30B4Q55B4Q57G4Q5CB
1122065,4Q2FB4Q2HG4Q2MB4Q2TB4Q2VG4Q30B4Q55B4Q57G4Q5CB
1122066,4Q2FB4Q2HG4Q2MB4Q2TB4Q2VG4Q30B4Q55B4Q57G4Q5CB
1122067,4Q2FB4Q2HG4Q2MB4Q2TB4Q2VG4Q30B4Q55B4Q57G4Q5CB
1122068,4Q2FB4Q2HG4Q2MB4Q2TB4Q2VG4Q30B4Q55B4Q57G4Q5CB
1122069,4Q2FB4Q2HG4Q2MB4Q2TB4Q2VG4Q30B4Q55B4Q57G4Q5CB
1097273,4Q2FB4Q2HG4Q2MB4Q2TB4Q2VG4Q30B4Q55B4Q57G4Q5CB
