1149416,5D25G5D2CB5D2JG5D2QB5D4XG5D54B5D5BG5D5IB5D7MG
1149425,5D25G5D2CB5D2JG5D2QB5D4XG5D54B5D5BG5D5IB5D7MG
1149424,5D25G5D2CB5D2JG5D2QB5D4XG5D54B5D5BG5D5IB5D7MG
1149418,5D25G5D2CB5D2JG5D2QB5D4XG5D54B5D5BG5D5IB5D7MG
1149419,5D25G5D2CB5D2JG5D2QB5D4XG5D54B5D5BG5D5IB5D7MG
800772,5D28G5D2FB5D2MG5D4TB5D50G5D57B5D59R5D5EG5D5LB
646558,5D28G5D2FB5D2MG5D4TB5D50G5D57B5D59R5D5EG5D5LB
879661,5D28G5D2FB5D2MG5D4TB5D50G5D57B5D59R5D5EG5D5LB
912110,5D28G5D2FB5D2MG5D4TB5D50G5D57B5D59R5D5EG5D5LB
702975,5D28G5D2FB5D2MG5D4TB5D50G5D57B5D59R5D5EG5D5LB
800773,5D28G5D2FB5D2MG5D4TB5D50G5D57B5D59R5D5EG5D5LB
1042138,5D28G5D2FB5D2MG5D4TB5D50G5D57B5D59R5D5EG5D5LB
843548,5D28G5D2FB5D2MG5D4TB5D50G5D57B5D59R5D5EG5D5LB
646553,5D28G5D2FB5D2MG5D4TB5D50G5D57B5D59R5D5EG5D5LB
879710,5D28G5D2FB5D2MG5D4TB5D50G5D57B5D59R5D5EG5D5LB
799908,5D28G5D2FB5D2MG5D4TB5D50G5D57B5D5EG5D5LB5D7PG
702971,5D28G5D2FB5D2MG5D4TB5D50G5D57B5D59R5D5EG5D5LB
1025978,5D28G5D2FB5D2MG5D4TB5D50G5D57B5D59R5D5EG5D5LB
646547,5D28G5D2FB5D2MG5D4TB5D50G5D57B5D59R5D5EG5D5LB
991909,5D28G5D2FB5D2MG5D4TB5D50G5D57B5D59R5D5EG5D5LB
901700,5D28G5D2FB5D2MG5D4TB5D50G5D57B5D59R5D5EG5D5LB
755081,5D28G5D2FB5D2MG5D4TB5D50G5D57B5D59R5D5EG5D5LB
646544,5D28G5D2FB5D2MG5D4TB5D50G5D57B5D59R5D5EG5D5LB
884842,5D28G5D2FB5D2MG5D4TB5D50G5D57B5D59R5D5EG5D5LB
991902,5D28G5D2FB5D2MG5D4TB5D50G5D57B5D59R5D5EG5D5LB
799906,5D28G5D2FB5D2MG5D4TB5D50G5D57B5D59R5D5EG5D5LB
776990,5D28G5D2FB5D2MG5D4TB5D50G5D57B5D5EG5D5LB5D7PG
842241,5D28G5D2FB5D2MG5D4TB5D50G5D57B5D59R5D5EG5D5LB
842237,5D28G5D2FB5D2MG5D4TB5D50G5D57B5D5EG5D5LB5D7PG
776989,5D28G5D2FB5D2MG5D4TB5D50G5D57B5D59R5D5EG5D5LB
886189,5D28G5D2FB5D2MG5D4TB5D50G5D57B5D5EG5D5LB5D7PG
755496,5D28G5D2FB5D2MG5D4TB5D50G5D57B5D59R5D5EG5D5LB
830168,5D28G5D2FB5D2MG5D4TB5D50G5D57B5D59R5D5EG5D5LB
689312,5D28G5D2FB5D2MG5D4TB5D50G5D57B5D59R5D5EG5D5LB
799907,5D28G5D2FB5D2MG5D4TB5D50G5D57B5D59R5D5EG5D5LB
983725,5D28G5D2FB5D2MG5D4TB5D50G5D57B5D59R5D5EG5D5LB
646550,5D28G5D2FB5D2MG5D4TB5D50G5D57B5D59R5D5EG5D5LB
689322,5D28G5D2FB5D2MG5D4TB5D50G5D57B5D59R5D5EG5D5LB
646548,5D28G5D2FB5D2MG5D4TB5D50G5D57B5D59R5D5EG5D5LB
646555,5D28G5D2FB5D2MG5D4TB5D50G5D57B5D59R5D5EG5D5LB
808609,5D27B5D2EB5D2LB5D2SB5D4ZB5D56B5D5DB5D5KB5D7OB
808598,5D27B5D2EB5D2LB5D2SB5D4ZB5D56B5D5DB5D5KB5D7OB
862164,5D27B5D2EB5D2LB5D2SB5D4ZB5D56B5D5DB5D5KB5D7OB
995246,5D27B5D2EB5D2LB5D2SB5D4ZB5D56B5D5DB5D5KB5D7OB
948027,5D27B5D2EB5D2LB5D2SB5D4ZB5D56B5D5DB5D5KB5D7OB
808605,5D27B5D2EB5D2LB5D2SB5D4ZB5D56B5D5DB5D5KB5D7OB
1029846,5D27B5D2EB5D2LB5D2SB5D4ZB5D56B5D5DB5D5KB5D7OB
808603,5D27B5D2EB5D2LB5D2SB5D4ZB5D56B5D5DB5D5KB5D7OB
808602,5D27B5D2EB5D2LB5D2SB5D4ZB5D56B5D5DB5D5KB5D7OB
701495,5D27B5D2EB5D2LB5D2SB5D4ZB5D56B5D5DB5D5KB5D7OB
808599,5D27B5D2EB5D2LB5D2SB5D4ZB5D56B5D5DB5D5KB5D7OB
890276,5D25B5D2CB5D2JB5D2QB5D4XB5D54B5D5BB5D5IB5D7MB
846098,5D25B5D2CB5D2JB5D2QB5D4XB5D54B5D5BB5D5IB5D7MB
906108,5D25B5D2CB5D2JB5D2QB5D4XB5D54B5D5BB5D5IB5D7MB
846096,5D25B5D2CB5D2JB5D2QB5D4XB5D54B5D5BB5D5IB5D7MB
846095,5D25B5D2CB5D2DG5D2JB5D2QB5D4XB5D54B5D55G5D5BB
906107,5D25B5D2CB5D2DG5D2JB5D2QB5D4XB5D54B5D55G5D5BB
846092,5D25B5D2CB5D2JB5D2QB5D4XB5D54B5D5BB5D5IB5D7MB
741343,5D25B5D2CB5D2DG5D2JB5D2QB5D4XB5D54B5D55G5D5BB
906106,5D25B5D2CB5D2JB5D2QB5D4XB5D54B5D5BB5D5IB5D7MB
846090,5D25B5D2CB5D2JB5D2QB5D4XB5D54B5D5BB5D5IB5D7MB
1157753,5D25B5D2CB5D2DG5D2JB5D2QB5D4XB5D54B5D55G5D5BB
999942,5D25B5D2CB5D2JB5D2QB5D4XB5D54B5D5BB5D5IB5D7MB
1016706,5D25B5D2CB5D2JB5D2QB5D4XB5D54B5D5BB5D5IB5D7MB
846082,5D25B5D2CB5D2DG5D2JB5D2QB5D4XB5D54B5D55G5D5BB
998405,5D25B5D2CB5D2JB5D2QB5D4XB5D54B5D5BB5D5IB5D7MB
886936,5D25B5D2CB5D2JB5D2QB5D4XB5D54B5D5BB5D5IB5D7MB
886934,5D25B5D2CB5D2JB5D2QB5D4XB5D54B5D5BB5D5IB5D7MB
861405,5D25B5D2CB5D2DG5D2JB5D2QB5D4XB5D54B5D55G5D5BB
886933,5D25B5D2CB5D2JB5D2QB5D4XB5D54B5D5BB5D5IB5D7MB
886924,5D25B5D2CB5D2JB5D2QB5D4XB5D54B5D5BB5D5IB5D7MB
886937,5D25B5D2CB5D2JB5D2QB5D4XB5D54B5D5BB5D5IB5D7MB
886931,5D25B5D2CB5D2JB5D2QB5D4XB5D54B5D5BB5D5IB5D7MB
846081,5D25B5D2CB5D2JB5D2QB5D4XB5D54B5D5BB5D5IB5D7MB
742304,5D25B5D2CB5D2JB5D2QB5D4XB5D54B5D5BB5D5IB5D7MB
906104,5D25B5D2CB5D2JB5D2QB5D4XB5D54B5D5BB5D5IB5D7MB
810318,5D25B5D2CB5D2JB5D2QB5D4XB5D54B5D5BB5D5IB5D7MB
860910,5D25B5D2CB5D2JB5D2QB5D4XB5D54B5D5BB5D5IB5D7MB
846093,5D25B5D2CB5D2JB5D2QB5D4XB5D54B5D5BB5D5IB5D7MB
846083,5D25B5D2CB5D2JB5D2QB5D4XB5D54B5D5BB5D5IB5D7MB
1095237,5D25B5D2CB5D2JB5D2QB5D4XB5D54B5D5BB5D5IB5D7MB
810315,5D25B5D2CB5D2JB5D2QB5D4XB5D54B5D5BB5D5IB5D7MB
810313,5D25B5D2CB5D2JB5D2QB5D4XB5D54B5D5BB5D5IB5D7MB
810312,5D25B5D2CB5D2JB5D2QB5D4XB5D54B5D5BB5D5IB5D7MB
742117,5D25B5D2CB5D2DG5D2JB5D2QB5D4XB5D54B5D55G5D5BB
810310,5D25B5D2CB5D2JB5D2QB5D4XB5D54B5D5BB5D5IB5D7MB
810308,5D25B5D2CB5D2DG5D2JB5D2QB5D4XB5D54B5D55G5D5BB
860907,5D25B5D2CB5D2DG5D2JB5D2QB5D4XB5D54B5D55G5D5BB
861407,5D25B5D2CB5D2JB5D2QB5D4XB5D54B5D5BB5D5IB5D7MB
664669,5D25B5D2CB5D2JB5D2QB5D4XB5D54B5D5BB5D5IB5D7MB
886939,5D25B5D2CB5D2JB5D2QB5D4XB5D54B5D5BB5D5IB5D7MB
886938,5D25B5D2CB5D2JB5D2QB5D4XB5D54B5D5BB5D5IB5D7MB
1020984,5D25B5D2CB5D2JB5D2QB5D4XB5D54B5D5BB5D5IB5D7MB
890294,5D25B5D2CB5D2DG5D2JB5D2QB5D4XB5D54B5D55G5D5BB
846089,5D25B5D2CB5D2DG5D2JB5D2QB5D4XB5D54B5D55G5D5BB
1016708,5D25B5D2CB5D2DG5D2JB5D2QB5D4XB5D54B5D55G5D5BB
890660,5D25B5D2CB5D2DG5D2JB5D2QB5D4XB5D54B5D55G5D5BB
890659,5D25B5D2CB5D2JB5D2QB5D4XB5D54B5D5BB5D5IB5D7MB
890658,5D25B5D2CB5D2JB5D2QB5D4XB5D54B5D5BB5D5IB5D7MB
890657,5D25B5D2CB5D2DG5D2JB5D2QB5D4XB5D54B5D55G5D5BB
890319,5D25B5D2CB5D2DG5D2JB5D2QB5D4XB5D54B5D55G5D5BB
890661,5D25B5D2CB5D2DG5D2JB5D2QB5D4XB5D54B5D55G5D5BB
886928,5D25B5D2CB5D2JB5D2QB5D4XB5D54B5D5BB5D5IB5D7MB
890317,5D25B5D2CB5D2JB5D2QB5D4XB5D54B5D5BB5D5IB5D7MB
890316,5D25B5D2CB5D2DG5D2JB5D2QB5D4XB5D54B5D55G5D5BB
741345,5D25B5D2CB5D2DG5D2JB5D2QB5D4XB5D54B5D55G5D5BB
890315,5D25B5D2CB5D2JB5D2QB5D4XB5D54B5D5BB5D5IB5D7MB
890666,5D25B5D2CB5D2JB5D2QB5D4XB5D54B5D5BB5D5IB5D7MB
890667,5D25B5D2CB5D2JB5D2QB5D4XB5D54B5D5BB5D5IB5D7MB
890671,5D25B5D2CB5D2DG5D2JB5D2QB5D4XB5D54B5D55G5D5BB
890670,5D25B5D2CB5D2DG5D2JB5D2QB5D4XB5D54B5D55G5D5BB
890669,5D25B5D2CB5D2DG5D2JB5D2QB5D4XB5D54B5D55G5D5BB
890668,5D25B5D2CB5D2DG5D2JB5D2QB5D4XB5D54B5D55G5D5BB
859742,5D25B5D2CB5D2DG5D2JB5D2QB5D4XB5D54B5D55G5D5BB
998357,5D25B5D2CB5D2JB5D2QB5D4XB5D54B5D5BB5D5IB5D7MB
859743,5D25B5D2CB5D2DG5D2JB5D2QB5D4XB5D54B5D55G5D5BB
890665,5D25B5D2CB5D2DG5D2JB5D2QB5D4XB5D54B5D55G5D5BB
890664,5D25B5D2CB5D2DG5D2JB5D2QB5D4XB5D54B5D55G5D5BB
886926,5D25B5D2CB5D2JB5D2QB5D4XB5D54B5D5BB5D5IB5D7MB
742114,5D25B5D2CB5D2DG5D2JB5D2QB5D4XB5D54B5D55G5D5BB
890663,5D25B5D2CB5D2JB5D2QB5D4XB5D54B5D5BB5D5IB5D7MB
890662,5D25B5D2CB5D2JB5D2QB5D4XB5D54B5D5BB5D5IB5D7MB
890313,5D25B5D2CB5D2DG5D2JB5D2QB5D4XB5D54B5D55G5D5BB
890285,5D25B5D2CB5D2JB5D2QB5D4XB5D54B5D5BB5D5IB5D7MB
890293,5D25B5D2CB5D2JB5D2QB5D4XB5D54B5D5BB5D5IB5D7MB
890292,5D25B5D2CB5D2DG5D2JB5D2QB5D4XB5D54B5D55G5D5BB
810309,5D25B5D2CB5D2DG5D2JB5D2QB5D4XB5D54B5D55G5D5BB
886932,5D25B5D2CB5D2JB5D2QB5D4XB5D54B5D5BB5D5IB5D7MB
810317,5D25B5D2CB5D2JB5D2QB5D4XB5D54B5D5BB5D5IB5D7MB
860909,5D25B5D2CB5D2DG5D2JB5D2QB5D4XB5D54B5D55G5D5BB
890283,5D25B5D2CB5D2JB5D2QB5D4XB5D54B5D5BB5D5IB5D7MB
890282,5D25B5D2CB5D2JB5D2QB5D4XB5D54B5D5BB5D5IB5D7MB
890280,5D25B5D2CB5D2JB5D2QB5D4XB5D54B5D5BB5D5IB5D7MB
890279,5D25B5D2CB5D2JB5D2QB5D4XB5D54B5D5BB5D5IB5D7MB
890306,5D25B5D2CB5D2JB5D2QB5D4XB5D54B5D5BB5D5IB5D7MB
890290,5D25B5D2CB5D2JB5D2QB5D4XB5D54B5D5BB5D5IB5D7MB
890287,5D25B5D2CB5D2DG5D2JB5D2QB5D4XB5D54B5D55G5D5BB
890311,5D25B5D2CB5D2JB5D2QB5D4XB5D54B5D5BB5D5IB5D7MB
890310,5D25B5D2CB5D2JB5D2QB5D4XB5D54B5D5BB5D5IB5D7MB
890289,5D25B5D2CB5D2DG5D2JB5D2QB5D4XB5D54B5D55G5D5BB
741344,5D25B5D2CB5D2JB5D2QB5D4XB5D54B5D5BB5D5IB5D7MB
890278,5D25B5D2CB5D2JB5D2QB5D4XB5D54B5D5BB5D5IB5D7MB
890295,5D25B5D2CB5D2JB5D2QB5D4XB5D54B5D5BB5D5IB5D7MB
890284,5D25B5D2CB5D2JB5D2QB5D4XB5D54B5D5BB5D5IB5D7MB
883322,5D28B5D2FG5D2MB5D4TG5D50B5D57G5D5DR5D5EB5D5LG
782570,5D28B5D2FG5D2MB5D4TG5D50B5D57G5D5DR5D5EB5D5LG
926367,5D28B5D2FG5D2MB5D4TG5D50B5D57G5D5DR5D5EB5D5LG
974995,5D28B5D2FG5D2MB5D4TG5D50B5D57G5D5DR5D5EB5D5LG
974980,5D28B5D2FG5D2MB5D4TG5D50B5D57G5D5DR5D5EB5D5LG
931586,5D28B5D2FG5D2MB5D4TG5D50B5D57G5D5CR5D5EB5D5LG
975013,5D28B5D2FG5D2MB5D4TG5D50B5D57G5D5CR5D5EB5D5LG
975022,5D28B5D2FG5D2MB5D4TG5D50B5D57G5D5CR5D5EB5D5LG
975002,5D28B5D2FG5D2MB5D4TG5D50B5D57G5D5CR5D5EB5D5LG
975034,5D28B5D2FG5D2MB5D4TG5D50B5D57G5D5CR5D5EB5D5LG
823552,5D28B5D2FG5D2MB5D4TG5D50B5D57G5D5CR5D5EB5D5LG
746574,5D28B5D2FG5D2MB5D4TG5D50B5D57G5D5CR5D5EB5D5LG
1018065,5D28B5D2FG5D2MB5D4TG5D50B5D57G5D5CR5D5EB5D5LG
885089,5D28B5D2FG5D2MB5D4TG5D50B5D57G5D5CR5D5EB5D5LG
741240,5D28B5D2FG5D2MB5D4TG5D50B5D57G5D5CR5D5EB5D5LG
746575,5D28B5D2FG5D2MB5D4TG5D50B5D57G5D5CR5D5EB5D5LG
1006766,5D28B5D2FG5D2MB5D4TG5D50B5D57G5D5CR5D5EB5D5LG
885062,5D28B5D2FG5D2MB5D4TG5D50B5D57G5D5CR5D5EB5D5LG
885048,5D28B5D2FG5D2MB5D4TG5D50B5D57G5D5CR5D5EB5D5LG
885078,5D28B5D2FG5D2MB5D4TG5D50B5D57G5D5CR5D5EB5D5LG
1016506,5D28B5D2FG5D2MB5D4TG5D50B5D57G5D5CR5D5EB5D5LG
746572,5D28B5D2FG5D2MB5D4TG5D50B5D57G5D5CR5D5EB5D5LG
928861,5D28B5D2FG5D2MB5D4TG5D50B5D57G5D5CR5D5EB5D5LG
928855,5D28B5D2FG5D2MB5D4TG5D50B5D57G5D5CR5D5EB5D5LG
928869,5D28B5D2FG5D2MB5D4TG5D50B5D57G5D5CR5D5EB5D5LG
928882,5D28B5D2FG5D2MB5D4TG5D50B5D57G5D5CR5D5EB5D5LG
973672,5D28B5D2FG5D2MB5D4TG5D50B5D57G5D5CR5D5EB5D5LG
928871,5D28B5D2FG5D2MB5D4TG5D50B5D57G5D5CR5D5EB5D5LG
823614,5D28B5D2FG5D2MB5D4TG5D50B5D57G5D5CR5D5EB5D5LG
740305,5D28B5D2FG5D2MB5D4TG5D50B5D57G5D5CR5D5EB5D5LG
973691,5D28B5D2FG5D2MB5D4TG5D50B5D57G5D5CR5D5EB5D5LG
973678,5D28B5D2FG5D2MB5D4TG5D50B5D57G5D5CR5D5EB5D5LG
975372,5D28B5D2FG5D2MB5D4TG5D50B5D57G5D5CR5D5EB5D5LG
823558,5D28B5D2FG5D2MB5D4TG5D50B5D57G5D5CR5D5EB5D5LG
931598,5D28B5D2FG5D2MB5D4TG5D50B5D57G5D5CR5D5EB5D5LG
1007084,5D28B5D2FG5D2MB5D4TG5D50B5D57G5D5CR5D5EB5D5LG
741235,5D23G5D2AB5D2HG5D2OB5D4VG5D52B5D59G5D5CR5D5GB
928817,5D23G5D2AB5D2HG5D2OB5D4VG5D52B5D59G5D5CR5D5GB
823615,5D23G5D2AB5D2HG5D2OB5D4VG5D52B5D59G5D5CR5D5GB
782542,5D23G5D2AB5D2HG5D2OB5D4VG5D52B5D59G5D5GB5D5NG
928877,5D23G5D2AB5D2HG5D2OB5D4VG5D52B5D59G5D5CR5D5GB
885077,5D23G5D2AB5D2HG5D2OB5D4VG5D52B5D59G5D5CR5D5GB
885072,5D23G5D2AB5D2HG5D2OB5D4VG5D52B5D59G5D5CR5D5GB
885083,5D23G5D2AB5D2AB5D2HG5D2OB5D2OB5D4VG5D52B5D52B
1006767,5D23G5D2AB5D2HG5D2OB5D4VG5D52B5D59G5D5CR5D5GB
885047,5D23G5D2AB5D2HG5D2OB5D4VG5D52B5D59G5D5CR5D5GB
928811,5D23G5D2AB5D2HG5D2OB5D4VG5D52B5D59G5D5CR5D5GB
928814,5D23G5D2AB5D2HG5D2OB5D4VG5D52B5D59G5D5CR5D5GB
928844,5D23G5D2AB5D2HG5D2OB5D4VG5D52B5D59G5D5CR5D5GB
931470,5D23G5D2AB5D2HG5D2OB5D4VG5D52B5D59G5D5CR5D5GB
928836,5D23G5D2AB5D2HG5D2OB5D4VG5D52B5D59G5D5CR5D5GB
823617,5D23G5D2AB5D2HG5D2OB5D4VG5D52B5D59G5D5CR5D5GB
931471,5D23G5D2AB5D2HG5D2OB5D4VG5D52B5D59G5D5CR5D5GB
928837,5D23G5D2AB5D2HG5D2OB5D4VG5D52B5D59G5D5CR5D5GB
741236,5D23G5D2AB5D2HG5D2OB5D4VG5D52B5D59G5D5CR5D5GB
745344,5D28B5D2FG5D2MB5D4TG5D50B5D57G5D5EB5D5LG5D7PB
826675,5D28B5D2FG5D2MB5D4TG5D50B5D57G5D5EB5D5LG5D7PB
885985,5D28B5D2FG5D2MB5D4TG5D50B5D57G5D5EB5D5LG5D7PB
1014055,5D28B5D2FG5D2MB5D4TG5D50B5D57G5D5EB5D5LG5D7PB
885642,5D28B5D2FG5D2MB5D4TG5D50B5D57G5D5EB5D5LG5D7PB
885641,5D28B5D2FG5D2MB5D4TG5D50B5D57G5D5EB5D5LG5D7PB
823700,5D28B5D2FG5D2MB5D4TG5D50B5D57G5D5EB5D5LG5D7PB
823701,5D28B5D2FG5D2MB5D4TG5D50B5D57G5D5EB5D5LG5D7PB
885635,5D28B5D2FG5D2MB5D4TG5D50B5D57G5D5EB5D5LG5D7PB
1011919,5D28B5D2FG5D2MB5D4TG5D50B5D57G5D5EB5D5LG5D7PB
885633,5D28B5D2FG5D2MB5D4TG5D50B5D57G5D5EB5D5LG5D7PB
885632,5D28B5D2FG5D2MB5D4TG5D50B5D57G5D5EB5D5LG5D7PB
693296,5D23G5D2AB5D2HG5D2OB5D4VG5D52B5D59G5D5CR5D5GB
693295,5D23G5D2AB5D2HG5D2OB5D4VG5D52B5D59G5D5CR5D5GB
693281,5D23G5D2AB5D2HG5D2OB5D4VG5D52B5D59G5D5CR5D5GB
687664,5D23G5D2AB5D2HG5D2OB5D4VG5D52B5D59G5D5CR5D5GB
688017,5D23G5D2AB5D2HG5D2OB5D4VG5D52B5D59G5D5CR5D5GB
686644,5D23G5D2AB5D2HG5D2OB5D4VG5D52B5D59G5D5CR5D5GB
943146,5D23G5D2AB5D2HG5D2OB5D4VG5D52B5D59G5D5CR5D5GB
686805,5D28B5D2FG5D2MB5D4TG5D50B5D57G5D5DR5D5EB5D5LG
686808,5D28B5D2FG5D2MB5D4TG5D50B5D57G5D5DR5D5EB5D5LG
775773,5D28B5D2FG5D2MB5D4TG5D50B5D57G5D5DR5D5EB5D5LG
741596,5D28B5D2FG5D2MB5D4TG5D50B5D57G5D5DR5D5EB5D5LG
686809,5D28B5D2FG5D2MB5D4TG5D50B5D57G5D5DR5D5EB5D5LG
997088,5D28B5D2FG5D2MB5D4TG5D50B5D57G5D5DR5D5EB5D5LG
885425,5D28B5D2FG5D2MB5D4TG5D50B5D57G5D5DR5D5EB5D5LG
885431,5D28B5D2FG5D2MB5D4TG5D50B5D57G5D5DR5D5EB5D5LG
885428,5D28B5D2FG5D2MB5D4TG5D50B5D57G5D5DR5D5EB5D5LG
975030,5D28B5D2FG5D2MB5D4TG5D50B5D57G5D5DR5D5EB5D5LG
975027,5D28B5D2FG5D2MB5D4TG5D50B5D57G5D5DR5D5EB5D5LG
975366,5D28B5D2FG5D2MB5D4TG5D50B5D57G5D5DR5D5EB5D5LG
975038,5D28B5D2FG5D2MB5D4TG5D50B5D57G5D5DR5D5EB5D5LG
885053,5D28B5D2FG5D2MB5D4TG5D50B5D57G5D5DR5D5EB5D5LG
1008595,5D28B5D2FG5D2MB5D4TG5D50B5D57G5D5DR5D5EB5D5LG
975010,5D28B5D2FG5D2MB5D4TG5D50B5D57G5D5DR5D5EB5D5LG
975020,5D28B5D2FG5D2MB5D4TG5D50B5D57G5D5DR5D5EB5D5LG
997086,5D28B5D2FG5D2MB5D4TG5D50B5D57G5D5DR5D5EB5D5LG
885060,5D28B5D2FG5D2MB5D4TG5D50B5D57G5D5EB5D5LG5D7PB
885426,5D28B5D2FG5D2MB5D4TG5D50B5D57G5D5DR5D5EB5D5LG
819371,5D28B5D2FG5D2MB5D4TG5D50B5D57G5D5DR5D5EB5D5LG
885436,5D28B5D2FG5D2MB5D4TG5D50B5D57G5D5DR5D5EB5D5LG
928808,5D28B5D2FG5D2MB5D4TG5D50B5D57G5D5DR5D5EB5D5LG
819373,5D28B5D2FG5D2MB5D4TG5D50B5D57G5D5DR5D5EB5D5LG
885450,5D28B5D2FG5D2MB5D4TG5D50B5D57G5D5DR5D5EB5D5LG
1016707,5D26B5D2DG5D2KB5D2RG5D4YB5D55G5D5AR5D5CB5D5JG
703113,5D26B5D2DG5D2KB5D2RG5D4YB5D55G5D5CB5D5CR5D5JG
890296,5D26B5D2DG5D2KB5D2RG5D4YB5D55G5D5AR5D5CB5D5JG
890305,5D26B5D2DG5D2KB5D2RG5D4YB5D55G5D5CB5D5CR5D5JG
890303,5D26B5D2DG5D2KB5D2RG5D4YB5D55G5D5CB5D5JG5D7NB
890302,5D26B5D2DG5D2KB5D2RG5D4YB5D55G5D5CB5D5CR5D5JG
890300,5D26B5D2DG5D2KB5D2RG5D4YB5D55G5D5CB5D5CR5D5JG
1097858,5D26B5D26B5D2DG5D2KB5D2KB5D2RG5D4YB5D4YB5D55G
1097857,5D26B5D26B5D2DG5D2KB5D2KB5D2RG5D4YB5D4YB5D55G
1097860,5D26B5D26B5D2DG5D2KB5D2KB5D2RG5D4YB5D4YB5D55G
1097859,5D26B5D26B5D2DG5D2KB5D2KB5D2RG5D4YB5D4YB5D55G
1126296,5D26B5D26B5D2DG5D2KB5D2KB5D2RG5D4YB5D4YB5D55G
1126297,5D26B5D26B5D2DG5D2KB5D2KB5D2RG5D4YB5D4YB5D55G
904384,5D26B5D2DG5D2KB5D2RG5D4YB5D55G5D5CB5D5CR5D5JG
848497,5D26B5D2DG5D2KB5D2RG5D4YB5D55G5D5CB5D5CR5D5JG
1016664,5D26B5D2DG5D2KB5D2RG5D4YB5D55G5D5CB5D5CR5D5JG
906048,5D26B5D2DG5D2KB5D2RG5D4YB5D55G5D5CB5D5CR5D5JG
849800,5D26B5D2DG5D2KB5D2RG5D4YB5D55G5D5CB5D5CR5D5JG
851206,5D26B5D2DG5D2KB5D2RG5D4YB5D55G5D5CB5D5CR5D5JG
906047,5D26B5D2DG5D2KB5D2RG5D4YB5D55G5D5CB5D5CR5D5JG
890298,5D26B5D2DG5D2KB5D2RG5D4YB5D55G5D5CB5D5CR5D5JG
851162,5D26B5D2DG5D2KB5D2RG5D4YB5D55G5D5CB5D5CR5D5JG
846007,5D26B5D2DG5D2KB5D2RG5D4YB5D55G5D5CB5D5JG5D7NB
851205,5D26B5D2DG5D2KB5D2RG5D4YB5D55G5D5CB5D5CR5D5JG
845674,5D26B5D2DG5D2KB5D2RG5D4YB5D55G5D5CB5D5JG5D7NB
1006915,5D26B5D2DG5D2KB5D2RG5D4YB5D55G5D5CB5D5JG5D7NB
851204,5D26B5D2DG5D2KB5D2RG5D4YB5D55G5D5CB5D5CR5D5JG
703111,5D26B5D2DG5D2KB5D2RG5D4YB5D55G5D5CB5D5CR5D5JG
849808,5D26B5D2DG5D2KB5D2RG5D4YB5D55G5D5CB5D5CR5D5JG
849809,5D26B5D2DG5D2KB5D2RG5D4YB5D55G5D5CB5D5CR5D5JG
892046,5D26B5D2DG5D2KB5D2RG5D4YB5D55G5D5CB5D5CR5D5JG
849814,5D26B5D2DG5D2KB5D2RG5D4YB5D55G5D5CB5D5CR5D5JG
845664,5D26B5D2DG5D2KB5D2RG5D4YB5D55G5D5CB5D5CR5D5JG
999890,5D26B5D2DG5D2KB5D2RG5D4YB5D55G5D5CB5D5CR5D5JG
848498,5D26B5D2DG5D2KB5D2RG5D4YB5D55G5D5CB5D5CR5D5JG
993340,5D26B5D2DG5D2KB5D2RG5D4YB5D55G5D5CB5D5JG5D7NB
849816,5D26B5D2DG5D2KB5D2RG5D4YB5D55G5D5CB5D5JG5D7NB
846010,5D26B5D2DG5D2KB5D2RG5D4YB5D55G5D5CB5D5JG5D7NB
845666,5D26B5D2DG5D2KB5D2RG5D4YB5D55G5D5CB5D5JG5D7NB
846016,5D26B5D2DG5D2KB5D2RG5D4YB5D55G5D5CB5D5JG5D7NB
846015,5D26B5D2DG5D2KB5D2RG5D4YB5D55G5D5CB5D5JG5D7NB
846014,5D26B5D2DG5D2KB5D2RG5D4YB5D55G5D5CB5D5JG5D7NB
846013,5D26B5D2DG5D2KB5D2RG5D4YB5D55G5D5CB5D5JG5D7NB
846011,5D26B5D2DG5D2KB5D2RG5D4YB5D55G5D5CB5D5JG5D7NB
846019,5D26B5D2DG5D2KB5D2RG5D4YB5D55G5D5CB5D5JG5D7NB
703112,5D26B5D2DG5D2KB5D2RG5D4YB5D55G5D5CB5D5JG5D7NB
846008,5D26B5D2DG5D2KB5D2RG5D4YB5D55G5D5CB5D5JG5D7NB
845668,5D26B5D2DG5D2KB5D2RG5D4YB5D55G5D5CB5D5JG5D7NB
703109,5D26B5D2DG5D2KB5D2RG5D4YB5D55G5D5CB5D5JG5D7NB
845665,5D26B5D2DG5D2KB5D2RG5D4YB5D55G5D5CB5D5JG5D7NB
1016677,5D26B5D2DG5D2KB5D2RG5D4YB5D55G5D5CB5D5JG5D7NB
849820,5D26B5D2DG5D2KB5D2RG5D4YB5D55G5D5CB5D5JG5D7NB
1016647,5D26B5D2DG5D2KB5D2RG5D4YB5D55G5D5CB5D5JG5D7NB
849818,5D26B5D2DG5D2KB5D2RG5D4YB5D55G5D5CB5D5JG5D7NB
849801,5D26G5D2DB5D2DB5D2KG5D2RB5D2RB5D4YG5D55B5D55B
849813,5D26G5D2DB5D2KG5D2RB5D4YG5D55B5D5CG5D5JB5D7NG
849812,5D26G5D2DB5D2KG5D2RB5D4YG5D55B5D5CG5D5ER5D5JB
999891,5D26G5D2DB5D2KG5D2RB5D4YG5D55B5D5CG5D5ER5D5JB
849811,5D26G5D2DB5D2KG5D2RB5D4YG5D55B5D5CG5D5ER5D5JB
849810,5D26G5D2DB5D2KG5D2RB5D4YG5D55B5D5CG5D5ER5D5JB
965614,5D23B5D2AG5D2HB5D2OG5D4VB5D52G5D59B5D5AR5D5GG
782088,5D23B5D2AG5D2HB5D2OG5D4VB5D52G5D59B5D5AR5D5GG
778528,5D23B5D2AG5D2HB5D2OG5D4VB5D52G5D59B5D5AR5D5GG
965634,5D23B5D2AG5D2HB5D2OG5D4VB5D52G5D59B5D5AR5D5GG
965645,5D23B5D2AG5D2HB5D2OG5D4VB5D52G5D59B5D5AR5D5GG
778540,5D23B5D2AG5D2HB5D2OG5D4VB5D52G5D59B5D5AR5D5GG
965654,5D23B5D2AG5D2HB5D2OG5D4VB5D52G5D59B5D5AR5D5GG
662775,5D23B5D2AG5D2HB5D2OG5D4VB5D52G5D59B5D5AR5D5GG
965637,5D23B5D2AG5D2HB5D2OG5D4VB5D52G5D59B5D5AR5D5GG
662253,5D23B5D2AG5D2HB5D2OG5D4VB5D52G5D59B5D5AR5D5GG
965642,5D23B5D2AG5D2HB5D2OG5D4VB5D52G5D59B5D5AR5D5GG
662257,5D23B5D2AG5D2HB5D2OG5D4VB5D52G5D59B5D5AR5D5GG
778567,5D23B5D2AG5D2HB5D2OG5D4VB5D52G5D59B5D5AR5D5GG
637671,5D23B5D2AG5D2HB5D2OG5D4VB5D52G5D59B5D5AR5D5GG
637674,5D23B5D2AG5D2HB5D2OG5D4VB5D52G5D59B5D5AR5D5GG
1005376,5D23B5D2AG5D2HB5D2OG5D4VB5D52G5D59B5D5AR5D5GG
778564,5D23B5D2AG5D2HB5D2OG5D4VB5D52G5D59B5D5AR5D5GG
635880,5D23B5D2AG5D2HB5D2OG5D4VB5D52G5D59B5D5AR5D5GG
778565,5D23B5D2AG5D2HB5D2OG5D4VB5D52G5D59B5D5AR5D5GG
965174,5D23B5D2AG5D2HB5D2OG5D4VB5D52G5D59B5D5GG5D5NB
912190,5D23B5D2AG5D2HB5D2OG5D4VB5D52G5D59B5D5AR5D5GG
779857,5D23B5D2AG5D2HB5D2OG5D4VB5D52G5D59B5D5AR5D5GG
788271,5D23B5D2AG5D2HB5D2OG5D4VB5D52G5D59B5D5AR5D5GG
1005122,5D23B5D2AG5D2HB5D2OG5D4VB5D52G5D59B5D5AR5D5GG
779854,5D23B5D2AG5D2HB5D2OG5D4VB5D52G5D59B5D5AR5D5GG
637995,5D23B5D2AG5D2HB5D2OG5D4VB5D52G5D59B5D5AR5D5GG
662261,5D23B5D2AG5D2HB5D2OG5D4VB5D52G5D59B5D5AR5D5GG
662781,5D23B5D2AG5D2HB5D2OG5D4VB5D52G5D59B5D5AR5D5GG
638004,5D23B5D2AG5D2HB5D2OG5D4VB5D52G5D59B5D5AR5D5GG
635836,5D23B5D2AG5D2HB5D2OG5D4VB5D52G5D59B5D5AR5D5GG
1017157,5D23B5D2AG5D2HB5D2OG5D4VB5D52G5D59B5D5GG5D5NB
635847,5D23B5D2AG5D2HB5D2OG5D4VB5D52G5D59B5D5AR5D5GG
662777,5D23B5D2AG5D2HB5D2OG5D4VB5D52G5D59B5D5AR5D5GG
635846,5D23B5D2AG5D2HB5D2OG5D4VB5D52G5D59B5D5AR5D5GG
966132,5D23B5D2AG5D2HB5D2OG5D4VB5D52G5D59B5D5AR5D5GG
966135,5D23B5D2AG5D2HB5D2OG5D4VB5D52G5D59B5D5AR5D5GG
966139,5D23B5D2AG5D2HB5D2OG5D4VB5D52G5D59B5D5AR5D5GG
966141,5D23B5D2AG5D2HB5D2OG5D4VB5D52G5D59B5D5AR5D5GG
966131,5D23B5D2AG5D2HB5D2OG5D4VB5D52G5D59B5D5AR5D5GG
635864,5D23B5D2AG5D2HB5D2OG5D4VB5D52G5D59B5D5AR5D5GG
635872,5D23B5D2AG5D2HB5D2OG5D4VB5D52G5D59B5D5AR5D5GG
778561,5D23B5D2AG5D2HB5D2OG5D4VB5D52G5D59B5D5AR5D5GG
635871,5D23B5D2AG5D2HB5D2OG5D4VB5D52G5D59B5D5AR5D5GG
965649,5D23B5D2AG5D2HB5D2OG5D4VB5D52G5D59B5D5AR5D5GG
778530,5D23B5D2AG5D2HB5D2OG5D4VB5D52G5D59B5D5AR5D5GG
965633,5D23B5D2AG5D2HB5D2OG5D4VB5D52G5D59B5D5AR5D5GG
965630,5D23B5D2AG5D2HB5D2OG5D4VB5D52G5D59B5D5AR5D5GG
965632,5D23B5D2AG5D2HB5D2OG5D4VB5D52G5D59B5D5AR5D5GG
965651,5D23B5D2AG5D2HB5D2OG5D4VB5D52G5D59B5D5AR5D5GG
947444,5D23B5D2AG5D2HB5D2OG5D4VB5D52G5D59B5D5GG5D5NB
947445,5D23B5D2AG5D2HB5D2OG5D4VB5D52G5D59B5D5GG5D5NB
964831,5D23B5D2AG5D2HB5D2OG5D4VB5D52G5D59B5D5GG5D5NB
637054,5D23B5D2AG5D2HB5D2OG5D4VB5D52G5D59B5D5AR5D5GG
635853,5D23B5D2AG5D2HB5D2OG5D4VB5D52G5D59B5D5AR5D5GG
635851,5D23B5D2AG5D2HB5D2OG5D4VB5D52G5D59B5D5AR5D5GG
778557,5D23B5D2AG5D2HB5D2OG5D4VB5D52G5D59B5D5AR5D5GG
778558,5D23B5D2AG5D2HB5D2OG5D4VB5D52G5D59B5D5AR5D5GG
635859,5D23B5D2AG5D2HB5D2OG5D4VB5D52G5D59B5D5AR5D5GG
966491,5D23B5D2AG5D2HB5D2OG5D4VB5D52G5D59B5D5AR5D5GG
783976,5D23B5D2AG5D2HB5D2OG5D4VB5D52G5D59B5D5AR5D5GG
662249,5D23B5D2AG5D2HB5D2OG5D4VB5D52G5D59B5D5AR5D5GG
1017934,5D23B5D2AG5D2HB5D2OG5D4VB5D52G5D59B5D5AR5D5GG
965265,5D23B5D2AG5D2HB5D2OG5D4VB5D52G5D59B5D5AR5D5GG
965274,5D23B5D2AG5D2HB5D2OG5D4VB5D52G5D59B5D5AR5D5GG
779864,5D23B5D2AG5D2HB5D2OG5D4VB5D52G5D59B5D5AR5D5GG
638035,5D23B5D2AG5D2HB5D2OG5D4VB5D52G5D59B5D5AR5D5GG
638036,5D23B5D2AG5D2HB5D2OG5D4VB5D52G5D59B5D5AR5D5GG
638023,5D23B5D2AG5D2HB5D2OG5D4VB5D52G5D59B5D5AR5D5GG
638020,5D23B5D2AG5D2HB5D2OG5D4VB5D52G5D59B5D5AR5D5GG
638022,5D23B5D2AG5D2HB5D2OG5D4VB5D52G5D59B5D5AR5D5GG
638025,5D23B5D2AG5D2HB5D2OG5D4VB5D52G5D59B5D5AR5D5GG
912192,5D23B5D2AG5D2HB5D2OG5D4VB5D52G5D59B5D5AR5D5GG
662772,5D23B5D2AG5D2HB5D2OG5D4VB5D52G5D59B5D5AR5D5GG
965259,5D23B5D2AG5D2HB5D2OG5D4VB5D52G5D59B5D5AR5D5GG
965262,5D23B5D2AG5D2HB5D2OG5D4VB5D52G5D59B5D5AR5D5GG
965268,5D23B5D2AG5D2HB5D2OG5D4VB5D52G5D59B5D5AR5D5GG
965271,5D23B5D2AG5D2HB5D2OG5D4VB5D52G5D59B5D5AR5D5GG
965263,5D23B5D2AG5D2HB5D2OG5D4VB5D52G5D59B5D5AR5D5GG
965256,5D23B5D2AG5D2HB5D2OG5D4VB5D52G5D59B5D5AR5D5GG
965251,5D23B5D2AG5D2HB5D2OG5D4VB5D52G5D59B5D5AR5D5GG
965277,5D23B5D2AG5D2HB5D2OG5D4VB5D52G5D59B5D5AR5D5GG
966484,5D23B5D2AG5D2HB5D2OG5D4VB5D52G5D59B5D5AR5D5GG
966486,5D23B5D2AG5D2HB5D2OG5D4VB5D52G5D59B5D5AR5D5GG
638362,5D23B5D2AG5D2HB5D2OG5D4VB5D52G5D59B5D5AR5D5GG
638375,5D23B5D2AG5D2HB5D2OG5D4VB5D52G5D59B5D5AR5D5GG
638378,5D23B5D2AG5D2HB5D2OG5D4VB5D52G5D59B5D5AR5D5GG
638371,5D23B5D2AG5D2HB5D2OG5D4VB5D52G5D59B5D5AR5D5GG
1019447,5D23B5D2AG5D2HB5D2OG5D4VB5D52G5D59B5D5AR5D5GG
943147,5D23B5D2AG5D2HB5D2OG5D4VB5D52G5D59B5D5GG5D5NB
634140,5D23B5D2AG5D2HB5D2OG5D4VB5D52G5D59B5D5AR5D5GG
637897,5D23B5D2AG5D2HB5D2OG5D4VB5D52G5D59B5D5AR5D5GG
660004,5D23B5D2AG5D2HB5D2OG5D4VB5D52G5D59B5D5AR5D5GG
775886,5D23B5D2AG5D2HB5D2OG5D4VB5D52G5D59B5D5AR5D5GG
634138,5D23B5D2AG5D2HB5D2OG5D4VB5D52G5D59B5D5AR5D5GG
678087,5D23B5D2AG5D2HB5D2OG5D4VB5D52G5D59B5D5AR5D5GG
678089,5D23B5D2AG5D2HB5D2OG5D4VB5D52G5D59B5D5AR5D5GG
646528,5D23G5D2AB5D2HG5D2OB5D4VG5D52B5D59G5D5GB5D5HR
1016183,5D23G5D2AB5D2HG5D2OB5D4VG5D52B5D59G5D5GB5D5HR
646533,5D23G5D2AB5D2HG5D2OB5D4VG5D52B5D59G5D5GB5D5HR
646536,5D23G5D2AB5D2HG5D2OB5D4VG5D52B5D59G5D5GB5D5HR
943148,5D23G5D2AB5D2HG5D2OB5D4VG5D52B5D59G5D5GB5D5HR
828755,5D23G5D2AB5D2HG5D2OB5D4VG5D52B5D59G5D5GB5D5HR
1032041,5D23G5D2AB5D2HG5D2OB5D4VG5D52B5D59G5D5GB5D5HR
822672,5D23G5D2AB5D2HG5D2OB5D4VG5D52B5D59G5D5GB5D5HR
646525,5D23G5D2AB5D2HG5D2OB5D4VG5D52B5D59G5D5GB5D5HR
904337,5D23G5D2AB5D2HG5D2OB5D4VG5D52B5D59G5D5GB5D5HR
1027630,5D23G5D2AB5D2HG5D2OB5D4VG5D52B5D59G5D5GB5D5HR
940346,5D23G5D2AB5D2HG5D2OB5D4VG5D52B5D59G5D5GB5D5HR
755489,5D23G5D2AB5D2HG5D2OB5D4VG5D52B5D59G5D5GB5D5HR
693113,5D23G5D2AB5D2HG5D2OB5D4VG5D52B5D59G5D5GB5D5HR
822673,5D23G5D2AB5D2HG5D2OB5D4VG5D52B5D59G5D5GB5D5HR
693104,5D23G5D2AB5D2HG5D2OB5D4VG5D52B5D59G5D5GB5D5HR
904338,5D23G5D2AB5D2HG5D2OB5D4VG5D52B5D59G5D5GB5D5HR
691814,5D23G5D2AB5D2HG5D2OB5D4VG5D52B5D59G5D5GB5D5HR
904341,5D23G5D2AB5D2HG5D2OB5D4VG5D52B5D59G5D5GB5D5HR
693135,5D23G5D2AB5D2HG5D2OB5D4VG5D52B5D59G5D5GB5D5HR
691779,5D23G5D2AB5D2HG5D2OB5D4VG5D52B5D59G5D5GB5D5HR
693140,5D23G5D2AB5D2HG5D2OB5D4VG5D52B5D59G5D5GB5D5HR
798724,5D23G5D2AB5D2HG5D2OB5D4VG5D52B5D59G5D5GB5D5HR
846054,5D25B5D2CB5D2DG5D2JB5D2QB5D2RG5D4XB5D54B5D55G
846052,5D25B5D2CB5D2DG5D2JB5D2QB5D2RG5D4XB5D54B5D55G
846046,5D25B5D2CB5D2DG5D2JB5D2QB5D2RG5D4XB5D54B5D55G
846059,5D25B5D2CB5D2DG5D2JB5D2QB5D2RG5D4XB5D54B5D55G
846049,5D25B5D2CB5D2DG5D2JB5D2QB5D2RG5D4XB5D54B5D55G
741517,5D25B5D2CB5D2DG5D2JB5D2QB5D2RG5D4XB5D54B5D55G
846048,5D25B5D2CB5D2DG5D2JB5D2QB5D2RG5D4XB5D54B5D55G
846047,5D25B5D2CB5D2DG5D2JB5D2QB5D2RG5D4XB5D54B5D55G
1016679,5D25B5D2CB5D2DG5D2JB5D2QB5D2RG5D4XB5D54B5D55G
999940,5D25B5D2CB5D2DG5D2JB5D2QB5D2RG5D4XB5D54B5D55G
849807,5D25B5D2CB5D2DG5D2JB5D2QB5D2RG5D4XB5D54B5D55G
849806,5D25B5D2CB5D2DG5D2JB5D2QB5D2RG5D4XB5D54B5D55G
906096,5D25B5D2CB5D2DG5D2JB5D2QB5D2RG5D4XB5D54B5D55G
846069,5D25B5D2CB5D2JB5D2QB5D4XB5D54B5D5BB5D5IB5D7MB
846068,5D25B5D2CB5D2DG5D2JB5D2QB5D2RG5D4XB5D54B5D55G
846067,5D25B5D2CB5D2DG5D2JB5D2QB5D2RG5D4XB5D54B5D55G
846066,5D25B5D2CB5D2DG5D2JB5D2QB5D2RG5D4XB5D54B5D55G
849805,5D25B5D2CB5D2JB5D2QB5D4XB5D54B5D5BB5D5IB5D7MB
849803,5D25B5D2CB5D2DG5D2JB5D2QB5D2RG5D4XB5D54B5D55G
849802,5D25B5D2CB5D2DG5D2JB5D2QB5D2RG5D4XB5D54B5D55G
849799,5D25B5D2CB5D2DG5D2JB5D2QB5D2RG5D4XB5D54B5D55G
846018,5D25B5D2CB5D2DG5D2JB5D2QB5D2RG5D4XB5D54B5D55G
846057,5D25B5D2CB5D2JB5D2QB5D4XB5D54B5D5BB5D5IB5D7MB
846056,5D25B5D2CB5D2DG5D2JB5D2QB5D2RG5D4XB5D54B5D55G
846055,5D25B5D2CB5D2DG5D2JB5D2QB5D2RG5D4XB5D54B5D55G
846061,5D25B5D2CB5D2JB5D2QB5D4XB5D54B5D5BB5D5IB5D7MB
846060,5D25B5D2CB5D2JB5D2QB5D4XB5D54B5D5BB5D5IB5D7MB
846024,5D25B5D2CB5D2JB5D2QB5D4XB5D54B5D5BB5D5IB5D7MB
846050,5D25B5D2CB5D2DG5D2JB5D2QB5D2RG5D4XB5D54B5D55G
846030,5D25B5D2CB5D2DG5D2JB5D2QB5D2RG5D4XB5D54B5D55G
906098,5D25B5D2CB5D2DG5D2JB5D2QB5D2RG5D4XB5D54B5D55G
846029,5D25B5D2CB5D2DG5D2JB5D2QB5D2RG5D4XB5D54B5D55G
846028,5D25B5D2CB5D2DG5D2JB5D2QB5D2RG5D4XB5D54B5D55G
846027,5D25B5D2CB5D2DG5D2JB5D2QB5D2RG5D4XB5D54B5D55G
846020,5D25B5D2CB5D2DG5D2JB5D2QB5D2RG5D4XB5D54B5D55G
846025,5D25B5D2CB5D2DG5D2JB5D2QB5D2RG5D4XB5D54B5D55G
906100,5D25B5D2CB5D2DG5D2JB5D2QB5D2RG5D4XB5D54B5D55G
846064,5D25B5D2CB5D2DG5D2JB5D2QB5D2RG5D4XB5D54B5D55G
741518,5D25B5D2CB5D2DG5D2JB5D2QB5D2RG5D4XB5D54B5D55G
906099,5D25B5D2CB5D2DG5D2JB5D2QB5D2RG5D4XB5D54B5D55G
846062,5D25B5D2CB5D2DG5D2JB5D2QB5D2RG5D4XB5D54B5D55G
846043,5D25B5D2CB5D2JB5D2QB5D4XB5D54B5D5BB5D5IB5D7MB
846042,5D25B5D2CB5D2DG5D2JB5D2QB5D2RG5D4XB5D54B5D55G
846041,5D25B5D2CB5D2DG5D2JB5D2QB5D2RG5D4XB5D54B5D55G
846040,5D25B5D2CB5D2DG5D2JB5D2QB5D2RG5D4XB5D54B5D55G
846039,5D25B5D2CB5D2DG5D2JB5D2QB5D2RG5D4XB5D54B5D55G
846038,5D25B5D2CB5D2DG5D2JB5D2QB5D2RG5D4XB5D54B5D55G
846045,5D25B5D2CB5D2DG5D2JB5D2QB5D2RG5D4XB5D54B5D55G
846037,5D25B5D2CB5D2DG5D2JB5D2QB5D2RG5D4XB5D54B5D55G
846036,5D25B5D2CB5D2DG5D2JB5D2QB5D2RG5D4XB5D54B5D55G
846035,5D25B5D2CB5D2DG5D2JB5D2QB5D2RG5D4XB5D54B5D55G
943149,5D25B5D2CB5D2JB5D2QB5D4XB5D54B5D5BB5D5IB5D7MB
846034,5D25B5D2CB5D2JB5D2QB5D4XB5D54B5D5BB5D5IB5D7MB
851187,5D25B5D2CB5D2DG5D2JB5D2QB5D2RG5D4XB5D54B5D55G
906102,5D25B5D2CB5D2JB5D2QB5D4XB5D54B5D5BB5D5IB5D7MB
851128,5D25B5D2CB5D2DG5D2JB5D2QB5D2RG5D4XB5D54B5D55G
851127,5D25B5D2CB5D2DG5D2JB5D2QB5D2RG5D4XB5D54B5D55G
740286,5D25B5D2CB5D2DG5D2JB5D2QB5D2RG5D4XB5D54B5D55G
851126,5D25B5D2CB5D2JB5D2QB5D4XB5D54B5D5BB5D5IB5D7MB
741515,5D25B5D2CB5D2DG5D2JB5D2QB5D2RG5D4XB5D54B5D55G
1016678,5D25B5D2CB5D2DG5D2JB5D2QB5D2RG5D4XB5D54B5D55G
846023,5D25B5D2CB5D2DG5D2JB5D2QB5D2RG5D4XB5D54B5D55G
846022,5D25B5D2CB5D2DG5D2JB5D2QB5D2RG5D4XB5D54B5D55G
846021,5D25B5D2CB5D2DG5D2JB5D2QB5D2RG5D4XB5D54B5D55G
741516,5D25B5D2CB5D2DG5D2JB5D2QB5D2RG5D4XB5D54B5D55G
846026,5D25B5D2CB5D2DG5D2JB5D2QB5D2RG5D4XB5D54B5D55G
1121171,5D25B5D2CB5D2DG5D2JB5D2QB5D2RG5D4XB5D54B5D55G
1121172,5D25B5D2CB5D2DG5D2JB5D2QB5D2RG5D4XB5D54B5D55G
1121173,5D25B5D2CB5D2DG5D2JB5D2QB5D2RG5D4XB5D54B5D55G
1121174,5D25B5D2CB5D2DG5D2JB5D2QB5D2RG5D4XB5D54B5D55G
1121175,5D25B5D2CB5D2DG5D2JB5D2QB5D2RG5D4XB5D54B5D55G
805915,5D25B5D2CB5D2DG5D2JB5D2QB5D2RG5D4XB5D54B5D55G
851137,5D25B5D2CB5D2DG5D2JB5D2QB5D2RG5D4XB5D54B5D55G
740287,5D25B5D2CB5D2JB5D2QB5D4XB5D54B5D5BB5D5IB5D7MB
851143,5D25B5D2CB5D2DG5D2JB5D2QB5D2RG5D4XB5D54B5D55G
851142,5D25B5D2CB5D2DG5D2JB5D2QB5D2RG5D4XB5D54B5D55G
851125,5D25B5D2CB5D2DG5D2JB5D2QB5D2RG5D4XB5D54B5D55G
851141,5D25B5D2CB5D2DG5D2JB5D2QB5D2RG5D4XB5D54B5D55G
851140,5D25B5D2CB5D2DG5D2JB5D2QB5D2RG5D4XB5D54B5D55G
1016661,5D25B5D2CB5D2DG5D2JB5D2QB5D2RG5D4XB5D54B5D55G
1056978,5D25B5D2CB5D2DG5D2JB5D2QB5D2RG5D4XB5D54B5D55G
851139,5D25B5D2CB5D2DG5D2JB5D2QB5D2RG5D4XB5D54B5D55G
943150,5D25B5D2CB5D2DG5D2JB5D2QB5D2RG5D4XB5D54B5D55G
805919,5D25B5D2CB5D2DG5D2JB5D2QB5D2RG5D4XB5D54B5D55G
1016419,5D25B5D2CB5D2DG5D2JB5D2QB5D2RG5D4XB5D54B5D55G
851129,5D25B5D2CB5D2DG5D2JB5D2QB5D2RG5D4XB5D54B5D55G
805918,5D25B5D2CB5D2DG5D2JB5D2QB5D2RG5D4XB5D54B5D55G
805917,5D25B5D2CB5D2DG5D2JB5D2QB5D2RG5D4XB5D54B5D55G
805916,5D25B5D2CB5D2DG5D2JB5D2QB5D2RG5D4XB5D54B5D55G
1121165,5D25B5D2CB5D2DG5D2JB5D2QB5D2RG5D4XB5D54B5D55G
1121166,5D25B5D2CB5D2DG5D2JB5D2QB5D2RG5D4XB5D54B5D55G
1121167,5D25B5D2CB5D2DG5D2JB5D2QB5D2RG5D4XB5D54B5D55G
1121168,5D25B5D2CB5D2DG5D2JB5D2QB5D2RG5D4XB5D54B5D55G
1121169,5D25B5D2CB5D2DG5D2JB5D2QB5D2RG5D4XB5D54B5D55G
1121170,5D25B5D2CB5D2DG5D2JB5D2QB5D2RG5D4XB5D54B5D55G
863963,5D25B5D2CB5D2JB5D2QB5D4XB5D54B5D5BB5D5IB5D7MB
805899,5D25B5D2CB5D2JB5D2QB5D4XB5D54B5D5BB5D5IB5D7MB
805898,5D25B5D2CB5D2DG5D2JB5D2QB5D2RG5D4XB5D54B5D55G
907597,5D25B5D2CB5D2JB5D2QB5D4XB5D54B5D5BB5D5IB5D7MB
805897,5D25B5D2CB5D2DG5D2JB5D2QB5D2RG5D4XB5D54B5D55G
1016418,5D25B5D2CB5D2DG5D2JB5D2QB5D2RG5D4XB5D54B5D55G
848606,5D25B5D2CB5D2JB5D2QB5D4XB5D54B5D5BB5D5IB5D7MB
805901,5D25B5D2CB5D2DG5D2JB5D2QB5D2RG5D4XB5D54B5D55G
805892,5D25B5D2CB5D2JB5D2QB5D4XB5D54B5D5BB5D5IB5D7MB
851138,5D25B5D2CB5D2DG5D2JB5D2QB5D2RG5D4XB5D54B5D55G
740272,5D25B5D2CB5D2DG5D2JB5D2QB5D2RG5D4XB5D54B5D55G
851145,5D25B5D2CB5D2DG5D2JB5D2QB5D2RG5D4XB5D54B5D55G
851136,5D25B5D2CB5D2DG5D2JB5D2QB5D2RG5D4XB5D54B5D55G
999916,5D25B5D2CB5D2JB5D2QB5D4XB5D54B5D5BB5D5IB5D7MB
851134,5D25B5D2CB5D2DG5D2JB5D2QB5D2RG5D4XB5D54B5D55G
851132,5D25B5D2CB5D2DG5D2JB5D2QB5D2RG5D4XB5D54B5D55G
851131,5D25B5D2CB5D2JB5D2QB5D4XB5D54B5D5BB5D5IB5D7MB
851144,5D25B5D2CB5D2DG5D2JB5D2QB5D2RG5D4XB5D54B5D55G
901428,5D28G5D2FB5D2MG5D4TB5D50G5D57B5D5EG5D5LB5D7PG
700342,5D28G5D2FB5D2MG5D4TB5D50G5D57B5D5EG5D5LB5D7PG
854531,5D28G5D2FB5D2MG5D4TB5D50G5D57B5D5EG5D5HR5D5LB
854558,5D28G5D2FB5D2MG5D4TB5D50G5D57B5D5EG5D5HR5D5LB
854563,5D28G5D2FB5D2MG5D4TB5D50G5D57B5D5EG5D5HR5D5LB
817217,5D28G5D2FB5D2MG5D4TB5D50G5D57B5D5EG5D5HR5D5LB
854568,5D28G5D2FB5D2MG5D4TB5D50G5D57B5D5EG5D5HR5D5LB
700345,5D28G5D2FB5D2MG5D4TB5D50G5D57B5D5EG5D5HR5D5LB
854556,5D28G5D2FB5D2MG5D4TB5D50G5D57B5D5EG5D5HR5D5LB
854607,5D28G5D2FB5D2MG5D4TB5D50G5D57B5D5EG5D5HR5D5LB
854554,5D28G5D2FB5D2MG5D4TB5D50G5D57B5D5EG5D5HR5D5LB
854535,5D28G5D2FB5D2MG5D4TB5D50G5D57B5D5EG5D5HR5D5LB
856269,5D28G5D2FB5D2MG5D4TB5D50G5D57B5D5EG5D5HR5D5LB
856272,5D28G5D2FB5D2MG5D4TB5D50G5D57B5D5EG5D5HR5D5LB
855917,5D28G5D2FB5D2MG5D4TB5D50G5D57B5D5EG5D5HR5D5LB
855915,5D28G5D2FB5D2MG5D4TB5D50G5D57B5D5EG5D5HR5D5LB
854594,5D28G5D2FB5D2MG5D4TB5D50G5D57B5D5EG5D5HR5D5LB
902678,5D28G5D2FB5D2MG5D4TB5D50G5D57B5D5EG5D5HR5D5LB
854598,5D28G5D2FB5D2MG5D4TB5D50G5D57B5D5EG5D5HR5D5LB
1018143,5D28G5D2FB5D2MG5D4TB5D50G5D57B5D5EG5D5HR5D5LB
854532,5D28G5D2FB5D2MG5D4TB5D50G5D57B5D5EG5D5HR5D5LB
854534,5D28G5D2FB5D2MG5D4TB5D50G5D57B5D5EG5D5HR5D5LB
854542,5D28G5D2FB5D2MG5D4TB5D50G5D57B5D5EG5D5HR5D5LB
853253,5D28G5D2FB5D2MG5D4TB5D50G5D57B5D5EG5D5HR5D5LB
863646,5D27B5D2BG5D2EB5D2LB5D2PG5D2SB5D4ZB5D53G5D56B
863961,5D27B5D2BG5D2EB5D2LB5D2PG5D2SB5D4ZB5D53G5D56B
740273,5D27B5D2BG5D2EB5D2LB5D2PG5D2SB5D4ZB5D53G5D56B
805906,5D27B5D2BG5D2EB5D2LB5D2PG5D2SB5D4ZB5D53G5D56B
864060,5D27B5D2BG5D2EB5D2LB5D2PG5D2SB5D4ZB5D53G5D56B
805904,5D27B5D2BG5D2EB5D2LB5D2PG5D2SB5D4ZB5D53G5D56B
848610,5D27B5D2BG5D2EB5D2LB5D2PG5D2SB5D4ZB5D53G5D56B
805902,5D27B5D2BG5D2EB5D2LB5D2PG5D2SB5D4ZB5D53G5D56B
848608,5D27B5D2BG5D2EB5D2LB5D2PG5D2SB5D4ZB5D53G5D56B
805907,5D27B5D2BG5D2EB5D2LB5D2PG5D2SB5D4ZB5D53G5D56B
805895,5D27B5D2EB5D2LB5D2SB5D4ZB5D56B5D5DB5D5JR5D5KB
805914,5D27B5D2BG5D2EB5D2LB5D2PG5D2SB5D4ZB5D53G5D56B
805912,5D27B5D2BG5D2EB5D2LB5D2PG5D2SB5D4ZB5D53G5D56B
1077967,5D27B5D2BG5D2EB5D2LB5D2PG5D2SB5D4ZB5D53G5D56B
805911,5D27B5D2BG5D2EB5D2LB5D2PG5D2SB5D4ZB5D53G5D56B
805910,5D27B5D2BG5D2EB5D2LB5D2PG5D2SB5D4ZB5D53G5D56B
851188,5D27B5D2BG5D2EB5D2LB5D2PG5D2SB5D4ZB5D53G5D56B
851181,5D27B5D2BG5D2EB5D2LB5D2PG5D2SB5D4ZB5D53G5D56B
851180,5D27B5D2BG5D2EB5D2LB5D2PG5D2SB5D4ZB5D53G5D56B
851178,5D27B5D2BG5D2EB5D2LB5D2PG5D2SB5D4ZB5D53G5D56B
906038,5D27B5D2BG5D2EB5D2LB5D2PG5D2SB5D4ZB5D53G5D56B
851195,5D27B5D2BG5D2EB5D2LB5D2PG5D2SB5D4ZB5D53G5D56B
906044,5D27B5D2BG5D2EB5D2LB5D2PG5D2SB5D4ZB5D53G5D56B
999918,5D27B5D2EB5D2LB5D2SB5D4ZB5D56B5D5DB5D5KB5D7OB
851130,5D27B5D2EB5D2LB5D2SB5D4ZB5D56B5D5DB5D5KB5D7OB
906041,5D27B5D2BG5D2EB5D2LB5D2PG5D2SB5D4ZB5D53G5D56B
851186,5D27B5D2BG5D2EB5D2LB5D2PG5D2SB5D4ZB5D53G5D56B
1016663,5D27B5D2BG5D2EB5D2LB5D2PG5D2SB5D4ZB5D53G5D56B
906040,5D27B5D2BG5D2EB5D2LB5D2PG5D2SB5D4ZB5D53G5D56B
851184,5D27B5D2BG5D2EB5D2LB5D2PG5D2SB5D4ZB5D53G5D56B
740288,5D27B5D2BG5D2EB5D2LB5D2PG5D2SB5D4ZB5D53G5D56B
645838,5D23G5D2AB5D2HG5D2OB5D4VG5D52B5D59G5D5GB5D5LR
645840,5D23G5D2AB5D2HG5D2OB5D4VG5D52B5D59G5D5GB5D5LR
645836,5D23G5D2AB5D2HG5D2OB5D4VG5D52B5D59G5D5GB5D5LR
645843,5D23G5D2AB5D2HG5D2OB5D4VG5D52B5D59G5D5GB5D5LR
782914,5D23G5D2AB5D2HG5D2OB5D4VG5D52B5D59G5D5GB5D5LR
645859,5D23G5D2AB5D2HG5D2OB5D4VG5D52B5D59G5D5GB5D5LR
640358,5D23G5D2AB5D2HG5D2OB5D4VG5D52B5D59G5D5GB5D5LR
640361,5D23G5D2HG5D4VG5D59G5D5LR5D5NG5D7WR5D7YG5D8AR
783255,5D23G5D2AB5D2HG5D2OB5D4VG5D52B5D59G5D5GB5D5LR
640356,5D23G5D2AB5D2HG5D2OB5D4VG5D52B5D59G5D5GB5D5LR
640878,5D23G5D2AB5D2HG5D2OB5D4VG5D52B5D59G5D5GB5D5LR
681218,5D23G5D2AB5D2HG5D2OB5D4VG5D52B5D59G5D5GB5D5LR
681219,5D23G5D2AB5D2HG5D2OB5D4VG5D52B5D59G5D5GB5D5LR
645861,5D23G5D2AB5D2HG5D2OB5D4VG5D52B5D59G5D5GB5D5LR
645855,5D23G5D2AB5D2HG5D2OB5D4VG5D52B5D59G5D5GB5D5LR
645857,5D23G5D2AB5D2HG5D2OB5D4VG5D52B5D59G5D5GB5D5LR
824254,5D23G5D2AB5D2HG5D2OB5D4VG5D52B5D59G5D5GB5D5LR
645860,5D23G5D2AB5D2HG5D2OB5D4VG5D52B5D59G5D5GB5D5LR
645862,5D23G5D2AB5D2HG5D2OB5D4VG5D52B5D59G5D5GB5D5LR
645864,5D23G5D2AB5D2HG5D2OB5D4VG5D52B5D59G5D5GB5D5LR
1001926,5D23G5D2AB5D2HG5D2OB5D4VG5D52B5D59G5D5GB5D5LR
645846,5D23G5D2AB5D2HG5D2OB5D4VG5D52B5D59G5D5GB5D5LR
639709,5D23G5D2AB5D2HG5D2OB5D4VG5D52B5D59G5D5GB5D5LR
645848,5D23G5D2AB5D2HG5D2OB5D4VG5D52B5D59G5D5GB5D5LR
824253,5D23G5D2AB5D2HG5D2OB5D4VG5D52B5D59G5D5GB5D5LR
1014322,5D23G5D2AB5D2HG5D2OB5D4VG5D52B5D59G5D5GB5D5LR
645853,5D23G5D2AB5D2HG5D2OB5D4VG5D52B5D59G5D5GB5D5LR
645854,5D23G5D2AB5D2HG5D2OB5D4VG5D52B5D59G5D5GB5D5LR
645841,5D23G5D2AB5D2HG5D2OB5D4VG5D52B5D59G5D5GB5D5LR
744804,5D23G5D2AB5D2HG5D2OB5D4VG5D52B5D59G5D5GB5D5LR
851192,5D26B5D2DB5D2JG5D2KB5D2RB5D4YB5D55B5D5BG5D5CB
702725,5D26B5D2DB5D2JG5D2KB5D2RB5D4YB5D55B5D5BG5D5CB
906042,5D26B5D2DB5D2JG5D2KB5D2RB5D4YB5D55B5D5BG5D5CB
851175,5D26B5D2DB5D2JG5D2KB5D2RB5D4YB5D55B5D5BG5D5CB
851151,5D26B5D2DB5D2JG5D2KB5D2RB5D4YB5D55B5D5BG5D5CB
1156000,5D26B5D2DB5D2JG5D2KB5D2RB5D4YB5D55B5D5BG5D5CB
851160,5D26B5D2DB5D2JG5D2KB5D2RB5D4YB5D55B5D5BG5D5CB
851159,5D26B5D2DB5D2JG5D2KB5D2RB5D4YB5D55B5D5BG5D5CB
999921,5D26B5D2DB5D2JG5D2KB5D2RB5D4YB5D55B5D5BG5D5CB
851157,5D26B5D2DB5D2JG5D2KB5D2RB5D4YB5D55B5D5BG5D5CB
851200,5D26B5D2DB5D2JG5D2KB5D2RB5D4YB5D55B5D5BG5D5CB
851199,5D26B5D2DB5D2JG5D2KB5D2RB5D4YB5D55B5D5BG5D5CB
851198,5D26B5D2DB5D2JG5D2KB5D2RB5D4YB5D55B5D5BG5D5CB
851197,5D26B5D2DB5D2JG5D2KB5D2RB5D4YB5D55B5D5BG5D5CB
851189,5D26B5D2DB5D2JG5D2KB5D2RB5D4YB5D55B5D5BG5D5CB
851202,5D26B5D2DB5D2JG5D2KB5D2RB5D4YB5D55B5D5BG5D5CB
851194,5D26B5D2DB5D2JG5D2KB5D2RB5D4YB5D55B5D5BG5D5CB
906043,5D26B5D2DB5D2JG5D2KB5D2RB5D4YB5D55B5D5BG5D5CB
620549,5D26B5D2DB5D2JG5D2KB5D2RB5D4YB5D55B5D5BG5D5CB
851174,5D26B5D2DB5D2JG5D2KB5D2RB5D4YB5D55B5D5BG5D5CB
999919,5D26B5D26B5D2DB5D2DB5D2JG5D2KB5D2KB5D2RB5D2RB
851172,5D26B5D2DB5D2JG5D2KB5D2RB5D4YB5D55B5D5BG5D5CB
906036,5D26B5D2DB5D2JG5D2KB5D2RB5D4YB5D55B5D5BG5D5CB
702724,5D26B5D2DB5D2JG5D2KB5D2RB5D4YB5D55B5D5BG5D5CB
851169,5D26B5D2DB5D2JG5D2KB5D2RB5D4YB5D55B5D5BG5D5CB
851168,5D26B5D2DB5D2JG5D2KB5D2RB5D4YB5D55B5D5BG5D5CB
851167,5D26B5D2DB5D2JG5D2KB5D2RB5D4YB5D55B5D5BG5D5CB
851165,5D26B5D2DB5D2JG5D2KB5D2RB5D4YB5D55B5D5BG5D5CB
851156,5D26B5D2DB5D2JG5D2KB5D2RB5D4YB5D55B5D5BG5D5CB
851163,5D26B5D2DB5D2JG5D2KB5D2RB5D4YB5D55B5D5BG5D5CB
890710,5D26B5D2DB5D2JG5D2KB5D2RB5D4YB5D55B5D5BG5D5CB
890701,5D26B5D2DB5D2JG5D2KB5D2RB5D4YB5D55B5D5BG5D5CB
859751,5D26B5D2DB5D2JG5D2KB5D2RB5D4YB5D55B5D5BG5D5CB
943151,5D26B5D2DB5D2JG5D2KB5D2RB5D4YB5D55B5D5BG5D5CB
851154,5D26B5D26B5D2DB5D2DB5D2JG5D2KB5D2KB5D2RB5D2RB
890705,5D26B5D2DB5D2JG5D2KB5D2RB5D4YB5D55B5D5BG5D5CB
859750,5D26B5D2DB5D2JG5D2KB5D2RB5D4YB5D55B5D5BG5D5CB
851146,5D26B5D2DB5D2JG5D2KB5D2RB5D4YB5D55B5D5BG5D5CB
851161,5D26B5D26B5D2DB5D2DB5D2JG5D2KB5D2KB5D2RB5D2RB
851150,5D26B5D2DB5D2JG5D2JG5D2KB5D2RB5D4YB5D55B5D5BG
851148,5D26B5D26B5D2DB5D2DB5D2JG5D2KB5D2KB5D2RB5D2RB
999917,5D26B5D26B5D2DB5D2DB5D2JG5D2KB5D2KB5D2RB5D2RB
702723,5D26B5D26B5D2DB5D2DB5D2JG5D2KB5D2KB5D2RB5D2RB
851170,5D26B5D2DB5D2JG5D2KB5D2RB5D4YB5D55B5D5BG5D5CB
1113335,5D26B5D2DB5D2JG5D2KB5D2RB5D4YB5D55B5D5BG5D5CB
1113338,5D26B5D2DB5D2JG5D2KB5D2RB5D4YB5D55B5D5BG5D5CB
1113337,5D26B5D2DB5D2JG5D2KB5D2RB5D4YB5D55B5D5BG5D5CB
701625,5D26B5D2DB5D2JG5D2KB5D2RB5D4YB5D55B5D5BG5D5CB
846033,5D26B5D2DB5D2JG5D2KB5D2RB5D4YB5D55B5D5BG5D5CB
994270,5D26B5D2DB5D2JG5D2KB5D2RB5D4YB5D55B5D5BG5D5CB
702732,5D26B5D2DB5D2JG5D2KB5D2RB5D4YB5D55B5D5BG5D5CB
943152,5D26B5D2DB5D2JG5D2KB5D2RB5D4YB5D55B5D5BG5D5CB
890711,5D26B5D2DB5D2JG5D2KB5D2RB5D4YB5D55B5D5BG5D5CB
1113336,5D26B5D2DB5D2JG5D2KB5D2RB5D4YB5D55B5D5BG5D5CB
1113340,5D26B5D2DB5D2JG5D2KB5D2RB5D4YB5D55B5D5BG5D5CB
1113339,5D26B5D2DB5D2JG5D2KB5D2RB5D4YB5D55B5D5BG5D5CB
702728,5D26B5D2DB5D2JG5D2KB5D2RB5D4YB5D55B5D5BG5D5CB
848247,5D26B5D2DB5D2JG5D2KB5D2RB5D4YB5D55B5D5BG5D5CB
890718,5D26B5D2DB5D2JG5D2KB5D2RB5D4YB5D55B5D5BG5D5CB
890717,5D26B5D2DB5D2JG5D2KB5D2RB5D4YB5D55B5D5BG5D5CB
890716,5D26B5D2DB5D2JG5D2KB5D2RB5D4YB5D55B5D5BG5D5CB
890713,5D26B5D2DB5D2JG5D2KB5D2RB5D4YB5D55B5D5BG5D5CB
890700,5D26B5D2DB5D2JG5D2KB5D2RB5D4YB5D55B5D5BG5D5CB
890706,5D26B5D2DB5D2JG5D2KB5D2RB5D4YB5D55B5D5BG5D5CB
846336,5D26B5D2DB5D2JG5D2KB5D2RB5D4YB5D55B5D5BG5D5CB
890704,5D26B5D2DB5D2JG5D2KB5D2RB5D4YB5D55B5D5BG5D5CB
846334,5D26B5D2DB5D2JG5D2KB5D2RB5D4YB5D55B5D5BG5D5CB
846333,5D26B5D2DB5D2JG5D2KB5D2RB5D4YB5D55B5D5BG5D5CB
890702,5D26B5D2DB5D2JG5D2KB5D2RB5D4YB5D55B5D5BG5D5CB
848245,5D26B5D2DB5D2JG5D2KB5D2RB5D4YB5D55B5D5BG5D5CB
848243,5D26B5D2DB5D2JG5D2KB5D2RB5D4YB5D55B5D5BG5D5CB
848242,5D26B5D2DB5D2JG5D2KB5D2RB5D4YB5D55B5D5BG5D5CB
848240,5D26B5D2DB5D2JG5D2KB5D2RB5D4YB5D55B5D5BG5D5CB
848239,5D26B5D2DB5D2JG5D2KB5D2RB5D4YB5D55B5D5BG5D5CB
1123112,5D26B5D2DB5D2JG5D2KB5D2RB5D4YB5D55B5D5BG5D5CB
1099329,5D26B5D2DB5D2JG5D2KB5D2RB5D4YB5D55B5D5BG5D5CB
1027035,5D26B5D2DB5D2JG5D2KB5D2RB5D4YB5D55B5D5BG5D5CB
995360,5D26B5D2DB5D2JG5D2KB5D2RB5D4YB5D55B5D5BG5D5CB
943160,5D26B5D2DB5D2JG5D2KB5D2RB5D4YB5D55B5D5BG5D5CB
995361,5D26B5D2DB5D2JG5D2KB5D2RB5D4YB5D55B5D5BG5D5CB
943161,5D26B5D2DB5D2JG5D2KB5D2RB5D4YB5D55B5D5BG5D5CB
995362,5D26B5D2DB5D2JG5D2KB5D2RB5D4YB5D55B5D5BG5D5CB
943162,5D26B5D2DB5D2JG5D2KB5D2RB5D4YB5D55B5D5BG5D5CB
995363,5D26B5D2DB5D2JG5D2KB5D2RB5D4YB5D55B5D5BG5D5CB
943163,5D26B5D2DB5D2JG5D2KB5D2RB5D4YB5D55B5D5BG5D5CB
701626,5D26B5D2DB5D2JG5D2KB5D2RB5D4YB5D55B5D5BG5D5CB
851645,5D26B5D2DB5D2JG5D2KB5D2RB5D4YB5D55B5D5BG5D5CB
851644,5D26B5D2DB5D2JG5D2KB5D2RB5D4YB5D55B5D5BG5D5CB
851642,5D26B5D2DB5D2JG5D2KB5D2RB5D4YB5D55B5D5BG5D5CB
906066,5D26B5D2DB5D2JG5D2KB5D2RB5D4YB5D55B5D5BG5D5CB
851641,5D26B5D2DB5D2JG5D2KB5D2RB5D4YB5D55B5D5BG5D5CB
846337,5D26B5D2DB5D2JG5D2KB5D2RB5D4YB5D55B5D5BG5D5CB
859749,5D26B5D2DB5D2JG5D2KB5D2RB5D4YB5D55B5D5BG5D5CB
846671,5D26B5D2DB5D2JG5D2KB5D2RB5D4YB5D55B5D5BG5D5CB
846669,5D26B5D2DB5D2JG5D2KB5D2RB5D4YB5D55B5D5BG5D5CB
1004000,5D26B5D2DB5D2JG5D2KB5D2RB5D4YB5D55B5D5BG5D5CB
826393,5D26B5D2DB5D2JG5D2KB5D2RB5D4YB5D55B5D5BG5D5CB
846667,5D26B5D2DB5D2JG5D2KB5D2RB5D4YB5D55B5D5BG5D5CB
846339,5D26B5D2DB5D2JG5D2KB5D2RB5D4YB5D55B5D5BG5D5CB
848246,5D26B5D2DB5D2JG5D2KB5D2RB5D4YB5D55B5D5BG5D5CB
846332,5D26B5D2DB5D2JG5D2KB5D2RB5D4YB5D55B5D5BG5D5CB
846330,5D26B5D2DB5D2JG5D2KB5D2RB5D4YB5D55B5D5BG5D5CB
702706,5D26B5D2DB5D2JG5D2KB5D2RB5D4YB5D55B5D5BG5D5CB
846327,5D26B5D2DB5D2JG5D2KB5D2RB5D4YB5D55B5D5BG5D5CB
846326,5D26B5D2DB5D2JG5D2KB5D2RB5D4YB5D55B5D5BG5D5CB
846324,5D26B5D2DB5D2JG5D2KB5D2RB5D4YB5D55B5D5BG5D5CB
846672,5D26B5D2DB5D2JG5D2KB5D2RB5D4YB5D55B5D5BG5D5CB
851640,5D26B5D2DB5D2JG5D2KB5D2RB5D4YB5D55B5D5BG5D5CB
1043880,5D26B5D2DB5D2JG5D2KB5D2RB5D4YB5D55B5D5BG5D5CB
1043881,5D26B5D2DB5D2JG5D2KB5D2RB5D4YB5D55B5D5BG5D5CB
790071,5D26B5D2DB5D2JG5D2KB5D2RB5D4YB5D55B5D5BG5D5CB
947683,5D26B5D2DB5D2JG5D2KB5D2RB5D4YB5D55B5D5BG5D5CB
1004464,5D26B5D2DB5D2JG5D2KB5D2RB5D4YB5D55B5D5BG5D5CB
1121160,5D26B5D2DB5D2JG5D2KB5D2RB5D4YB5D55B5D5BG5D5CB
1121161,5D26B5D2DB5D2JG5D2KB5D2RB5D4YB5D55B5D5BG5D5CB
1121162,5D26B5D2DB5D2JG5D2KB5D2RB5D4YB5D55B5D5BG5D5CB
1121163,5D26B5D2DB5D2JG5D2KB5D2RB5D4YB5D55B5D5BG5D5CB
1121164,5D26B5D2DB5D2JG5D2KB5D2RB5D4YB5D55B5D5BG5D5CB
847321,5D26B5D2DB5D2KB5D2LG5D2RB5D4YB5D55B5D5CB5D5DG
1016695,5D26B5D2DB5D2KB5D2LG5D2RB5D4YB5D55B5D5CB5D5DG
702730,5D26B5D2DB5D2KB5D2LG5D2RB5D4YB5D55B5D5CB5D5DG
865206,5D26B5D2DB5D2JG5D2KB5D2RB5D4YB5D55B5D5BG5D5CB
847318,5D26B5D2DB5D2KB5D2LG5D2RB5D4YB5D55B5D5CB5D5DG
847329,5D26B5D2DB5D2JG5D2KB5D2RB5D4YB5D55B5D5BG5D5CB
865205,5D26B5D2DB5D2JG5D2KB5D2RB5D4YB5D55B5D5BG5D5CB
847322,5D26B5D2DB5D2JG5D2KB5D2RB5D4YB5D55B5D5BG5D5CB
847328,5D26B5D2DB5D2JG5D2KB5D2RB5D4YB5D55B5D5BG5D5CB
847312,5D26B5D2DB5D2KB5D2LG5D2RB5D4YB5D55B5D5CB5D5DG
847326,5D26B5D2DB5D2JG5D2KB5D2RB5D4YB5D55B5D5BG5D5CB
943169,5D26B5D2DB5D2JG5D2KB5D2RB5D4YB5D55B5D5BG5D5CB
847316,5D26B5D2DB5D2KB5D2LG5D2RB5D4YB5D55B5D5CB5D5DG
847310,5D26B5D2DB5D2KB5D2LG5D2RB5D4YB5D55B5D5CB5D5DG
998341,5D26B5D2DB5D2KB5D2LG5D2RB5D4YB5D55B5D5CB5D5DG
847315,5D26B5D2DB5D2KB5D2LG5D2RB5D4YB5D55B5D5CB5D5DG
847307,5D26B5D2DB5D2KB5D2LG5D2RB5D4YB5D55B5D5CB5D5DG
847305,5D26B5D2DB5D2KB5D2LG5D2RB5D4YB5D55B5D5CB5D5DG
1007950,5D26B5D2DB5D2KB5D2LG5D2RB5D4YB5D55B5D5CB5D5DG
1033444,5D26B5D2DB5D2JG5D2KB5D2RB5D4YB5D55B5D5BG5D5CB
738001,5D27B5D2EB5D2JG5D2LB5D2SB5D4ZB5D56B5D5BG5D5DB
949689,5D27B5D2EB5D2LB5D2SB5D4ZB5D56B5D5DB5D5KB5D7OB
943174,5D27B5D2EB5D2LB5D2SB5D4ZB5D56B5D5DB5D5KB5D7OB
1007951,5D26B5D2DB5D2KB5D2LG5D2RB5D4YB5D55B5D5CB5D5DG
1033445,5D26B5D2DB5D2JG5D2KB5D2RB5D4YB5D55B5D5BG5D5CB
701580,5D27B5D2EB5D2JG5D2LB5D2SB5D4ZB5D56B5D5BG5D5DB
943170,5D27B5D2EB5D2LB5D2SB5D4ZB5D56B5D5DB5D5KB5D7OB
1007952,5D26B5D2DB5D2KB5D2LG5D2RB5D4YB5D55B5D5CB5D5DG
1033446,5D26B5D2DB5D2JG5D2KB5D2RB5D4YB5D55B5D5BG5D5CB
869450,5D27B5D2EB5D2JG5D2LB5D2SB5D4ZB5D56B5D5BG5D5DB
994073,5D27B5D2EB5D2LB5D2SB5D4ZB5D56B5D5DB5D5KB5D7OB
1033447,5D26B5D2DB5D2JG5D2KB5D2RB5D4YB5D55B5D5BG5D5CB
869451,5D27B5D2EB5D2JG5D2LB5D2SB5D4ZB5D56B5D5BG5D5DB
912111,5D27B5D2EB5D2LB5D2SB5D4ZB5D56B5D5DB5D5KB5D7OB
943171,5D27B5D2EB5D2LB5D2SB5D4ZB5D56B5D5DB5D5KB5D7OB
949690,5D27B5D2EB5D2LB5D2SB5D4ZB5D56B5D5DB5D5KB5D7OB
943172,5D27B5D2EB5D2LB5D2SB5D4ZB5D56B5D5DB5D5KB5D7OB
943173,5D27B5D2EB5D2LB5D2SB5D4ZB5D56B5D5DB5D5KB5D7OB
701627,5D27B5D2EB5D2LB5D2SB5D4ZB5D56B5D5DB5D5KB5D7OB
736819,5D26B5D2DB5D2JG5D2KB5D2RB5D4YB5D55B5D5BG5D5CB
1134608,5D26B5D2DB5D2KB5D2LG5D2RB5D4YB5D55B5D5CB5D5DG
790068,5D26B5D2DB5D2JG5D2KB5D2RB5D4YB5D55B5D5BG5D5CB
1134609,5D26B5D2DB5D2KB5D2LG5D2RB5D4YB5D55B5D5CB5D5DG
736820,5D26B5D2DB5D2JG5D2KB5D2RB5D4YB5D55B5D5BG5D5CB
1134610,5D26B5D2DB5D2KB5D2LG5D2RB5D4YB5D55B5D5CB5D5DG
1134611,5D26B5D2DB5D2KB5D2LG5D2RB5D4YB5D55B5D5CB5D5DG
736818,5D26B5D2DB5D2JG5D2KB5D2RB5D4YB5D55B5D5BG5D5CB
847299,5D28B5D2FB5D2LG5D2MB5D4TB5D50B5D57B5D5DG5D5EB
702729,5D28B5D2FB5D2LG5D2MB5D4TB5D50B5D57B5D5DG5D5EB
848264,5D28B5D2FB5D2LG5D2MB5D4TB5D50B5D57B5D5DG5D5EB
848250,5D28B5D2FB5D2LG5D2MB5D4TB5D50B5D57B5D5DG5D5EB
847303,5D28B5D2FB5D2LG5D2MB5D4TB5D50B5D57B5D5DG5D5EB
847301,5D28B5D2FB5D2LG5D2MB5D4TB5D50B5D57B5D5DG5D5EB
949691,5D28B5D2FB5D2LG5D2MB5D4TB5D50B5D57B5D5DG5D5EB
1027036,5D28B5D2FB5D2LG5D2MB5D4TB5D50B5D57B5D5DG5D5EB
943175,5D28B5D2FB5D2LG5D2MB5D4TB5D50B5D57B5D5DG5D5EB
994074,5D28B5D2FB5D2LG5D2MB5D4TB5D50B5D57B5D5DG5D5EB
848388,5D24B5D2BG5D2IB5D2PG5D4WB5D53G5D5AB5D5HG5D5JR
848387,5D24B5D2BG5D2IB5D2PG5D4WB5D53G5D5AB5D5HG5D5JR
704022,5D24B5D2BG5D2IB5D2PG5D4WB5D53G5D5AB5D5HG5D5JR
848385,5D24B5D2BG5D2IB5D2PG5D4WB5D53G5D5AB5D5HG5D5JR
826719,5D24B5D2BG5D2IB5D2PG5D4WB5D53G5D5AB5D5HG5D5JR
848392,5D24B5D2BG5D2IB5D2PG5D4WB5D53G5D5AB5D5HG5D5JR
848381,5D24B5D2BG5D2IB5D2PG5D4WB5D53G5D5AB5D5HG5D5JR
848380,5D24B5D2BG5D2IB5D2PG5D4WB5D53G5D5AB5D5HG5D5JR
848379,5D24B5D2BG5D2IB5D2PG5D4WB5D53G5D5AB5D5HG5D5JR
1016694,5D24B5D2BG5D2IB5D2PG5D4WB5D53G5D5AB5D5HG5D5JR
851544,5D24B5D2BG5D2IB5D2PG5D4WB5D53G5D5AB5D5HG5D5JR
848400,5D24B5D2BG5D2IB5D2PG5D4WB5D53G5D5AB5D5HG5D5JR
704023,5D24B5D2BG5D2IB5D2PG5D4WB5D53G5D5AB5D5HG5D5JR
848405,5D24B5D2BG5D2IB5D2PG5D4WB5D53G5D5AB5D5HG5D5JR
900440,5D24B5D2BG5D2IB5D2PG5D4WB5D53G5D5AB5D5HG5D5JR
848403,5D24B5D2BG5D2IB5D2PG5D4WB5D53G5D5AB5D5HG5D5JR
1004019,5D24B5D2BG5D2IB5D2PG5D4WB5D53G5D5AB5D5HG5D5JR
900439,5D24B5D2BG5D2IB5D2PG5D4WB5D53G5D5AB5D5HG5D5JR
848393,5D24B5D2IB5D4WB5D5AB5D5JR5D7LB5D7UR5D7ZB5D88R
848407,5D24B5D2BG5D2IB5D2PG5D4WB5D53G5D5AB5D5HG5D5JR
848261,5D24B5D2BG5D2IB5D2PG5D4WB5D53G5D5AB5D5HG5D5JR
848399,5D24B5D2BG5D2IB5D2PG5D4WB5D53G5D5AB5D5HG5D5JR
848397,5D24B5D2BG5D2IB5D2PG5D4WB5D53G5D5AB5D5HG5D5JR
826720,5D24B5D2BG5D2IB5D2PG5D4WB5D53G5D5AB5D5HG5D5JR
848396,5D24B5D2BG5D2IB5D2PG5D4WB5D53G5D5AB5D5HG5D5JR
848395,5D24B5D2BG5D2IB5D2PG5D4WB5D53G5D5AB5D5HG5D5JR
848260,5D24B5D2BG5D2IB5D2PG5D4WB5D53G5D5AB5D5HG5D5JR
848406,5D24B5D2BG5D2IB5D2PG5D4WB5D53G5D5AB5D5HG5D5JR
848383,5D24B5D2BG5D2IB5D2PG5D4WB5D53G5D5AB5D5HG5D5JR
846079,5D24B5D2BG5D2IB5D2PG5D4WB5D53G5D5AB5D5HG5D5JR
848258,5D24B5D2BG5D2IB5D2PG5D4WB5D53G5D5AB5D5HG5D5JR
848257,5D24B5D2BG5D2IB5D2PG5D4WB5D53G5D5AB5D5HG5D5JR
848439,5D24B5D2BG5D2IB5D2PG5D4WB5D53G5D5AB5D5HG5D5JR
847332,5D24B5D2BG5D2IB5D2PG5D4WB5D53G5D5AB5D5HG5D5JR
848391,5D24B5D2BG5D2IB5D2PG5D4WB5D53G5D5AB5D5HG5D5JR
848390,5D24B5D2BG5D2IB5D2PG5D4WB5D53G5D5AB5D5HG5D5JR
1030850,5D27G5D2EB5D2LG5D2SB5D4ZG5D56B5D5DG5D5IR5D5KB
698230,5D27G5D2EB5D2LG5D2SB5D4ZG5D56B5D5DG5D5IR5D5KB
993363,5D27G5D2EB5D2LG5D2SB5D4ZG5D56B5D5DG5D5IR5D5KB
693746,5D27G5D2EB5D2LG5D2SB5D4ZG5D56B5D5DG5D5IR5D5KB
693744,5D27G5D2EB5D2LG5D2SB5D4ZG5D56B5D5DG5D5IR5D5KB
661737,5D27G5D2EB5D2LG5D2SB5D4ZG5D56B5D5DG5D5IR5D5KB
693745,5D27G5D2EB5D2LG5D2SB5D4ZG5D56B5D5DG5D5IR5D5KB
698232,5D27G5D2EB5D2LG5D2SB5D4ZG5D56B5D5DG5D5IR5D5KB
623893,5D27G5D2EB5D2LG5D2SB5D4ZG5D56B5D5DG5D5IR5D5KB
698231,5D27G5D2EB5D2LG5D2SB5D4ZG5D56B5D5DG5D5IR5D5KB
698229,5D27G5D2EB5D2LG5D2SB5D4ZG5D56B5D5DG5D5IR5D5KB
1049748,5D27G5D2EB5D2LG5D2SB5D4ZG5D56B5D5DG5D5IR5D5KB
1149501,5D25G5D2CB5D2JG5D2QB5D4XG5D54B5D5BG5D5IB5D7MG
1149502,5D25G5D2CB5D2JG5D2QB5D4XG5D54B5D5BG5D5IB5D7MG
1149503,5D25G5D2CB5D2JG5D2QB5D4XG5D54B5D5BG5D5IB5D7MG
1149504,5D25G5D2CB5D2JG5D2QB5D4XG5D54B5D5BG5D5IB5D7MG
1149506,5D25G5D2CB5D2JG5D2QB5D4XG5D54B5D5BG5D5IB5D7MG
1149413,5D25G5D2CB5D2JG5D2QB5D4XG5D54B5D5BG5D5IB5D7MG
1149507,5D25G5D2CB5D2JG5D2QB5D4XG5D54B5D5BG5D5IB5D7MG
1149412,5D25G5D2CB5D2JG5D2QB5D4XG5D54B5D5BG5D5IB5D7MG
1149410,5D25G5D2CB5D2JG5D2QB5D4XG5D54B5D5BG5D5IB5D7MG
1149409,5D25G5D2CB5D2JG5D2QB5D4XG5D54B5D5BG5D5IB5D7MG
1149408,5D25G5D2CB5D2JG5D2QB5D4XG5D54B5D5BG5D5IB5D7MG
1149407,5D25G5D2CB5D2JG5D2QB5D4XG5D54B5D5BG5D5IB5D7MG
695316,5D23G5D2AB5D2HG5D2OB5D4VG5D52B5D59G5D5GB5D5NG
695321,5D23G5D2AB5D2HG5D2OB5D4VG5D52B5D59G5D5GB5D5NG
665398,5D23G5D2AB5D2HG5D2OB5D4VG5D52B5D59G5D5GB5D5NG
695317,5D23G5D2AB5D2HG5D2OB5D4VG5D52B5D59G5D5GB5D5NG
621535,5D23G5D2AB5D2HG5D2OB5D4VG5D52B5D59G5D5GB5D5NG
621536,5D23G5D2AB5D2HG5D2OB5D4VG5D52B5D59G5D5GB5D5NG
665399,5D23G5D2AB5D2HG5D2OB5D4VG5D52B5D59G5D5GB5D5NG
695318,5D23G5D2AB5D2HG5D2OB5D4VG5D52B5D59G5D5GB5D5NG
695313,5D23G5D2AB5D2HG5D2OB5D4VG5D52B5D59G5D5GB5D5NG
695319,5D23G5D2AB5D2HG5D2OB5D4VG5D52B5D59G5D5GB5D5NG
621532,5D23G5D2AB5D2HG5D2OB5D4VG5D52B5D59G5D5GB5D5NG
695320,5D23G5D2AB5D2HG5D2OB5D4VG5D52B5D59G5D5GB5D5NG
695314,5D23G5D2AB5D2HG5D2OB5D4VG5D52B5D59G5D5GB5D5NG
621533,5D23G5D2AB5D2HG5D2OB5D4VG5D52B5D59G5D5GB5D5NG
695315,5D23G5D2AB5D2HG5D2OB5D4VG5D52B5D59G5D5GB5D5NG
621534,5D23G5D2AB5D2HG5D2OB5D4VG5D52B5D59G5D5GB5D5NG
1058740,5D2AB5D2OB5D52B5D5GB5D7RB5D85B
1058741,5D23G5D2AB5D2HG5D2OB5D4VG5D52B5D59G5D5GB5D5NG
830766,5D23G5D2AB5D2HG5D2OB5D4VG5D52B5D59G5D5GB5D5NG
830767,5D23G5D2AB5D2HG5D2OB5D4VG5D52B5D59G5D5GB5D5NG
830768,5D23G5D2AB5D2HG5D2OB5D4VG5D52B5D59G5D5GB5D5NG
830769,5D23G5D2AB5D2HG5D2OB5D4VG5D52B5D59G5D5GB5D5NG
830770,5D23G5D2AB5D2HG5D2OB5D4VG5D52B5D59G5D5GB5D5NG
830771,5D23G5D2AB5D2HG5D2OB5D4VG5D52B5D59G5D5GB5D5NG
1005202,5D23G5D2AB5D2HG5D2OB5D4VG5D52B5D59G5D5GB5D5NG
1005203,5D23G5D2AB5D2HG5D2OB5D4VG5D52B5D59G5D5GB5D5NG
1005204,5D23G5D2AB5D2HG5D2OB5D4VG5D52B5D59G5D5GB5D5NG
1005205,5D23G5D2AB5D2HG5D2OB5D4VG5D52B5D59G5D5GB5D5NG
1005206,5D23G5D2AB5D2HG5D2OB5D4VG5D52B5D59G5D5GB5D5NG
1005207,5D23G5D2AB5D2HG5D2OB5D4VG5D52B5D59G5D5GB5D5NG
828796,5D23G5D2AB5D2HG5D2OB5D4VG5D52B5D59G5D5GB5D5NG
828797,5D23G5D2AB5D2HG5D2OB5D4VG5D52B5D59G5D5GB5D5NG
828798,5D23G5D2AB5D2HG5D2OB5D4VG5D52B5D59G5D5GB5D5NG
828799,5D23G5D2AB5D2HG5D2OB5D4VG5D52B5D59G5D5GB5D5NG
828800,5D23G5D2AB5D2HG5D2OB5D4VG5D52B5D59G5D5GB5D5NG
828801,5D23G5D2AB5D2HG5D2OB5D4VG5D52B5D59G5D5GB5D5NG
786419,5D23G5D2AB5D2HG5D2OB5D4VG5D52B5D59G5D5GB5D5NG
786420,5D23G5D2AB5D2HG5D2OB5D4VG5D52B5D59G5D5GB5D5NG
786421,5D23G5D2AB5D2HG5D2OB5D4VG5D52B5D59G5D5GB5D5NG
786422,5D23G5D2AB5D2HG5D2OB5D4VG5D52B5D59G5D5GB5D5NG
786423,5D23G5D2AB5D2HG5D2OB5D4VG5D52B5D59G5D5GB5D5NG
786424,5D23G5D2AB5D2HG5D2OB5D4VG5D52B5D59G5D5GB5D5NG
911836,5D23G5D2AB5D2HG5D2OB5D4VG5D52B5D59G5D5GB5D5NG
911837,5D23G5D2AB5D2HG5D2OB5D4VG5D52B5D59G5D5GB5D5NG
911838,5D23G5D2AB5D2HG5D2OB5D4VG5D52B5D59G5D5GB5D5NG
911839,5D23G5D2AB5D2HG5D2OB5D4VG5D52B5D59G5D5GB5D5NG
911840,5D23G5D2AB5D2HG5D2OB5D4VG5D52B5D59G5D5GB5D5NG
911841,5D23G5D2AB5D2HG5D2OB5D4VG5D52B5D59G5D5GB5D5NG
829546,5D23G5D2AB5D2HG5D2OB5D4VG5D52B5D59G5D5GB5D5NG
829547,5D23G5D2AB5D2HG5D2OB5D4VG5D52B5D59G5D5GB5D5NG
829548,5D23G5D2AB5D2HG5D2OB5D4VG5D52B5D59G5D5GB5D5NG
829549,5D23G5D2AB5D2HG5D2OB5D4VG5D52B5D59G5D5GB5D5NG
829550,5D23G5D2AB5D2HG5D2OB5D4VG5D52B5D59G5D5GB5D5NG
829551,5D23G5D2AB5D2HG5D2OB5D4VG5D52B5D59G5D5GB5D5NG
911393,5D23G5D2AB5D2HG5D2OB5D4VG5D52B5D59G5D5GB5D5NG
911394,5D23G5D2AB5D2HG5D2OB5D4VG5D52B5D59G5D5GB5D5NG
911395,5D23G5D2AB5D2HG5D2OB5D4VG5D52B5D59G5D5GB5D5NG
911396,5D23G5D2AB5D2HG5D2OB5D4VG5D52B5D59G5D5GB5D5NG
911397,5D23G5D2AB5D2HG5D2OB5D4VG5D52B5D59G5D5GB5D5NG
911398,5D23G5D2AB5D2HG5D2OB5D4VG5D52B5D59G5D5GB5D5NG
998448,5D23G5D2AB5D2HG5D2OB5D4VG5D52B5D59G5D5GB5D5NG
998449,5D23G5D2AB5D2HG5D2OB5D4VG5D52B5D59G5D5GB5D5NG
998450,5D23G5D2AB5D2HG5D2OB5D4VG5D52B5D59G5D5GB5D5NG
998451,5D23G5D2AB5D2HG5D2OB5D4VG5D52B5D59G5D5GB5D5NG
998452,5D23G5D2AB5D2HG5D2OB5D4VG5D52B5D59G5D5GB5D5NG
998453,5D23G5D2AB5D2HG5D2OB5D4VG5D52B5D59G5D5GB5D5NG
998157,5D23G5D2AB5D2HG5D2OB5D4VG5D52B5D59G5D5GB5D5NG
998158,5D23G5D2AB5D2HG5D2OB5D4VG5D52B5D59G5D5GB5D5NG
998159,5D23G5D2AB5D2HG5D2OB5D4VG5D52B5D59G5D5GB5D5NG
998160,5D23G5D2AB5D2HG5D2OB5D4VG5D52B5D59G5D5GB5D5NG
998161,5D23G5D2AB5D2HG5D2OB5D4VG5D52B5D59G5D5GB5D5NG
998162,5D23G5D2AB5D2HG5D2OB5D4VG5D52B5D59G5D5GB5D5NG
828335,5D23G5D2AB5D2HG5D2OB5D4VG5D52B5D59G5D5GB5D5NG
828336,5D23G5D2AB5D2HG5D2OB5D4VG5D52B5D59G5D5GB5D5NG
828337,5D23G5D2AB5D2HG5D2OB5D4VG5D52B5D59G5D5GB5D5NG
828338,5D23G5D2AB5D2HG5D2OB5D4VG5D52B5D59G5D5GB5D5NG
828339,5D23G5D2AB5D2HG5D2OB5D4VG5D52B5D59G5D5GB5D5NG
828340,5D23G5D2AB5D2HG5D2OB5D4VG5D52B5D59G5D5GB5D5NG
825820,5D23G5D2AB5D2HG5D2OB5D4VG5D52B5D59G5D5GB5D5NG
825821,5D23G5D2AB5D2HG5D2OB5D4VG5D52B5D59G5D5GB5D5NG
825822,5D23G5D2AB5D2HG5D2OB5D4VG5D52B5D59G5D5GB5D5NG
825823,5D23G5D2AB5D2HG5D2OB5D4VG5D52B5D59G5D5GB5D5NG
825824,5D23G5D2AB5D2HG5D2OB5D4VG5D52B5D59G5D5GB5D5NG
825825,5D23G5D2AB5D2HG5D2OB5D4VG5D52B5D59G5D5GB5D5NG
780864,5D23G5D2AB5D2HG5D2OB5D4VG5D52B5D59G5D5GB5D5NG
780865,5D23G5D2AB5D2HG5D2OB5D4VG5D52B5D59G5D5GB5D5NG
780866,5D23G5D2AB5D2HG5D2OB5D4VG5D52B5D59G5D5GB5D5NG
780867,5D23G5D2AB5D2HG5D2OB5D4VG5D52B5D59G5D5GB5D5NG
780868,5D23G5D2AB5D2HG5D2OB5D4VG5D52B5D59G5D5GB5D5NG
780869,5D23G5D2AB5D2HG5D2OB5D4VG5D52B5D59G5D5GB5D5NG
1014368,5D23G5D2AB5D2HG5D2OB5D4VG5D52B5D59G5D5GB5D5NG
1014369,5D23G5D2AB5D2HG5D2OB5D4VG5D52B5D59G5D5GB5D5NG
1014370,5D23G5D2AB5D2HG5D2OB5D4VG5D52B5D59G5D5GB5D5NG
1014371,5D23G5D2AB5D2HG5D2OB5D4VG5D52B5D59G5D5GB5D5NG
1014372,5D23G5D2AB5D2HG5D2OB5D4VG5D52B5D59G5D5GB5D5NG
1014373,5D23G5D2AB5D2HG5D2OB5D4VG5D52B5D59G5D5GB5D5NG
1001201,5D23G5D2AB5D2HG5D2OB5D4VG5D52B5D59G5D5GB5D5NG
1001202,5D23G5D2AB5D2HG5D2OB5D4VG5D52B5D59G5D5GB5D5NG
1001203,5D23G5D2AB5D2HG5D2OB5D4VG5D52B5D59G5D5GB5D5NG
1001204,5D23G5D2AB5D2HG5D2OB5D4VG5D52B5D59G5D5GB5D5NG
1001205,5D23G5D2AB5D2HG5D2OB5D4VG5D52B5D59G5D5GB5D5NG
1001206,5D23G5D2AB5D2HG5D2OB5D4VG5D52B5D59G5D5GB5D5NG
1146186,5D23G5D2AB5D2HG5D2OB5D4VG5D52B5D59G5D5GB5D5NG
1146187,5D23G5D2AB5D2HG5D2OB5D4VG5D52B5D59G5D5GB5D5NG
1146188,5D23G5D2AB5D2HG5D2OB5D4VG5D52B5D59G5D5GB5D5NG
1146189,5D23G5D2AB5D2HG5D2OB5D4VG5D52B5D59G5D5GB5D5NG
1146190,5D23G5D2AB5D2HG5D2OB5D4VG5D52B5D59G5D5GB5D5NG
1146191,5D23G5D2AB5D2HG5D2OB5D4VG5D52B5D59G5D5GB5D5NG
1146192,5D23G5D2AB5D2HG5D2OB5D4VG5D52B5D59G5D5GB5D5NG
1146158,5D23G5D2AB5D2HG5D2OB5D4VG5D52B5D59G5D5GB5D5NG
1146157,5D23G5D2AB5D2HG5D2OB5D4VG5D52B5D59G5D5GB5D5NG
650058,5D25B5D2CG5D2JB5D2QG5D4XB5D54G5D5BB5D5BR5D5IG
650056,5D25B5D2CG5D2JB5D2QG5D4XB5D54G5D5BB5D5BR5D5IG
650055,5D25B5D2CG5D2JB5D2QG5D4XB5D54G5D5BB5D5BR5D5IG
650054,5D25B5D2CG5D2JB5D2QG5D4XB5D54G5D5BB5D5BR5D5IG
650042,5D25B5D2CG5D2JB5D2QG5D4XB5D54G5D5BB5D5BR5D5IG
660754,5D25B5D2CG5D2JB5D2QG5D4XB5D54G5D5BB5D5BR5D5IG
650049,5D25B5D2CG5D2JB5D2QG5D4XB5D54G5D5BB5D5BR5D5IG
650048,5D25B5D2CG5D2JB5D2QG5D4XB5D54G5D5BB5D5BR5D5IG
937608,5D26B5D2DG5D2KB5D2RG5D4YB5D55G5D5CB5D5CR5D5JG
937602,5D26B5D2DG5D2KB5D2RG5D4YB5D55G5D5CB5D5CR5D5JG
741733,5D26B5D2DG5D2KB5D2RG5D4YB5D55G5D5CB5D5CR5D5JG
943125,5D26B5D26B5D2DG5D2KB5D2KB5D2RG5D4YB5D4YB5D55G
986993,5D26B5D2DG5D2KB5D2RG5D4YB5D55G5D5CB5D5JG5D7NB
937607,5D26B5D2DG5D2KB5D2RG5D4YB5D55G5D5CB5D5CR5D5JG
937603,5D26B5D2DG5D2KB5D2RG5D4YB5D55G5D5CB5D5CR5D5JG
993885,5D26B5D2DG5D2KB5D2RG5D4YB5D55G5D5CB5D5JG5D7NB
742707,5D26B5D2DG5D2KB5D2RG5D4YB5D55G5D5CB5D5CR5D5JG
943126,5D26B5D2DG5D2KB5D2RG5D4YB5D55G5D5CB5D5CR5D5JG
937605,5D26B5D2DG5D2KB5D2RG5D4YB5D55G5D5CB5D5CR5D5JG
871207,5D26B5D2DG5D2KB5D2RG5D4YB5D55G5D5CB5D5CR5D5JG
865734,5D26B5D2DG5D2KB5D2RG5D4YB5D55G5D5CB5D5CR5D5JG
871402,5D26B5D2DG5D2KB5D2RG5D4YB5D55G5D5CB5D5CR5D5JG
1144795,5D26B5D2DG5D2KB5D2RG5D4YB5D55G5D5CB5D5JG5D7NB
1025873,5D26B5D2DG5D2KB5D2RG5D4YB5D55G5D5CB5D5CR5D5JG
871204,5D26B5D2DG5D2KB5D2RG5D4YB5D55G5D5CB5D5CR5D5JG
871203,5D26B5D2DG5D2KB5D2RG5D4YB5D55G5D5CB5D5CR5D5JG
994975,5D26B5D2DG5D2KB5D2RG5D4YB5D55G5D5CB5D5CR5D5JG
871198,5D26B5D2DG5D2KB5D2RG5D4YB5D55G5D5CB5D5CR5D5JG
744151,5D26B5D2DG5D2KB5D2RG5D4YB5D55G5D5CB5D5CR5D5JG
941940,5D26B5D2DG5D2KB5D2RG5D4YB5D55G5D5CB5D5JG5D7NB
1109409,5D26B5D2DG5D2KB5D2RG5D4YB5D55G5D5CB5D5JG5D7NB
646639,5D26B5D2DG5D2KB5D2RG5D4YB5D55G5D5CB5D5CR5D5JG
951418,5D26B5D2DG5D2KB5D2RG5D4YB5D55G5D5CB5D5CR5D5JG
989387,5D26B5D2DG5D2KB5D2RG5D4YB5D55G5D5CB5D5CR5D5JG
953526,5D25G5D2CB5D2JG5D2QB5D4XG5D54B5D5BG5D5IB5D7MG
953533,5D25G5D2CB5D2JG5D2QB5D4XG5D54B5D5BG5D5IB5D7MG
976408,5D25G5D2CB5D2JG5D2QB5D4XG5D54B5D5BG5D5IB5D7MG
787553,5D25G5D2CB5D2JG5D2QB5D4XG5D54B5D5BG5D5IB5D7MG
661716,5D25G5D2CB5D2JG5D2QB5D4XG5D54B5D5BG5D5IB5D7MG
953527,5D25G5D2CB5D2JG5D2QB5D4XG5D54B5D5BG5D5IB5D7MG
822247,5D25G5D2CB5D2JG5D2QB5D4XG5D54B5D5BG5D5IB5D7MG
953528,5D25G5D2CB5D2JG5D2QB5D4XG5D54B5D5BG5D5IB5D7MG
953529,5D25G5D2CB5D2JG5D2QB5D4XG5D54B5D5BG5D5IB5D7MG
953530,5D25G5D2CB5D2JG5D2QB5D4XG5D54B5D5BG5D5IB5D7MG
1025609,5D25G5D2CB5D2JG5D2QB5D4XG5D54B5D5BG5D5IB5D7MG
953531,5D25G5D2CB5D2JG5D2QB5D4XG5D54B5D5BG5D5IB5D7MG
953532,5D25G5D2CB5D2JG5D2QB5D4XG5D54B5D5BG5D5IB5D7MG
745726,5D28G5D2FB5D2MG5D4TB5D50G5D57B5D5EG5D5LB5D7PG
751404,5D28G5D2FB5D2MG5D4TB5D50G5D57B5D5EG5D5LB5D7PG
751393,5D28G5D2FB5D2MG5D4TB5D50G5D57B5D5EG5D5LB5D7PG
751370,5D28G5D2FB5D2MG5D4TB5D50G5D57B5D5EG5D5LB5D7PG
752444,5D28G5D2FB5D2MG5D4TB5D50G5D57B5D5EG5D5GR5D5LB
665046,5D28G5D2FB5D2MG5D4TB5D50G5D57B5D5EG5D5LB5D7PG
750084,5D28G5D2FB5D2MG5D4TB5D50G5D57B5D5EG5D5GR5D5LB
752433,5D28G5D2FB5D2MG5D4TB5D50G5D57B5D5EG5D5LB5D7PG
752441,5D24G5D2BB5D2IG5D2PB5D4WG5D53B5D5AG5D5HB5D7LG
825599,5D25G5D2CB5D2JG5D2QB5D4XG5D54B5D5BG5D5GR5D5IB
1011816,5D25G5D2CB5D2JG5D2QB5D4XG5D54B5D5BG5D5GR5D5IB
982831,5D25G5D2CB5D2JG5D2QB5D4XG5D54B5D5BG5D5GR5D5IB
622379,5D25G5D2CB5D2JG5D2QB5D4XG5D54B5D5BG5D5GR5D5IB
701747,5D25G5D2CB5D2JG5D2QB5D4XG5D54B5D5BG5D5GR5D5IB
939061,5D25G5D2CB5D2JG5D2QB5D4XG5D54B5D5BG5D5GR5D5IB
939422,5D25G5D2CB5D2JG5D2QB5D4XG5D54B5D5BG5D5GR5D5IB
701733,5D25G5D2CB5D2JG5D2QB5D4XG5D54B5D5BG5D5GR5D5IB
939431,5D25G5D2CB5D2JG5D2QB5D4XG5D54B5D5BG5D5GR5D5IB
939420,5D25G5D2CB5D2JG5D2QB5D4XG5D54B5D5BG5D5GR5D5IB
1042112,5D25G5D2CB5D2JG5D2QB5D4XG5D54B5D5BG5D5GR5D5IB
701746,5D25G5D2CB5D2JG5D2QB5D4XG5D54B5D5BG5D5GR5D5IB
982818,5D25G5D2CB5D2JG5D2QB5D4XG5D54B5D5BG5D5GR5D5IB
1011815,5D25G5D2CB5D2JG5D2QB5D4XG5D54B5D5BG5D5GR5D5IB
954877,5D25G5D2CB5D2JG5D2QB5D4XG5D54B5D5BG5D5IB5D7MG
948091,5D25G5D2CB5D2JG5D2QB5D4XG5D54B5D5BG5D5IB5D7MG
992622,5D25G5D2CB5D2JG5D2QB5D4XG5D54B5D5BG5D5IB5D7MG
901136,5D25G5D2CB5D2JG5D2QB5D4XG5D54B5D5BG5D5IB5D7MG
841580,5D25G5D2CB5D2JG5D2QB5D4XG5D54B5D5BG5D5IB5D7MG
812190,5D25G5D2CB5D2JG5D2QB5D4XG5D54B5D5BG5D5IB5D7MG
1008434,5D25G5D2CB5D2JG5D2QB5D4XG5D54B5D5BG5D5IB5D7MG
991091,5D25G5D2CB5D2JG5D2QB5D4XG5D54B5D5BG5D5IB5D7MG
948092,5D25G5D2CB5D2JG5D2QB5D4XG5D54B5D5BG5D5IB5D7MG
811735,5D25G5D2CB5D2JG5D2QB5D4XG5D54B5D5BG5D5IB5D7MG
841577,5D25G5D2CB5D2JG5D2QB5D4XG5D54B5D5BG5D5IB5D7MG
841597,5D25G5D2CB5D2JG5D2QB5D4XG5D54B5D5BG5D5IB5D7MG
789108,5D25G5D2CB5D2JG5D2QB5D4XG5D54B5D5BG5D5IB5D7MG
1014278,5D25G5D2CB5D2JG5D2QB5D4XG5D54B5D5BG5D5IB5D7MG
790069,5D25G5D2CB5D2JG5D2QB5D4XG5D54B5D5BG5D5IB5D7MG
818286,5D25G5D2CB5D2JG5D2QB5D4XG5D54B5D5BG5D5IB5D7MG
841591,5D25G5D2CB5D2JG5D2QB5D4XG5D54B5D5BG5D5GR5D5IB
841588,5D25G5D2CB5D2JG5D2QB5D4XG5D54B5D5BG5D5IB5D7MG
844212,5D25G5D2CB5D2JG5D2QB5D4XG5D54B5D5BG5D5GR5D5IB
844209,5D25G5D2CB5D2JG5D2QB5D4XG5D54B5D5BG5D5IB5D7MG
844214,5D25G5D2CB5D2JG5D2QB5D4XG5D54B5D5BG5D5GR5D5IB
844206,5D25G5D2CB5D2JG5D2QB5D4XG5D54B5D5BG5D5IB5D7MG
841570,5D25G5D2CB5D2JG5D2QB5D4XG5D54B5D5BG5D5GR5D5IB
841573,5D25G5D2CB5D2JG5D2QB5D4XG5D54B5D5BG5D5GR5D5IB
841571,5D25G5D2CB5D2JG5D2QB5D4XG5D54B5D5BG5D5GR5D5IB
910541,5D25G5D2CB5D2JG5D2QB5D4XG5D54B5D5BG5D5GR5D5IB
1048176,5D25G5D2CB5D2JG5D2QB5D4XG5D54B5D5BG5D5IB5D7MG
818287,5D25G5D2CB5D2JG5D2QB5D4XG5D54B5D5BG5D5IB5D7MG
841567,5D25G5D2CB5D2JG5D2QB5D4XG5D54B5D5BG5D5GR5D5IB
842957,5D25G5D2CB5D2JG5D2QB5D4XG5D54B5D5BG5D5GR5D5IB
842941,5D25G5D2CB5D2JG5D2QB5D4XG5D54B5D5BG5D5GR5D5IB
1027336,5D25G5D2CB5D2JG5D2QB5D4XG5D54B5D5BG5D5GR5D5IB
844213,5D25G5D2CB5D2JG5D2QB5D4XG5D54B5D5BG5D5GR5D5IB
883350,5D25G5D2CB5D2JG5D2QB5D4XG5D54B5D5BG5D5GR5D5IB
883348,5D25G5D2JG5D4XG5D5BG5D5GR5D7MG5D7RR5D80G5D85R
883007,5D25G5D2CB5D2JG5D2QB5D4XG5D54B5D5BG5D5GR5D5IB
883004,5D25G5D2CB5D2JG5D2QB5D4XG5D54B5D5BG5D5GR5D5IB
1031750,5D25G5D2CB5D2JG5D2QB5D4XG5D54B5D5BG5D5GR5D5IB
821553,5D25G5D2CB5D2JG5D2QB5D4XG5D54B5D5BG5D5IB5D7MG
991092,5D25G5D2CB5D2JG5D2QB5D4XG5D54B5D5BG5D5IB5D7MG
818290,5D25G5D2CB5D2JG5D2QB5D4XG5D54B5D5BG5D5IB5D7MG
883008,5D25G5D2CB5D2JG5D2QB5D4XG5D54B5D5BG5D5GR5D5IB
883359,5D25G5D2CB5D2JG5D2QB5D4XG5D54B5D5BG5D5GR5D5IB
883357,5D25G5D2CB5D2JG5D2QB5D4XG5D54B5D5BG5D5GR5D5IB
822073,5D25G5D2CB5D2JG5D2QB5D4XG5D54B5D5BG5D5IB5D7MG
1048173,5D25G5D2CB5D2JG5D2QB5D4XG5D54B5D5BG5D5IB5D7MG
1048174,5D25G5D2CB5D2JG5D2QB5D4XG5D54B5D5BG5D5IB5D7MG
883354,5D25G5D2CB5D2JG5D2QB5D4XG5D54B5D5BG5D5GR5D5IB
818294,5D25G5D2CB5D2JG5D2QB5D4XG5D54B5D5BG5D5IB5D7MG
997125,5D25G5D2CB5D2JG5D2QB5D4XG5D54B5D5BG5D5GR5D5IB
883001,5D25G5D2CB5D2JG5D2QB5D4XG5D54B5D5BG5D5GR5D5IB
885123,5D25G5D2CB5D2JG5D2QB5D4XG5D54B5D5BG5D5GR5D5IB
885122,5D25G5D2CB5D2JG5D2QB5D4XG5D54B5D5BG5D5GR5D5IB
885127,5D25G5D2CB5D2JG5D2QB5D4XG5D54B5D5BG5D5IB5D7MG
821552,5D25G5D2CB5D2JG5D2QB5D4XG5D54B5D5BG5D5IB5D7MG
818296,5D25G5D2CB5D2JG5D2QB5D4XG5D54B5D5BG5D5IB5D7MG
885117,5D25G5D2CB5D2JG5D2QB5D4XG5D54B5D5BG5D5IB5D7MG
910908,5D25G5D2CB5D2JG5D2QB5D4XG5D54B5D5BG5D5IB5D7MG
664181,5D25G5D2CB5D2JG5D2QB5D4XG5D54B5D5BG5D5IB5D7MG
882996,5D25G5D2CB5D2JG5D2QB5D4XG5D54B5D5BG5D5IB5D7MG
882993,5D25G5D2CB5D2JG5D2QB5D4XG5D54B5D5BG5D5IB5D7MG
811712,5D25G5D2CB5D2JG5D2QB5D4XG5D54B5D5BG5D5IB5D7MG
992621,5D25G5D2CB5D2JG5D2QB5D4XG5D54B5D5BG5D5IB5D7MG
811723,5D25G5D2CB5D2JG5D2QB5D4XG5D54B5D5BG5D5IB5D7MG
841575,5D25G5D2CB5D2CB5D2JG5D2QB5D2QB5D4XG5D54B5D54B
1050622,5D25G5D2CB5D2JG5D2QB5D4XG5D54B5D5BG5D5IB5D7MG
956171,5D24G5D2BB5D2IG5D2PB5D4WG5D53B5D5AG5D5HB5D7LG
751413,5D24G5D2BB5D2IG5D2PB5D4WG5D53B5D5AG5D5GR5D5HB
956172,5D24G5D2BB5D2IG5D2PB5D4WG5D53B5D5AG5D5HB5D7LG
984000,5D24G5D2BB5D2IG5D2PB5D4WG5D53B5D5AG5D5HB5D7LG
1033018,5D2BB5D2PB5D53B5D5HB5D7SB5D86B
665050,5D24G5D2BB5D2IG5D2PB5D4WG5D53B5D5AG5D5HB5D7LG
1034318,5D2BB5D2PB5D53B5D5HB5D7SB5D86B
947326,5D24G5D2BB5D2IG5D2PB5D4WG5D53B5D5AG5D5HB5D7LG
1034319,5D2BB5D2PB5D53B5D5HB5D7SB5D86B
984005,5D24G5D2BB5D2IG5D2PB5D4WG5D53B5D5AG5D5HB5D7LG
1034253,5D2BB5D2PB5D53B5D5HB5D7SB5D86B
984006,5D24G5D2BB5D2IG5D2PB5D4WG5D53B5D5AG5D5HB5D7LG
994884,5D24G5D2BB5D2IG5D2PB5D4WG5D53B5D5AG5D5HB5D7LG
984007,5D24G5D2BB5D2IG5D2PB5D4WG5D53B5D5AG5D5HB5D7LG
947327,5D24G5D2BB5D2IG5D2PB5D4WG5D53B5D5AG5D5HB5D7LG
984008,5D24G5D2BB5D2IG5D2PB5D4WG5D53B5D5AG5D5HB5D7LG
744582,5D24G5D2BB5D2IG5D2PB5D4WG5D53B5D5AG5D5HB5D7LG
947324,5D24G5D2BB5D2IG5D2PB5D4WG5D53B5D5AG5D5HB5D7LG
1034251,5D2BB5D2PB5D53B5D5HB5D7SB5D86B
984009,5D24G5D2BB5D2IG5D2PB5D4WG5D53B5D5AG5D5HB5D7LG
947328,5D24G5D2BB5D2IG5D2PB5D4WG5D53B5D5AG5D5HB5D7LG
984010,5D24G5D2BB5D2IG5D2PB5D4WG5D53B5D5AG5D5HB5D7LG
984001,5D24G5D2BB5D2IG5D2PB5D4WG5D53B5D5AG5D5HB5D7LG
1034252,5D2BB5D2PB5D53B5D5HB5D7SB5D86B
954200,5D24G5D2BB5D2IG5D2PB5D4WG5D53B5D5AG5D5HB5D7LG
1041683,5D2BB5D2PB5D53B5D5HB5D7SB5D86B
984002,5D24G5D2BB5D2IG5D2PB5D4WG5D53B5D5AG5D5HB5D7LG
1032841,5D2BB5D2PB5D53B5D5HB5D7SB5D86B
984003,5D24G5D2BB5D2IG5D2PB5D4WG5D53B5D5AG5D5HB5D7LG
952353,5D2BB5D2PB5D53B5D5HB5D7SB5D86B
947325,5D24G5D2BB5D2IG5D2PB5D4WG5D53B5D5AG5D5HB5D7LG
623867,5D2BB5D2PB5D53B5D5HB5D7SB5D86B
984004,5D24G5D2BB5D2IG5D2PB5D4WG5D53B5D5AG5D5HB5D7LG
1048910,5D2BB5D2PB5D53B5D5HB5D7SB5D86B
947807,5D24G5D2BB5D2IG5D2PB5D4WG5D53B5D5AG5D5HB5D7LG
1048911,5D2BB5D2PB5D53B5D5HB5D7SB5D86B
751410,5D24G5D2BB5D2IG5D2PB5D4WG5D53B5D5AG5D5GR5D5HB
665051,5D24G5D2BB5D2IG5D2PB5D4WG5D53B5D5AG5D5HB5D7LG
751407,5D24G5D2BB5D2IG5D2PB5D4WG5D53B5D5AG5D5GR5D5HB
949692,5D24G5D2BB5D2IG5D2PB5D4WG5D53B5D5AG5D5GR5D5HB
1008764,5D23G5D2AB5D2HG5D2OB5D4VG5D52B5D59G5D5CR5D5GB
1045475,5D23G5D2AB5D2HG5D2OB5D4VG5D52B5D59G5D5CR5D5GB
815177,5D23G5D2AB5D2HG5D2OB5D4VG5D52B5D59G5D5CR5D5GB
817331,5D23G5D2AB5D2HG5D2OB5D4VG5D52B5D59G5D5CR5D5GB
815154,5D23G5D2AB5D2HG5D2OB5D4VG5D52B5D59G5D5GB5D5NG
1045471,5D23G5D2AB5D2HG5D2OB5D4VG5D52B5D59G5D5CR5D5GB
815169,5D23G5D2AB5D2HG5D2OB5D4VG5D52B5D59G5D5CR5D5GB
1049783,5D23G5D2AB5D2HG5D2OB5D4VG5D52B5D59G5D5CR5D5GB
1002168,5D23G5D2AB5D2HG5D2OB5D4VG5D52B5D59G5D5CR5D5GB
857422,5D23G5D2AB5D2HG5D2OB5D4VG5D52B5D59G5D5CR5D5GB
852236,5D23G5D2AB5D2HG5D2OB5D4VG5D52B5D59G5D5CR5D5GB
901080,5D23G5D2AB5D2HG5D2OB5D4VG5D52B5D59G5D5CR5D5GB
817345,5D23G5D2AB5D2HG5D2OB5D4VG5D52B5D59G5D5CR5D5GB
817366,5D23G5D2AB5D2HG5D2OB5D4VG5D52B5D59G5D5CR5D5GB
946700,5D23G5D2AB5D2HG5D2OB5D4VG5D52B5D59G5D5CR5D5GB
1008714,5D23G5D2AB5D2HG5D2OB5D4VG5D52B5D59G5D5CR5D5GB
854902,5D23G5D2AB5D2HG5D2OB5D4VG5D52B5D59G5D5CR5D5GB
856995,5D23G5D2AB5D2HG5D2OB5D4VG5D52B5D59G5D5CR5D5GB
858780,5D23G5D2AB5D2HG5D2OB5D4VG5D52B5D59G5D5CR5D5GB
949878,5D23G5D2AB5D2HG5D2OB5D4VG5D52B5D59G5D5CR5D5GB
858789,5D23G5D2AB5D2HG5D2OB5D4VG5D52B5D59G5D5CR5D5GB
950966,5D23G5D2AB5D2HG5D2OB5D4VG5D52B5D59G5D5CR5D5GB
852280,5D23G5D2AB5D2HG5D2OB5D4VG5D52B5D59G5D5CR5D5GB
1013370,5D23G5D2AB5D2HG5D2OB5D4VG5D52B5D59G5D5CR5D5GB
853196,5D23G5D2AB5D2HG5D2OB5D4VG5D52B5D59G5D5CR5D5GB
950961,5D23G5D2AB5D2HG5D2OB5D4VG5D52B5D59G5D5CR5D5GB
990826,5D23G5D2AB5D2HG5D2OB5D4VG5D52B5D59G5D5CR5D5GB
855338,5D23G5D2AB5D2HG5D2OB5D4VG5D52B5D59G5D5CR5D5GB
1002466,5D23G5D2AB5D2HG5D2OB5D4VG5D52B5D59G5D5CR5D5GB
855349,5D23G5D2AB5D2HG5D2OB5D4VG5D52B5D59G5D5CR5D5GB
854033,5D23G5D2AB5D2HG5D2OB5D4VG5D52B5D59G5D5CR5D5GB
855325,5D23G5D2AB5D2HG5D2OB5D4VG5D52B5D59G5D5CR5D5GB
854894,5D23G5D2AB5D2HG5D2OB5D4VG5D52B5D59G5D5GB5D5NG
855749,5D23G5D2AB5D2HG5D2OB5D4VG5D52B5D59G5D5CR5D5GB
855743,5D23G5D2AB5D2HG5D2OB5D4VG5D52B5D59G5D5CR5D5GB
1027705,5D23G5D2AB5D2HG5D2OB5D4VG5D52B5D59G5D5CR5D5GB
856578,5D23G5D2AB5D2HG5D2OB5D4VG5D52B5D59G5D5CR5D5GB
855348,5D23G5D2AB5D2HG5D2OB5D4VG5D52B5D59G5D5CR5D5GB
853660,5D23G5D2AB5D2HG5D2OB5D4VG5D52B5D59G5D5CR5D5GB
853995,5D23G5D2AB5D2HG5D2OB5D4VG5D52B5D59G5D5CR5D5GB
856571,5D2AB5D2OB5D52B5D5CR5D5GB5D7NR5D7RB5D81R5D85B
1028673,5D23G5D2AB5D2HG5D2OB5D4VG5D52B5D59G5D5CR5D5GB
913563,5D23G5D2AB5D2HG5D2OB5D4VG5D52B5D59G5D5CR5D5GB
913562,5D23G5D2AB5D2HG5D2OB5D4VG5D52B5D59G5D5CR5D5GB
913560,5D23G5D2AB5D2HG5D2OB5D4VG5D52B5D59G5D5CR5D5GB
789359,5D23G5D2AB5D2HG5D2OB5D4VG5D52B5D59G5D5CR5D5GB
959179,5D23G5D2AB5D2HG5D2OB5D4VG5D52B5D59G5D5CR5D5GB
789360,5D23G5D2AB5D2HG5D2OB5D4VG5D52B5D59G5D5CR5D5GB
958781,5D23G5D2AB5D2HG5D2OB5D4VG5D52B5D59G5D5GB5D5NG
697350,5D23G5D2AB5D2HG5D2OB5D4VG5D52B5D59G5D5CR5D5GB
958179,5D23G5D2AB5D2HG5D2OB5D4VG5D52B5D59G5D5CR5D5GB
958178,5D23G5D2AB5D2HG5D2OB5D4VG5D52B5D59G5D5CR5D5GB
958177,5D23G5D2AB5D2HG5D2OB5D4VG5D52B5D59G5D5CR5D5GB
895233,5D23G5D2AB5D2HG5D2OB5D4VG5D52B5D59G5D5CR5D5GB
958175,5D23G5D2AB5D2HG5D2OB5D4VG5D52B5D59G5D5CR5D5GB
1037539,5D23G5D2AB5D2HG5D2OB5D4VG5D52B5D59G5D5CR5D5GB
958172,5D23G5D2AB5D2HG5D2OB5D4VG5D52B5D59G5D5CR5D5GB
831113,5D23G5D2AB5D2HG5D2OB5D4VG5D52B5D59G5D5CR5D5GB
958170,5D23G5D2AB5D2HG5D2OB5D4VG5D52B5D59G5D5CR5D5GB
895234,5D23G5D2AB5D2HG5D2OB5D4VG5D52B5D59G5D5CR5D5GB
958169,5D23G5D2AB5D2HG5D2OB5D4VG5D52B5D59G5D5CR5D5GB
958188,5D23G5D2AB5D2HG5D2OB5D4VG5D52B5D59G5D5CR5D5GB
958174,5D23G5D2AB5D2HG5D2OB5D4VG5D52B5D59G5D5CR5D5GB
958194,5D23G5D2AB5D2HG5D2OB5D4VG5D52B5D59G5D5CR5D5GB
958193,5D23G5D2AB5D2HG5D2OB5D4VG5D52B5D59G5D5CR5D5GB
1037872,5D23G5D2AB5D2HG5D2OB5D4VG5D52B5D59G5D5CR5D5GB
1037873,5D23G5D2AB5D2HG5D2OB5D4VG5D52B5D59G5D5CR5D5GB
963395,5D23G5D2AB5D2HG5D2OB5D4VG5D52B5D59G5D5CR5D5GB
906531,5D23G5D2AB5D2HG5D2OB5D4VG5D52B5D59G5D5CR5D5GB
825244,5D23G5D2AB5D2HG5D2OB5D4VG5D52B5D59G5D5GB5D5NG
895235,5D23G5D2AB5D2HG5D2OB5D4VG5D52B5D59G5D5CR5D5GB
1020728,5D23G5D2AB5D2HG5D2OB5D4VG5D52B5D59G5D5GB5D5NG
1028672,5D23G5D2AB5D2HG5D2OB5D4VG5D52B5D59G5D5CR5D5GB
658974,5D23G5D2AB5D2HG5D2OB5D4VG5D52B5D59G5D5GB5D5NG
913574,5D23G5D2AB5D2HG5D2OB5D4VG5D52B5D59G5D5CR5D5GB
913565,5D23G5D2AB5D2HG5D2OB5D4VG5D52B5D59G5D5CR5D5GB
965338,5D23G5D2AB5D2HG5D2OB5D4VG5D52B5D59G5D5CR5D5GB
770816,5D23G5D2AB5D2HG5D2OB5D4VG5D52B5D59G5D5CR5D5GB
725573,5D23G5D2AB5D2HG5D2OB5D4VG5D52B5D59G5D5CR5D5GB
910189,5D23G5D2AB5D2HG5D2OB5D4VG5D52B5D59G5D5CR5D5GB
770820,5D23G5D2AB5D2HG5D2OB5D4VG5D52B5D59G5D5CR5D5GB
1030576,5D23G5D2AB5D2HG5D2OB5D4VG5D52B5D59G5D5CR5D5GB
1032175,5D23G5D2AB5D2HG5D2OB5D4VG5D52B5D59G5D5CR5D5GB
725574,5D23G5D2AB5D2HG5D2OB5D4VG5D52B5D59G5D5CR5D5GB
1048077,5D23G5D2AB5D2HG5D2OB5D4VG5D52B5D59G5D5CR5D5GB
725576,5D23G5D2AB5D2HG5D2OB5D4VG5D52B5D59G5D5CR5D5GB
725561,5D23G5D2AB5D2HG5D2OB5D4VG5D52B5D59G5D5CR5D5GB
1048115,5D23G5D2AB5D2HG5D2OB5D4VG5D52B5D59G5D5CR5D5GB
819242,5D23G5D2AB5D2HG5D2OB5D4VG5D52B5D59G5D5CR5D5GB
1048116,5D23G5D2AB5D2HG5D2OB5D4VG5D52B5D59G5D5CR5D5GB
725548,5D23G5D2AB5D2HG5D2OB5D4VG5D52B5D59G5D5CR5D5GB
1011973,5D23G5D2AB5D2HG5D2OB5D4VG5D52B5D59G5D5CR5D5GB
725201,5D23G5D2AB5D2HG5D2OB5D4VG5D52B5D59G5D5CR5D5GB
1048117,5D23G5D2AB5D2HG5D2OB5D4VG5D52B5D59G5D5CR5D5GB
862783,5D23G5D2AB5D2HG5D2OB5D4VG5D52B5D59G5D5CR5D5GB
1048118,5D23G5D2AB5D2HG5D2OB5D4VG5D52B5D59G5D5CR5D5GB
797220,5D23G5D2AB5D2HG5D2OB5D4VG5D52B5D59G5D5CR5D5GB
1030573,5D23G5D2AB5D2HG5D2OB5D4VG5D52B5D59G5D5CR5D5GB
797202,5D23G5D2AB5D2HG5D2OB5D4VG5D52B5D59G5D5CR5D5GB
797236,5D23G5D2AB5D2HG5D2OB5D4VG5D52B5D59G5D5CR5D5GB
797207,5D23G5D2AB5D2HG5D2OB5D4VG5D52B5D59G5D5CR5D5GB
797213,5D23G5D2AB5D2HG5D2OB5D4VG5D52B5D59G5D5CR5D5GB
1048119,5D23G5D2AB5D2HG5D2OB5D4VG5D52B5D59G5D5CR5D5GB
1048120,5D23G5D2AB5D2HG5D2OB5D4VG5D52B5D59G5D5CR5D5GB
725563,5D23G5D2AB5D2HG5D2OB5D4VG5D52B5D59G5D5CR5D5GB
790055,5D23G5D2AB5D2HG5D2OB5D4VG5D52B5D59G5D5CR5D5GB
1048121,5D23G5D2AB5D2HG5D2OB5D4VG5D52B5D59G5D5CR5D5GB
1048122,5D23G5D2AB5D2HG5D2OB5D4VG5D52B5D59G5D5GB5D5NG
1047002,5D23G5D2AB5D2HG5D2OB5D4VG5D52B5D59G5D5CR5D5GB
1047003,5D23G5D2AB5D2HG5D2OB5D4VG5D52B5D59G5D5CR5D5GB
685092,5D23G5D2AB5D2HG5D2OB5D4VG5D52B5D59G5D5CR5D5GB
725565,5D23G5D2AB5D2HG5D2OB5D4VG5D52B5D59G5D5CR5D5GB
679521,5D23G5D2AB5D2HG5D2OB5D4VG5D52B5D59G5D5CR5D5GB
725566,5D23G5D2AB5D2HG5D2OB5D4VG5D52B5D59G5D5CR5D5GB
725198,5D23G5D2AB5D2HG5D2OB5D4VG5D52B5D59G5D5CR5D5GB
725569,5D23G5D2AB5D2HG5D2OB5D4VG5D52B5D59G5D5CR5D5GB
