803383,55F6G55FDB55FKG55FRB55HVG55I0R55I2B55I9G55IER
879667,55F6G55FDB55FKG55FRB55HVG55I0R55I2B55I9G55IER
803381,55F6G55FDB55FKG55FRB55HVG55I0R55I2B55I9G55IER
1012631,55F6G55FDB55FKG55FRB55HVG55I0R55I2B55I9G55IER
879650,55F6G55FDB55FKG55FRB55HVG55I0R55I2B55I9G55IER
803378,55F6G55FDB55FKG55FRB55HVG55I2B55I9G55IGB55KLG
851731,55F6G55FDB55FKG55FRB55HVG55I0R55I2B55I9G55IER
803375,55F6G55FDB55FKG55FRB55HVG55I0R55I2B55I9G55IER
884875,55F6G55FDB55FKG55FRB55HVG55I0R55I2B55I9G55IER
1005723,55F6G55FDB55FKG55FRB55HVG55I0R55I2B55I9G55IER
803382,55F6G55FDB55FKG55FRB55HVG55I0R55I2B55I9G55IER
806674,55F6G55FDB55FDB55FKG55FRB55FRB55HVG55I2B55I2B
704370,55F6G55FDB55FKG55FRB55HVG55I0R55I2B55I9G55IER
700767,55F6G55FDB55FDB55FKG55FRB55FRB55HVG55I2B55I2B
803406,55F6G55FDB55FKG55FRB55HVG55I0R55I2B55I9G55IER
806683,55F6G55FDB55FDB55FKG55FRB55FRB55HVG55I2B55I2B
803404,55F6G55FDB55FKG55FRB55HVG55I0R55I2B55I9G55IER
806682,55F6G55FDB55FDB55FKG55FRB55FRB55HVG55I2B55I2B
803403,55F6G55FDB55FKG55FRB55HVG55I0R55I2B55I9G55IER
806680,55F6G55FDB55FDB55FKG55FRB55FRB55HVG55I2B55I2B
803390,55F6G55FDB55FKG55FRB55HVG55I0R55I2B55I9G55IER
803393,55F6G55FDB55FKG55FRB55HVG55I0R55I2B55I9G55IER
806678,55F6G55FDB55FDB55FKG55FRB55FRB55HVG55I2B55I2B
996773,55F6G55FDB55FKG55FRB55HVG55I0R55I2B55I9G55IER
806677,55F6G55FDB55FDB55FKG55FRB55FRB55HVG55I2B55I2B
753755,55F6G55FDB55FKG55FRB55HVG55I0R55I2B55I9G55IER
806705,55F6G55FDB55FDB55FKG55FRB55FRB55HVG55I2B55I2B
700766,55F6G55FDB55FKG55FRB55HVG55I2B55I9G55IGB55KLG
806685,55F6G55FDB55FDB55FKG55FRB55FRB55HVG55I2B55I2B
848674,55F6G55FDB55FKG55FRB55HVG55I2B55I9G55IGB55KLG
807008,55F6G55FDB55FDB55FKG55FRB55FRB55HVG55I2B55I2B
779432,55F6G55FDB55FKG55FRB55HVG55I0R55I2B55I9G55IER
907629,55F6G55FDB55FKG55FRB55HVG55I2B55I9G55IGB55KLG
807007,55F6G55FDB55FDB55FKG55FRB55FRB55HVG55I2B55I2B
1010229,55F6G55FDB55FKG55FRB55HVG55I2B55I9G55IGB55KLG
700768,55F6G55FDB55FDB55FKG55FRB55FRB55HVG55I2B55I2B
848672,55F6G55FDB55FKG55FRB55HVG55I2B55I9G55IGB55KLG
807006,55F6G55FDB55FDB55FKG55FRB55FRB55HVG55I2B55I2B
700780,55F6G55FDB55FKG55FRB55HVG55I2B55I9G55IGB55KLG
807004,55F6G55FDB55FDB55FKG55FRB55FRB55HVG55I2B55I2B
848670,55F6G55FDB55FKG55FRB55HVG55I2B55I9G55IGB55KLG
806708,55F6G55FDB55FDB55FKG55FRB55FRB55HVG55I2B55I2B
803388,55F6G55FDB55FKG55FRB55HVG55I0R55I2B55I9G55IER
848669,55F6G55FDB55FKG55FRB55HVG55I2B55I9G55IGB55KLG
806707,55F6G55FDB55FDB55FKG55FRB55FRB55HVG55I2B55I2B
848665,55F6G55FDB55FKG55FRB55HVG55I2B55I9G55IGB55KLG
806706,55F6G55FDB55FDB55FKG55FRB55FRB55HVG55I2B55I2B
805323,55F6G55FDB55FKG55FRB55HVG55I2B55I9G55IGB55KLG
806704,55F6G55FDB55FDB55FKG55FRB55FRB55HVG55I2B55I2B
806662,55F6G55FDB55FKG55FRB55HVG55I2B55I9G55IGB55KLG
806703,55F6G55FDB55FDB55FKG55FRB55FRB55HVG55I2B55I2B
806701,55F6G55FDB55FDB55FKG55FRB55FRB55HVG55I2B55I2B
879653,55F6G55FDB55FKG55FRB55HVG55I0R55I2B55I9G55IER
806699,55F6G55FDB55FDB55FKG55FRB55FRB55HVG55I2B55I2B
806698,55F6G55FDB55FDB55FKG55FRB55FRB55HVG55I2B55I2B
806697,55F6G55FDB55FDB55FKG55FRB55FRB55HVG55I2B55I2B
806664,55F6G55FDB55FDB55FKG55FRB55FRB55HVG55I2B55I2B
1022743,55F6G55FDB55FDB55FKG55FRB55FRB55HVG55I2B55I2B
803386,55F6G55FDB55FKG55FRB55HVG55I2B55I9G55IGB55KLG
824205,55F6G55FDB55FDB55FKG55FRB55FRB55HVG55I2B55I2B
805325,55F6G55FDB55FDB55FKG55FRB55FRB55HVG55I2B55I2B
879676,55F6G55FDB55FKG55FRB55HVG55I0R55I2B55I9G55IER
704369,55F6G55FDB55FKG55FRB55HVG55I0R55I2B55I9G55IER
879672,55F6G55FDB55FKG55FRB55HVG55I0R55I2B55I9G55IER
1057747,55F6G55FDB55FDB55FKG55FRB55FRB55HVG55I2B55I2B
772487,55F5B55F5G55FCB55FJB55FQB55HUB55HUG55I1B55I5R
772488,55F5B55F5G55FCB55FJB55FQB55HUB55HUG55I1B55I5R
899928,55F5B55F5G55FCB55FJB55FQB55HUB55HUG55I1B55I5R
772489,55F5B55F5G55FCB55FJB55FQB55HUB55HUG55I1B55I5R
1007886,55F5B55F5G55FCB55FJB55FQB55HUB55HUG55I1B55I5R
701078,55F5B55F5G55FCB55FJB55FQB55HUB55HUG55I1B55I5R
772130,55F5B55F5G55FCB55FJB55FQB55HUB55HUG55I1B55I5R
772131,55F5B55F5G55FCB55FJB55FQB55HUB55HUG55I1B55I5R
772128,55F5B55F5G55FCB55FJB55FQB55HUB55HUG55I1B55I8B
772122,55F5B55F5G55FCB55FJB55FQB55HUB55HUG55I1B55I5R
772480,55F5B55F5G55FCB55FJB55FQB55HUB55HUG55I1B55I5R
772482,55F5B55F5G55FCB55FJB55FQB55HUB55HUG55I1B55I5R
770313,55F5B55F5G55FCB55FJB55FQB55HUB55HUG55I1B55I5R
768595,55F5B55F5G55FCB55FJB55FQB55HUB55HUG55I1B55I5R
768598,55F5B55F5G55FCB55FJB55FQB55HUB55HUG55I1B55I5R
772125,55F5B55F5G55FCB55FJB55FQB55HUB55HUG55I1B55I5R
768600,55F5B55F5G55FCB55FJB55FQB55HUB55HUG55I1B55I5R
768593,55F5B55F5G55FCB55FJB55FQB55HUB55HUG55I1B55I8B
768604,55F5B55F5G55FCB55FJB55FQB55HUB55HUG55I1B55I8B
772101,55F5B55F5G55FCB55FJB55FQB55HUB55HUG55I1B55I5R
772102,55F5B55F5G55FCB55FJB55FQB55HUB55HUG55I1B55I5R
772100,55F5B55F5G55FCB55FJB55FQB55HUB55HUG55I1B55I5R
909872,55F5B55F5G55FCB55FJB55FQB55HUB55HUG55I1B55I8B
768658,55F5B55F5G55FCB55FJB55FQB55HUB55HUG55I1B55I5R
772129,55F5B55F5G55FCB55FJB55FQB55HUB55HUG55I1B55I5R
772486,55F5B55F5G55FCB55FJB55FQB55HUB55HUG55I1B55I5R
772601,55F5B55F5G55FCB55FJB55FQB55HUB55HUG55I1B55I5R
908381,55F5B55F5G55FCB55FJB55FQB55HUB55HUG55I1B55I5R
768589,55F5B55F5G55FCB55FJB55FQB55HUB55HUG55I1B55I5R
772598,55F5B55F5G55FCB55FJB55FQB55HUB55HUG55I1B55I5R
772599,55F5B55F5G55FCB55FJB55FQB55HUB55HUG55I1B55I5R
772600,55F5B55F5G55FCB55FJB55FQB55HUB55HUG55I1B55I5R
1020662,55F5B55F5G55FCB55FJB55FQB55HUB55HUG55I1B55I5R
1019154,55F5B55F6G55FCB55FDG55FJB55FKG55FQB55FRG55HUB
767281,55F5B55F6G55FCB55FDG55FJB55FKG55FQB55FRG55HUB
815369,55F5B55F6G55FCB55FDG55FJB55FKG55FQB55FRG55HUB
767278,55F5B55F5G55FCB55FJB55FQB55HUB55HUG55I1B55I5R
952026,55F5B55F6G55FCB55FDG55FJB55FKG55FQB55FRG55HUB
768577,55F5B55F6G55FCB55FDG55FJB55FKG55FQB55FRG55HUB
770864,55F5B55F5G55FCB55FJB55FQB55HUB55HUG55I1B55I5R
768579,55F5B55F6G55FCB55FDG55FJB55FKG55FQB55FRG55HUB
701084,55F5B55F5G55FCB55FJB55FQB55HUB55HUG55I1B55I5R
768581,55F5B55F6G55FCB55FDG55FJB55FKG55FQB55FRG55HUB
767282,55F5B55F6G55FCB55FDG55FJB55FKG55FQB55FRG55HUB
701069,55F5B55F5G55FCB55FJB55FQB55HUB55HUG55I1B55I5R
767271,55F5B55F6G55FCB55FDG55FJB55FKG55FQB55FRG55HUB
993309,55F5B55F6G55FCB55FDG55FJB55FKG55FQB55FRG55HUB
770866,55F5B55F5G55FCB55FJB55FQB55HUB55HUG55I1B55I5R
904975,55F5B55F6G55FCB55FDG55FJB55FKG55FQB55FRG55HUB
770850,55F5B55F6G55FCB55FDG55FJB55FKG55FQB55FRG55HUB
952025,55F5B55F6G55FCB55FDG55FJB55FKG55FQB55FRG55HUB
767266,55F5B55F5G55FCB55FJB55FQB55HUB55HUG55I1B55I5R
904976,55F5B55F6G55FCB55FDG55FJB55FKG55FQB55FRG55HUB
772610,55F5B55F6G55FCB55FDG55FJB55FKG55FQB55FRG55HUB
770283,55F5B55F6G55FCB55FDG55FJB55FKG55FQB55FRG55HUB
770286,55F5B55F6G55FCB55FDG55FJB55FKG55FQB55FRG55HUB
952038,55F5B55F6G55FCB55FDG55FJB55FKG55FQB55FRG55HUB
770290,55F5B55F6G55FCB55FDG55FJB55FKG55FQB55FRG55HUB
1007870,55F5B55F6G55FCB55FDG55FJB55FKG55FQB55FRG55HUB
993310,55F5B55F6G55FCB55FDG55FJB55FKG55FQB55FRG55HUB
770296,55F5B55F6G55FCB55FDG55FJB55FKG55FQB55FRG55HUB
701087,55F5B55F5G55FCB55FJB55FQB55HUB55HUG55I1B55I5R
770852,55F5B55F6G55FCB55FDG55FJB55FKG55FQB55FRG55HUB
770289,55F5B55F6G55FCB55FDG55FJB55FKG55FQB55FRG55HUB
905037,55F5B55F6G55FCB55FDG55FJB55FKG55FQB55FRG55HUB
989809,55F5B55F6G55FCB55FDG55FJB55FKG55FQB55FRG55HUB
769001,55F5B55F6G55FCB55FDG55FJB55FKG55FQB55FRG55HUB
905039,55F5B55F6G55FCB55FDG55FJB55FKG55FQB55FRG55HUB
769005,55F5B55F6G55FCB55FDG55FJB55FKG55FQB55FRG55HUB
770299,55F5B55F6G55FCB55FDG55FJB55FKG55FQB55FRG55HUB
989808,55F5B55F6G55FCB55FDG55FJB55FKG55FQB55FRG55HUB
770317,55F5B55F6G55FCB55FDG55FJB55FKG55FQB55FRG55HUB
786568,55F5B55F6G55FCB55FDG55FJB55FKG55FQB55FRG55HUB
993311,55F5B55F6G55FCB55FDG55FJB55FKG55FQB55FRG55HUB
770321,55F5B55F6G55FCB55FDG55FJB55FKG55FQB55FRG55HUB
770323,55F5B55F6G55FCB55FDG55FJB55FKG55FQB55FRG55HUB
952055,55F5B55F6G55FCB55FDG55FJB55FKG55FQB55FRG55HUB
908388,55F5B55F6G55FCB55FDG55FJB55FKG55FQB55FRG55HUB
1007871,55F5B55F6G55FCB55FDG55FJB55FKG55FQB55FRG55HUB
770302,55F5B55F6G55FCB55FDG55FJB55FKG55FQB55FRG55HUB
701073,55F5B55F6G55FCB55FDG55FJB55FKG55FQB55FRG55HUB
770306,55F5B55F6G55FCB55FDG55FJB55FKG55FQB55FRG55HUB
770308,55F5B55F6G55FCB55FDG55FJB55FKG55FQB55FRG55HUB
952039,55F5B55F6G55FCB55FDG55FJB55FKG55FQB55FRG55HUB
768611,55F5B55F5G55FCB55FJB55FQB55HUB55HUG55I1B55I5R
770856,55F5B55F6G55FCB55FDG55FJB55FKG55FQB55FRG55HUB
768984,55F5B55F6G55FCB55FDG55FJB55FKG55FQB55FRG55HUB
772620,55F5B55F6G55FCB55FDG55FJB55FKG55FQB55FRG55HUB
701088,55F5B55F6G55FCB55FDG55FJB55FKG55FQB55FRG55HUB
768963,55F5B55F6G55FCB55FDG55FJB55FKG55FQB55FRG55HUB
768966,55F5B55F6G55FCB55FDG55FJB55FKG55FQB55FRG55HUB
768968,55F5B55F6G55FCB55FDG55FJB55FKG55FQB55FRG55HUB
905028,55F5B55F6G55FCB55FDG55FJB55FKG55FQB55FRG55HUB
772612,55F5B55F6G55FCB55FDG55FJB55FKG55FQB55FRG55HUB
994624,55F5B55F6G55FCB55FDG55FJB55FKG55FQB55FRG55HUB
772606,55F5B55F6G55FCB55FDG55FJB55FKG55FQB55FRG55HUB
910192,55F5B55F6G55FCB55FDG55FJB55FKG55FQB55FRG55HUB
772609,55F5B55F6G55FCB55FDG55FJB55FKG55FQB55FRG55HUB
772603,55F5B55F6G55FCB55FDG55FJB55FKG55FQB55FRG55HUB
772614,55F5B55F6G55FCB55FDG55FJB55FKG55FQB55FRG55HUB
993392,55F5B55F6G55FCB55FDG55FJB55FKG55FQB55FRG55HUB
905029,55F5B55F6G55FCB55FDG55FJB55FKG55FQB55FRG55HUB
768985,55F5B55F6G55FCB55FDG55FJB55FKG55FQB55FRG55HUB
768987,55F5B55F6G55FCB55FDG55FJB55FKG55FQB55FRG55HUB
768989,55F5B55F6G55FCB55FDG55FJB55FKG55FQB55FRG55HUB
768983,55F5B55F6G55FCB55FDG55FJB55FKG55FQB55FRG55HUB
952036,55F5B55F6G55FCB55FDG55FJB55FKG55FQB55FRG55HUB
768942,55F5B55F5G55FCB55FJB55FQB55HUB55HUG55I1B55I5R
770860,55F5B55F6G55FCB55FDG55FJB55FKG55FQB55FRG55HUB
1006385,55F5B55F6G55FCB55FDG55FJB55FKG55FQB55FRG55HUB
788017,55F5B55F6G55FCB55FDG55FJB55FKG55FQB55FRG55HUB
701070,55F5B55F6G55FCB55FDG55FJB55FKG55FQB55FRG55HUB
768973,55F5B55F6G55FCB55FDG55FJB55FKG55FQB55FRG55HUB
993393,55F5B55F6G55FCB55FDG55FJB55FKG55FQB55FRG55HUB
952035,55F5B55F6G55FCB55FDG55FJB55FKG55FQB55FRG55HUB
768979,55F5B55F6G55FCB55FDG55FJB55FKG55FQB55FRG55HUB
768981,55F5B55F6G55FCB55FDG55FJB55FKG55FQB55FRG55HUB
731912,55F5B55F6G55FCB55FDG55FJB55FKG55FQB55FRG55HUB
768319,55F5B55F6G55FCB55FDG55FJB55FKG55FQB55FRG55HUB
767269,55F5B55F6G55FCB55FDG55FJB55FKG55FQB55FRG55HUB
816624,55F5B55F6G55FCB55FDG55FJB55FKG55FQB55FRG55HUB
773467,55F5B55F6G55FCB55FDG55FJB55FKG55FQB55FRG55HUB
813487,55F5B55F6G55FCB55FDG55FJB55FKG55FQB55FRG55HUB
813485,55F5B55F6G55FCB55FDG55FJB55FKG55FQB55FRG55HUB
1031217,55F5B55F6G55FCB55FDG55FJB55FKG55FQB55FRG55HUB
813499,55F5B55F6G55FCB55FDG55FJB55FKG55FQB55FRG55HUB
901176,55F5B55F6G55FCB55FDG55FJB55FKG55FQB55FRG55HUB
813471,55F5B55F6G55FCB55FDG55FJB55FKG55FQB55FRG55HUB
813457,55F5B55F6G55FCB55FDG55FJB55FKG55FQB55FRG55HUB
816625,55F5B55F6G55FCB55FDG55FJB55FKG55FQB55FRG55HUB
772595,55F5B55F5G55FCB55FJB55FQB55HUB55HUG55I1B55I5R
1006371,55F5B55F6G55FCB55FDG55FJB55FKG55FQB55FRG55HUB
816962,55F5B55F6G55FCB55FDG55FJB55FKG55FQB55FRG55HUB
768331,55F5B55F6G55FCB55FDG55FJB55FKG55FQB55FRG55HUB
908714,55F5B55F6G55FCB55FDG55FJB55FKG55FQB55FRG55HUB
992057,55F5B55F6G55FCB55FDG55FJB55FKG55FQB55FRG55HUB
946326,55F5B55F6G55FCB55FDG55FJB55FKG55FQB55FRG55HUB
993390,55F5B55F6G55FCB55FDG55FJB55FKG55FQB55FRG55HUB
816729,55F5B55F6G55FCB55FDG55FJB55FKG55FQB55FRG55HUB
993391,55F5B55F6G55FCB55FDG55FJB55FKG55FQB55FRG55HUB
899741,55F5B55F6G55FCB55FDG55FJB55FKG55FQB55FRG55HUB
815381,55F5B55F6G55FCB55FDG55FJB55FKG55FQB55FRG55HUB
1012895,55F5B55F6G55FCB55FDG55FJB55FKG55FQB55FRG55HUB
772053,55F5B55F6G55FCB55FDG55FJB55FKG55FQB55FRG55HUB
773469,55F5B55F5G55FCB55FJB55FQB55HUB55HUG55I1B55I5R
902398,55F5B55F5G55FCB55FJB55FQB55HUB55HUG55I1B55I5R
902400,55F5B55F5G55FCB55FJB55FQB55HUB55HUG55I1B55I5R
816971,55F5B55F5G55FCB55FJB55FQB55HUB55HUG55I1B55I5R
815359,55F5B55F5G55FCB55FJB55FQB55HUB55HUG55I1B55I5R
816965,55F5B55F5G55FCB55FJB55FQB55HUB55HUG55I1B55I5R
773472,55F5B55F5G55FCB55FJB55FQB55HUB55HUG55I1B55I5R
813481,55F5B55F5G55FCB55FJB55FQB55HUB55HUG55I1B55I5R
813504,55F5B55F5G55FCB55FJB55FQB55HUB55HUG55I1B55I5R
771367,55F5B55F5G55FCB55FJB55FQB55HUB55HUG55I1B55I8B
813464,55F5B55F5G55FCB55FJB55FQB55HUB55HUG55I1B55I5R
816618,55F5B55F5G55FCB55FJB55FQB55HUB55HUG55I1B55I5R
816718,55F5B55F5G55FCB55FJB55FQB55HUB55HUG55I1B55I5R
768342,55F5B55F5G55FCB55FJB55FQB55HUB55HUG55I1B55I8B
768325,55F5B55F5G55FCB55FJB55FQB55HUB55HUG55I1B55I5R
816628,55F5B55F5G55FCB55FJB55FQB55HUB55HUG55I1B55I5R
816966,55F5G55F9B55FGB55FNB55FUB55HUG55HYB55HYR55I5B
768339,55F5G55F9B55FGB55FNB55FUB55HUG55HYB55HYR55I5B
815413,55F5G55F9B55FGB55FNB55FUB55HUG55HYB55HYR55I5B
817071,55F5G55F9B55FGB55FNB55FUB55HUG55HYB55HYR55I5B
982251,55F5G55F9B55FGB55FNB55FUB55HUG55HYB55I5B55ICB
982252,55F5G55F9B55FGB55FNB55FUB55HUG55HYB55I5B55ICB
982268,55F5G55F9B55FGB55FNB55FUB55HUG55HYB55I5B55ICB
992917,55F4G55F9B55FGB55FNB55FUB55HTG55HYB55I5B55ICB
944174,55F4G55F9B55FGB55FNB55FUB55HTG55HYB55I5B55ICB
910494,55F4G55F9B55FGB55FNB55FUB55HTG55HYB55I5B55ICB
839359,55F4B55FIB55HTB55I5R55I7B55IJR55ILB55KVR55KXB
882924,55F4B55FBG55FIB55FPG55HTB55I0G55I5R55I7B55IEG
910899,55F4B55FBG55FIB55FPG55HTB55I0G55I5R55I7B55IEG
1030475,55F4B55FBG55FIB55FPG55HTB55I0G55I5R55I7B55IEG
882632,55F4B55FBG55FIB55FPG55HTB55I0G55I5R55I7B55IEG
928449,55F4B55FBG55FIB55FPG55HTB55I0G55I5R55I7B55IEG
798343,55F4B55FBG55FIB55FPG55HTB55I0G55I5R55I7B55IEG
928448,55F4B55FBG55FIB55FPG55HTB55I0G55I5R55I7B55IEG
879546,55F4B55FBG55FIB55FPG55HTB55I0G55I5R55I7B55IEG
879549,55F4B55FBG55FIB55FPG55HTB55I0G55I5R55I7B55IEG
879547,55F4B55FBG55FIB55FPG55HTB55I0G55I5R55I7B55IEG
928446,55F4B55FBG55FIB55FPG55HTB55I0G55I5R55I7B55IEG
1014061,55F4B55FBG55FIB55FPG55HTB55I0G55I5R55I7B55IEG
1146831,55F5G55FCB55FJG55FQB55HUG55I0R55I1B55I8G55IER
1146829,55F5G55FCB55FJG55FQB55HUG55I0R55I1B55I8G55IER
1146827,55F5G55FCB55FJG55FQB55HUG55I0R55I1B55I8G55IER
1146826,55F5G55FCB55FJG55FQB55HUG55I0R55I1B55I8G55IER
1146825,55F5G55FCB55FJG55FQB55HUG55I0R55I1B55I8G55IER
1146824,55F5G55FCB55FJG55FQB55HUG55I0R55I1B55I8G55IER
1146823,55F5G55FCB55FJG55FQB55HUG55I0R55I1B55I8G55IER
1146822,55F5G55FCB55FJG55FQB55HUG55I0R55I1B55I8G55IER
1146821,55F5G55FCB55FJG55FQB55HUG55I0R55I1B55I8G55IER
1146820,55F5G55FCB55FJG55FQB55HUG55I0R55I1B55I8G55IER
1146819,55F5G55FCB55FJG55FQB55HUG55I0R55I1B55I8G55IER
1146832,55F5G55FCB55FJG55FQB55HUG55I0R55I1B55I8G55IER
888741,55F4B55F4B55F4G55F4G55FBB55FBB55FBG55FBG55FIB
702740,55F4B55F4B55F4G55F4G55FBB55FBB55FBG55FBG55FIB
981846,55F4B55F4B55F4G55F4G55FBB55FBB55FBG55FBG55FIB
981845,55F4B55F4B55F4G55F4G55FBB55FBB55FBG55FBG55FIB
948288,55F4B55F4B55F4G55F4G55FBB55FBB55FBG55FBG55FIB
703968,55F4B55F4B55F4G55F4G55FBB55FBB55FBG55FBG55FIB
1031424,55F4B55F4B55F4G55F4G55FBB55FBB55FBG55FBG55FIB
981838,55F4B55F4B55F4G55F4G55FBB55FBB55FBG55FBG55FIB
905176,55F4B55F4B55F4G55F4G55FBB55FBB55FBG55FBG55FIB
1005249,55F4B55F4B55F4G55F4G55FBB55FBB55FBG55FBG55FIB
981859,55F4B55F4B55F4G55F4G55FBB55FBB55FBG55FBG55FIB
1011521,55F4B55F4B55F4G55F4G55FBB55FBB55FBG55FBG55FIB
888700,55F4B55F4B55F4G55F4G55FBB55FBB55FBG55FBG55FIB
934419,55F4B55F4B55F4G55F4G55FBB55FBB55FBG55FBG55FIB
907951,55F4B55F4B55F4G55F4G55FBB55FBB55FBG55FBG55FIB
934422,55F4B55F4B55F4G55F4G55FBB55FBB55FBG55FBG55FIB
948289,55F4B55F4B55F4G55F4G55FBB55FBB55FBG55FBG55FIB
860286,55F4B55F4B55F4G55F4G55FBB55FBB55FBG55FBG55FIB
934409,55F4B55F4B55F4G55F4G55FBB55FBB55FBG55FBG55FIB
981453,55F4B55F4B55F4G55F4G55FBB55FBB55FBG55FBG55FIB
934882,55F4B55F4B55F4G55F4G55FBB55FBB55FBG55FBG55FIB
934880,55F4B55F4B55F4G55F4G55FBB55FBB55FBG55FBG55FIB
903861,55F4B55F4B55F4G55F4G55FBB55FBB55FBG55FBG55FIB
888698,55F4B55F4B55F4G55F4G55FBB55FBB55FBG55FBG55FIB
948566,55F4B55F4B55F4G55F4G55FBB55FBB55FBG55FBG55FIB
903862,55F4B55F4B55F4G55F4G55FBB55FBB55FBG55FBG55FIB
934876,55F4B55F4B55F4G55F4G55FBB55FBB55FBG55FBG55FIB
948547,55F4B55F4B55F4G55F4G55FBB55FBB55FBG55FBG55FIB
888703,55F4B55F4B55F4G55F4G55FBB55FBB55FBG55FBG55FIB
1017470,55F4B55F4B55F4G55F4G55FBB55FBB55FBG55FBG55FIB
1044726,55F4B55F4B55F4G55F4G55FBB55FBB55FBG55FBG55FIB
888714,55F4B55F4B55F4G55F4G55FBB55FBB55FBG55FBG55FIB
946417,55F4B55F4B55F4G55F4G55FBB55FBB55FBG55FBG55FIB
858944,55F4B55F4B55F4G55F4G55FBB55FBB55FBG55FBG55FIB
995292,55F4B55F4B55F4G55F4G55FBB55FBB55FBG55FBG55FIB
888715,55F4B55F4B55F4G55F4G55FBB55FBB55FBG55FBG55FIB
934890,55F4B55F4B55F4G55F4G55FBB55FBB55FBG55FBG55FIB
933212,55F4B55F4B55F4G55F4G55FBB55FBB55FBG55FBG55FIB
1049032,55F4B55F4B55F4G55F4G55FBB55FBB55FBG55FBG55FIB
933211,55F4B55F4B55F4G55F4G55FBB55FBB55FBG55FBG55FIB
933210,55F4B55F4B55F4G55F4G55FBB55FBB55FBG55FBG55FIB
933209,55F4B55F4B55F4G55F4G55FBB55FBB55FBG55FBG55FIB
933207,55F4B55F4B55F4G55F4G55FBB55FBB55FBG55FBG55FIB
933206,55F4B55F4B55F4G55F4G55FBB55FBB55FBG55FBG55FIB
888746,55F4B55F4B55F4G55F4G55FBB55FBB55FBG55FBG55FIB
948530,55F4B55F4B55F4G55F4G55FBB55FBB55FBG55FBG55FIB
1049040,55F4B55F4B55F4G55F4G55FBB55FBB55FBG55FBG55FIB
934871,55F4B55F4B55F4G55F4G55FBB55FBB55FBG55FBG55FIB
934870,55F4B55F4B55F4G55F4G55FBB55FBB55FBG55FBG55FIB
934873,55F4B55F4B55F4G55F4G55FBB55FBB55FBG55FBG55FIB
703075,55F4B55F4B55F4G55F4G55FBB55FBB55FBG55FBG55FIB
933216,55F4B55F4B55F4G55F4G55FBB55FBB55FBG55FBG55FIB
933215,55F4B55F4B55F4G55F4G55FBB55FBB55FBG55FBG55FIB
948565,55F4B55F4B55F4G55F4G55FBB55FBB55FBG55FBG55FIB
782258,55F4B55F4B55F4G55F4G55FBB55FBB55FBG55FBG55FIB
858948,55F4B55F4B55F4G55F4G55FBB55FBB55FBG55FBG55FIB
831364,55F4B55F4B55F4G55F4G55FBB55FBB55FBG55FBG55FIB
933567,55F4B55F4B55F4G55F4G55FBB55FBB55FBG55FBG55FIB
1049033,55F4B55F4B55F4G55F4G55FBB55FBB55FBG55FBG55FIB
933566,55F4B55F4B55F4G55F4G55FBB55FBB55FBG55FBG55FIB
933564,55F4B55F4B55F4G55F4G55FBB55FBB55FBG55FBG55FIB
933563,55F4B55F4B55F4G55F4G55FBB55FBB55FBG55FBG55FIB
933561,55F4B55F4B55F4G55F4G55FBB55FBB55FBG55FBG55FIB
933565,55F4B55F4B55F4G55F4G55FBB55FBB55FBG55FBG55FIB
933576,55F4B55F4B55F4G55F4G55FBB55FBB55FBG55FBG55FIB
933574,55F4B55F4B55F4G55F4G55FBB55FBB55FBG55FBG55FIB
888735,55F4B55F4B55F4G55F4G55FBB55FBB55FBG55FBG55FIB
903490,55F4B55F4B55F4G55F4G55FBB55FBB55FBG55FBG55FIB
703076,55F4B55F4B55F4G55F4G55FBB55FBB55FBG55FBG55FIB
948551,55F4B55F4B55F4G55F4G55FBB55FBB55FBG55FBG55FIB
950757,55F4B55F4B55F4G55F4G55FBB55FBB55FBG55FBG55FIB
905172,55F4B55F4B55F4G55F4G55FBB55FBB55FBG55FBG55FIB
936652,55F4B55F4B55F4G55F4G55FBB55FBB55FBG55FBG55FIB
703078,55F4B55F4B55F4G55F4G55FBB55FBB55FBG55FBG55FIB
936656,55F4B55F4B55F4G55F4G55FBB55FBB55FBG55FBG55FIB
981828,55F4B55F4B55F4G55F4G55FBB55FBB55FBG55FBG55FIB
861513,55F4B55F4B55F4G55F4G55FBB55FBB55FBG55FBG55FIB
888740,55F4B55F4B55F4G55F4G55FBB55FBB55FBG55FBG55FIB
950752,55F4B55F4B55F4G55F4G55FBB55FBB55FBG55FBG55FIB
936661,55F4B55F4B55F4G55F4G55FBB55FBB55FBG55FBG55FIB
905175,55F4B55F4B55F4G55F4G55FBB55FBB55FBG55FBG55FIB
936663,55F4B55F4B55F4G55F4G55FBB55FBB55FBG55FBG55FIB
905173,55F4B55F4B55F4G55F4G55FBB55FBB55FBG55FBG55FIB
936660,55F4B55F4B55F4G55F4G55FBB55FBB55FBG55FBG55FIB
905174,55F4B55F4B55F4G55F4G55FBB55FBB55FBG55FBG55FIB
949647,55F4B55F4B55F4G55F4G55FBB55FBB55FBG55FBG55FIB
981823,55F4B55F4B55F4G55F4G55FBB55FBB55FBG55FBG55FIB
981803,55F4B55F4B55F4G55F4G55FBB55FBB55FBG55FBG55FIB
702741,55F4B55F4B55F4G55F4G55FBB55FBB55FBG55FBG55FIB
981801,55F4B55F4B55F4G55F4G55FBB55FBB55FBG55FBG55FIB
949643,55F4B55F4B55F4G55F4G55FBB55FBB55FBG55FBG55FIB
703967,55F4B55F4B55F4G55F4G55FBB55FBB55FBG55FBG55FIB
981796,55F4B55F4B55F4G55F4G55FBB55FBB55FBG55FBG55FIB
981794,55F4B55F4B55F4G55F4G55FBB55FBB55FBG55FBG55FIB
981814,55F4B55F4B55F4G55F4G55FBB55FBB55FBG55FBG55FIB
860292,55F4B55F4B55F4G55F4G55FBB55FBB55FBG55FBG55FIB
935634,55F4B55F4B55F4G55F4G55FBB55FBB55FBG55FBG55FIB
948567,55F4B55F4B55F4G55F4G55FBB55FBB55FBG55FBG55FIB
935628,55F4B55F4B55F4G55F4G55FBB55FBB55FBG55FBG55FIB
888737,55F4B55F4B55F4G55F4G55FBB55FBB55FBG55FBG55FIB
935627,55F4B55F4B55F4G55F4G55FBB55FBB55FBG55FBG55FIB
935624,55F4B55F4B55F4G55F4G55FBB55FBB55FBG55FBG55FIB
935621,55F4B55F4B55F4G55F4G55FBB55FBB55FBG55FBG55FIB
935295,55F4B55F4B55F4G55F4G55FBB55FBB55FBG55FBG55FIB
934423,55F4B55F4B55F4G55F4G55FBB55FBB55FBG55FBG55FIB
982731,55F4B55F4B55F4G55F4G55FBB55FBB55FBG55FBG55FIB
982729,55F4B55F4B55F4G55F4G55FBB55FBB55FBG55FBG55FIB
981867,55F4B55F4B55F4G55F4G55FBB55FBB55FBG55FBG55FIB
861526,55F4B55F4B55F4G55F4G55FBB55FBB55FBG55FBG55FIB
981864,55F4B55F4B55F4G55F4G55FBB55FBB55FBG55FBG55FIB
888719,55F4B55F4B55F4G55F4G55FBB55FBB55FBG55FBG55FIB
933178,55F4B55F4B55F4G55F4G55FBB55FBB55FBG55FBG55FIB
933202,55F4B55F4B55F4G55F4G55FBB55FBB55FBG55FBG55FIB
933200,55F4B55F4B55F4G55F4G55FBB55FBB55FBG55FBG55FIB
703074,55F4B55F4B55F4G55F4G55FBB55FBB55FBG55FBG55FIB
933195,55F4B55F4B55F4G55F4G55FBB55FBB55FBG55FBG55FIB
933204,55F4B55F4B55F4G55F4G55FBB55FBB55FBG55FBG55FIB
933193,55F4B55F4B55F4G55F4G55FBB55FBB55FBG55FBG55FIB
933190,55F4B55F4B55F4G55F4G55FBB55FBB55FBG55FBG55FIB
933189,55F4B55F4B55F4G55F4G55FBB55FBB55FBG55FBG55FIB
933196,55F4B55F4B55F4G55F4G55FBB55FBB55FBG55FBG55FIB
1108652,55F4G55FBB55FIG55FPB55HTG55I0B55I7G55IEB55ILG
1108642,55F4G55FBB55FIG55FPB55HTG55I0B55I3R55I7G55IEB
1108653,55F4G55FBB55FIG55FPB55HTG55I0B55I3R55I7G55IEB
1108625,55F4G55FBB55FIG55FPB55HTG55I0B55I3R55I7G55IEB
1108654,55F4G55FBB55FIG55FPB55HTG55I0B55I3R55I7G55IEB
1108626,55F4G55FBB55FIG55FPB55HTG55I0B55I3R55I7G55IEB
1108655,55F4G55FBB55FIG55FPB55HTG55I0B55I3R55I7G55IEB
1108627,55F4G55FBB55FIG55FPB55HTG55I0B55I3R55I7G55IEB
1108656,55F4G55FBB55FIG55FPB55HTG55I0B55I3R55I7G55IEB
1108628,55F4G55FBB55FIG55FPB55HTG55I0B55I7G55IEB55ILG
1108647,55F4G55FBB55FIG55FPB55HTG55I0B55I3R55I7G55IEB
1137082,55F4G55FBB55FIG55FPB55HTG55I0B55I7G55IEB55ILG
1108657,55F4G55FBB55FIG55FPB55HTG55I0B55I7G55IEB55ILG
1108629,55F4G55FBB55FIG55FPB55HTG55I0B55I3R55I7G55IEB
1108658,55I3R55IHR55KTR55L7R
1108630,55F4G55FBB55FIG55FPB55HTG55I0B55I3R55I7G55IEB
1108659,55F4G55FBB55FIG55FPB55HTG55I0B55I3R55I7G55IEB
1108631,55F4G55FBB55FIG55FPB55HTG55I0B55I3R55I7G55IEB
1108601,55F4G55FBB55FIG55FPB55HTG55I0B55I3R55I7G55IEB
1108632,55F4G55FBB55FIG55FPB55HTG55I0B55I3R55I7G55IEB
1108602,55F4G55FBB55FIG55FPB55HTG55I0B55I3R55I7G55IEB
1108633,55F4G55FBB55FIG55FPB55HTG55I0B55I3R55I7G55IEB
1108603,55F4G55FBB55FIG55FPB55HTG55I0B55I3R55I7G55IEB
1108634,55F4G55FBB55FIG55FPB55HTG55I0B55I3R55I7G55IEB
1108604,55F4G55FBB55FIG55FPB55HTG55I0B55I7G55IEB55ILG
1108611,55F4G55FBB55FIG55FPB55HTG55I0B55I7G55IEB55ILG
1108610,55F4G55FBB55FIG55FPB55HTG55I0B55I7G55IEB55ILG
1108609,55F4G55FBB55FIG55FPB55HTG55I0B55I3R55I7G55IEB
1108608,55F4G55FBB55FIG55FPB55HTG55I0B55I3R55I7G55IEB
1108646,55F4G55FBB55FIG55FPB55HTG55I0B55I3R55I7G55IEB
1108607,55F4G55FBB55FIG55FPB55HTG55I0B55I3R55I7G55IEB
1108606,55F4G55FBB55FIG55FPB55HTG55I0B55I3R55I7G55IEB
1108605,55F4G55FBB55FIG55FPB55HTG55I0B55I3R55I7G55IEB
1095705,55F4G55FBB55FIG55FPB55HTG55I0B55I7G55IEB55ILG
1108645,55F4G55FBB55FIG55FPB55HTG55I0B55I3R55I7G55IEB
1108650,55F4G55FBB55FIG55FPB55HTG55I0B55I7G55IEB55ILG
1108644,55F4G55FBB55FIG55FPB55HTG55I0B55I3R55I7G55IEB
1108651,55F4G55FBB55FIG55FPB55HTG55I0B55I7G55IEB55ILG
1108643,55F4G55FBB55FIG55FPB55HTG55I0B55I3R55I7G55IEB
1108616,55F4G55FBB55FIG55FPB55HTG55I0B55I3R55I7G55IEB
1108617,55F4G55FBB55FIG55FPB55HTG55I0B55I3R55I7G55IEB
1108612,55F4G55FBB55FIG55FPB55HTG55I0B55I3R55I7G55IEB
1108618,55F4G55FBB55FIG55FPB55HTG55I0B55I3R55I7G55IEB
1108613,55F4G55FBB55FIG55FPB55HTG55I0B55I3R55I7G55IEB
1108619,55F4G55FBB55FIG55FPB55HTG55I0B55I3R55I7G55IEB
1108614,55F4G55FBB55FIG55FPB55HTG55I0B55I3R55I7G55IEB
1108615,55F4G55FBB55FIG55FPB55HTG55I0B55I3R55I7G55IEB
839365,55F4B55FBG55FIB55FPG55HTB55HXR55I0G55I7B55IBR
880685,55F4B55FBG55FIB55FPG55HTB55HXR55I0G55I7B55IBR
839370,55F4B55FBG55FIB55FPG55HTB55HXR55I0G55I7B55IBR
841864,55F4B55FBG55FIB55FPG55HTB55HXR55I0G55I7B55IBR
701100,55F4B55FBG55FIB55FPG55HTB55HXR55I0G55I7B55IBR
842227,55F4B55FBG55FIB55FPG55HTB55HXR55I0G55I7B55IBR
839371,55F4B55FBG55FIB55FPG55HTB55HXR55I0G55I7B55IBR
823092,55F4B55FBG55FIB55FPG55HTB55HXR55I0G55I7B55IBR
817093,55F4G55F8B55FBG55FFB55FIG55FMB55FPG55FTB55HTG
773415,55F4G55F8B55FBG55FFB55FIG55FMB55FPG55FTB55HTG
909835,55F4G55F8B55FBG55FFB55FIG55FMB55FPG55FTB55HTG
773461,55F4G55F8B55FBG55FFB55FIG55FMB55FPG55FTB55HTG
743917,55F4G55F8B55FBG55FFB55FIG55FMB55FPG55FTB55HTG
773423,55F4G55F8B55FBG55FFB55FIG55FMB55FPG55FTB55HTG
773416,55F4G55F8B55FBG55FFB55FIG55FMB55FPG55FTB55HTG
773435,55F4G55F8B55FBG55FFB55FIG55FMB55FPG55FTB55HTG
816727,55F4G55F8B55FBG55FFB55FIG55FMB55FPG55FTB55HTG
773429,55F4G55F8B55FBG55FFB55FIG55FMB55FPG55FTB55HTG
811503,55F4G55F8B55FBG55FFB55FIG55FMB55FPG55FTB55HTG
743921,55F4G55F8B55FBG55FFB55FIG55FMB55FPG55FTB55HTG
899742,55F4G55F8B55FBG55FFB55FIG55FMB55FPG55FTB55HTG
815370,55F4G55F8B55FBG55FFB55FIG55FMB55FPG55FTB55HTG
815363,55F4G55F8B55FBG55FFB55FIG55FMB55FPG55FTB55HTG
946318,55F4G55F8B55FBG55FFB55FIG55FMB55FPG55FTB55HTG
817088,55F4G55F8B55FBG55FFB55FIG55FMB55FPG55FTB55HTG
817078,55F4G55F8B55FBG55FFB55FIG55FMB55FPG55FTB55HTG
899924,55F4G55F8B55FBG55FFB55FIG55FMB55FPG55FTB55HTG
772055,55F4G55F8B55FBG55FFB55FIG55FMB55FPG55FTB55HTG
772056,55F4G55F8B55FBG55FFB55FIG55FMB55FPG55FTB55HTG
772051,55F4G55F8B55FBG55FFB55FIG55FMB55FPG55FTB55HTG
772061,55F4G55F8B55FBG55FFB55FIG55FMB55FPG55FTB55HTG
817076,55F4G55F8B55FBG55FFB55FIG55FMB55FPG55FTB55HTG
934192,55F6B55FDG55FKB55FRG55HVB55I1R55I2G55I9B55IFR
1034913,55F6B55FDG55FKB55FRG55HVB55I1R55I2G55I9B55IFR
939046,55F6B55FDG55FKB55FRG55HVB55I1R55I2G55I9B55IFR
939055,55F6B55FDG55FKB55FRG55HVB55I1R55I2G55I9B55IFR
939050,55F6B55FDG55FKB55FRG55HVB55I1R55I2G55I9B55IFR
934541,55F6B55FDG55FKB55FRG55HVB55I1R55I2G55I9B55IFR
934535,55F6B55FDG55FKB55FRG55HVB55I1R55I2G55I9B55IFR
865630,55F6B55FDG55FKB55FRG55HVB55I1R55I2G55I9B55IFR
934534,55F6B55FDG55FKB55FRG55HVB55I1R55I2G55I9B55IFR
937266,55F6B55FDG55FKB55FRG55HVB55I1R55I2G55I9B55IFR
937269,55F6B55FDG55FKB55FRG55HVB55I1R55I2G55I9B55IFR
934193,55F6B55FDG55FKB55FRG55HVB55I1R55I2G55I9B55IFR
789291,55F6B55FDG55FKB55FRG55HVB55I1R55I2G55I9B55IFR
937276,55F6B55FDG55FKB55FRG55HVB55I1R55I2G55I9B55IFR
919188,55F9G55FGB55FNG55FUB55HYG55I5B55ICG55IJB55KOG
919187,55F9G55FGB55FNG55FUB55HYG55I5B55ICG55IJB55KOG
919186,55F9G55FGB55FNG55FUB55HYG55I5B55ICG55IJB55KOG
919184,55F9G55FGB55FNG55FUB55HYG55I5B55ICG55IJB55KOG
919181,55F9G55FGB55FNG55FUB55HYG55I5B55ICG55IJB55KOG
919180,55F9G55FGB55FNG55FUB55HYG55I5B55ICG55IJB55KOG
919179,55F9G55FGB55FNG55FUB55HYG55I5B55ICG55IJB55KOG
919177,55F9G55FGB55FNG55FUB55HYG55I5B55ICG55IJB55KOG
760379,55F7B55FEG55FLB55FSG55HWB55I3G55I3R55IAB55IHG
760362,55F7B55FEG55FLB55FSG55HWB55I3G55I3R55IAB55IHG
1015727,55F7B55FEG55FLB55FSG55HWB55I3G55I3R55IAB55IHG
760361,55F7B55FEG55FLB55FSG55HWB55I3G55IAB55IHG55KMB
760363,55F7B55FEG55FLB55FSG55HWB55I3G55IAB55IHG55KMB
907215,55F7B55FEG55FLB55FSG55HWB55I3G55IAB55IHG55KMB
760360,55F7B55FEG55FLB55FSG55HWB55I3G55I3R55IAB55IHG
760358,55F7B55FEG55FLB55FSG55HWB55I3G55I3R55IAB55IHG
760377,55F7B55FEG55FLB55FSG55HWB55I3G55I3R55IAB55IHG
819664,55F7B55FEG55FLB55FSG55HWB55I3G55I3R55IAB55IHG
1043449,55F7B55FEG55FLB55FSG55HWB55I3G55I3R55IAB55IHG
1015726,55F7B55FEG55FLB55FSG55HWB55I3G55I3R55IAB55IHG
790199,55F7B55FEG55FLB55FSG55HWB55I3G55IAB55IHG55KMB
790200,55F7B55FEG55FLB55FSG55HWB55I3G55IAB55IHG55KMB
790201,55F7B55FEG55FLB55FSG55HWB55I3G55IAB55IHG55KMB
790202,55F7B55FEG55FLB55FSG55HWB55I3G55IAB55IHG55KMB
790203,55F7B55FEG55FLB55FSG55HWB55I3G55IAB55IHG55KMB
914077,55F6B55FDG55FKB55FRG55HVB55I2G55I3R55I9B55IGG
914075,55F6B55FDG55FKB55FRG55HVB55I2G55I3R55I9B55IGG
914073,55F6B55FDG55FKB55FRG55HVB55I2G55I3R55I9B55IGG
914071,55F6B55FDG55FKB55FRG55HVB55I2G55I3R55I9B55IGG
914070,55F6B55FDG55FKB55FRG55HVB55I2G55I3R55I9B55IGG
743554,55F6B55FDG55FKB55FRG55HVB55I2G55I3R55I9B55IGG
1036080,55F5B55FCG55FJB55FQG55HUB55I1G55I8B55IFG55IMB
808023,55F5B55FCG55FJB55FQG55HUB55I1G55I8B55IFG55IMB
808024,55F5B55FCG55FJB55FQG55HUB55I1G55I8B55IFG55IMB
862080,55F5B55FCG55FJB55FQG55HUB55I1G55I8B55IFG55IMB
763192,55F5B55FCG55FJB55FQG55HUB55I1G55I8B55IFG55IMB
763193,55F5B55FCG55FJB55FQG55HUB55I1G55I8B55IFG55IMB
763198,55F5B55FCG55FJB55FQG55HUB55I1G55I8B55IFG55IMB
763194,55F5B55FCG55FJB55FQG55HUB55I1G55I8B55IFG55IMB
987754,55F5B55FJB55HUB55I8B55IMB55KYB55LCB
700479,55F5B55FCG55FJB55FQG55HUB55I1G55I8B55IFG55IMB
763197,55F5B55FCG55FJB55FQG55HUB55I1G55I8B55IFG55IMB
763181,55F5B55FCG55FJB55FQG55HUB55I1G55I8B55IFG55IMB
761930,55F5B55FCG55FJB55FQG55HUB55I1G55I8B55IFG55IMB
761932,55F5B55FCG55FJB55FQG55HUB55I1G55I8B55IFG55IMB
763185,55F5B55FCG55FJB55FQG55HUB55I1G55I8B55IFG55IMB
941216,55F5B55FCG55FJB55FQG55HUB55I1G55I8B55IFG55IMB
941217,55F5B55FCG55FJB55FQG55HUB55I1G55I8B55IFG55IMB
941218,55F5B55FCG55FJB55FQG55HUB55I1G55I8B55IFG55IMB
999565,55F5B55FCG55FJB55FQG55HUB55I1G55I8B55IFG55IMB
941219,55F5B55FCG55FJB55FQG55HUB55I1G55I8B55IFG55IMB
903160,55F5B55FCG55FJB55FQG55HUB55I1G55I8B55IFG55IMB
941220,55F5B55FCG55FJB55FQG55HUB55I1G55I8B55IFG55IMB
941221,55F5B55FCG55FJB55FQG55HUB55I1G55I8B55IFG55IMB
763202,55F5B55FCG55FJB55FQG55HUB55I1G55I8B55IFG55IMB
808025,55F5B55FCG55FJB55FQG55HUB55I1G55I8B55IFG55IMB
763557,55F4G55FBB55FIG55FPB55HTG55I0B55I3R55I7G55IEB
903161,55F4G55FBB55FIG55FPB55HTG55I0B55I3R55I7G55IEB
859113,55F4G55FBB55FIG55FPB55HTG55I0B55I3R55I7G55IEB
1031686,55F4G55FBB55FIG55FPB55HTG55I0B55I3R55I7G55IEB
763556,55F4G55FBB55FIG55FPB55HTG55I0B55I3R55I7G55IEB
763554,55F4G55FBB55FIG55FPB55HTG55I0B55I3R55I7G55IEB
700469,55F4G55FBB55FIG55FPB55HTG55I0B55I3R55I7G55IEB
766175,55F4G55FBB55FIG55FPB55HTG55I0B55I3R55I7G55IEB
766177,55F4G55FBB55FIG55FPB55HTG55I0B55I3R55I7G55IEB
831277,55F4G55FBB55FIG55FPB55HTG55I0B55I3R55I7G55IEB
724521,55F4G55FBB55FIG55FPB55HTG55I0B55I3R55I7G55IEB
724517,55F4G55FBB55FIG55FPB55HTG55I0B55I3R55I7G55IEB
724523,55F4G55FBB55FIG55FPB55HTG55I0B55I3R55I7G55IEB
724524,55F4G55FBB55FIG55FPB55HTG55I0B55I3R55I7G55IEB
724512,55F4G55FBB55FIG55FPB55HTG55I0B55I3R55I7G55IEB
724511,55F4G55FBB55FIG55FPB55HTG55I0B55I3R55I7G55IEB
705351,55F4G55FBB55FIG55FPB55HTG55I0B55I3R55I7G55IEB
781789,55F4G55FBB55FIG55FPB55HTG55I0B55I3R55I7G55IEB
724509,55F4G55FBB55FIG55FPB55HTG55I0B55I3R55I7G55IEB
724513,55F4G55FBB55FIG55FPB55HTG55I0B55I3R55I7G55IEB
724515,55F4G55FBB55FIG55FPB55HTG55I0B55I3R55I7G55IEB
724510,55F4G55FBB55FIG55FPB55HTG55I0B55I3R55I7G55IEB
721222,55F4G55FBB55FIG55FPB55HTG55I0B55I3R55I7G55IEB
861773,55F4G55FBB55FIG55FPB55HTG55I0B55I3R55I7G55IEB
721226,55F4G55FBB55FIG55FPB55HTG55I0B55I3R55I7G55IEB
861772,55F4G55FBB55FIG55FPB55HTG55I0B55I3R55I7G55IEB
764901,55F4G55FBB55FIG55FPB55HTG55I0B55I3R55I7G55IEB
721230,55F4G55FBB55FIG55FPB55HTG55I0B55I3R55I7G55IEB
721231,55F4G55FBB55FIG55FPB55HTG55I0B55I3R55I7G55IEB
721227,55F4G55FBB55FIG55FPB55HTG55I0B55I3R55I7G55IEB
724527,55F4G55FBB55FIG55FPB55HTG55I0B55I3R55I7G55IEB
724530,55F4G55FBB55FIG55FPB55HTG55I0B55I3R55I7G55IEB
862922,55F4G55FBB55FIG55FPB55HTG55I0B55I3R55I7G55IEB
861771,55F4G55FBB55FIG55FPB55HTG55I0B55I3R55I7G55IEB
724495,55F4G55F4G55FBB55FBB55FIG55FIG55FPB55FPB55HTG
822161,55F4G55FBB55FIG55FPB55HTG55I0B55I3R55I7G55IEB
765864,55F4G55FBB55FIG55FPB55HTG55I0B55I3R55I7G55IEB
764902,55F4G55FBB55FIG55FPB55HTG55I0B55I3R55I7G55IEB
765866,55F4G55FBB55FIG55FPB55HTG55I0B55I3R55I7G55IEB
765855,55F4G55FBB55FIG55FPB55HTG55I0B55I3R55I7G55IEB
705707,55F4G55F4G55FBB55FIG55FIG55FPB55HTG55HTG55I0B
822160,55F4G55FBB55FIG55FPB55HTG55I0B55I3R55I7G55IEB
822165,55F4G55FBB55FIG55FPB55HTG55I0B55I3R55I7G55IEB
1033036,55F4G55FBB55FIG55FPB55HTG55I0B55I3R55I7G55IEB
724507,55F4G55FBB55FIG55FPB55HTG55I0B55I3R55I7G55IEB
766208,55F4G55FBB55FIG55FPB55HTG55I0B55I3R55I7G55IEB
822166,55F4G55FBB55FIG55FPB55HTG55I0B55I3R55I7G55IEB
765870,55F4G55FBB55FIG55FPB55HTG55I0B55I3R55I7G55IEB
623598,55F4G55FBB55FIG55FPB55HTG55I0B55I7G55IEB55ILG
704517,55F4G55FBB55FIG55FPB55HTG55I0B55I3R55I7G55IEB
721932,55F4G55FBB55FIG55FPB55HTG55I0B55I3R55I7G55IEB
763553,55F4G55FBB55FIG55FPB55HTG55I0B55I3R55I7G55IEB
941222,55F4G55FBB55FIG55FPB55HTG55I0B55I3R55I7G55IEB
988794,55F9B55FGG55FNB55FUG55HYB55I5G55ICB55IJG55KOB
988793,55F9B55FGG55FNB55FUG55HYB55I5G55ICB55IJG55KOB
988797,55F9B55FGG55FNB55FUG55HYB55I5G55ICB55IJG55KOB
944702,55F9B55FGG55FNB55FUG55HYB55I5G55ICB55IJG55KOB
956213,55F9B55FGG55FNB55FUG55HYB55I5G55ICB55IJG55KOB
720478,55F6G55F7B55FDG55FEB55FKG55FLB55FRG55FSB55HVG
778189,55F6G55F7B55F7B55FDG55FEB55FEB55FKG55FLB55FLB
712521,55F6G55F7B55FDG55FEB55FKG55FLB55FRG55FSB55HVG
1048074,55F6G55F7B55FDG55FEB55FKG55FLB55FRG55FSB55HVG
704322,55F6G55F7B55F7B55FDG55FEB55FEB55FKG55FLB55FLB
739127,55F6G55F7B55FDG55FEB55FKG55FLB55FRG55FSB55HVG
1005612,55F6G55F7B55F7B55FDG55FEB55FEB55FKG55FLB55FLB
853049,55F6G55F7B55FDG55FEB55FKG55FLB55FRG55FSB55HVG
631788,55F6G55F7B55FDG55FEB55FKG55FLB55FRG55FSB55HVG
733317,55F6G55F7B55F7B55FDG55FEB55FEB55FKG55FLB55FLB
705630,55F6G55F7B55FDG55FEB55FKG55FLB55FRG55FSB55HVG
631792,55F6G55F7B55FDG55FEB55FKG55FLB55FRG55FSB55HVG
733319,55F6G55F7B55F7B55FDG55FEB55FEB55FKG55FLB55FLB
853050,55F6G55F7B55FDG55FEB55FKG55FLB55FRG55FSB55HVG
632030,55F6G55F7B55FDG55FEB55FKG55FLB55FRG55FSB55HVG
730377,55F6G55F7B55F7B55FDG55FEB55FEB55FKG55FLB55FLB
853051,55F6G55F7B55FDG55FEB55FKG55FLB55FRG55FSB55HVG
735480,55F6G55F7B55FDG55FEB55FKG55FLB55FRG55FSB55HVG
945950,55F6G55F7B55F7B55FDG55FEB55FEB55FKG55FLB55FLB
1008553,55F6G55F7B55FDG55FEB55FKG55FLB55FRG55FSB55HVG
686445,55F6G55F7B55F7B55FDG55FEB55FEB55FKG55FLB55FLB
956128,55F6G55F7B55F7B55FDG55FEB55FEB55FKG55FLB55FLB
948293,55F6G55F7B55F7B55FDG55FEB55FEB55FKG55FLB55FLB
948294,55F6G55F7B55F7B55FDG55FEB55FEB55FKG55FLB55FLB
728028,55F6G55F7B55F7B55FDG55FEB55FEB55FKG55FLB55FLB
728033,55F6G55F7B55F7B55FDG55FEB55FEB55FKG55FLB55FLB
785782,55F6G55F7B55F7B55FDG55FEB55FEB55FKG55FLB55FLB
728341,55F6G55F7B55F7B55FDG55FEB55FEB55FKG55FLB55FLB
728347,55F6G55F7B55F7B55FDG55FEB55FEB55FKG55FLB55FLB
728349,55F6G55F7B55F7B55FDG55FEB55FEB55FKG55FLB55FLB
728350,55F6G55F7B55F7B55FDG55FEB55FEB55FKG55FLB55FLB
728353,55F6G55F7B55F7B55FDG55FEB55FEB55FKG55FLB55FLB
956143,55F6G55F7B55F7B55FDG55FEB55FEB55FKG55FLB55FLB
728356,55F6G55F7B55F7B55FDG55FEB55FEB55FKG55FLB55FLB
728364,55F6G55F7B55F7B55FDG55FEB55FEB55FKG55FLB55FLB
728365,55F6G55F7B55F7B55FDG55FEB55FEB55FKG55FLB55FLB
728368,55F6G55F7B55F7B55FDG55FEB55FEB55FKG55FLB55FLB
728369,55F6G55F7B55F7B55FDG55FEB55FEB55FKG55FLB55FLB
728371,55F6G55F7B55F7B55FDG55FEB55FEB55FKG55FLB55FLB
785785,55F6G55F7B55F7B55FDG55FEB55FEB55FKG55FLB55FLB
1007094,55F6G55F7B55F7B55FDG55FEB55FEB55FKG55FLB55FLB
898265,55F6G55F7B55F7B55FDG55FEB55FEB55FKG55FLB55FLB
1035739,55F6G55F7B55F7B55FDG55FEB55FEB55FKG55FLB55FLB
700388,55F6G55F7B55F7B55FDG55FEB55FEB55FKG55FLB55FLB
898271,55F6G55F7B55F7B55FDG55FEB55FEB55FKG55FLB55FLB
947231,55F6G55F7B55F7B55FDG55FEB55FEB55FKG55FLB55FLB
855102,55F6G55F7B55F7B55FDG55FEB55FEB55FKG55FLB55FLB
905738,55F6G55F7B55F7B55FDG55FEB55FEB55FKG55FLB55FLB
894599,55F6G55F7B55F7B55FDG55FEB55FEB55FKG55FLB55FLB
946727,55F6G55F7B55F7B55FDG55FEB55FEB55FKG55FLB55FLB
897180,55F6G55F7B55F7B55FDG55FEB55FEB55FKG55FLB55FLB
896497,55F6G55F7B55F7B55FDG55FEB55FEB55FKG55FLB55FLB
896498,55F6G55F7B55F7B55FDG55FEB55FEB55FKG55FLB55FLB
904159,55F6G55F7B55F7B55FDG55FEB55FEB55FKG55FLB55FLB
947234,55F6G55F7B55F7B55FDG55FEB55FEB55FKG55FLB55FLB
896499,55F6G55F7B55F7B55FDG55FEB55FEB55FKG55FLB55FLB
896504,55F6G55F7B55F7B55FDG55FEB55FEB55FKG55FLB55FLB
904162,55F6G55F7B55F7B55FDG55FEB55FEB55FKG55FLB55FLB
700370,55F6G55F7B55F7B55FDG55FEB55FEB55FKG55FLB55FLB
1036581,55F6G55F7B55F7B55FDG55FEB55FEB55FKG55FLB55FLB
896506,55F6G55F7B55F7B55FDG55FEB55FEB55FKG55FLB55FLB
904163,55F6G55F7B55F7B55FDG55FEB55FEB55FKG55FLB55FLB
1004665,55F6G55F7B55F7B55FDG55FEB55FEB55FKG55FLB55FLB
896513,55F6G55F7B55F7B55FDG55FEB55FEB55FKG55FLB55FLB
897693,55F6G55F7B55F7B55FDG55FEB55FEB55FKG55FLB55FLB
897702,55F6G55F7B55F7B55FDG55FEB55FEB55FKG55FLB55FLB
897703,55F6G55F7B55F7B55FDG55FEB55FEB55FKG55FLB55FLB
947235,55F6G55F7B55F7B55FDG55FEB55FEB55FKG55FLB55FLB
897704,55F6G55F7B55F7B55FDG55FEB55FEB55FKG55FLB55FLB
897705,55F6G55F7B55F7B55FDG55FEB55FEB55FKG55FLB55FLB
897706,55F6G55F7B55F7B55FDG55FEB55FEB55FKG55FLB55FLB
1029910,55F6G55F7B55F7B55FDG55FEB55FEB55FKG55FLB55FLB
897707,55F6G55F7B55F7B55FDG55FEB55FEB55FKG55FLB55FLB
897708,55F6G55F7B55F7B55FDG55FEB55FEB55FKG55FLB55FLB
897709,55F6G55F7B55F7B55FDG55FEB55FEB55FKG55FLB55FLB
947804,55F6G55F7B55F7B55FDG55FEB55FEB55FKG55FLB55FLB
897710,55F6G55F7B55F7B55FDG55FEB55FEB55FKG55FLB55FLB
1022285,55F6G55F7B55F7B55FDG55FEB55FEB55FKG55FLB55FLB
700372,55F6G55F7B55F7B55FDG55FEB55FEB55FKG55FLB55FLB
897711,55F6G55F7B55F7B55FDG55FEB55FEB55FKG55FLB55FLB
894718,55F6G55F7B55F7B55FDG55FEB55FEB55FKG55FLB55FLB
949888,55F6G55F7B55F7B55FDG55FEB55FEB55FKG55FLB55FLB
947806,55F6G55F7B55F7B55FDG55FEB55FEB55FKG55FLB55FLB
894719,55F6G55F7B55F7B55FDG55FEB55FEB55FKG55FLB55FLB
952044,55F6G55F7B55F7B55FDG55FEB55FEB55FKG55FLB55FLB
773905,55F6G55F7B55F7B55FDG55FEB55FEB55FKG55FLB55FLB
789664,55F6G55F7B55F7B55FDG55FEB55FEB55FKG55FLB55FLB
773910,55F6G55F7B55F7B55FDG55FEB55FEB55FKG55FLB55FLB
773913,55F6G55F7B55F7B55FDG55FEB55FEB55FKG55FLB55FLB
773930,55F6G55F7B55F7B55FDG55FEB55FEB55FKG55FLB55FLB
767314,55F6G55F7B55F7B55FDG55FEB55FEB55FKG55FLB55FLB
767319,55F6G55F7B55F7B55FDG55FEB55FEB55FKG55FLB55FLB
767322,55F6G55F7B55F7B55FDG55FEB55FEB55FKG55FLB55FLB
1007904,55F6G55F7B55F7B55FDG55FEB55FEB55FKG55FLB55FLB
952045,55F6G55F7B55F7B55FDG55FEB55FEB55FKG55FLB55FLB
767325,55F6G55F7B55F7B55FDG55FEB55FEB55FKG55FLB55FLB
767328,55F6G55F7B55F7B55FDG55FEB55FEB55FKG55FLB55FLB
767330,55F6G55F7B55F7B55FDG55FEB55FEB55FKG55FLB55FLB
947226,55F6G55F7B55F7B55FDG55FEB55FEB55FKG55FLB55FLB
767334,55F6G55F7B55F7B55FDG55FEB55FEB55FKG55FLB55FLB
767336,55F6G55F7B55F7B55FDG55FEB55FEB55FKG55FLB55FLB
767339,55F6G55F7B55F7B55FDG55FEB55FEB55FKG55FLB55FLB
767342,55F6G55F7B55F7B55FDG55FEB55FEB55FKG55FLB55FLB
909849,55F6G55F7B55F7B55FDG55FEB55FEB55FKG55FLB55FLB
952046,55F6G55F7B55F7B55FDG55FEB55FEB55FKG55FLB55FLB
767348,55F6G55F7B55F7B55FDG55FEB55FEB55FKG55FLB55FLB
901205,55F6G55F7B55F7B55FDG55FEB55FEB55FKG55FLB55FLB
947254,55F6G55F7B55F7B55FDG55FEB55FEB55FKG55FLB55FLB
768647,55F6G55F7B55F7B55FDG55FEB55FEB55FKG55FLB55FLB
1036577,55F6G55F7B55F7B55FDG55FEB55FEB55FKG55FLB55FLB
768656,55F6G55F7B55F7B55FDG55FEB55FEB55FKG55FLB55FLB
1019133,55F6G55F7B55F7B55FDG55FEB55FEB55FKG55FLB55FLB
772577,55F6G55F7B55F7B55FDG55FEB55FEB55FKG55FLB55FLB
772580,55F6G55F7B55F7B55FDG55FEB55FEB55FKG55FLB55FLB
1038126,55F6G55F7B55F7B55FDG55FEB55FEB55FKG55FLB55FLB
865430,55F6G55F7B55FDG55FEB55FKG55FLB55FRG55FSB55HVG
1005100,55F6G55F7B55F7B55FDG55FEB55FEB55FKG55FLB55FLB
712527,55F6G55F7B55FDG55FEB55FKG55FLB55FRG55FSB55HVG
744218,55F6G55F7B55FDG55FEB55FKG55FLB55FRG55FSB55HVG
853053,55F6G55F7B55FDG55FEB55FKG55FLB55FRG55FSB55HVG
946414,55F6G55F7B55FDG55FEB55FKG55FLB55FRG55FSB55HVG
1032662,55F6G55F7B55FDG55FEB55FKG55FLB55FRG55FSB55HVG
711103,55F6G55F7B55FDG55FEB55FKG55FLB55FRG55FSB55HVG
853054,55F6G55F7B55FDG55FEB55FKG55FLB55FRG55FSB55HVG
711104,55F6G55F7B55FDG55FEB55FKG55FLB55FRG55FSB55HVG
853055,55F6G55F7B55FDG55FEB55FKG55FLB55FRG55FSB55HVG
711106,55F6G55F7B55FDG55FEB55FKG55FLB55FRG55FSB55HVG
711107,55F6G55F7B55FDG55FEB55FKG55FLB55FRG55FSB55HVG
894224,55F6G55F7B55FDG55FEB55FKG55FLB55FRG55FSB55HVG
740146,55F6G55F7B55F7B55FDG55FEB55FEB55FKG55FLB55FLB
1007850,55F6G55F7B55FDG55FEB55FKG55FLB55FRG55FSB55HVG
853058,55F6G55F7B55FDG55FEB55FKG55FLB55FRG55FSB55HVG
711114,55F6G55F7B55FDG55FEB55FKG55FLB55FRG55FSB55HVG
1035695,55F6G55F7B55FDG55FEB55FKG55FLB55FRG55FSB55HVG
738733,55F6G55F7B55FDG55FEB55FKG55FLB55FRG55FSB55HVG
853059,55F6G55F7B55FDG55FEB55FKG55FLB55FRG55FSB55HVG
738734,55F6G55F7B55FDG55FEB55FKG55FLB55FRG55FSB55HVG
853060,55F6G55F7B55FDG55FEB55FKG55FLB55FRG55FSB55HVG
707475,55F6G55F7B55FDG55FEB55FKG55FLB55FRG55FSB55HVG
734667,55F6G55F7B55FDG55FEB55FKG55FLB55FRG55FSB55HVG
894225,55F6G55F7B55FDG55FEB55FKG55FLB55FRG55FSB55HVG
778188,55F6G55F7B55F7B55FDG55FEB55FEB55FKG55FLB55FLB
707810,55F6G55F7B55FDG55FEB55FKG55FLB55FRG55FSB55HVG
994424,55F6G55F7B55FDG55FEB55FKG55FLB55FRG55FSB55HVG
707811,55F6G55F7B55FDG55FEB55FKG55FLB55FRG55FSB55HVG
853052,55F6G55F7B55FDG55FEB55FKG55FLB55FRG55FSB55HVG
950746,55F6G55F7B55FDG55FEB55FKG55FLB55FRG55FSB55HVG
853056,55F6G55F7B55FDG55FEB55FKG55FLB55FRG55FSB55HVG
1037223,55F6G55F7B55FDG55FEB55FKG55FLB55FRG55FSB55HVG
853057,55F6G55F7B55FDG55FEB55FKG55FLB55FRG55FSB55HVG
707815,55F6G55F7B55FDG55FEB55FKG55FLB55FRG55FSB55HVG
900349,55F6G55F7B55FDG55FEB55FKG55FLB55FRG55FSB55HVG
876828,55F6G55F7B55F7B55FDG55FEB55FEB55FKG55FLB55FLB
707825,55F6G55F7B55FDG55FEB55FKG55FLB55FRG55FSB55HVG
853061,55F6G55F7B55FDG55FEB55FKG55FLB55FRG55FSB55HVG
707827,55F6G55F7B55FDG55FEB55FKG55FLB55FRG55FSB55HVG
705631,55F6G55F7B55FDG55FEB55FKG55FLB55FRG55FSB55HVG
707831,55F6G55F7B55FDG55FEB55FKG55FLB55FRG55FSB55HVG
1032663,55F6G55F7B55FDG55FEB55FKG55FLB55FRG55FSB55HVG
707838,55F6G55F7B55FDG55FEB55FKG55FLB55FRG55FSB55HVG
1014892,55F6G55F7B55FDG55FEB55FKG55FLB55FRG55FSB55HVG
734678,55F6G55F7B55FDG55FEB55FKG55FLB55FRG55FSB55HVG
994887,55F6G55F7B55FDG55FEB55FKG55FLB55FRG55FSB55HVG
876826,55F6G55F7B55F7B55FDG55FEB55FEB55FKG55FLB55FLB
744220,55F6G55F7B55FDG55FEB55FKG55FLB55FRG55FSB55HVG
853062,55F6G55F7B55FDG55FEB55FKG55FLB55FRG55FSB55HVG
712513,55F6G55F7B55FDG55FEB55FKG55FLB55FRG55FSB55HVG
994442,55F6G55F7B55FDG55FEB55FKG55FLB55FRG55FSB55HVG
712515,55F6G55F7B55FDG55FEB55FKG55FLB55FRG55FSB55HVG
1019350,55F6G55F7B55FDG55FEB55FKG55FLB55FRG55FSB55HVG
950747,55F6G55F7B55FDG55FEB55FKG55FLB55FRG55FSB55HVG
853048,55F6G55F7B55FDG55FEB55FKG55FLB55FRG55FSB55HVG
712519,55F6G55F7B55FDG55FEB55FKG55FLB55FRG55FSB55HVG
894226,55F6G55F7B55FDG55FEB55FKG55FLB55FRG55FSB55HVG
1024336,55F6G55F7B55F7B55FDG55FEB55FEB55FKG55FLB55FLB
895417,55F6G55F7B55FDG55FEB55FKG55FLB55FRG55FSB55HVG
954492,55F6G55F7B55F7B55FDG55FEB55FEB55FKG55FLB55FLB
905776,55F6G55F7B55F7B55FDG55FEB55FEB55FKG55FLB55FLB
692446,55F6G55F7B55F7B55FDG55FEB55FEB55FKG55FLB55FLB
954910,55F6G55F7B55F7B55FDG55FEB55FEB55FKG55FLB55FLB
905779,55F6G55F7B55F7B55FDG55FEB55FEB55FKG55FLB55FLB
905781,55F6G55F7B55F7B55FDG55FEB55FEB55FKG55FLB55FLB
692474,55F6G55F7B55F7B55FDG55FEB55FEB55FKG55FLB55FLB
905787,55F6G55F7B55F7B55FDG55FEB55FEB55FKG55FLB55FLB
727413,55F6G55F7B55F7B55FDG55FEB55FEB55FKG55FLB55FLB
956114,55F6G55F7B55F7B55FDG55FEB55FEB55FKG55FLB55FLB
781333,55F6G55F7B55F7B55FDG55FEB55FEB55FKG55FLB55FLB
727415,55F6G55F7B55F7B55FDG55FEB55FEB55FKG55FLB55FLB
949367,55F6G55F7B55F7B55FDG55FEB55FEB55FKG55FLB55FLB
727423,55F6G55F7B55F7B55FDG55FEB55FEB55FKG55FLB55FLB
727432,55F6G55F7B55F7B55FDG55FEB55FEB55FKG55FLB55FLB
727434,55F6G55F7B55F7B55FDG55FEB55FEB55FKG55FLB55FLB
733275,55F6G55F7B55F7B55FDG55FEB55FEB55FKG55FLB55FLB
733281,55F6G55F7B55F7B55FDG55FEB55FEB55FKG55FLB55FLB
733287,55F6G55F7B55F7B55FDG55FEB55FEB55FKG55FLB55FLB
948343,55F6G55F7B55F7B55FDG55FEB55FEB55FKG55FLB55FLB
733295,55F6G55F7B55F7B55FDG55FEB55FEB55FKG55FLB55FLB
813488,55F5G55FCB55FJG55FQB55HUG55HUR55I1B55I8G55I8R
813453,55F5G55FCB55FJG55FQB55HUG55HUR55I1B55I8G55I8R
813467,55F5G55FCB55FJG55FQB55HUG55HUR55I1B55I8G55I8R
813470,55F5G55FCB55FJG55FQB55HUG55HUR55I1B55I8G55I8R
773464,55F5G55FCB55FJG55FQB55HUG55HUR55I1B55I8G55I8R
771366,55F5G55FCB55FJG55FQB55HUG55HUR55I1B55I8G55I8R
813495,55F5G55FCB55FJG55FQB55HUG55HUR55I1B55I8G55I8R
902399,55F5G55FCB55FJG55FQB55HUG55HUR55I1B55I8G55I8R
1049327,55F5G55FCB55FJG55FQB55HUG55HUR55I1B55I8G55I8R
902393,55F5G55FCB55FJG55FQB55HUG55HUR55I1B55I8G55I8R
1125256,55F5G55FCB55FJG55FQB55HUG55HUR55I1B55I8G55I8R
1125255,55F5G55FCB55FJG55FQB55HUG55HUR55I1B55I8G55I8R
1125254,55F5G55FCB55FJG55FQB55HUG55HUR55I1B55I8G55I8R
1045022,55F5G55FCB55FJG55FQB55HUG55HUR55I1B55I8G55I8R
771423,55F5G55FCB55FJG55FQB55HUG55HUR55I1B55I8G55I8R
1045023,55F5G55FCB55FJG55FQB55HUG55HUR55I1B55I8G55I8R
771425,55F5G55FCB55FJG55FQB55HUG55HUR55I1B55I8G55I8R
771412,55F5G55FCB55FJG55FQB55HUG55HUR55I1B55I8G55I8R
771410,55F5G55FCB55FJG55FQB55HUG55HUR55I1B55I8G55I8R
771413,55F5G55FCB55FJG55FQB55HUG55HUR55I1B55I8G55I8R
771418,55F5G55FCB55FJG55FQB55HUG55HUR55I1B55I8G55I8R
770082,55F5G55FCB55FJG55FQB55HUG55HUR55I1B55I8G55I8R
813502,55F5G55FCB55FJG55FQB55HUG55HUR55I1B55I8G55I8R
767572,55F5G55FCB55FJG55FQB55HUG55HUR55I1B55I8G55I8R
767569,55F5G55FCB55FJG55FQB55HUG55HUR55I1B55I8G55I8R
767567,55F5G55FCB55FJG55FQB55HUG55HUR55I1B55I8G55I8R
946007,55F5G55FCB55FJG55FQB55HUG55HUR55I1B55I8G55I8R
770088,55F5G55FCB55FJG55FQB55HUG55HUR55I1B55I8G55I8R
946016,55F5G55FCB55FJG55FQB55HUG55HUR55I1B55I8G55I8R
813462,55F5G55FCB55FJG55FQB55HUG55HUR55I1B55I8G55I8R
908730,55F5G55FCB55FJG55FQB55HUG55HUR55I1B55I8G55I8R
770093,55F5G55FCB55FJG55FQB55HUG55HUR55I1B55I8G55I8R
770092,55F5G55FCB55FJG55FQB55HUG55HUR55I1B55I8G55I8R
770095,55F5G55FCB55FJG55FQB55HUG55HUR55I1B55I8G55I8R
771442,55F5G55FCB55FJG55FQB55HUG55HUR55I1B55I8G55I8R
816610,55F5G55FCB55FJG55FQB55HUG55HUR55I1B55I8G55I8R
767594,55F5G55FCB55FJG55FQB55HUG55HUR55I1B55I8G55I8R
767600,55F5G55FCB55FJG55FQB55HUG55HUR55I1B55I8G55I8R
767589,55F5G55FCB55FJG55FQB55HUG55HUR55I1B55I8G55I8R
1045034,55F5G55FCB55FJG55FQB55HUG55HUR55I1B55I8G55I8R
767581,55F5G55FCB55FJG55FQB55HUG55HUR55I1B55I8G55I8R
768336,55F5G55FCB55FJG55FQB55HUG55HUR55I1B55I8G55I8R
771396,55F5G55FCB55FJG55FQB55HUG55HUR55I1B55I8G55I8R
771399,55F5G55FCB55FJG55FQB55HUG55HUR55I1B55I8G55I8R
771402,55F5G55FCB55FJG55FQB55HUG55HUR55I1B55I8G55I8R
771392,55F5G55FCB55FJG55FQB55HUG55HUR55I1B55I8G55I8R
783039,55F5G55FCB55FJG55FQB55HUG55HUR55I1B55I8G55I8R
1045024,55F5G55FCB55FJG55FQB55HUG55HUR55I1B55I8G55I8R
771439,55F5G55FCB55FJG55FQB55HUG55HUR55I1B55I8G55I8R
771434,55F5G55FCB55FJG55FQB55HUG55HUR55I1B55I8G55I8R
770043,55F5G55FCB55FJG55FQB55HUG55HUR55I1B55I8G55I8R
817003,55F5G55FCB55FJG55FQB55HUG55HUR55I1B55I8G55I8R
817006,55F5G55FCB55FJG55FQB55HUG55HUR55I1B55I8G55I8R
817009,55F5G55FCB55FJG55FQB55HUG55HUR55I1B55I8G55I8R
767509,55F5G55FCB55FJG55FQB55HUG55HUR55I1B55I8G55I8R
908415,55F5G55FCB55FJG55FQB55HUG55HUR55I1B55I8G55I8R
767602,55F5G55FCB55FJG55FQB55HUG55HUR55I1B55I8G55I8R
1049296,55F5G55FCB55FJG55FQB55HUG55HUR55I1B55I8G55I8R
767517,55F5G55FCB55FJG55FQB55HUG55HUR55I1B55I8G55I8R
767521,55F5G55FCB55FJG55FQB55HUG55HUR55I1B55I8G55I8R
950603,55F5G55FCB55FJG55FQB55HUG55HUR55I1B55I8G55I8R
950602,55F5G55FCB55FJG55FQB55HUG55HUR55I1B55I8G55I8R
767516,55F5G55FCB55FJG55FQB55HUG55HUR55I1B55I8G55I8R
900728,55F5G55FCB55FJG55FQB55HUG55HUR55I1B55I8G55I8R
767621,55F5G55FCB55FJG55FQB55HUG55HUR55I1B55I8G55I8R
767609,55F5G55FCB55FJG55FQB55HUG55HUR55I1B55I8G55I8R
1045035,55F5G55FCB55FJG55FQB55HUG55HUR55I1B55I8G55I8R
767611,55F5G55FCB55FJG55FQB55HUG55HUR55I1B55I8G55I8R
783101,55F5G55FCB55FJG55FQB55HUG55HUR55I1B55I8G55I8R
1026073,55F5G55FCB55FJG55FQB55HUG55HUR55I1B55I8G55I8R
771446,55F5G55FCB55FJG55FQB55HUG55HUR55I1B55I8G55I8R
770056,55F8G55FFB55FMG55FTB55HUR55HXG55I4B55I8R55IBG
770054,55F8G55FFB55FMG55FTB55HUR55HXG55I4B55I8R55IBG
946004,55F8G55FFB55FMG55FTB55HXG55I4B55IBG55IIB55KNG
767537,55F8G55FFB55FMG55FTB55HXG55I4B55IBG55IIB55KNG
768829,55F8G55FFB55FMG55FTB55HUR55HXG55I4B55I8R55IBG
1049301,55F8G55FFB55FMG55FTB55HUR55HXG55I4B55I8R55IBG
767534,55F8G55FFB55FMG55FTB55HUR55HXG55I4B55I8R55IBG
767531,55F8G55FFB55FMG55FTB55HUR55HXG55I4B55I8R55IBG
767515,55F8G55FFB55FMG55FTB55HUR55HXG55I4B55I8R55IBG
950605,55F8G55FFB55FMG55FTB55HUR55HXG55I4B55I8R55IBG
1049302,55F8G55FFB55FMG55FTB55HUR55HXG55I4B55I8R55IBG
770050,55F8G55FFB55FMG55FTB55HUR55HXG55I4B55I8R55IBG
770046,55F8G55FFB55FMG55FTB55HUR55HXG55I4B55I8R55IBG
770039,55F8G55FFB55FMG55FTB55HUR55HXG55I4B55I8R55IBG
770035,55F8G55FFB55FMG55FTB55HUR55HXG55I4B55I8R55IBG
770065,55F8G55FFB55FMG55FTB55HUR55HXG55I4B55I8R55IBG
770070,55F8G55FFB55FMG55FTB55HUR55HXG55I4B55I8R55IBG
770059,55F8G55FFB55FMG55FTB55HUR55HXG55I4B55I8R55IBG
770025,55F5G55FCB55FJG55FQB55HUG55HUR55I1B55I8G55I8R
770027,55F8G55FFB55FMG55FTB55HUR55HXG55I4B55I8R55IBG
770014,55F8G55FFB55FMG55FTB55HUR55HXG55I4B55I8R55IBG
812770,55F5G55FCB55FJG55FQB55HUG55HUR55I1B55I8G55I8R
813120,55F5G55FCB55FJG55FQB55HUG55HUR55I1B55I8G55I8R
812787,55F5G55FCB55FJG55FQB55HUG55HUR55I1B55I8G55I8R
1049335,55F5G55FCB55FJG55FQB55HUG55HUR55I1B55I8G55I8R
812775,55FCB55FQB55HUR55I1B55I8R55IFB55IMR55KRB55KYR
812778,55F5G55FCB55FJG55FQB55HUG55HUR55I1B55I8G55I8R
1049334,55F5G55FCB55FJG55FQB55HUG55HUR55I1B55I8G55I8R
1049333,55F5G55FCB55FJG55FQB55HUG55HUR55I1B55I8G55I8R
814333,55F5G55FCB55FJG55FQB55HUG55HUR55I1B55I8G55I8R
770011,55F5G55FCB55FJG55FQB55HUG55HUR55I1B55I8G55I8R
812719,55F5G55FCB55FJG55FQB55HUG55HUR55I1B55I8G55I8R
1049315,55F5G55FCB55FJG55FQB55HUG55HUR55I1B55I8G55I8R
814330,55F5G55FCB55FJG55FQB55HUG55HUR55I1B55I8G55I8R
905330,55F5G55FCB55FJG55FQB55HUG55HUR55I1B55I8G55I8R
812736,55F5G55FCB55FJG55FQB55HUG55HUR55I1B55I8G55I8R
812741,55F5G55FCB55FJG55FQB55HUG55HUR55I1B55I8G55I8R
1021189,55F5G55FCB55FJG55FQB55HUG55HUR55I1B55I8G55I8R
812727,55F5G55FCB55FJG55FQB55HUG55HUR55I1B55I8G55I8R
812731,55F5G55FCB55FJG55FQB55HUG55HUR55I1B55I8G55I8R
905333,55F5G55FCB55FJG55FQB55HUG55I1B55I8G55IFB55IMG
908724,55F5G55FCB55FJG55FQB55HUG55HUR55I1B55I8G55I8R
814998,55F5G55FCB55FJG55FQB55HUG55HUR55I1B55I8G55I8R
815003,55F5G55FCB55FJG55FQB55HUG55HUR55I1B55I8G55I8R
813152,55F5G55FCB55FJG55FQB55HUG55HUR55I1B55I8G55I8R
814988,55F5G55FCB55FJG55FQB55HUG55HUR55I1B55I8G55I8R
905449,55F5G55FCB55FJG55FQB55HUG55HUR55I1B55I8G55I8R
815349,55F5G55FCB55FJG55FQB55HUG55HUR55I1B55I8G55I8R
1012894,55F5G55FCB55FJG55FQB55HUG55HUR55I1B55I8G55I8R
815356,55F5G55FCB55FJG55FQB55HUG55HUR55I1B55I8G55I8R
1049307,55F5G55FCB55FJG55FQB55HUG55HUR55I1B55I8G55I8R
815347,55F5G55FCB55FJG55FQB55HUG55HUR55I1B55I8G55I8R
767624,55F5G55FCB55FJG55FQB55HUG55HUR55I1B55I8G55I8R
815346,55F5G55FCB55FJG55FQB55HUG55HUR55I1B55I8G55I8R
1014640,55F5G55FCB55FJG55FQB55HUG55HUR55I1B55I8G55I8R
816022,55F5G55FCB55FJG55FQB55HUG55HUR55I1B55I8G55I8R
816026,55F5G55FCB55FJG55FQB55HUG55HUR55I1B55I8G55I8R
899835,55F5G55FCB55FJG55FQB55HUG55HUR55I1B55I8G55I8R
813121,55F5G55FCB55FJG55FQB55HUG55HUR55I1B55I8G55I8R
813149,55F5G55FCB55FJG55FQB55HUG55HUR55I1B55I8G55I8R
816038,55F5G55FCB55FJG55FQB55HUG55HUR55I1B55I8G55I8R
1021190,55F5G55FCB55FJG55FQB55HUG55HUR55I1B55I8G55I8R
905448,55F5G55FCB55FJG55FQB55HUG55HUR55I1B55I8G55I8R
905447,55F5G55FCB55FJG55FQB55HUG55HUR55I1B55I8G55I8R
816037,55F5G55FCB55FJG55FQB55HUG55HUR55I1B55I8G55I8R
1014641,55F5G55FCB55FJG55FQB55HUG55HUR55I1B55I8G55I8R
812733,55F5G55FCB55FJG55FQB55HUG55HUR55I1B55I8G55I8R
812763,55F5G55FCB55FJG55FQB55HUG55HUR55I1B55I8G55I8R
1014585,55F5G55FCB55FJG55FQB55HUG55HUR55I1B55I8G55I8R
812768,55F5G55FCB55FJG55FQB55HUG55HUR55I1B55I8G55I8R
1020452,55F5G55FCB55FJG55FQB55HUG55HUR55I1B55I8G55I8R
812753,55F5G55FCB55FJG55FQB55HUG55HUR55I1B55I8G55I8R
812749,55F5G55FCB55FJG55FQB55HUG55HUR55I1B55I8G55I8R
1028523,55F5G55FCB55FJG55FQB55HUG55I1B55I8G55IFB55IMG
767639,55F5G55FCB55FJG55FQB55HUG55HUR55I1B55I8G55I8R
900733,55F5G55FCB55FJG55FQB55HUG55HUR55I1B55I8G55I8R
817924,55F5G55FCB55FJG55FQB55HUG55HUR55I1B55I8G55I8R
817928,55F5G55FCB55FJG55FQB55HUG55HUR55I1B55I8G55I8R
817927,55F5G55FCB55FJG55FQB55HUG55HUR55I1B55I8G55I8R
817917,55F5G55FCB55FJG55FQB55HUG55HUR55I1B55I8G55I8R
817912,55F5G55FCB55FJG55FQB55HUG55I1B55I8G55IFB55IMG
817910,55F5G55FCB55FJG55FQB55HUG55HUR55I1B55I8G55I8R
817949,55F5G55FCB55FJG55FQB55HUG55HUR55I1B55I8G55I8R
812903,55F5G55FCB55FJG55FQB55HUG55HUR55I1B55I8G55I8R
817946,55F5G55FCB55FJG55FQB55HUG55HUR55I1B55I8G55I8R
811380,55F5G55FCB55FJG55FQB55HUG55HUR55I1B55I8G55I8R
1018941,55F5G55FCB55FJG55FQB55HUG55HUR55I1B55I8G55I8R
817941,55F5G55FCB55FJG55FQB55HUG55HUR55I1B55I8G55I8R
817942,55F5G55FCB55FJG55FQB55HUG55HUR55I1B55I8G55I8R
811379,55F5G55FCB55FJG55FQB55HUG55HUR55I1B55I8G55I8R
817950,55F5G55FCB55FJG55FQB55HUG55HUR55I1B55I8G55I8R
1049331,55F5G55FCB55FJG55FQB55HUG55HUR55I1B55I8G55I8R
817916,55F5G55FCB55FJG55FQB55HUG55HUR55I1B55I8G55I8R
817930,55F5G55FCB55FJG55FQB55HUG55HUR55I1B55I8G55I8R
812902,55F5G55FCB55FJG55FQB55HUG55HUR55I1B55I8G55I8R
817925,55F5G55FCB55FJG55FQB55HUG55HUR55I1B55I8G55I8R
814317,55F5G55FCB55FJG55FQB55HUG55HUR55I1B55I8G55I8R
814319,55F5G55FCB55FJG55FQB55HUG55HUR55I1B55I8G55I8R
814324,55F8G55FFB55FMG55FTB55HUR55HXG55I4B55I8R55IBG
814322,55F8G55FFB55FMG55FTB55HUR55HXG55I4B55I8R55IBG
811393,55F8G55FFB55FMG55FTB55HUR55HXG55I4B55I8R55IBG
811383,55F8G55FFB55FMG55FTB55HUR55HXG55I4B55I8R55IBG
811388,55F8G55FFB55FMG55FTB55HUR55HXG55I4B55I8R55IBG
817921,55F8G55FFB55FMG55FTB55HUR55HXG55I4B55I8R55IBG
812560,55F5G55FCB55FJG55FQB55HUG55HUR55I1B55I8G55I8R
783103,55F8G55FFB55FMG55FTB55HUR55HXG55I4B55I8R55IBG
767972,55F8G55FFB55FMG55FTB55HUR55HXG55I4B55I8R55IBG
1018343,55F8G55FFB55FMG55FTB55HUR55HXG55I4B55I8R55IBG
783102,55F8G55FFB55FMG55FTB55HUR55HXG55I4B55I8R55IBG
767632,55F8G55FFB55FMG55FTB55HUR55HXG55I4B55I8R55IBG
817899,55F8G55FFB55FMG55FTB55HUR55HXG55I4B55I8R55IBG
812907,55F8G55FFB55FMG55FTB55HUR55HXG55I4B55I8R55IBG
1049314,55F8G55FFB55FMG55FTB55HUR55HXG55I4B55I8R55IBG
817904,55F8G55FFB55FMG55FTB55HUR55HXG55I4B55I8R55IBG
812905,55F8G55FFB55FMG55FTB55HUR55HXG55I4B55I8R55IBG
769267,55F5G55FCB55FJG55FQB55HUG55HUR55I1B55I8G55I8R
812908,55F5G55FCB55FJG55FQB55HUG55HUR55I1B55I8G55I8R
817902,55F5G55FCB55FJG55FQB55HUG55HUR55I1B55I8G55I8R
817898,55F5G55FCB55FJG55FQB55HUG55I1B55I8G55IFB55IMG
817908,55F5G55FCB55FJG55FQB55HUG55HUR55I1B55I8G55I8R
812909,55F5G55FCB55FJG55FQB55HUG55HUR55I1B55I8G55I8R
769268,55F5G55FCB55FJG55FQB55HUG55HUR55I1B55I8G55I8R
905270,55F5G55FCB55FJG55FQB55HUG55HUR55I1B55I8G55I8R
812563,55F5G55FCB55FJG55FQB55HUG55HUR55I1B55I8G55I8R
905269,55F5G55FCB55FJG55FQB55HUG55HUR55I1B55I8G55I8R
816033,55F5G55FCB55FJG55FQB55HUG55HUR55I1B55I8G55I8R
816029,55F5G55FCB55FJG55FQB55HUG55HUR55I1B55I8G55I8R
986529,55F4G55FBB55FIG55FPB55HTG55I0B55I7G55IEB55ILG
941700,55F4G55FBB55FIG55FPB55HTG55I0B55I7G55IEB55ILG
1096402,55F4G55FBB55FIG55FPB55HTG55I0B55I7G55IEB55ILG
1095801,55FBB55FPB55I0B55IEB55KQB55L4B
802937,55F7B55FEG55FLB55FSG55HWB55HYR55I3G55IAB55ICR
802939,55F7B55FEG55FLB55FSG55HWB55HYR55I3G55IAB55ICR
996765,55F7B55FEG55FLB55FSG55HWB55HYR55I3G55IAB55ICR
802943,55F7B55FEG55FLB55FSG55HWB55HYR55I3G55IAB55ICR
801216,55F7B55FEG55FLB55FSG55HWB55HYR55I3G55IAB55ICR
755127,55F7B55FEG55FLB55FSG55HWB55HYR55I3G55IAB55ICR
755129,55F7B55FEG55FLB55FSG55HWB55HYR55I3G55IAB55ICR
755132,55F7B55FEG55FLB55FSG55HWB55HYR55I3G55IAB55ICR
755134,55F7B55FEG55FLB55FSG55HWB55HYR55I3G55IAB55ICR
784549,55F7B55FEG55FLB55FSG55HWB55HYR55I3G55IAB55ICR
802915,55F7B55FEG55FLB55FSG55HWB55HYR55I3G55IAB55ICR
802960,55F7B55FEG55FLB55FSG55HWB55HYR55I3G55IAB55ICR
802949,55F7B55FEG55FLB55FSG55HWB55HYR55I3G55IAB55ICR
802953,55F7B55FEG55FLB55FSG55HWB55HYR55I3G55IAB55ICR
802946,55F7B55FEG55FLB55FSG55HWB55HYR55I3G55IAB55ICR
802957,55F7B55FEG55FLB55FSG55HWB55I3G55IAB55IHG55KMB
802940,55F7B55FEG55FLB55FSG55HWB55HYR55I3G55IAB55ICR
742800,55F7B55FEG55FLB55FSG55HWB55HYR55I3G55IAB55ICR
755164,55F7B55FEG55FLB55FSG55HWB55HYR55I3G55IAB55ICR
742782,55F7B55FEG55FLB55FSG55HWB55HYR55I3G55IAB55ICR
755140,55F7B55FEG55FLB55FSG55HWB55HYR55I3G55IAB55ICR
755143,55F7B55FEG55FLB55FSG55HWB55HYR55I3G55IAB55ICR
755138,55F7B55FEG55FLB55FSG55HWB55HYR55I3G55IAB55ICR
755150,55F7B55FEG55FLB55FSG55HWB55HYR55I3G55IAB55ICR
755153,55F7B55FEG55FLB55FSG55HWB55HYR55I3G55IAB55ICR
753810,55F7B55FEG55FLB55FSG55HWB55HYR55I3G55IAB55ICR
818518,55F7B55FEG55FLB55FSG55HWB55HYR55I3G55IAB55ICR
753835,55F7B55FEG55FLB55FSG55HWB55HYR55I3G55IAB55ICR
742778,55F7B55FEG55FLB55FSG55HWB55HYR55I3G55IAB55ICR
753813,55F7B55FEG55FLB55FSG55HWB55HYR55I3G55IAB55ICR
753809,55F7B55FEG55FLB55FSG55HWB55HYR55I3G55IAB55ICR
826631,55F7B55FEG55FLB55FSG55HWB55HYR55I3G55IAB55ICR
753819,55F7B55FEG55FLB55FSG55HWB55HYR55I3G55IAB55ICR
1012542,55F7B55FEG55FLB55FSG55HWB55HYR55I3G55IAB55ICR
755156,55F7B55FEG55FLB55FSG55HWB55HYR55I3G55IAB55ICR
755168,55F7B55FEG55FLB55FSG55HWB55HYR55I3G55IAB55ICR
755162,55F7B55FEG55FLB55FSG55HWB55HYR55I3G55IAB55ICR
1014457,55F6B55FDG55FKB55FRG55HVB55I2G55I3R55I9B55IGG
930260,55F6B55FDG55FKB55FRG55HVB55I2G55I3R55I9B55IGG
880711,55F6B55FDG55FKB55FRG55HVB55I2G55I9B55IGG55KLB
824420,55F6B55FDG55FKB55FRG55HVB55I2G55I3R55I9B55IGG
930248,55F6B55FDG55FKB55FRG55HVB55I2G55I9B55IGG55KLB
824421,55F6B55FDG55FKB55FRG55HVB55I2G55I3R55I9B55IGG
930252,55F6B55FDG55FKB55FRG55HVB55I2G55I3R55I9B55IGG
824422,55F6B55FDG55FKB55FRG55HVB55I2G55I3R55I9B55IGG
930249,55F6B55FDG55FKB55FRG55HVB55I2G55I9B55IGG55KLB
881088,55F6B55FDG55FKB55FRG55HVB55I2G55I3R55I9B55IGG
879793,55F6B55FDG55FKB55FRG55HVB55I2G55I3R55I9B55IGG
819450,55F6B55FDG55FKB55FRG55HVB55I2G55I9B55IGG55KLB
881086,55F6B55FDG55FKB55FRG55HVB55I2G55I3R55I9B55IGG
880722,55F6B55FDG55FKB55FRG55HVB55I2G55I3R55I9B55IGG
881084,55F6B55FDG55FKB55FRG55HVB55I2G55I3R55I9B55IGG
881085,55F6B55FDG55FKB55FRG55HVB55I2G55I3R55I9B55IGG
840486,55F6B55FDG55FKB55FRG55HVB55I2G55I3R55I9B55IGG
840487,55F6B55FDG55FKB55FRG55HVB55I2G55I9B55IGG55KLB
704963,55F6B55FDG55FKB55FRG55HVB55I2G55I9B55IGG55KLB
880712,55F6B55FDG55FKB55FRG55HVB55I2G55I9B55IGG55KLB
840832,55F6B55FDG55FKB55FRG55HVB55I2G55I3R55I9B55IGG
842116,55F6B55FDG55FKB55FRG55HVB55I2G55I3R55I9B55IGG
842119,55F6B55FDG55FKB55FRG55HVB55I2G55I3R55I9B55IGG
881103,55F6B55FDG55FKB55FRG55HVB55I2G55I3R55I9B55IGG
1040761,55F6B55FDG55FKB55FRG55HVB55I2G55I3R55I9B55IGG
824418,55F6B55FDG55FKB55FRG55HVB55I2G55I3R55I9B55IGG
881105,55F6B55FDG55FKB55FRG55HVB55I2G55I3R55I9B55IGG
1014460,55F6B55FDG55FKB55FRG55HVB55I2G55I3R55I9B55IGG
881095,55F6B55FDG55FKB55FRG55HVB55I2G55I3R55I9B55IGG
882408,55F6B55FDG55FKB55FRG55HVB55I2G55I3R55I9B55IGG
706223,55F6B55FDG55FKB55FRG55HVB55I2G55I9B55IGG55KLB
881076,55F6B55FDG55FKB55FRG55HVB55I2G55I3R55I9B55IGG
880716,55F6B55FDG55FKB55FRG55HVB55I2G55I9B55IGG55KLB
930265,55F6B55FDG55FKB55FRG55HVB55I2G55I3R55I9B55IGG
880708,55F6B55FDG55FKB55FRG55HVB55I2G55I9B55IGG55KLB
930263,55F6B55FDG55FKB55FRG55HVB55I2G55I3R55I9B55IGG
844754,55F7G55FEB55FLG55FSB55HWG55I3B55IAG55IHB55KMG
997160,55F7G55FEB55FLG55FSB55HWG55I3B55IAG55IHB55KMG
844773,55F7G55FEB55FLG55FSB55HWG55I3B55I5R55IAG55IHB
844770,55F7G55FEB55FLG55FSB55HWG55I3B55I5R55IAG55IHB
844765,55F7G55FEB55FLG55FSB55HWG55I3B55I5R55IAG55IHB
839626,55F7G55FEB55FLG55FSB55HWG55I3B55I5R55IAG55IHB
930125,55F7G55FEB55FLG55FSB55HWG55I3B55I5R55IAG55IHB
820743,55F7G55FEB55FLG55FSB55HWG55I3B55I5R55IAG55IHB
885543,55F7G55FEB55FLG55FSB55HWG55I3B55IAG55IHB55KMG
844763,55F7G55FEB55FLG55FSB55HWG55I3B55IAG55IHB55KMG
844757,55F7G55FEB55FLG55FSB55HWG55I3B55IAG55IHB55KMG
863949,55F7B55FEG55FLB55FSG55HWB55I3G55IAB55IHG55KMB
937988,55F7B55FEG55FLB55FSG55HWB55HYR55I3G55IAB55ICR
863951,55F7B55FEG55FLB55FSG55HWB55I3G55IAB55IHG55KMB
829900,55F7B55FEG55FLB55FSG55HWB55HYR55I3G55IAB55ICR
977632,55F7B55FEG55FLB55FSG55HWB55I3G55IAB55IHG55KMB
977635,55F7B55F7B55FEG55FLB55FLB55FSG55HWB55HWB55I3G
977637,55F7B55FEG55FLB55FSG55HWB55HYR55I3G55IAB55ICR
741583,55F7B55FEG55FLB55FSG55HWB55I3G55IAB55IHG55KMB
753827,55F8B55FFG55FMB55FTG55HXB55HYR55I4G55IBB55ICR
753830,55F8B55FFG55FMB55FTG55HXB55HYR55I4G55IBB55ICR
801744,55F8B55FFG55FMB55FTG55HXB55HYR55I4G55IBB55ICR
753837,55F8B55FFG55FMB55FTG55HXB55HYR55I4G55IBB55ICR
753839,55F8B55FFG55FMB55FTG55HXB55HYR55I4G55IBB55ICR
753841,55F8B55FFG55FMB55FTG55HXB55HYR55I4G55IBB55ICR
753824,55F8B55FFG55FMB55FTG55HXB55HYR55I4G55IBB55ICR
941223,55F8B55FFG55FMB55FTG55HXB55I4G55IBB55IIG55KNB
753832,55F8B55FFG55FMB55FTG55HXB55HYR55I4G55IBB55ICR
1044294,55F8B55F8B55FFG55FMB55FMB55FTG55HXB55HXB55HYR
985160,55F8B55FFG55FMB55FTG55HXB55HYR55I4G55IBB55ICR
753820,55F8B55FFG55FMB55FTG55HXB55HYR55I4G55IBB55ICR
1012530,55F7B55FEG55FLB55FSG55HWB55HYR55I3G55IAB55ICR
753802,55F7B55FEG55FLB55FSG55HWB55HYR55I3G55IAB55ICR
818515,55F7B55FEG55FLB55FSG55HWB55HYR55I3G55IAB55ICR
753807,55F7B55FEG55FLB55FSG55HWB55HYR55I3G55IAB55ICR
818514,55F7B55FEG55FLB55FSG55HWB55HYR55I3G55IAB55ICR
801743,55F7B55FEG55FLB55FSG55HWB55HYR55I3G55IAB55ICR
818513,55F7B55FEG55FLB55FSG55HWB55HYR55I3G55IAB55ICR
824447,55F7B55FEG55FLB55FSG55HWB55HYR55I3G55IAB55ICR
660947,55F7B55FEG55FLB55FSG55HWB55I3G55IAB55IHG55KMB
947686,55F7B55FEG55FLB55FSG55HWB55HYR55I3G55IAB55ICR
660957,55F7B55FEG55FLB55FSG55HWB55HYR55I3G55IAB55ICR
947711,55F7B55FEG55FLB55FSG55HWB55HYR55I3G55IAB55ICR
660963,55F7B55FEG55FLB55FSG55HWB55HYR55I3G55IAB55ICR
801163,55F7B55FEG55FLB55FSG55HWB55HWR55I3G55IAB55IAR
801180,55F7B55FEG55FLB55FSG55HWB55HWR55I3G55IAB55IAR
742789,55F7B55FEG55FLB55FSG55HWB55HYR55I3G55IAB55ICR
801183,55F7B55FEG55FLB55FSG55HWB55HYR55I3G55IAB55ICR
1012609,55F7B55FEG55FLB55FSG55HWB55HWR55I3G55IAB55IAR
801179,55F7B55FEG55FLB55FSG55HWB55HYR55I3G55IAB55ICR
742788,55F7B55FEG55FLB55FSG55HWB55HWR55I3G55IAB55IAR
756415,55F7B55FEG55FLB55FSG55HWB55HYR55I3G55IAB55ICR
819826,55F7B55FEG55FLB55FSG55HWB55HWR55I3G55IAB55IAR
755177,55F7B55FEG55FLB55FSG55HWB55HWR55I3G55IAB55IAR
660948,55F7B55FEG55FLB55FSG55HWB55HYR55I3G55IAB55ICR
947687,55F7B55FEG55FLB55FSG55HWB55HYR55I3G55IAB55ICR
756411,55F7B55FEG55FLB55FSG55HWB55HYR55I3G55IAB55ICR
756407,55F7B55FEG55FLB55FSG55HWB55HWR55I3G55IAB55IAR
819829,55F7B55FEG55FLB55FSG55HWB55HYR55I3G55IAB55ICR
756423,55F7B55FEG55FLB55FSG55HWB55HWR55I3G55IAB55IAR
756422,55F7B55FEG55FLB55FSG55HWB55HYR55I3G55IAB55ICR
756419,55F7B55FEG55FLB55FSG55HWB55HWR55I3G55IAB55IAR
830088,55F7B55FEG55FLB55FSG55HWB55HYR55I3G55IAB55ICR
801173,55F8B55FFG55FMB55FTG55HWR55HXB55I4G55IAR55IBB
1000195,55F7B55FEG55FLB55FSG55HWB55HYR55I3G55IAB55ICR
742815,55F8B55FFG55FMB55FTG55HWR55HXB55I4G55IAR55IBB
755173,55F7B55FEG55FLB55FSG55HWB55HYR55I3G55IAB55ICR
660949,55F7B55FEG55FLB55FSG55HWB55HYR55I3G55IAB55ICR
947688,55F7B55FEG55FLB55FSG55HWB55HYR55I3G55IAB55ICR
824446,55F7B55FEG55FLB55FSG55HWB55HYR55I3G55IAB55ICR
753803,55F8B55FFG55FMB55FTG55HWR55HXB55I4G55IAR55IBB
801745,55F7B55FEG55FLB55FSG55HWB55HYR55I3G55IAB55ICR
826630,55F8B55FFG55FMB55FTG55HWR55HXB55I4G55IAR55IBB
818516,55F7B55FEG55FLB55FSG55HWB55HYR55I3G55IAB55ICR
909346,55F8B55FFG55FMB55FTG55HWR55HXB55I4G55IAR55IBB
753799,55F7B55FEG55FLB55FSG55HWB55HYR55I3G55IAB55ICR
753831,55F8B55FFG55FMB55FTG55HWR55HXB55I4G55IAR55IBB
753829,55F7B55FEG55FLB55FSG55HWB55HYR55I3G55IAB55ICR
753825,55F8B55FFG55FMB55FTG55HWR55HXB55I4G55IAR55IBB
755185,55F7B55FEG55FLB55FSG55HWB55HWR55I3G55IAB55IAR
755189,55F7B55FEG55FLB55FSG55HWB55HWR55I3G55IAB55IAR
660950,55F7B55FEG55FLB55FSG55HWB55HYR55I3G55IAB55ICR
947691,55F7B55FEG55FLB55FSG55HWB55HYR55I3G55IAB55ICR
753822,55F7B55FEG55FLB55FSG55HWB55I3G55IAB55IHG55KMB
894812,55F7B55FEG55FLB55FSG55HWB55HYR55I3G55IAB55ICR
753836,55F8B55FFG55FMB55FTG55HWR55HXB55I4G55IAR55IBB
753840,55F7B55FEG55FLB55FSG55HWB55HWR55I3G55IAB55IAR
753833,55F8B55FFG55FMB55FTG55HWR55HXB55I4G55IAR55IBB
1012531,55F7B55FEG55FLB55FSG55HWB55HWR55I3G55IAB55IAR
742770,55F8B55FFG55FMB55FTG55HWR55HXB55I4G55IAR55IBB
755152,55F7B55FEG55FLB55FSG55HWB55HWR55I3G55IAB55IAR
755149,55F8B55FFG55FMB55FTG55HWR55HXB55I4G55IAR55IBB
755146,55F7B55FEG55FLB55FSG55HWB55HWR55I3G55IAB55IAR
755192,55F7B55FEG55FLB55FSG55HWB55HYR55I3G55IAB55ICR
660951,55F7B55FEG55FLB55FSG55HWB55HYR55I3G55IAB55ICR
947692,55F7B55FEG55FLB55FSG55HWB55HYR55I3G55IAB55ICR
755142,55F7B55FEG55FLB55FSG55HWB55HWR55I3G55IAB55IAR
755160,55F7B55FEG55FLB55FSG55HWB55HWR55I3G55IAB55IAR
755147,55F7B55FEG55FLB55FSG55HWB55HWR55I3G55IAB55IAR
830084,55F7B55FEG55FLB55FSG55HWB55HWR55I3G55IAB55IAR
755161,55F7B55FEG55FLB55FSG55HWB55HWR55I3G55IAB55IAR
742784,55F7B55FEG55FLB55FSG55HWB55HWR55I3G55IAB55IAR
660952,55F7B55FEG55FLB55FSG55HWB55HYR55I3G55IAB55ICR
947694,55F7B55FEG55FLB55FSG55HWB55I3G55IAB55IHG55KMB
755157,55F7B55FEG55FLB55FSG55HWB55HWR55I3G55IAB55IAR
1012543,55F7B55FEG55FLB55FSG55HWB55HWR55I3G55IAB55IAR
753818,55F7B55FEG55FLB55FSG55HWB55HWR55I3G55IAB55IAR
753817,55F7B55FEG55FLB55FSG55HWB55HWR55I3G55IAB55IAR
753814,55F8B55FFG55FMB55FTG55HWR55HXB55I4G55IAR55IBB
755184,55F7B55FEG55FLB55FSG55HWB55HYR55I3G55IAB55ICR
660953,55F7B55FEG55FLB55FSG55HWB55HYR55I3G55IAB55ICR
947696,55F7B55FEG55FLB55FSG55HWB55HYR55I3G55IAB55ICR
753812,55F8B55FFG55FMB55FTG55HWR55HXB55I4G55IAR55IBB
755130,55F8B55FFG55FMB55FTG55HWR55HXB55I4G55IAR55IBB
755135,55F8B55FFG55FMB55FTG55HWR55HXB55I4G55IAR55IBB
742781,55F8B55FFG55FMB55FTG55HWR55HXB55I4G55IAR55IBB
755124,55F8B55FFG55FMB55FTG55HWR55HXB55I4G55IAR55IBB
819827,55F7B55FEG55FLB55FSG55HWB55HWR55I3G55IAB55IAR
660954,55F7B55FEG55FLB55FSG55HWB55HYR55I3G55IAB55ICR
947700,55F7B55FEG55FLB55FSG55HWB55HYR55I3G55IAB55ICR
755128,55F8B55FFG55FMB55FTG55HWR55HXB55I4G55IAR55IBB
755125,55F8B55FFG55FMB55FTG55HWR55HXB55I4G55IAR55IBB
801172,55F7B55FEG55FLB55FSG55HWB55HYR55I3G55IAB55ICR
660956,55F7B55FEG55FLB55FSG55HWB55HYR55I3G55IAB55ICR
947701,55F7B55FEG55FLB55FSG55HWB55HYR55I3G55IAB55ICR
801170,55F7B55FEG55FLB55FSG55HWB55HWR55I3G55IAB55IAR
1098684,55F7B55FEG55FLB55FSG55HWB55I3G55IAB55IHG55KMB
1048225,55F7B55FEG55FLB55FSG55HWB55I3G55IAB55IHG55KMB
742801,55F7B55FEG55FLB55FSG55HWB55I3G55IAB55IHG55KMB
802942,55F7B55FEG55FLB55FSG55HWB55HYR55I3G55IAB55ICR
802941,55F7B55FEG55FLB55FSG55HWB55HYR55I3G55IAB55ICR
930117,55F7G55FEB55FLG55FSB55HWG55I3B55I5R55IAG55IHB
782519,55F7G55FEB55FLG55FSB55HWG55I3B55I5R55IAG55IHB
930135,55F7G55FEB55FLG55FSB55HWG55I3B55I5R55IAG55IHB
930101,55F7G55FEB55FLG55FSB55HWG55I3B55I5R55IAG55IHB
1037430,55F7G55FEB55FLG55FSB55HWG55I3B55I5R55IAG55IHB
930084,55F7G55FEB55FLG55FSB55HWG55I3B55I5R55IAG55IHB
930078,55F7G55FEB55FLG55FSB55HWG55I3B55I5R55IAG55IHB
930106,55F7G55FEB55FLG55FSB55HWG55I3B55I5R55IAG55IHB
1131534,55F4G55FBB55FIG55FPB55HTG55I0B55I7G55IEB55ILG
1131535,55F4G55FBB55FIG55FPB55HTG55I0B55I7G55IEB55ILG
1131536,55F4G55FBB55FIG55FPB55HTG55I0B55I7G55IEB55ILG
1131537,55F4G55FBB55FIG55FPB55HTG55HWR55I0B55I7G55IAR
1131538,55F4G55FBB55FIG55FPB55HTG55I0B55I7G55IEB55ILG
905331,55F7B55FEG55FLB55FSG55HVR55HWB55I3G55I9R55IAB
904140,55F7B55FEG55FLB55FSG55HVR55HWB55I3G55I9R55IAB
811420,55F7B55FEG55FLB55FSG55HVR55HWB55I3G55I9R55IAB
812756,55F7B55FEG55FLB55FSG55HVR55HWB55I3G55I9R55IAB
812779,55F7B55FEG55FLB55FSG55HWB55I3G55IAB55IHG55KMB
812773,55F7B55FEG55FLB55FSG55HVR55HWB55I3G55I9R55IAB
812788,55F7B55FEG55FLB55FSG55HVR55HWB55I3G55I9R55IAB
812782,55F7B55FEG55FLB55FSG55HVR55HWB55I3G55I9R55IAB
812751,55F7B55FEG55FLB55FSG55HVR55HWB55I3G55I9R55IAB
1021194,55F7B55FEG55FLB55FSG55HVR55HWB55I3G55I9R55IAB
1040916,55F7B55FEG55FLB55FSG55HVR55HWB55I3G55I9R55IAB
812766,55F7B55FEG55FLB55FSG55HVR55HWB55I3G55I9R55IAB
812759,55F7B55FEG55FLB55FSG55HVR55HWB55I3G55I9R55IAB
1012875,55F7B55FEG55FLB55FSG55HVR55HWB55I3G55I9R55IAB
770010,55F7B55FEG55FLB55FSG55HVR55HWB55I3G55I9R55IAB
770024,55F7B55FEG55FLB55FSG55HVR55HWB55I3G55I9R55IAB
814990,55F7B55FEG55FLB55FSG55HVR55HWB55I3G55I9R55IAB
767527,55F7B55FEG55FLB55FSG55HVR55HWB55I3G55I9R55IAB
767532,55F7B55FEG55FLB55FSG55HVR55HWB55I3G55I9R55IAB
768834,55F7B55FEG55FLB55FSG55HVR55HWB55I3G55I9R55IAB
768827,55F7B55FEG55FLB55FSG55HVR55HWB55I3G55I9R55IAB
908727,55F7B55FEG55FLB55FSG55HVR55HWB55I3G55I9R55IAB
815001,55F7B55FEG55FLB55FSG55HVR55HWB55I3G55I9R55IAB
1012877,55F7B55FEG55FLB55FSG55HVR55HWB55I3G55I9R55IAB
770072,55F7B55FEG55FLB55FSG55HVR55HWB55I3G55I9R55IAB
770073,55F7B55FEG55FLB55FSG55HVR55HWB55I3G55I9R55IAB
1040904,55F7B55FEG55FLB55FSG55HVR55HWB55I3G55I9R55IAB
815000,55F7B55FEG55FLB55FSG55HVR55HWB55I3G55I9R55IAB
812781,55F7B55FEG55FLB55FSG55HVR55HWB55I3G55I9R55IAB
812722,55F7B55FEG55FLB55FSG55HVR55HWB55I3G55I9R55IAB
812740,55F7B55FEG55FLB55FSG55HVR55HWB55I3G55I9R55IAB
812735,55F7B55FEG55FLB55FSG55HVR55HWB55I3G55I9R55IAB
812720,55F7B55FEG55FLB55FSG55HVR55HWB55I3G55I9R55IAB
767491,55F5G55FCB55FJG55FQB55HUG55I1B55I5R55I8G55IFB
770038,55F5G55FCB55FJG55FQB55HUG55I1B55I5R55I8G55IFB
770032,55F5G55FCB55FJG55FQB55HUG55I1B55I5R55I8G55IFB
770047,55F5G55FCB55FJG55FQB55HUG55I1B55I5R55I8G55IFB
767536,55F5G55FCB55FJG55FQB55HUG55I1B55I5R55I8G55IFB
767496,55F5G55FCB55FJG55FQB55HUG55I1B55I5R55I8G55IFB
767500,55F5G55FCB55FJG55FQB55HUG55I1B55I5R55I8G55IFB
767503,55F5G55FCB55FJG55FQB55HUG55I1B55I5R55I8G55IFB
767485,55F5G55FCB55FJG55FQB55HUG55I1B55I5R55I8G55IFB
767481,55F5G55FCB55FJG55FQB55HUG55I1B55I5R55I8G55IFB
771448,55F4G55FBB55FIG55FPB55HTG55I0B55I5R55I7G55IEB
817541,55F4G55FBB55FIG55FPB55HTG55I0B55I5R55I7G55IEB
767576,55F4G55FBB55FIG55FPB55HTG55I0B55I5R55I7G55IEB
1036436,55F4G55FBB55FIG55FPB55HTG55I0B55I5R55I7G55IEB
771437,55F4G55FBB55FIG55FPB55HTG55I0B55I5R55I7G55IEB
767590,55F4G55FBB55FIG55FPB55HTG55I0B55I5R55I7G55IEB
771441,55F4G55FBB55FIG55FPB55HTG55I0B55I5R55I7G55IEB
767610,55F4G55FBB55FIG55FPB55HTG55I0B55I5R55I7G55IEB
767618,55F4G55FBB55FIG55FPB55HTG55I0B55I5R55I7G55IEB
767580,55F4G55FBB55FIG55FPB55HTG55I0B55I5R55I7G55IEB
767490,55F4G55FBB55FIG55FPB55HTG55I0B55I5R55I7G55IEB
767617,55F4G55FBB55FIG55FPB55HTG55I0B55I5R55I7G55IEB
767586,55F4G55FBB55FIG55FPB55HTG55I0B55I5R55I7G55IEB
767601,55F4G55FBB55FIG55FPB55HTG55I0B55I5R55I7G55IEB
767592,55F4G55FBB55FIG55FPB55HTG55I0B55I5R55I7G55IEB
946014,55F4G55FBB55FIG55FPB55HTG55I0B55I5R55I7G55IEB
770104,55F4G55FBB55FIG55FPB55HTG55I0B55I5R55I7G55IEB
767512,55F4G55FBB55FIG55FPB55HTG55I0B55I5R55I7G55IEB
770105,55F4G55FBB55FIG55FPB55HTG55I0B55I5R55I7G55IEB
770075,55F4G55FBB55FIG55FPB55HTG55I0B55I5R55I7G55IEB
767570,55F4G55FBB55FIG55FPB55HTG55I0B55I5R55I7G55IEB
770083,55F4G55FBB55FIG55FPB55HTG55I0B55I5R55I7G55IEB
771416,55F4G55FBB55FIG55FPB55HTG55I0B55I5R55I7G55IEB
767523,55F4G55FBB55FIG55FPB55HTG55I0B55I5R55I7G55IEB
771421,55F4G55FBB55FIG55FPB55HTG55I0B55I5R55I7G55IEB
771424,55F4G55FBB55FIG55FPB55HTG55I0B55I5R55I7G55IEB
1026072,55F4G55FBB55FIG55FPB55HTG55I0B55I5R55I7G55IEB
771387,55F4G55FBB55FIG55FPB55HTG55I0B55I5R55I7G55IEB
771391,55F4G55FBB55FIG55FPB55HTG55I0B55I5R55I7G55IEB
904100,55F4G55FBB55FBB55FIG55FPB55FPB55HTG55I0B55I0B
771401,55F4G55FBB55FIG55FPB55HTG55I0B55I5R55I7G55IEB
1026071,55F4G55FBB55FIG55FPB55HTG55I0B55I5R55I7G55IEB
768320,55F4G55FBB55FIG55FPB55HTG55I0B55I5R55I7G55IEB
1018928,55F4G55FBB55FIG55FPB55HTG55I0B55I5R55I7G55IEB
771369,55F4G55FBB55FIG55FPB55HTG55I0B55I5R55I7G55IEB
767519,55F4G55FBB55FIG55FPB55HTG55I0B55I5R55I7G55IEB
1040901,55F4G55FBB55FIG55FPB55HTG55I0B55I5R55I7G55IEB
950600,55F4G55FBB55FIG55FPB55HTG55I0B55I5R55I7G55IEB
817005,55F4G55FBB55FIG55FPB55HTG55I0B55I5R55I7G55IEB
770099,55F4G55FBB55FIG55FPB55HTG55I0B55I5R55I7G55IEB
816606,55F5G55FCB55FJG55FQB55HUG55I1B55I5R55I8G55IFB
1129262,55F5G55FCB55FJG55FQB55HUG55I1B55I5R55I8G55IFB
946317,55F5G55FCB55FJG55FQB55HUG55I1B55I5R55I8G55IFB
1129261,55F5G55FCB55FJG55FQB55HUG55I1B55I5R55I8G55IFB
815364,55F5G55FCB55FJG55FQB55HUG55I1B55I5R55I8G55IFB
1129260,55F5G55FCB55FJG55FQB55HUG55I1B55I5R55I8G55IFB
1014357,55F5G55FCB55FJG55FQB55HUG55I1B55I5R55I8G55IFB
1129259,55F5G55FCB55FJG55FQB55HUG55I1B55I5R55I8G55IFB
815386,55F5G55FCB55FJG55FQB55HUG55I1B55I5R55I8G55IFB
1129258,55F5G55FCB55FJG55FQB55HUG55I1B55I5R55I8G55IFB
813482,55F5G55FCB55FJG55FQB55HUG55I1B55I5R55I8G55IFB
817089,55F5G55FCB55FJG55FQB55HUG55I1B55I5R55I8G55IFB
1129257,55F5G55FCB55FJG55FQB55HUG55I1B55I5R55I8G55IFB
817085,55F5G55FCB55FJG55FQB55HUG55I1B55I5R55I8G55IFB
1129256,55F5G55FCB55FJG55FQB55HUG55I1B55I5R55I8G55IFB
899921,55F5G55FCB55FJG55FQB55HUG55I1B55I5R55I8G55IFB
772068,55F5G55FCB55FJG55FQB55HUG55I1B55I5R55I8G55IFB
816733,55F5G55FCB55FJG55FQB55HUG55I1B55I5R55I8G55IFB
813477,55F5G55FCB55FJG55FQB55HUG55I1B55I5R55I8G55IFB
815415,55F5G55FCB55FJG55FQB55HUG55I1B55I5R55I8G55IFB
908715,55F5G55FCB55FJG55FQB55HUG55I1B55I5R55I8G55IFB
816620,55F5G55FCB55FJG55FQB55HUG55I1B55I5R55I8G55IFB
813475,55F5G55FCB55FJG55FQB55HUG55I1B55I5R55I8G55IFB
773468,55F5G55FCB55FJG55FQB55HUG55I1B55I5R55I8G55IFB
771374,55F5G55FCB55FJG55FQB55HUG55I1B55I5R55I8G55IFB
816969,55F5G55FCB55FJG55FQB55HUG55I1B55I5R55I8G55IFB
816723,55F5G55FCB55FJG55FQB55HUG55I1B55I5R55I8G55IFB
811516,55F5G55FCB55FJG55FQB55HUG55I1B55I5R55I8G55IFB
817095,55F5G55FCB55FJG55FQB55HUG55I1B55I5R55I8G55IFB
772063,55F5G55FCB55FJG55FQB55HUG55I1B55I5R55I8G55IFB
773471,55F5G55FCB55FJG55FQB55HUG55I1B55I5R55I8G55IFB
773449,55F5G55FCB55FJG55FQB55HUG55I1B55I5R55I8G55IFB
773417,55F5G55FCB55FJG55FQB55HUG55I1B55I5R55I8G55IFB
811508,55F5G55FCB55FJG55FQB55HUG55I1B55I5R55I8G55IFB
811521,55F5G55FCB55FJG55FQB55HUG55I1B55I5R55I8G55IFB
1129255,55F5G55FCB55FJG55FQB55HUG55I1B55I5R55I8G55IFB
771375,55F5G55FCB55FJG55FQB55HUG55I1B55I5R55I8G55IFB
1129254,55F5G55FCB55FJG55FQB55HUG55I1B55I5R55I8G55IFB
1129253,55F5G55FCB55FJG55FQB55HUG55I1B55I5R55I8G55IFB
1129252,55F5G55FCB55FJG55FQB55HUG55I1B55I5R55I8G55IFB
1129251,55F5G55FCB55FJG55FQB55HUG55I1B55I5R55I8G55IFB
1129250,55F5G55FCB55FJG55FQB55HUG55I1B55I5R55I8G55IFB
816623,55F5G55FCB55FJG55FQB55HUG55I1B55I5R55I8G55IFB
816975,55F5G55FCB55FJG55FQB55HUG55I1B55I5R55I8G55IFB
768326,55F5G55FCB55FJG55FQB55HUG55I1B55I5R55I8G55IFB
730087,55F5G55FCB55FJG55FQB55HUG55I1B55I5R55I8G55IFB
730082,55F5G55FCB55FJG55FQB55HUG55I1B55I5R55I8G55IFB
728304,55F5G55FCB55FJG55FQB55HUG55I1B55I5R55I8G55IFB
728300,55F5G55FCB55FJG55FQB55HUG55I1B55I5R55I8G55IFB
1129263,55F5G55FCB55FJG55FQB55HUG55I1B55I5R55I8G55IFB
1129249,55F5G55FCB55FJG55FQB55HUG55I1B55I5R55I8G55IFB
950529,55F5G55FCB55FJG55FQB55HUG55I1B55I5R55I8G55IFB
1013311,55F5G55FCB55FJG55FQB55HUG55I1B55I5R55I8G55IFB
728643,55F5G55FCB55FJG55FQB55HUG55I1B55I5R55I8G55IFB
731678,55F5G55FCB55FJG55FQB55HUG55I1B55I5R55I8G55IFB
1001062,55F5G55FCB55FJG55FQB55HUG55I1B55I5R55I8G55IFB
731703,55F5G55FCB55FJG55FQB55HUG55I1B55I5R55I8G55IFB
731700,55F5G55FCB55FJG55FQB55HUG55I1B55I5R55I8G55IFB
731693,55F5G55FCB55FJG55FQB55HUG55I1B55I5R55I8G55IFB
728323,55F5G55FCB55FJG55FQB55HUG55I1B55I5R55I8G55IFB
1129240,55F5G55FCB55FJG55FQB55HUG55I1B55I5R55I8G55IFB
1036433,55F4G55FBB55FIG55FPB55HTG55I0B55I5R55I7G55IEB
767805,55F4G55FBB55FIG55FPB55HTG55I0B55I5R55I7G55IEB
767792,55F4G55FBB55FIG55FPB55HTG55I0B55I5R55I7G55IEB
767826,55F4G55FBB55FIG55FPB55HTG55I0B55I5R55I7G55IEB
1040893,55F4G55FBB55FIG55FPB55HTG55I0B55I5R55I7G55IEB
767821,55F4G55FBB55FIG55FPB55HTG55I0B55I5R55I7G55IEB
767822,55F4G55FBB55FIG55FPB55HTG55I0B55I5R55I7G55IEB
767819,55F4G55FBB55FIG55FPB55HTG55I0B55I5R55I7G55IEB
767833,55F4G55FBB55FIG55FPB55HTG55I0B55I5R55I7G55IEB
731645,55F4G55FBB55FIG55FPB55HTG55I0B55I5R55I7G55IEB
731641,55F4G55FBB55FIG55FPB55HTG55I0B55I5R55I7G55IEB
1040880,55F4G55FBB55FIG55FPB55HTG55I0B55I5R55I7G55IEB
773347,55F4G55FBB55FIG55FPB55HTG55I0B55I5R55I7G55IEB
773352,55F4G55FBB55FIG55FPB55HTG55I0B55I5R55I7G55IEB
1001104,55F4G55FBB55FIG55FPB55HTG55I0B55I5R55I7G55IEB
1036426,55F4G55FBB55FIG55FPB55HTG55I0B55I5R55I7G55IEB
772998,55F4G55FBB55FIG55FPB55HTG55I0B55I5R55I7G55IEB
767852,55F4G55FBB55FIG55FPB55HTG55I0B55I5R55I7G55IEB
647231,55F4G55FBB55FIG55FPB55HTG55I0B55I4R55I7G55IEB
692663,55F4G55FBB55FIG55FPB55HTG55I0B55I4R55I7G55IEB
904372,55F4G55FBB55FIG55FPB55HTG55I0B55I4R55I7G55IEB
692299,55F4G55FBB55FIG55FPB55HTG55I0B55I4R55I7G55IEB
828774,55F4G55FBB55FIG55FPB55HTG55I0B55I7G55IEB55ILG
687071,55F4G55FBB55FIG55FPB55HTG55I0B55I4R55I7G55IEB
692684,55F4G55FBB55FIG55FPB55HTG55I0B55I4R55I7G55IEB
687031,55F4G55FBB55FIG55FPB55HTG55I0B55I4R55I7G55IEB
828748,55F4G55FBB55FIG55FPB55HTG55I0B55I4R55I7G55IEB
828745,55F4G55FBB55FIG55FPB55HTG55I0B55I4R55I7G55IEB
904365,55F4G55FBB55FIG55FPB55HTG55I0B55I4R55I7G55IEB
860753,55F4G55FBB55FIG55FPB55HTG55I0B55I4R55I7G55IEB
647249,55F4G55FBB55FIG55FPB55HTG55I0B55I4R55I7G55IEB
687095,55F4G55FBB55FIG55FPB55HTG55I0B55I4R55I7G55IEB
687468,55F4G55FBB55FIG55FPB55HTG55I0B55I4R55I7G55IEB
689550,55F4G55FBB55FIG55FPB55HTG55I0B55I4R55I7G55IEB
745250,55F4G55FBB55FIG55FPB55HTG55I0B55I4R55I7G55IEB
688277,55F4G55FBB55FIG55FPB55HTG55I0B55I4R55I7G55IEB
688307,55F4G55FBB55FIG55FPB55HTG55I0B55I4R55I7G55IEB
730182,55F4G55FBB55FIG55FPB55HTG55I0B55I4R55I7G55IEB
688328,55F4G55FBB55FIG55FPB55HTG55I0B55I4R55I7G55IEB
692291,55F4G55FBB55FIG55FPB55HTG55I0B55I4R55I7G55IEB
730124,55F4G55FBB55FIG55FPB55HTG55I0B55I4R55I7G55IEB
730155,55F4G55FBB55FIG55FPB55HTG55I0B55I4R55I7G55IEB
692175,55F4G55FBB55FIG55FPB55HTG55I0B55I7G55IEB55ILG
692176,55F4G55FBB55FIG55FPB55HTG55I0B55I4R55I7G55IEB
689596,55F4G55FBB55FIG55FPB55HTG55I0B55I4R55I7G55IEB
690800,55F4G55FBB55FIG55FPB55HTG55I0B55I4R55I7G55IEB
687332,55F4G55FBB55FIG55FPB55HTG55I0B55I4R55I7G55IEB
705768,55F4G55FBB55FIG55FPB55HTG55I0B55I4R55I7G55IEB
689439,55F4G55FBB55FIG55FPB55HTG55I0B55I4R55I7G55IEB
688345,55F4G55FBB55FIG55FPB55HTG55I0B55I4R55I7G55IEB
687338,55F4G55FBB55FIG55FPB55HTG55I0B55I4R55I7G55IEB
745241,55F4G55FBB55FIG55FPB55HTG55I0B55I4R55I7G55IEB
903213,55F4G55FBB55FIG55FPB55HTG55I0B55I4R55I7G55IEB
690867,55F4G55FBB55FIG55FPB55HTG55I0B55I4R55I7G55IEB
692173,55F4G55FBB55FIG55FPB55HTG55I0B55I4R55I7G55IEB
690798,55F4G55FBB55FIG55FPB55HTG55I0B55I4R55I7G55IEB
901923,55F4G55FBB55FIG55FPB55HTG55I0B55I4R55I7G55IEB
686955,55F4G55FBB55FIG55FPB55HTG55I0B55I4R55I7G55IEB
941224,55F4G55FBB55FIG55FPB55HTG55I0B55I7G55IEB55ILG
687331,55F4G55FBB55FIG55FPB55HTG55I0B55I4R55I7G55IEB
704836,55F4G55FBB55FIG55FPB55HTG55I0B55I4R55I7G55IEB
941225,55F4G55FBB55FIG55FPB55HTG55I0B55I4R55I7G55IEB
687460,55F4G55FBB55FIG55FPB55HTG55I0B55I4R55I7G55IEB
1000766,55F4G55FBB55FIG55FPB55HTG55I0B55I4R55I7G55IEB
689578,55F4G55FBB55FIG55FPB55HTG55I0B55I4R55I7G55IEB
692162,55F4G55FBB55FIG55FPB55HTG55I0B55I4R55I7G55IEB
688301,55F4G55FBB55FIG55FPB55HTG55I0B55I4R55I7G55IEB
745251,55F4G55FBB55FIG55FPB55HTG55I0B55I4R55I7G55IEB
730144,55F4G55FBB55FIG55FPB55HTG55I0B55I4R55I7G55IEB
730526,55F4G55FBB55FIG55FPB55HTG55I0B55I4R55I7G55IEB
730191,55F4G55FBB55FIG55FPB55HTG55I0B55I4R55I7G55IEB
688312,55F4G55FBB55FIG55FPB55HTG55I0B55I7G55IEB55ILG
904567,55F4G55FBB55FIG55FPB55HTG55I0B55I4R55I7G55IEB
730097,55F4G55FBB55FIG55FPB55HTG55I0B55I4R55I7G55IEB
904564,55F4G55FBB55FIG55FPB55HTG55I0B55I4R55I7G55IEB
687475,55F4G55FBB55FIG55FPB55HTG55I0B55I4R55I7G55IEB
704830,55F4G55FBB55FIG55FPB55HTG55I0B55I4R55I7G55IEB
704829,55F4G55FBB55FIG55FPB55HTG55I0B55I7G55IEB55ILG
647252,55FBB55FPB55I0B55I4R55IEB55IIR55KQB55KUR55L4B
647219,55F4G55FBB55FIG55FPB55HTG55I0B55I4R55I7G55IEB
647229,55F4G55FBB55FIG55FPB55HTG55I0B55I4R55I7G55IEB
692667,55F4G55FBB55FIG55FPB55HTG55I0B55I4R55I7G55IEB
904366,55F4G55FBB55FIG55FPB55HTG55I0B55I4R55I7G55IEB
744882,55F4G55FBB55FIG55FPB55HTG55I0B55I4R55I7G55IEB
687078,55F4G55FBB55FIG55FPB55HTG55I0B55I4R55I7G55IEB
687032,55F4G55FBB55FIG55FPB55HTG55I0B55I4R55I7G55IEB
1019257,55F4G55FBB55FIG55FPB55HTG55I0B55I4R55I7G55IEB
687062,55F4G55FBB55FIG55FPB55HTG55I0B55I7G55IEB55ILG
687067,55F4G55FBB55FIG55FPB55HTG55I0B55I4R55I7G55IEB
692315,55F4G55FBB55FIG55FPB55HTG55I0B55I4R55I7G55IEB
828775,55F4G55FBB55FIG55FPB55HTG55I0B55I4R55I7G55IEB
692647,55F4G55FBB55FIG55FPB55HTG55I0B55I4R55I7G55IEB
692309,55F4G55FBB55FIG55FPB55HTG55I0B55I4R55I7G55IEB
692671,55F4G55FBB55FIG55FPB55HTG55I0B55I4R55I7G55IEB
704826,55F4G55FBB55FIG55FPB55HTG55I0B55I4R55I7G55IEB
647224,55F4G55FBB55FIG55FPB55HTG55I0B55I4R55I7G55IEB
647245,55F4G55FBB55FIG55FPB55HTG55I0B55I4R55I7G55IEB
647218,55F4G55FBB55FIG55FPB55HTG55I0B55I4R55I7G55IEB
744852,55F4G55FBB55FIG55FPB55HTG55I0B55I4R55I7G55IEB
860750,55F4G55FBB55FIG55FPB55HTG55I0B55I4R55I7G55IEB
687446,55F4G55FBB55FIG55FPB55HTG55I0B55I4R55I7G55IEB
860754,55F4G55FBB55FIG55FPB55HTG55I0B55I4R55I7G55IEB
783423,55F4G55FBB55FIG55FPB55HTG55I0B55I7G55IEB55ILG
1007131,55F4G55FBB55FIG55FPB55HTG55I0B55I7G55IEB55ILG
773021,55F4G55FBB55FIG55FPB55HTG55I0B55I5R55I7G55IEB
773044,55F4G55FBB55FIG55FPB55HTG55I0B55I5R55I7G55IEB
773031,55F4G55FBB55FIG55FPB55HTG55I0B55I5R55I7G55IEB
773038,55F4G55FBB55FIG55FPB55HTG55I0B55I5R55I7G55IEB
773033,55F4G55FBB55FIG55FPB55HTG55I0B55I5R55I7G55IEB
772997,55F4G55FBB55FIG55FPB55HTG55I0B55I5R55I7G55IEB
772993,55F4G55FBB55FIG55FPB55HTG55I0B55I5R55I7G55IEB
772983,55F4G55FBB55FIG55FPB55HTG55I0B55I5R55I7G55IEB
772986,55F4G55FBB55FIG55FPB55HTG55I0B55I5R55I7G55IEB
767797,55F4G55FBB55FIG55FPB55HTG55I0B55I5R55I7G55IEB
1007892,55F4G55FBB55FIG55FPB55HTG55I0B55I5R55I7G55IEB
773010,55F4G55FBB55FIG55FPB55HTG55I0B55I5R55I7G55IEB
1040888,55F4G55FBB55FIG55FPB55HTG55I0B55I5R55I7G55IEB
773005,55F4G55FBB55FIG55FPB55HTG55I0B55I5R55I7G55IEB
861044,55F4G55FBB55FIG55FPB55HTG55I0B55I5R55I7G55IEB
1040892,55F4G55FBB55FIG55FPB55HTG55I0B55I5R55I7G55IEB
767810,55F4G55FBB55FIG55FPB55HTG55I0B55I5R55I7G55IEB
726846,55F4G55FBB55FIG55FPB55HTG55I0B55I5R55I7G55IEB
767842,55F4G55FBB55FIG55FPB55HTG55I0B55I5R55I7G55IEB
901224,55F4G55FBB55FIG55FPB55HTG55I0B55I5R55I7G55IEB
909829,55F4G55FBB55FIG55FPB55HTG55I0B55I5R55I7G55IEB
773025,55F4G55FBB55FIG55FPB55HTG55I0B55I5R55I7G55IEB
773030,55F4G55FBB55FIG55FPB55HTG55I0B55I5R55I7G55IEB
767784,55F4G55FBB55FIG55FPB55HTG55I0B55I5R55I7G55IEB
901173,55F4G55FBB55FIG55FPB55HTG55I0B55I5R55I7G55IEB
773407,55F4G55FBB55FIG55FPB55HTG55I0B55I5R55I7G55IEB
773403,55F4G55FBB55FIG55FPB55HTG55I0B55I5R55I7G55IEB
773371,55F4G55FBB55FIG55FPB55HTG55I0B55I5R55I7G55IEB
773374,55F4G55FBB55FIG55FPB55HTG55I0B55I5R55I7G55IEB
773048,55F4G55FBB55FIG55FPB55HTG55I0B55I5R55I7G55IEB
773370,55F4G55FBB55FIG55FPB55HTG55I0B55I5R55I7G55IEB
901164,55F4G55FBB55FIG55FPB55HTG55I0B55I5R55I7G55IEB
1040890,55F4G55FBB55FIG55FPB55HTG55I0B55I5R55I7G55IEB
688963,55F4G55FBB55FIG55FPB55HTG55I0B55I5R55I7G55IEB
773386,55F4G55FBB55FIG55FPB55HTG55I0B55I5R55I7G55IEB
773382,55F4G55FBB55FIG55FPB55HTG55I0B55I7G55IEB55ILG
773380,55F4G55FBB55FIG55FPB55HTG55I0B55I5R55I7G55IEB
688958,55F4G55FBB55FIG55FPB55HTG55I0B55I5R55I7G55IEB
688956,55F4G55FBB55FIG55FPB55HTG55I0B55I5R55I7G55IEB
1036400,55F4G55FBB55FIG55FPB55HTG55I0B55I5R55I7G55IEB
688948,55F4G55FBB55FIG55FPB55HTG55I0B55I5R55I7G55IEB
861042,55F4G55FBB55FIG55FPB55HTG55I0B55I5R55I7G55IEB
688949,55F4G55FBB55FIG55FPB55HTG55I0B55I5R55I7G55IEB
688954,55F4G55FBB55FIG55FPB55HTG55I0B55I5R55I7G55IEB
688967,55F4G55FBB55FIG55FPB55HTG55I0B55I5R55I7G55IEB
825659,55F4G55FBB55FIG55FPB55HTG55I0B55I5R55I7G55IEB
688931,55F4G55FBB55FIG55FPB55HTG55I0B55I7G55IEB55ILG
773001,55F4G55FBB55FIG55FPB55HTG55I0B55I5R55I7G55IEB
901169,55F4G55FBB55FIG55FPB55HTG55I0B55I5R55I7G55IEB
901170,55F4G55FBB55FIG55FPB55HTG55I0B55I7G55IEB55ILG
773393,55F4G55FBB55FIG55FPB55HTG55I0B55I5R55I7G55IEB
773410,55F4G55FBB55FIG55FPB55HTG55I0B55I5R55I7G55IEB
1036402,55F4G55FBB55FIG55FPB55HTG55I0B55I5R55I7G55IEB
997652,55F4G55FBB55FIG55FPB55HTG55I0B55I5R55I7G55IEB
727330,55F4G55FBB55FIG55FPB55HTG55I0B55I5R55I7G55IEB
727333,55F4G55FBB55FIG55FPB55HTG55I0B55I5R55I7G55IEB
727323,55F4G55FBB55FIG55FPB55HTG55I0B55I5R55I7G55IEB
900767,55F4G55FBB55FIG55FPB55HTG55I0B55I5R55I7G55IEB
900765,55F4G55FBB55FIG55FPB55HTG55I0B55I5R55I7G55IEB
900766,55FBB55FPB55I0B55I5R55IEB55IJR55KQB55KVR55L4B
727343,55F4G55FBB55FIG55FPB55HTG55I0B55I5R55I7G55IEB
727334,55F4G55FBB55FIG55FPB55HTG55I0B55I5R55I7G55IEB
692442,55F4G55FBB55FIG55FPB55HTG55I0B55I7G55IEB55ILG
727336,55F4G55FBB55FIG55FPB55HTG55I0B55I5R55I7G55IEB
950244,55F4G55FBB55FIG55FPB55HTG55I0B55I5R55I7G55IEB
727414,55F4G55FBB55FIG55FPB55HTG55I0B55I7G55IEB55ILG
1036420,55F4G55FBB55FIG55FPB55HTG55I0B55I5R55I7G55IEB
996129,55F4G55FBB55FIG55FPB55HTG55I0B55I5R55I7G55IEB
727412,55F4G55FBB55FIG55FPB55HTG55I0B55I5R55I7G55IEB
727429,55F4G55FBB55FIG55FPB55HTG55I0B55I5R55I7G55IEB
950248,55F4G55FBB55FIG55FPB55HTG55I0B55I5R55I7G55IEB
692440,55F4G55FBB55FIG55FPB55HTG55I0B55I5R55I7G55IEB
950247,55F4G55FBB55FIG55FPB55HTG55I0B55I5R55I7G55IEB
727420,55F4G55FBB55FIG55FPB55HTG55I0B55I5R55I7G55IEB
996128,55F4G55FBB55FIG55FPB55HTG55I0B55I5R55I7G55IEB
692472,55F4G55FBB55FIG55FPB55HTG55I0B55I5R55I7G55IEB
692470,55F4G55FBB55FIG55FPB55HTG55I0B55I5R55I7G55IEB
727345,55F4G55FBB55FIG55FPB55HTG55I0B55I5R55I7G55IEB
692467,55F4G55FBB55FIG55FPB55HTG55I0B55I5R55I7G55IEB
692463,55F4G55FBB55FIG55FPB55HTG55I0B55I5R55I7G55IEB
950239,55F4G55FBB55FIG55FPB55HTG55I0B55I5R55I7G55IEB
727405,55F4G55FBB55FIG55FPB55HTG55I0B55I5R55I7G55IEB
1000365,55F4G55FBB55FIG55FPB55HTG55I0B55I5R55I7G55IEB
692482,55F4G55FBB55FIG55FPB55HTG55I0B55I5R55I7G55IEB
692478,55F4G55FBB55FIG55FPB55HTG55I0B55I5R55I7G55IEB
692476,55F4G55FBB55FIG55FPB55HTG55I0B55I5R55I7G55IEB
1005314,55F4G55FBB55FIG55FPB55HTG55I0B55I5R55I7G55IEB
692457,55F4G55FBB55FIG55FPB55HTG55I0B55I5R55I7G55IEB
692458,55F4G55FBB55FIG55FPB55HTG55I0B55I5R55I7G55IEB
692453,55F4G55FBB55FIG55FPB55HTG55I0B55I5R55I7G55IEB
692449,55F4G55FBB55FIG55FPB55HTG55I0B55I5R55I7G55IEB
857530,55F5G55FCB55FJG55FQB55HUG55I1B55I8G55IFB55IMG
857525,55F5G55FCB55FJG55FQB55HUG55I1B55I8G55IFB55IMG
857529,55F5G55FCB55FJG55FQB55HUG55I1B55I8G55IFB55IMG
893709,55F5G55FCB55FJG55FQB55HUG55I1B55I8G55IFB55IMG
852255,55F5G55FCB55FJG55FQB55HUG55I1B55I8G55IFB55IMG
852257,55F5G55FCB55FJG55FQB55HUG55I1B55I8G55IFB55IMG
950958,55F5G55FCB55FJG55FQB55HUG55I1B55I8G55IFB55IMG
662024,55F5G55FCB55FJG55FQB55HUG55I1B55I8G55IFB55IMG
1023713,55F5G55FCB55FJG55FQB55HUG55I1B55I8G55IFB55IMG
1046380,55F5G55FCB55FJG55FQB55HUG55I1B55I8G55IFB55IMG
814525,55F5G55FCB55FJG55FQB55HUG55I1B55I8G55IFB55IMG
857545,55F5G55FCB55FJG55FQB55HUG55I1B55I8G55IFB55IMG
895334,55F5G55FCB55FJG55FQB55HUG55I1B55I8G55IFB55IMG
895028,55F5G55FCB55FJG55FQB55HUG55I1B55I8G55IFB55IMG
895039,55F5G55FCB55FJG55FQB55HUG55I1B55I8G55IFB55IMG
895032,55F5G55FCB55FJG55FQB55HUG55I1B55I8G55IFB55IMG
895034,55F5G55FCB55FJG55FQB55HUG55I1B55I8G55IFB55IMG
813589,55F5G55FCB55FJG55FQB55HUG55I1B55I8G55IFB55IMG
852265,55F5G55FCB55FJG55FQB55HUG55I1B55I8G55IFB55IMG
852006,55F5G55FCB55FJG55FQB55HUG55I1B55I8G55IFB55IMG
729032,55F6G55FDB55FKG55FRB55HVG55HYR55I2B55I9G55ICR
733286,55F6G55FDB55FKG55FRB55HVG55HYR55I2B55I9G55ICR
728718,55F6G55FDB55FKG55FRB55HVG55HYR55I2B55I9G55ICR
1001064,55F6G55FDB55FKG55FRB55HVG55I2B55I9G55IGB55KLG
729030,55F6G55FDB55FKG55FRB55HVG55HYR55I2B55I9G55ICR
1036424,55F6G55FDB55FKG55FRB55HVG55HYR55I2B55I9G55ICR
728721,55F6G55FDB55FKG55FRB55HVG55HYR55I2B55I9G55ICR
728393,55F6G55FDB55FKG55FRB55HVG55HYR55I2B55I9G55ICR
900583,55F6G55FDB55FKG55FRB55HVG55HYR55I2B55I9G55ICR
692124,55F6G55FDB55FKG55FRB55HVG55HYR55I2B55I9G55ICR
732077,55F4G55FBB55FIG55FPB55HTG55I0B55I5R55I7G55IEB
1036406,55F6G55FDB55FKG55FRB55HVG55HYR55I2B55I9G55ICR
686448,55F6G55FDB55FKG55FRB55HVG55HYR55I2B55I9G55ICR
1134508,55F4G55FBB55FIG55FPB55HTG55I0B55I7G55IEB55ILG
1134507,55F4G55FBB55FIG55FPB55HTG55I0B55I7G55IEB55ILG
1134506,55F4G55FBB55FIG55FPB55HTG55I0B55I7G55IEB55ILG
1134505,55F4G55FBB55FIG55FPB55HTG55I0B55I7G55IEB55ILG
692098,55F4G55FBB55FIG55FPB55HTG55I0B55I5R55I7G55IEB
1122694,55F4G55FBB55FIG55FPB55HTG55I0B55I5R55I7G55IEB
1122693,55F4G55FBB55FIG55FPB55HTG55I0B55I5R55I7G55IEB
1122690,55F4G55FBB55FIG55FPB55HTG55I0B55I5R55I7G55IEB
1122689,55F4G55FBB55FIG55FPB55HTG55I0B55I5R55I7G55IEB
1122678,55F4G55FBB55FIG55FPB55HTG55I0B55I7G55IEB55ILG
1122677,55F4G55FBB55FIG55FPB55HTG55I0B55I5R55I7G55IEB
691753,55F4G55FBB55FBB55FIG55FPB55FPB55HTG55I0B55I0B
691751,55F4G55FBB55FIG55FPB55HTG55I0B55I5R55I7G55IEB
901959,55F4G55FBB55FIG55FPB55HTG55I0B55I5R55I7G55IEB
692114,55F4G55FBB55FIG55FPB55HTG55I0B55I5R55I7G55IEB
732083,55F6G55FDB55FKG55FRB55HVG55HYR55I2B55I9G55ICR
692120,55F6G55FDB55FKG55FRB55HVG55HYR55I2B55I9G55ICR
686472,55F6G55FDB55FKG55FRB55HVG55HYR55I2B55I9G55ICR
686467,55F6G55FDB55FKG55FRB55HVG55HYR55I2B55I9G55ICR
686461,55F6G55FDB55FKG55FRB55HVG55HYR55I2B55I9G55ICR
692105,55F4G55FBB55FIG55FPB55HTG55I0B55I5R55I7G55IEB
1036407,55F6G55FDB55FKG55FRB55HVG55I2B55I9G55IGB55KLG
686463,55F6G55FDB55FKG55FRB55HVG55HYR55I2B55I9G55ICR
728396,55F6G55FDB55FKG55FRB55HVG55HYR55I2B55I9G55ICR
996130,55F6G55FDB55FKG55FRB55HVG55HYR55I2B55I9G55ICR
688941,55F6G55FDB55FKG55FRB55HVG55HYR55I2B55I9G55ICR
1134513,55F4G55FBB55FIG55FPB55HTG55I0B55I7G55IEB55ILG
688943,55F6G55FDB55FKG55FRB55HVG55HYR55I2B55I9G55ICR
688935,55F6G55FDB55FKG55FRB55HVG55I2B55I9G55IGB55KLG
1036399,55F6G55FDB55FKG55FRB55HVG55HYR55I2B55I9G55ICR
688936,55F6G55FDB55FKG55FRB55HVG55HYR55I2B55I9G55ICR
733285,55F6G55FDB55FKG55FRB55HVG55HYR55I2B55I9G55ICR
692102,55F4G55FBB55FIG55FPB55HTG55I0B55I7G55IEB55ILG
826149,55F4G55FBB55FIG55FPB55HTG55I0B55I5R55I7G55IEB
1036427,55F4G55FBB55FIG55FPB55HTG55I0B55I7G55IEB55ILG
1134509,55F4G55FBB55FIG55FPB55HTG55I0B55I7G55IEB55ILG
1134510,55F4G55FBB55FIG55FPB55HTG55I0B55I7G55IEB55ILG
1134511,55F4G55FBB55FIG55FPB55HTG55I0B55I7G55IEB55ILG
1134512,55F4G55FBB55FIG55FPB55HTG55I0B55I7G55IEB55ILG
784061,55F4G55FBB55FIG55FPB55HTG55I0B55I5R55I7G55IEB
785781,55F4G55FBB55FIG55FPB55HTG55I0B55I5R55I7G55IEB
733352,55F4G55FBB55FIG55FPB55HTG55I0B55I5R55I7G55IEB
733348,55F4G55FBB55FIG55FPB55HTG55I0B55I7G55IEB55ILG
1023716,55F4G55FBB55FIG55FPB55HTG55I0B55I5R55I7G55IEB
728345,55F4G55FBB55FIG55FPB55HTG55I0B55I5R55I7G55IEB
728343,55F4G55FBB55FIG55FPB55HTG55I0B55I5R55I7G55IEB
728348,55F4G55FBB55FIG55FPB55HTG55I0B55I5R55I7G55IEB
728032,55F4G55FBB55FIG55FPB55HTG55I0B55I5R55I7G55IEB
950250,55F4G55FBB55FIG55FPB55HTG55I0B55I5R55I7G55IEB
733298,55F4G55FBB55FIG55FPB55HTG55I0B55I5R55I7G55IEB
1036430,55F4G55FBB55FIG55FPB55HTG55I0B55I5R55I7G55IEB
733305,55F4G55FBB55FIG55FPB55HTG55I0B55I5R55I7G55IEB
730387,55F4G55FBB55FIG55FPB55HTG55I0B55I5R55I7G55IEB
730391,55F4G55FBB55FIG55FPB55HTG55I0B55I5R55I7G55IEB
733322,55F4G55FBB55FIG55FPB55HTG55I0B55I5R55I7G55IEB
730380,55F4G55FBB55FIG55FPB55HTG55I0B55I5R55I7G55IEB
728029,55F4G55FBB55FIG55FPB55HTG55I0B55I5R55I7G55IEB
733347,55F4G55FBB55FIG55FPB55HTG55I0B55I5R55I7G55IEB
728344,55F4G55FBB55FIG55FPB55HTG55I0B55I7G55IEB55ILG
728022,55F4G55FBB55FIG55FPB55HTG55I0B55I5R55I7G55IEB
728363,55F4G55FBB55FIG55FPB55HTG55I0B55I5R55I7G55IEB
1036431,55F4G55FBB55FIG55FPB55HTG55I0B55I5R55I7G55IEB
1036432,55F4G55FBB55FIG55FPB55HTG55I0B55I5R55I7G55IEB
728360,55F4G55FBB55FIG55FPB55HTG55I0B55I5R55I7G55IEB
733351,55F4G55FBB55FIG55FPB55HTG55I0B55I5R55I7G55IEB
732078,55F4G55FBB55FIG55FPB55HTG55I0B55I5R55I7G55IEB
692116,55F4G55FBB55FIG55FPB55HTG55I0B55I5R55I7G55IEB
901966,55F4G55FBB55FIG55FPB55HTG55I0B55I5R55I7G55IEB
1004649,55F4G55FBB55FIG55FPB55HTG55I0B55I5R55I7G55IEB
692477,55F4G55FBB55FIG55FPB55HTG55I0B55I5R55I7G55IEB
727079,55F4G55FBB55FIG55FPB55HTG55I0B55I5R55I7G55IEB
692466,55F4G55FBB55FIG55FPB55HTG55I0B55I5R55I7G55IEB
727409,55F4G55FBB55FIG55FPB55HTG55I0B55I5R55I7G55IEB
950246,55F4G55FBB55FIG55FPB55HTG55I0B55I5R55I7G55IEB
686478,55F4G55FBB55FIG55FPB55HTG55I0B55I5R55I7G55IEB
727430,55F4G55FBB55FIG55FPB55HTG55I0B55I5R55I7G55IEB
728398,55F4G55FBB55FIG55FPB55HTG55I0B55I5R55I7G55IEB
686456,55F4G55FBB55FIG55FPB55HTG55I0B55I5R55I7G55IEB
686464,55F4G55FBB55FIG55FPB55HTG55I0B55I5R55I7G55IEB
686473,55F4G55FBB55FIG55FPB55HTG55I0B55I5R55I7G55IEB
1005600,55F4G55FBB55FIG55FPB55HTG55I0B55I5R55I7G55IEB
732093,55F4G55FBB55FIG55FPB55HTG55I0B55I5R55I7G55IEB
728375,55F4G55FBB55FIG55FPB55HTG55I0B55I5R55I7G55IEB
732073,55FBB55FPB55I0B55I5R55IEB55IJR55KQB55KVR55L4B
1052454,55F4G55FBB55FIG55FPB55HTG55I0B55I7G55IEB55ILG
1052453,55F4G55FBB55FIG55FPB55HTG55I0B55I5R55I7G55IEB
905775,55F4G55FBB55FIG55FPB55HTG55I0B55I5R55I7G55IEB
728720,55F4G55FBB55FIG55FPB55HTG55I0B55I5R55I7G55IEB
729028,55F4G55FBB55FIG55FPB55HTG55I0B55I5R55I7G55IEB
1023705,55F4G55FBB55FIG55FPB55HTG55I0B55I5R55I7G55IEB
728716,55F4G55FBB55FIG55FPB55HTG55I0B55I5R55I7G55IEB
733289,55F4G55FBB55FIG55FPB55HTG55I0B55I5R55I7G55IEB
733292,55F4G55FBB55FIG55FPB55HTG55I0B55I5R55I7G55IEB
733278,55F4G55FBB55FIG55FPB55HTG55I0B55I5R55I7G55IEB
1036428,55F4G55FBB55FIG55FPB55HTG55I0B55I5R55I7G55IEB
688925,55F4G55FBB55FIG55FPB55HTG55I0B55I5R55I7G55IEB
727411,55F4G55FBB55FIG55FPB55HTG55I0B55I5R55I7G55IEB
688940,55F4G55FBB55FIG55FPB55HTG55I0B55I5R55I7G55IEB
688942,55F4G55FBB55FIG55FPB55HTG55I0B55I5R55I7G55IEB
688928,55F4G55FBB55FIG55FPB55HTG55I0B55I5R55I7G55IEB
727416,55F4G55FBB55FIG55FPB55HTG55I0B55I5R55I7G55IEB
900764,55F4G55FBB55FIG55FPB55HTG55I0B55I5R55I7G55IEB
727342,55F4G55FBB55FIG55FPB55HTG55I0B55I5R55I7G55IEB
1019549,55F4G55FBB55FIG55FPB55HTG55I0B55I5R55I7G55IEB
727332,55F4G55FBB55FIG55FPB55HTG55I0B55I5R55I7G55IEB
905778,55F4G55FBB55FIG55FPB55HTG55I0B55I5R55I7G55IEB
1000363,55F4G55FBB55FIG55FPB55HTG55I0B55I5R55I7G55IEB
692438,55F4G55FBB55FIG55FPB55HTG55I0B55I5R55I7G55IEB
773409,55F4G55FBB55FIG55FPB55HTG55I0B55I5R55I7G55IEB
901167,55F4G55FBB55FIG55FPB55HTG55I0B55I5R55I7G55IEB
773397,55F4G55FBB55FIG55FPB55HTG55I0B55I5R55I7G55IEB
773002,55F4G55FBB55FBB55FIG55FPB55FPB55HTG55I0B55I0B
773007,55F4G55FBB55FIG55FPB55HTG55I0B55I5R55I7G55IEB
772992,55F4G55FBB55FIG55FPB55HTG55I0B55I5R55I7G55IEB
773019,55F4G55FBB55FIG55FPB55HTG55I0B55I7G55IEB55ILG
773041,55F4G55FBB55FIG55FPB55HTG55I0B55I5R55I7G55IEB
1040889,55F4G55FBB55FIG55FPB55HTG55I0B55I5R55I7G55IEB
773027,55F4G55FBB55FIG55FPB55HTG55I0B55I5R55I7G55IEB
688933,55F4G55FBB55FIG55FPB55HTG55I0B55I5R55I7G55IEB
767845,55F4G55FBB55FIG55FPB55HTG55I0B55I5R55I7G55IEB
767803,55F4G55FBB55FIG55FPB55HTG55I0B55I5R55I7G55IEB
767834,55F4G55FBB55FIG55FPB55HTG55I0B55I5R55I7G55IEB
688965,55F4G55FBB55FIG55FPB55HTG55I0B55I5R55I7G55IEB
688952,55F4G55FBB55FIG55FPB55HTG55I0B55I5R55I7G55IEB
688955,55F4G55FBB55FIG55FPB55HTG55I0B55I5R55I7G55IEB
773379,55F4G55FBB55FIG55FPB55HTG55I0B55I5R55I7G55IEB
901165,55F4G55FBB55FIG55FPB55HTG55I0B55I5R55I7G55IEB
773384,55F4G55FBB55FIG55FPB55HTG55I0B55I5R55I7G55IEB
901161,55F4G55FBB55FIG55FPB55HTG55I0B55I5R55I7G55IEB
773404,55F4G55FBB55FIG55FPB55HTG55I0B55I5R55I7G55IEB
