685524,4Q5RB4Q7VG4Q82B4Q89G4Q8GB4QALG4QASB4QAZG4QB6B
685534,4Q5RB4Q7VG4Q82B4Q89G4Q8GB4QALG4QASB4QAZG4QB6B
1014519,4Q5RB4Q7VG4Q82B4Q89G4Q8GB4QALG4QASB4QAZG4QB6B
723553,4Q5NR4Q5RB4Q7VG4Q7YR4Q82B4Q89G4Q8CR4Q8GB4QALG
990612,4Q5RB4Q7VG4Q82B4Q89G4Q8GB4QALG4QASB4QAZG4QB6B
1043157,4Q5RB4Q7VG4Q82B4Q89G4Q8GB4QALG4QASB4QAZG4QB6B
990611,4Q5RB4Q7VG4Q82B4Q89G4Q8GB4QALG4QASB4QAZG4QB6B
822096,4Q5RB4Q7VG4Q82B4Q89G4Q8GB4QALG4QASB4QAZG4QB6B
982777,4Q5RB4Q7VG4Q82B4Q89G4Q8GB4QALG4QASB4QAZG4QB6B
1031174,4Q5RB4Q7VG4Q82B4Q89G4Q8GB4QALG4QASB4QAZG4QB6B
680308,4Q5RB4Q7VG4Q82B4Q89G4Q8GB4QALG4QASB4QAZG4QB6B
982778,4Q5RB4Q7VG4Q82B4Q89G4Q8GB4QALG4QASB4QAZG4QB6B
822097,4Q5RB4Q7VG4Q82B4Q89G4Q8GB4QALG4QASB4QAZG4QB6B
680309,4Q5RB4Q7VG4Q82B4Q89G4Q8GB4QALG4QASB4QAZG4QB6B
982780,4Q5RB4Q7VG4Q82B4Q89G4Q8GB4QALG4QASB4QAZG4QB6B
982782,4Q5RB4Q7VG4Q82B4Q89G4Q8GB4QALG4QASB4QAZG4QB6B
624060,4Q5NR4Q5RB4Q7VG4Q7YR4Q82B4Q89G4Q8CR4Q8GB4QALG
685525,4Q5RB4Q7VG4Q82B4Q89G4Q8GB4QALG4QASB4QAZG4QB6B
1031175,4Q5RB4Q7VG4Q82B4Q89G4Q8GB4QALG4QASB4QAZG4QB6B
680311,4Q5RB4Q7VG4Q82B4Q89G4Q8GB4QALG4QASB4QAZG4QB6B
722195,4Q5NR4Q5RB4Q7VG4Q7YR4Q82B4Q89G4Q8CR4Q8GB4QALG
680312,4Q5RB4Q7VG4Q82B4Q89G4Q8GB4QALG4QASB4QAZG4QB6B
680314,4Q5RB4Q7VG4Q82B4Q89G4Q8GB4QALG4QASB4QAZG4QB6B
722197,4Q5RB4Q7VG4Q82B4Q89G4Q8GB4QALG4QASB4QAZG4QB6B
680315,4Q5RB4Q7VG4Q82B4Q89G4Q8GB4QALG4QASB4QAZG4QB6B
864135,4Q5NR4Q5RB4Q7VG4Q7YR4Q82B4Q89G4Q8CR4Q8GB4QALG
680316,4Q5RB4Q7VG4Q82B4Q89G4Q8GB4QALG4QASB4QAZG4QB6B
722198,4Q5NR4Q5RB4Q7VG4Q7YR4Q82B4Q89G4Q8CR4Q8GB4QALG
990608,4Q5RB4Q7VG4Q82B4Q89G4Q8GB4QALG4QASB4QAZG4QB6B
722193,4Q5NR4Q5RB4Q7VG4Q7YR4Q82B4Q89G4Q8CR4Q8GB4QALG
680317,4Q5RB4Q7VG4Q82B4Q89G4Q8GB4QALG4QASB4QAZG4QB6B
864136,4Q5NR4Q5RB4Q7VG4Q7YR4Q82B4Q89G4Q8CR4Q8GB4QALG
680319,4Q5RB4Q7VG4Q82B4Q89G4Q8GB4QALG4QASB4QAZG4QB6B
722201,4Q5NR4Q5RB4Q7VG4Q7YR4Q82B4Q89G4Q8CR4Q8GB4QALG
990610,4Q5RB4Q7VG4Q82B4Q89G4Q8GB4QALG4QASB4QAZG4QB6B
722202,4Q5NR4Q5RB4Q7VG4Q7YR4Q82B4Q89G4Q8CR4Q8GB4QALG
685527,4Q5RB4Q7VG4Q82B4Q89G4Q8GB4QALG4QASB4QAZG4QB6B
990609,4Q5RB4Q7VG4Q82B4Q89G4Q8GB4QALG4QASB4QAZG4QB6B
864137,4Q5RB4Q7VG4Q82B4Q89G4Q8GB4QALG4QASB4QAZG4QB6B
722184,4Q5NR4Q5RB4Q7VG4Q7YR4Q82B4Q89G4Q8CR4Q8GB4QALG
723549,4Q5NR4Q5RB4Q7VG4Q7YR4Q82B4Q89G4Q8CR4Q8GB4QALG
685528,4Q5RB4Q7VG4Q82B4Q89G4Q8GB4QALG4QASB4QAZG4QB6B
990607,4Q5RB4Q7VG4Q82B4Q89G4Q8GB4QALG4QASB4QAZG4QB6B
1022967,4Q5NR4Q5RB4Q7VG4Q7YR4Q82B4Q89G4Q8CR4Q8GB4QALG
685529,4Q5RB4Q7VG4Q82B4Q89G4Q8GB4QALG4QASB4QAZG4QB6B
701456,4Q5RB4Q7VG4Q82B4Q89G4Q8GB4QALG4QASB4QAZG4QB6B
723551,4Q5NR4Q5RB4Q7VG4Q7YR4Q82B4Q89G4Q8CR4Q8GB4QALG
685531,4Q5RB4Q7VG4Q82B4Q89G4Q8GB4QALG4QASB4QAZG4QB6B
685533,4Q5RB4Q7VG4Q82B4Q89G4Q8GB4QALG4QASB4QAZG4QB6B
989230,4Q5NR4Q5RB4Q7VG4Q7YR4Q82B4Q89G4Q8CR4Q8GB4QALG
1030518,4Q5NG4Q5UB4Q7YG4Q85B4Q8CG4Q8JB4QAOG4QAVB4QB2G
723559,4Q5NG4Q5UB4Q7YG4Q85B4Q8CG4Q8JB4QAOG4QAVB4QB2G
821762,4Q5NG4Q5UB4Q7YG4Q85B4Q8CG4Q8JB4QAOG4QAVB4QB2G
822095,4Q5NG4Q5UB4Q7YG4Q85B4Q8CG4Q8JB4QAOG4QAVB4QB2G
680299,4Q5NG4Q5UB4Q7YG4Q85B4Q8CG4Q8JB4QAOG4QAVB4QB2G
821764,4Q5NG4Q5UB4Q7YG4Q85B4Q8CG4Q8JB4QAOG4QAVB4QB2G
680303,4Q5NG4Q5UB4Q7YG4Q85B4Q8CG4Q8JB4QAOG4QAVB4QB2G
680296,4Q5NG4Q5UB4Q7YG4Q85B4Q8CG4Q8JB4QAOG4QAVB4QB2G
723542,4Q5NG4Q5UB4Q7YG4Q85B4Q8CG4Q8JB4QAOG4QAVB4QB2G
723545,4Q5NG4Q5UB4Q7YG4Q85B4Q8CG4Q8JB4QAOG4QAVB4QB2G
723662,4Q5NG4Q5UB4Q7YG4Q85B4Q8CG4Q8JB4QAOG4QAVB4QB2G
723664,4Q5NG4Q5UB4Q7YG4Q85B4Q8CG4Q8JB4QAOG4QAVB4QB2G
723666,4Q5NG4Q5UB4Q7YG4Q85B4Q8CG4Q8JB4QAOG4QAVB4QB2G
861686,4Q5NG4Q5UB4Q7YG4Q85B4Q8CG4Q8JB4QAOG4QAVB4QB2G
902639,4Q5NR4Q5OB4Q5VG4Q7YR4Q7ZB4Q86G4Q8CR4Q8DB4Q8KG
647836,4Q5NR4Q5OB4Q5VG4Q7YR4Q7ZB4Q86G4Q8CR4Q8DB4Q8KG
977854,4Q5NR4Q5OB4Q5VG4Q7YR4Q7ZB4Q86G4Q8CR4Q8DB4Q8KG
983386,4Q5NR4Q5OB4Q5VG4Q7YR4Q7ZB4Q86G4Q8CR4Q8DB4Q8KG
647831,4Q5OB4Q5VG4Q7ZB4Q86G4Q8DB4Q8KG4QAPB4QAWG4QB3B
977869,4Q5NR4Q5OB4Q5VG4Q7YR4Q7ZB4Q86G4Q8CR4Q8DB4Q8KG
978220,4Q5OB4Q5VG4Q7ZB4Q86G4Q8DB4Q8KG4QAPB4QAWG4QB3B
977863,4Q5NR4Q5OB4Q5VG4Q7YR4Q7ZB4Q86G4Q8CR4Q8DB4Q8KG
978212,4Q5OB4Q5VG4Q7ZB4Q86G4Q8DB4Q8KG4QAPB4QAWG4QB3B
1049142,4Q5NR4Q5OB4Q5VG4Q7YR4Q7ZB4Q86G4Q8CR4Q8DB4Q8KG
648764,4Q5NR4Q5OB4Q5VG4Q7YR4Q7ZB4Q86G4Q8CR4Q8DB4Q8KG
662618,4Q5OB4Q5VG4Q7ZB4Q86G4Q8DB4Q8KG4QAPB4QAWG4QB3B
1034563,4Q5NR4Q5OB4Q5VG4Q7YR4Q7ZB4Q86G4Q8CR4Q8DB4Q8KG
978232,4Q5OB4Q5VG4Q7ZB4Q86G4Q8DB4Q8KG4QAPB4QAWG4QB3B
648751,4Q5NR4Q5OB4Q5VG4Q7YR4Q7ZB4Q86G4Q8CR4Q8DB4Q8KG
977874,4Q5OB4Q5VG4Q7ZB4Q86G4Q8DB4Q8KG4QAPB4QAWG4QB3B
648759,4Q5NR4Q5OB4Q5VG4Q7YR4Q7ZB4Q86G4Q8CR4Q8DB4Q8KG
648760,4Q5NR4Q5OB4Q5VG4Q7YR4Q7ZB4Q86G4Q8CR4Q8DB4Q8KG
983469,4Q5NR4Q5OB4Q5VG4Q7YR4Q7ZB4Q86G4Q8CR4Q8DB4Q8KG
665558,4Q5NR4Q5OB4Q5VG4Q7YR4Q7ZB4Q86G4Q8CR4Q8DB4Q8KG
648748,4Q5NR4Q5OB4Q5VG4Q7YR4Q7ZB4Q86G4Q8CR4Q8DB4Q8KG
983471,4Q5NR4Q5OB4Q5VG4Q7YR4Q7ZB4Q86G4Q8CR4Q8DB4Q8KG
647850,4Q5NR4Q5OB4Q5VG4Q7YR4Q7ZB4Q86G4Q8CR4Q8DB4Q8KG
647844,4Q5NR4Q5OB4Q5VG4Q7YR4Q7ZB4Q86G4Q8CR4Q8DB4Q8KG
983382,4Q5NR4Q5OB4Q5VG4Q7YR4Q7ZB4Q86G4Q8CR4Q8DB4Q8KG
903944,4Q5NR4Q5OB4Q5VG4Q7YR4Q7ZB4Q86G4Q8CR4Q8DB4Q8KG
903946,4Q5NR4Q5OB4Q5VG4Q7YR4Q7ZB4Q86G4Q8CR4Q8DB4Q8KG
647823,4Q5NR4Q5OB4Q5VG4Q7YR4Q7ZB4Q86G4Q8CR4Q8DB4Q8KG
1057034,4Q7VR4Q89R4QALR4QAZR4QBDR4QDOR
1056191,4Q7VR4Q89R4QALR4QAZR4QBDR4QDOR
1057035,4Q7VR4Q89R4QALR4QAZR4QBDR4QDOR
1056190,4Q7VR4Q89R4QALR4QAZR4QBDR4QDOR
1056189,4Q7VR4Q89R4QALR4QAZR4QBDR4QDOR
1056188,4Q7VR4Q89R4QALR4QAZR4QBDR4QDOR
1056196,4Q7VR4Q89R4QALR4QAZR4QBDR4QDOR
1057030,4Q7VR4Q89R4QALR4QAZR4QBDR4QDOR
1056195,4Q7VR4Q89R4QALR4QAZR4QBDR4QDOR
1057031,4Q7VR4Q89R4QALR4QAZR4QBDR4QDOR
1056194,4Q7VR4Q89R4QALR4QAZR4QBDR4QDOR
1057032,4Q7VR4Q89R4QALR4QAZR4QBDR4QDOR
1056193,4Q7VR4Q89R4QALR4QAZR4QBDR4QDOR
1057033,4Q7VR4Q89R4QALR4QAZR4QBDR4QDOR
1056192,4Q7VR4Q89R4QALR4QAZR4QBDR4QDOR
722479,4Q5RB4Q7VG4Q82B4Q89G4Q8GB4QALG4QASB4QAZG4QB6B
722477,4Q5RB4Q7UR4Q7VG4Q82B4Q88R4Q89G4Q8GB4Q8MR4QALG
722475,4Q5RB4Q7UR4Q7VG4Q82B4Q88R4Q89G4Q8GB4Q8MR4QALG
722473,4Q5RB4Q7UR4Q7VG4Q82B4Q88R4Q89G4Q8GB4Q8MR4QALG
722471,4Q5RB4Q7UR4Q7VG4Q82B4Q88R4Q89G4Q8GB4Q8MR4QALG
797306,4Q5RB4Q7UR4Q7VG4Q82B4Q88R4Q89G4Q8GB4Q8MR4QALG
739186,4Q5RB4Q7UR4Q7VG4Q82B4Q88R4Q89G4Q8GB4Q8MR4QALG
720277,4Q5RB4Q7UR4Q7VG4Q82B4Q88R4Q89G4Q8GB4Q8MR4QALG
878964,4Q5RB4Q7VG4Q82B4Q89G4Q8GB4QALG4QASB4QAZG4QB6B
878962,4Q5RB4Q7VG4Q82B4Q89G4Q8GB4QALG4QASB4QAZG4QB6B
878961,4Q5RB4Q7VG4Q82B4Q89G4Q8GB4QALG4QASB4QAZG4QB6B
878959,4Q5RB4Q7VG4Q82B4Q89G4Q8GB4QALG4QASB4QAZG4QB6B
1043487,4Q5RB4Q7VG4Q82B4Q89G4Q8GB4QALG4QASB4QAZG4QB6B
1030589,4Q5RB4Q7UR4Q7VG4Q82B4Q88R4Q89G4Q8GB4Q8MR4QALG
786360,4Q5RB4Q7VG4Q82B4Q89G4Q8GB4QALG4QASB4QAZG4QB6B
873411,4Q5RB4Q7VG4Q82B4Q89G4Q8GB4QALG4QASB4QAZG4QB6B
873410,4Q5RB4Q7VG4Q82B4Q89G4Q8GB4QALG4QASB4QAZG4QB6B
773975,4Q5RB4Q7VG4Q82B4Q89G4Q8GB4QALG4QASB4QAZG4QB6B
1024148,4Q5RB4Q7VG4Q82B4Q89G4Q8GB4QALG4QASB4QAZG4QB6B
720284,4Q5RB4Q7UR4Q7VG4Q82B4Q88R4Q89G4Q8GB4Q8MR4QALG
873408,4Q5RB4Q7VG4Q82B4Q89G4Q8GB4QALG4QASB4QAZG4QB6B
873406,4Q5RB4Q7VG4Q82B4Q89G4Q8GB4QALG4QASB4QAZG4QB6B
846998,4Q5RB4Q7UR4Q7VG4Q82B4Q88R4Q89G4Q8GB4Q8MR4QALG
763100,4Q5RB4Q7UR4Q7VG4Q82B4Q88R4Q89G4Q8GB4Q8MR4QALG
878973,4Q5RB4Q7UR4Q7VG4Q82B4Q88R4Q89G4Q8GB4Q8MR4QALG
720272,4Q5RB4Q7UR4Q7VG4Q82B4Q88R4Q89G4Q8GB4Q8MR4QALG
862016,4Q5RB4Q7UR4Q7VG4Q82B4Q88R4Q89G4Q8GB4Q8MR4QALG
847000,4Q5RB4Q7VG4Q82B4Q89G4Q8GB4QALG4QASB4QAZG4QB6B
790302,4Q5RB4Q7UR4Q7VG4Q82B4Q88R4Q89G4Q8GB4Q8MR4QALG
806920,4Q5RB4Q7UR4Q7VG4Q82B4Q88R4Q89G4Q8GB4Q8MR4QALG
848668,4Q5RB4Q7UR4Q7VG4Q82B4Q88R4Q89G4Q8GB4Q8MR4QALG
864240,4Q5RB4Q7UR4Q7VG4Q82B4Q88R4Q89G4Q8GB4Q8MR4QALG
848667,4Q5RB4Q7UR4Q7VG4Q82B4Q88R4Q89G4Q8GB4Q8MR4QALG
1032033,4Q5RB4Q7UR4Q7VG4Q82B4Q88R4Q89G4Q8GB4Q8MR4QALG
848664,4Q5RB4Q7UR4Q7VG4Q82B4Q88R4Q89G4Q8GB4Q8MR4QALG
865258,4Q5RB4Q7UR4Q7VG4Q82B4Q88R4Q89G4Q8GB4Q8MR4QALG
851730,4Q5RB4Q7UR4Q7VG4Q82B4Q88R4Q89G4Q8GB4Q8MR4QALG
720270,4Q5RB4Q7UR4Q7VG4Q82B4Q88R4Q89G4Q8GB4Q8MR4QALG
851729,4Q5RB4Q7UR4Q7VG4Q82B4Q88R4Q89G4Q8GB4Q8MR4QALG
851727,4Q5RB4Q7UR4Q7VG4Q82B4Q88R4Q89G4Q8GB4Q8MR4QALG
851725,4Q5RB4Q7VG4Q82B4Q89G4Q8GB4QALG4QASB4QAZG4QB6B
851724,4Q5RB4Q7UR4Q7VG4Q82B4Q88R4Q89G4Q8GB4Q8MR4QALG
878966,4Q5RB4Q7UR4Q7VG4Q82B4Q88R4Q89G4Q8GB4Q8MR4QALG
720268,4Q5RB4Q7UR4Q7VG4Q82B4Q88R4Q89G4Q8GB4Q8MR4QALG
848677,4Q5RB4Q7UR4Q7VG4Q82B4Q88R4Q89G4Q8GB4Q8MR4QALG
851721,4Q5RB4Q7UR4Q7VG4Q82B4Q88R4Q89G4Q8GB4Q8MR4QALG
1035033,4Q5RB4Q7UR4Q7VG4Q82B4Q88R4Q89G4Q8GB4Q8MR4QALG
726127,4Q7UR4Q7VG4Q88R4Q89G4Q8MR4QALG4QAYR4QAZG4QBCR
722482,4Q5RB4Q7UR4Q7VG4Q82B4Q88R4Q89G4Q8GB4Q8MR4QALG
1055643,4Q5RB4Q7VG4Q82B4Q89G4Q8GB4QALG4QASB4QAZG4QB6B
1055101,4Q5RB4Q7VG4Q82B4Q89G4Q8GB4QALG4QASB4QAZG4QB6B
966134,4Q5NG4Q5UB4Q5UR4Q7YG4Q85B4Q85R4Q8CG4Q8JB4Q8JR
635844,4Q5NG4Q5UB4Q5UR4Q7YG4Q85B4Q85R4Q8CG4Q8JB4Q8JR
635839,4Q5NG4Q5UB4Q5UR4Q7YG4Q85B4Q85R4Q8CG4Q8JB4Q8JR
635842,4Q5NG4Q5UB4Q5UR4Q7YG4Q85B4Q85R4Q8CG4Q8JB4Q8JR
966137,4Q5NG4Q5UB4Q5UR4Q7YG4Q85B4Q85R4Q8CG4Q8JB4Q8JR
635840,4Q5NG4Q5UB4Q5UR4Q7YG4Q85B4Q85R4Q8CG4Q8JB4Q8JR
693939,4Q5LR4Q5QB4Q7UG4Q7WR4Q81B4Q88G4Q8AR4Q8FB4Q8MG
693935,4Q5LR4Q5QB4Q7UG4Q7WR4Q81B4Q88G4Q8AR4Q8FB4Q8MG
693944,4Q5LR4Q5QB4Q7UG4Q7WR4Q81B4Q88G4Q8AR4Q8FB4Q8MG
693938,4Q5LR4Q5QB4Q7UG4Q7WR4Q81B4Q88G4Q8AR4Q8FB4Q8MG
693945,4Q5LR4Q5QB4Q7UG4Q7WR4Q81B4Q88G4Q8AR4Q8FB4Q8MG
693946,4Q5LR4Q5QB4Q7UG4Q7WR4Q81B4Q88G4Q8AR4Q8FB4Q8MG
649962,4Q5OG4Q5VB4Q7UR4Q7ZG4Q86B4Q88R4Q8DG4Q8KB4Q8MR
691046,4Q5OG4Q5VB4Q7UR4Q7ZG4Q86B4Q88R4Q8DG4Q8KB4Q8MR
900059,4Q5OG4Q5VB4Q7UR4Q7ZG4Q86B4Q88R4Q8DG4Q8KB4Q8MR
980660,4Q5OG4Q5VB4Q7UR4Q7ZG4Q86B4Q88R4Q8DG4Q8KB4Q8MR
827197,4Q5OG4Q5VB4Q7UR4Q7ZG4Q86B4Q88R4Q8DG4Q8KB4Q8MR
742568,4Q5OG4Q5VB4Q7UR4Q7ZG4Q86B4Q88R4Q8DG4Q8KB4Q8MR
648515,4Q5OG4Q5VB4Q7UR4Q7ZG4Q86B4Q88R4Q8DG4Q8KB4Q8MR
648514,4Q5OG4Q5VB4Q7UR4Q7ZG4Q86B4Q88R4Q8DG4Q8KB4Q8MR
965832,4Q5OB4Q5PG4Q5VB4Q7ZB4Q80G4Q86B4Q8DB4Q8EG4Q8KB
965831,4Q5OB4Q5PG4Q5VB4Q7ZB4Q80G4Q86B4Q8DB4Q8EG4Q8KB
965830,4Q5OB4Q5PG4Q5VB4Q7ZB4Q80G4Q86B4Q8DB4Q8EG4Q8KB
781714,4Q5OB4Q5PG4Q5VB4Q7ZB4Q80G4Q86B4Q8DB4Q8EG4Q8KB
923667,4Q5OB4Q5PG4Q5VB4Q7ZB4Q80G4Q86B4Q8DB4Q8EG4Q8KB
965834,4Q5OB4Q5PG4Q5VB4Q7ZB4Q80G4Q86B4Q8DB4Q8EG4Q8KB
924979,4Q5OB4Q5PG4Q5VB4Q7ZB4Q80G4Q86B4Q8DB4Q8EG4Q8KB
1003930,4Q5NB4Q5OR4Q5UG4Q7YB4Q7ZR4Q85G4Q8CB4Q8DR4Q8JG
722181,4Q5NB4Q5OR4Q5UG4Q7YB4Q7ZR4Q85G4Q8CB4Q8DR4Q8JG
722182,4Q5NB4Q5NB4Q5OR4Q5UG4Q7YB4Q7YB4Q7ZR4Q85G4Q8CB
722192,4Q5NB4Q5NB4Q5OR4Q5UG4Q7YB4Q7YB4Q7ZR4Q85G4Q8CB
722183,4Q5NB4Q5OR4Q5UG4Q7YB4Q7ZR4Q85G4Q8CB4Q8DR4Q8JG
864130,4Q5NB4Q5OR4Q5UG4Q5UG4Q7YB4Q7ZR4Q85G4Q85G4Q8CB
722185,4Q5NB4Q5OR4Q5UG4Q7YB4Q7ZR4Q85G4Q8CB4Q8DR4Q8JG
886601,4Q5QB4Q7UB4Q81B4Q88B4Q88G4Q8FB4Q8MB4QARB4QAYB
846358,4Q5QB4Q7UB4Q81B4Q88B4Q88G4Q8FB4Q8MB4QARB4QAYB
1017473,4Q5QB4Q7UB4Q81B4Q88B4Q88G4Q8FB4Q8MB4QARB4QAYB
888765,4Q5QB4Q7UB4Q81B4Q88B4Q88G4Q8FB4Q8MB4QARB4QAYB
859859,4Q5QB4Q7UB4Q81B4Q88B4Q88G4Q8FB4Q8MB4QARB4QAYB
845991,4Q5QB4Q7UB4Q81B4Q88B4Q88G4Q8FB4Q8MB4QARB4QAYB
845993,4Q5QB4Q7UB4Q81B4Q88B4Q88G4Q8FB4Q8MB4QARB4QAYB
845986,4Q5QB4Q7UB4Q81B4Q88B4Q88G4Q8FB4Q8MB4QARB4QAYB
888755,4Q5QB4Q7UB4Q81B4Q88B4Q88G4Q8FB4Q8MB4QARB4QAYB
888756,4Q5QB4Q7UB4Q81B4Q88B4Q88G4Q8FB4Q8MB4QARB4QAYB
859856,4Q5QB4Q7UB4Q81B4Q88B4Q88G4Q8FB4Q8MB4QARB4QAYB
888759,4Q5QB4Q7UB4Q81B4Q88B4Q88G4Q8FB4Q8MB4QARB4QAYB
888761,4Q5QB4Q7UB4Q81B4Q88B4Q88G4Q8FB4Q8MB4QARB4QAYB
859857,4Q5QB4Q7UB4Q81B4Q88B4Q88G4Q8FB4Q8MB4QARB4QAYB
851012,4Q5QB4Q7UB4Q81B4Q88B4Q88G4Q8FB4Q8MB4QARB4QAYB
702711,4Q5QB4Q7UB4Q81B4Q88B4Q88G4Q8FB4Q8MB4QARB4QAYB
851013,4Q5QB4Q7UB4Q81B4Q88B4Q88G4Q8FB4Q8MB4QARB4QAYB
851015,4Q5QB4Q7UB4Q81B4Q88B4Q88G4Q8FB4Q8MB4QARB4QAYB
851016,4Q5QB4Q7UB4Q81B4Q88B4Q88G4Q8FB4Q8MB4QARB4QAYB
903045,4Q5QB4Q7UB4Q81B4Q88B4Q88G4Q8FB4Q8MB4QARB4QAYB
851010,4Q5QB4Q7UB4Q81B4Q88B4Q88G4Q8FB4Q8MB4QARB4QAYB
845988,4Q5QB4Q7UB4Q81B4Q88B4Q88G4Q8FB4Q8MB4QARB4QAYB
845990,4Q5QB4Q7UB4Q81B4Q88B4Q88G4Q8FB4Q8MB4QARB4QAYB
903049,4Q5QB4Q7UB4Q81B4Q88B4Q88G4Q8FB4Q8MB4QARB4QAYB
1023021,4Q5QB4Q7UB4Q81B4Q88B4Q88G4Q8FB4Q8MB4QARB4QAYB
846005,4Q5QB4Q7UB4Q81B4Q88B4Q88G4Q8FB4Q8MB4QARB4QAYB
845994,4Q5QB4Q7UB4Q81B4Q88B4Q88G4Q8FB4Q8MB4QARB4QAYB
846340,4Q5QB4Q7UB4Q81B4Q88B4Q88G4Q8FB4Q8MB4QARB4QAYB
702714,4Q5QB4Q7UB4Q81B4Q88B4Q88G4Q8FB4Q8MB4QARB4QAYB
846341,4Q5QB4Q7UB4Q81B4Q88B4Q88G4Q8FB4Q8MB4QARB4QAYB
903050,4Q5QB4Q7UB4Q81B4Q88B4Q88G4Q8FB4Q8MB4QARB4QAYB
845987,4Q5QB4Q7UB4Q81B4Q88B4Q88G4Q8FB4Q8MB4QARB4QAYB
846001,4Q5QB4Q7UB4Q81B4Q88B4Q88G4Q8FB4Q8MB4QARB4QAYB
862215,4Q5NG4Q5UB4Q7UR4Q7YG4Q85B4Q88R4Q8CG4Q8JB4Q8MR
805269,4Q5NG4Q5UB4Q7UR4Q7YG4Q85B4Q88R4Q8CG4Q8JB4Q8MR
660875,4Q5NG4Q5UB4Q7UR4Q7YG4Q85B4Q88R4Q8CG4Q8JB4Q8MR
808529,4Q5NG4Q5UB4Q7UR4Q7YG4Q85B4Q88R4Q8CG4Q8JB4Q8MR
808530,4Q5NG4Q5UB4Q7UR4Q7YG4Q85B4Q88R4Q8CG4Q8JB4Q8MR
723524,4Q5NB4Q5PR4Q5UG4Q7YB4Q80R4Q85G4Q8CB4Q8ER4Q8JG
700724,4Q5NB4Q5UG4Q7YB4Q85G4Q8CB4Q8JG4QAOB4QAVG4QB2B
864132,4Q5PR4Q5UG4Q80R4Q85G4Q8ER4Q8JG4QAQR4QAVG4QB4R
722187,4Q5NB4Q5UG4Q7YB4Q85G4Q8CB4Q8JG4QAOB4QAVG4QB2B
722190,4Q5NB4Q5UG4Q7YB4Q85G4Q8CB4Q8JG4QAOB4QAVG4QB2B
722191,4Q5NB4Q5PR4Q5UG4Q7YB4Q80R4Q85G4Q8CB4Q8ER4Q8JG
864131,4Q5NB4Q5PR4Q5UG4Q7YB4Q80R4Q85G4Q8CB4Q8ER4Q8JG
723525,4Q5NB4Q5PR4Q5UG4Q7YB4Q80R4Q85G4Q8CB4Q8ER4Q8JG
723526,4Q5NB4Q5UG4Q7YB4Q85G4Q8CB4Q8JG4QAOB4QAVG4QB2B
723528,4Q5NB4Q5PR4Q5UG4Q7YB4Q80R4Q85G4Q8CB4Q8ER4Q8JG
723529,4Q5NB4Q5PR4Q5UG4Q7YB4Q80R4Q85G4Q8CB4Q8ER4Q8JG
710297,4Q5OG4Q5OR4Q5VB4Q7ZG4Q7ZR4Q86B4Q8DG4Q8DR4Q8KB
710295,4Q5OG4Q5OR4Q5VB4Q7ZG4Q7ZR4Q86B4Q8DG4Q8DR4Q8KB
711595,4Q5OG4Q5OR4Q5VB4Q7ZG4Q7ZR4Q86B4Q8DG4Q8DR4Q8KB
711591,4Q5OG4Q5OR4Q5VB4Q7ZG4Q7ZR4Q86B4Q8DG4Q8DR4Q8KB
711605,4Q5OG4Q5OR4Q5VB4Q7ZG4Q7ZR4Q86B4Q8DG4Q8DR4Q8KB
710314,4Q5OG4Q5OR4Q5VB4Q7ZG4Q7ZR4Q86B4Q8DG4Q8DR4Q8KB
710312,4Q5OG4Q5OR4Q5VB4Q7ZG4Q7ZR4Q86B4Q8DG4Q8DR4Q8KB
1007843,4Q5OG4Q5OR4Q5VB4Q7ZG4Q7ZR4Q86B4Q8DG4Q8DR4Q8KB
707214,4Q5OG4Q5OR4Q5VB4Q7ZG4Q7ZR4Q86B4Q8DG4Q8DR4Q8KB
710149,4Q5OG4Q5OR4Q5VB4Q7ZG4Q7ZR4Q86B4Q8DG4Q8DR4Q8KB
707220,4Q5OG4Q5OR4Q5VB4Q7ZG4Q7ZR4Q86B4Q8DG4Q8DR4Q8KB
710951,4Q5OG4Q5OR4Q5VB4Q7ZG4Q7ZR4Q86B4Q8DG4Q8DR4Q8KB
701195,4Q5OG4Q5OR4Q5VB4Q7ZG4Q7ZR4Q86B4Q8DG4Q8DR4Q8KB
707208,4Q5OG4Q5OR4Q5VB4Q7ZG4Q7ZR4Q86B4Q8DG4Q8DR4Q8KB
707238,4Q5OG4Q5OR4Q5VB4Q7ZG4Q7ZR4Q86B4Q8DG4Q8DR4Q8KB
707236,4Q5OG4Q5OR4Q5VB4Q7ZG4Q7ZR4Q86B4Q8DG4Q8DR4Q8KB
707247,4Q5OG4Q5OR4Q5VB4Q7ZG4Q7ZR4Q86B4Q8DG4Q8DR4Q8KB
1003210,4Q5OG4Q5OR4Q5VB4Q7ZG4Q7ZR4Q86B4Q8DG4Q8DR4Q8KB
710152,4Q5OG4Q5OR4Q5VB4Q7ZG4Q7ZR4Q86B4Q8DG4Q8DR4Q8KB
707228,4Q5OG4Q5OR4Q5VB4Q7ZG4Q7ZR4Q86B4Q8DG4Q8DR4Q8KB
710131,4Q5OR4Q5VB4Q7ZR4Q86B4Q8DR4Q8KB4QAPR4QAWB4QB3R
711629,4Q5OG4Q5OR4Q5VB4Q7ZG4Q7ZR4Q86B4Q8DG4Q8DR4Q8KB
711592,4Q5OG4Q5OR4Q5VB4Q7ZG4Q7ZR4Q86B4Q8DG4Q8DR4Q8KB
710305,4Q5OG4Q5OR4Q5VB4Q7ZG4Q7ZR4Q86B4Q8DG4Q8DR4Q8KB
710303,4Q5OG4Q5OR4Q5VB4Q7ZG4Q7ZR4Q86B4Q8DG4Q8DR4Q8KB
1017771,4Q5OG4Q5OR4Q5VB4Q7ZG4Q7ZR4Q86B4Q8DG4Q8DR4Q8KB
710301,4Q5OG4Q5OR4Q5VB4Q7ZG4Q7ZR4Q86B4Q8DG4Q8DR4Q8KB
713023,4Q5OG4Q5VB4Q7ZG4Q86B4Q8DG4Q8KB4QAPG4QAWB4QB3G
713026,4Q5OG4Q5VB4Q7ZG4Q86B4Q8DG4Q8KB4QAPG4QAWB4QB3G
713025,4Q5OG4Q5VB4Q7ZG4Q86B4Q8DG4Q8KB4QAPG4QAWB4QB3G
713041,4Q5OG4Q5VB4Q7ZG4Q86B4Q8DG4Q8KB4QAPG4QAWB4QB3G
787115,4Q5OG4Q5VB4Q7ZG4Q86B4Q8DG4Q8KB4QAPG4QAWB4QB3G
778266,4Q5OG4Q5VB4Q7ZG4Q86B4Q8DG4Q8KB4QAPG4QAWB4QB3G
712973,4Q5OG4Q5VB4Q7ZG4Q86B4Q8DG4Q8KB4QAPG4QAWB4QB3G
707567,4Q5OG4Q5VB4Q7ZG4Q86B4Q8DG4Q8KB4QAPG4QAWB4QB3G
713040,4Q5OG4Q5VB4Q5VB4Q7ZG4Q86B4Q86B4Q8DG4Q8KB4Q8KB
713037,4Q5OG4Q5VB4Q7ZG4Q86B4Q8DG4Q8KB4QAPG4QAWB4QB3G
1003109,4Q5OG4Q5VB4Q7ZG4Q86B4Q8DG4Q8KB4QAPG4QAWB4QB3G
944171,4Q5OG4Q5VB4Q7ZG4Q86B4Q8DG4Q8KB4QAPG4QAWB4QB3G
713008,4Q5OG4Q5VB4Q7ZG4Q86B4Q8DG4Q8KB4QAPG4QAWB4QB3G
944172,4Q5OG4Q5VB4Q7ZG4Q86B4Q8DG4Q8KB4QAPG4QAWB4QB3G
777935,4Q5OG4Q5VB4Q7ZG4Q86B4Q8DG4Q8KB4QAPG4QAWB4QB3G
713011,4Q5OG4Q5VB4Q7ZG4Q86B4Q8DG4Q8KB4QAPG4QAWB4QB3G
712970,4Q5OG4Q5VB4Q7ZG4Q86B4Q8DG4Q8KB4QAPG4QAWB4QB3G
713003,4Q5OG4Q5VB4Q7ZG4Q86B4Q8DG4Q8KB4QAPG4QAWB4QB3G
787112,4Q5OG4Q5VB4Q7ZG4Q86B4Q8DG4Q8KB4QAPG4QAWB4QB3G
701162,4Q5OG4Q5VB4Q7ZG4Q86B4Q8DG4Q8KB4QAPG4QAWB4QB3G
712974,4Q5OG4Q5VB4Q7ZG4Q86B4Q8DG4Q8KB4QAPG4QAWB4QB3G
712962,4Q5OG4Q5VB4Q7ZG4Q86B4Q8DG4Q8KB4QAPG4QAWB4QB3G
713001,4Q5OG4Q5VB4Q7ZG4Q86B4Q8DG4Q8KB4QAPG4QAWB4QB3G
713033,4Q5OG4Q5VB4Q7ZG4Q86B4Q8DG4Q8KB4QAPG4QAWB4QB3G
713032,4Q5OG4Q5VB4Q7ZG4Q86B4Q8DG4Q8KB4QAPG4QAWB4QB3G
906337,4Q5OG4Q5VB4Q7ZG4Q86B4Q8DG4Q8KB4QAPG4QAWB4QB3G
842730,4Q5OG4Q5VB4Q7ZG4Q86B4Q8DG4Q8KB4QAPG4QAWB4QB3G
754129,4Q5OG4Q5VB4Q7ZG4Q86B4Q8DG4Q8KB4QAPG4QAWB4QB3G
754128,4Q5OG4Q5VB4Q7ZG4Q86B4Q8DG4Q8KB4QAPG4QAWB4QB3G
1030422,4Q5OG4Q5VB4Q7ZG4Q86B4Q8DG4Q8KB4QAPG4QAWB4QB3G
1036905,4Q5OG4Q5VB4Q7ZG4Q86B4Q8DG4Q8KB4QAPG4QAWB4QB3G
923393,4Q5NG4Q5UB4Q7YG4Q85B4Q8CG4Q8JB4QAOG4QAVB4QB2G
874687,4Q5NG4Q5UB4Q5UR4Q7YG4Q85B4Q85R4Q8CG4Q8JB4Q8JR
774020,4Q5NG4Q5UB4Q5UR4Q7YG4Q85B4Q85R4Q8CG4Q8JB4Q8JR
874682,4Q5NG4Q5UB4Q5UR4Q7YG4Q85B4Q85R4Q8CG4Q8JB4Q8JR
876021,4Q5NG4Q5UB4Q5UR4Q7YG4Q85B4Q85R4Q8CG4Q8JB4Q8JR
775314,4Q5NG4Q5UB4Q5UR4Q7YG4Q85B4Q85R4Q8CG4Q8JB4Q8JR
775313,4Q5NG4Q5UB4Q5UR4Q7YG4Q85B4Q85R4Q8CG4Q8JB4Q8JR
876048,4Q5NG4Q5UB4Q5UR4Q7YG4Q85B4Q85R4Q8CG4Q8JB4Q8JR
876040,4Q5NG4Q5UB4Q5UR4Q7YG4Q85B4Q85R4Q8CG4Q8JB4Q8JR
876042,4Q5NG4Q5UB4Q5UR4Q7YG4Q85B4Q85R4Q8CG4Q8JB4Q8JR
875661,4Q5NG4Q5UB4Q5UR4Q7YG4Q85B4Q85R4Q8CG4Q8JB4Q8JR
1046435,4Q5NG4Q5UB4Q5UR4Q7YG4Q85B4Q85R4Q8CG4Q8JB4Q8JR
876049,4Q5NG4Q5UB4Q5UR4Q7YG4Q85B4Q85R4Q8CG4Q8JB4Q8JR
876054,4Q5NG4Q5UB4Q5UR4Q7YG4Q85B4Q85R4Q8CG4Q8JB4Q8JR
876032,4Q5NG4Q5UB4Q5UR4Q7YG4Q85B4Q85R4Q8CG4Q8JB4Q8JR
876019,4Q5NG4Q5UB4Q5UR4Q7YG4Q85B4Q85R4Q8CG4Q8JB4Q8JR
876016,4Q5NG4Q5UB4Q5UR4Q7YG4Q85B4Q85R4Q8CG4Q8JB4Q8JR
1017843,4Q5NG4Q5UB4Q5UR4Q7YG4Q85B4Q85R4Q8CG4Q8JB4Q8JR
876009,4Q5NG4Q5UB4Q5UR4Q7YG4Q85B4Q85R4Q8CG4Q8JB4Q8JR
876014,4Q5NG4Q5UB4Q5UR4Q7YG4Q85B4Q85R4Q8CG4Q8JB4Q8JR
1046434,4Q5NG4Q5UB4Q5UR4Q7YG4Q85B4Q85R4Q8CG4Q8JB4Q8JR
876003,4Q5NG4Q5UB4Q5UR4Q7YG4Q85B4Q85R4Q8CG4Q8JB4Q8JR
876023,4Q5NG4Q5UB4Q5UR4Q7YG4Q85B4Q85R4Q8CG4Q8JB4Q8JR
1003287,4Q5NG4Q5UB4Q5UR4Q7YG4Q85B4Q85R4Q8CG4Q8JB4Q8JR
876025,4Q5NG4Q5UB4Q5UR4Q7YG4Q85B4Q85R4Q8CG4Q8JB4Q8JR
876029,4Q5NG4Q5UB4Q5UR4Q7YG4Q85B4Q85R4Q8CG4Q8JB4Q8JR
876034,4Q5NG4Q5UB4Q5UR4Q7YG4Q85B4Q85R4Q8CG4Q8JB4Q8JR
775310,4Q5NG4Q5UB4Q5UR4Q7YG4Q85B4Q85R4Q8CG4Q8JB4Q8JR
876008,4Q5NG4Q5UB4Q5UR4Q7YG4Q85B4Q85R4Q8CG4Q8JB4Q8JR
1046433,4Q5NG4Q5UB4Q5UR4Q7YG4Q85B4Q85R4Q8CG4Q8JB4Q8JR
876017,4Q5NG4Q5UB4Q5UR4Q7YG4Q85B4Q85R4Q8CG4Q8JB4Q8JR
876020,4Q5NG4Q5UB4Q5UR4Q7YG4Q85B4Q85R4Q8CG4Q8JB4Q8JR
875999,4Q5NG4Q5UB4Q5UR4Q7YG4Q85B4Q85R4Q8CG4Q8JB4Q8JR
876051,4Q5NG4Q5UB4Q5UR4Q7YG4Q85B4Q85R4Q8CG4Q8JB4Q8JR
775315,4Q5NG4Q5UB4Q5UR4Q7YG4Q85B4Q85R4Q8CG4Q8JB4Q8JR
876058,4Q5NG4Q5UB4Q5UR4Q7YG4Q85B4Q85R4Q8CG4Q8JB4Q8JR
875995,4Q5NG4Q5UB4Q5UR4Q7YG4Q85B4Q85R4Q8CG4Q8JB4Q8JR
875991,4Q5NG4Q5UB4Q5UR4Q7YG4Q85B4Q85R4Q8CG4Q8JB4Q8JR
875654,4Q5NG4Q5UB4Q5UR4Q7YG4Q85B4Q85R4Q8CG4Q8JB4Q8JR
923397,4Q5NG4Q5UB4Q5UR4Q7YG4Q85B4Q85R4Q8CG4Q8JB4Q8JR
775159,4Q5NG4Q5UB4Q5UR4Q7YG4Q85B4Q85R4Q8CG4Q8JB4Q8JR
923389,4Q5NG4Q5UB4Q5UR4Q7YG4Q85B4Q85R4Q8CG4Q8JB4Q8JR
876004,4Q5NG4Q5UB4Q5UR4Q7YG4Q85B4Q85R4Q8CG4Q8JB4Q8JR
875996,4Q5NG4Q5UB4Q5UR4Q7YG4Q85B4Q85R4Q8CG4Q8JB4Q8JR
875658,4Q5NG4Q5UB4Q5UR4Q7YG4Q85B4Q85R4Q8CG4Q8JB4Q8JR
875983,4Q5NG4Q5UB4Q5UR4Q7YG4Q85B4Q85R4Q8CG4Q8JB4Q8JR
875987,4Q5NG4Q5UB4Q7YG4Q85B4Q8CG4Q8JB4QAOG4QAVB4QB2G
876074,4Q5NG4Q5UB4Q5UR4Q7YG4Q85B4Q85R4Q8CG4Q8JB4Q8JR
878437,4Q5NG4Q5UB4Q5UR4Q7YG4Q85B4Q85R4Q8CG4Q8JB4Q8JR
775216,4Q5NG4Q5UB4Q5UR4Q7YG4Q85B4Q85R4Q8CG4Q8JB4Q8JR
775217,4Q5NG4Q5UB4Q5UR4Q7YG4Q85B4Q85R4Q8CG4Q8JB4Q8JR
1046422,4Q5NG4Q5UB4Q5UR4Q7YG4Q85B4Q85R4Q8CG4Q8JB4Q8JR
876055,4Q5NG4Q5UB4Q5UR4Q7YG4Q85B4Q85R4Q8CG4Q8JB4Q8JR
647143,4Q5NG4Q5UB4Q5UR4Q7YG4Q85B4Q85R4Q8CG4Q8JB4Q8JR
775211,4Q5NG4Q5UB4Q7YG4Q85B4Q8CG4Q8JB4QAOG4QAVB4QB2G
775214,4Q5NG4Q5UB4Q5UR4Q7YG4Q85B4Q85R4Q8CG4Q8JB4Q8JR
878430,4Q5NG4Q5UB4Q5UR4Q7YG4Q85B4Q85R4Q8CG4Q8JB4Q8JR
878451,4Q5NG4Q5UB4Q5UR4Q7YG4Q85B4Q85R4Q8CG4Q8JB4Q8JR
878458,4Q5NG4Q5UB4Q7YG4Q85B4Q8CG4Q8JB4QAOG4QAVB4QB2G
876047,4Q5NG4Q5UB4Q5UR4Q7YG4Q85B4Q85R4Q8CG4Q8JB4Q8JR
1022916,4Q5NG4Q5UB4Q7YG4Q85B4Q8CG4Q8JB4QAOG4QAVB4QB2G
878469,4Q5NG4Q5UB4Q5UR4Q7YG4Q85B4Q85R4Q8CG4Q8JB4Q8JR
878465,4Q5NG4Q5UB4Q5UR4Q7YG4Q85B4Q85R4Q8CG4Q8JB4Q8JR
874683,4Q5NG4Q5UB4Q7YG4Q85B4Q8CG4Q8JB4QAOG4QAVB4QB2G
923390,4Q5NG4Q5UB4Q7YG4Q85B4Q8CG4Q8JB4QAOG4QAVB4QB2G
923385,4Q5NG4Q5UB4Q5UR4Q7YG4Q85B4Q85R4Q8CG4Q8JB4Q8JR
782039,4Q5NG4Q5UB4Q5UR4Q7YG4Q85B4Q85R4Q8CG4Q8JB4Q8JR
1046462,4Q5NG4Q5UB4Q5UR4Q7YG4Q85B4Q85R4Q8CG4Q8JB4Q8JR
786711,4Q5NG4Q5UB4Q5UR4Q7YG4Q85B4Q85R4Q8CG4Q8JB4Q8JR
1046432,4Q5NG4Q5UB4Q5UR4Q7YG4Q85B4Q85R4Q8CG4Q8JB4Q8JR
878406,4Q5NG4Q5UB4Q5UR4Q7YG4Q85B4Q85R4Q8CG4Q8JB4Q8JR
878410,4Q5NG4Q5UB4Q5UR4Q7YG4Q85B4Q85R4Q8CG4Q8JB4Q8JR
878413,4Q5NG4Q5UB4Q5UR4Q7YG4Q85B4Q85R4Q8CG4Q8JB4Q8JR
878419,4Q5NG4Q5UB4Q5UR4Q7YG4Q85B4Q85R4Q8CG4Q8JB4Q8JR
878401,4Q5NG4Q5UB4Q5UR4Q7YG4Q85B4Q85R4Q8CG4Q8JB4Q8JR
878396,4Q5NG4Q5UB4Q5UR4Q7YG4Q85B4Q85R4Q8CG4Q8JB4Q8JR
878393,4Q5NG4Q5UB4Q7YG4Q85B4Q8CG4Q8JB4QAOG4QAVB4QB2G
1046423,4Q5NG4Q5UB4Q5UR4Q7YG4Q85B4Q85R4Q8CG4Q8JB4Q8JR
1046421,4Q5NG4Q5UB4Q5UR4Q7YG4Q85B4Q85R4Q8CG4Q8JB4Q8JR
878405,4Q5NG4Q5UB4Q5UR4Q7YG4Q85B4Q85R4Q8CG4Q8JB4Q8JR
922960,4Q5NG4Q5UB4Q5UR4Q7YG4Q85B4Q85R4Q8CG4Q8JB4Q8JR
878380,4Q5NG4Q5UR4Q7YG4Q85R4Q8CG4Q8JR4QAOG4QAVR4QB2G
878382,4Q5NG4Q5UB4Q5UR4Q7YG4Q85B4Q85R4Q8CG4Q8JB4Q8JR
878387,4Q5NG4Q5UB4Q5UR4Q7YG4Q85B4Q85R4Q8CG4Q8JB4Q8JR
878390,4Q5NG4Q5UB4Q5UR4Q7YG4Q85B4Q85R4Q8CG4Q8JB4Q8JR
876069,4Q5NG4Q5UB4Q5UR4Q7YG4Q85B4Q85R4Q8CG4Q8JB4Q8JR
876066,4Q5NG4Q5UB4Q5UR4Q7YG4Q85B4Q85R4Q8CG4Q8JB4Q8JR
876070,4Q5NG4Q5UB4Q5UR4Q7YG4Q85B4Q85R4Q8CG4Q8JB4Q8JR
784748,4Q5NG4Q5UB4Q5UR4Q7YG4Q85B4Q85R4Q8CG4Q8JB4Q8JR
981493,4Q5PG4Q7TB4Q7TR4Q80G4Q87B4Q87R4Q8EG4Q8LB4Q8LR
841838,4Q5PG4Q7TB4Q7TR4Q80G4Q87B4Q87R4Q8EG4Q8LB4Q8LR
703212,4Q5PG4Q7TB4Q7TR4Q80G4Q87B4Q87R4Q8EG4Q8LB4Q8LR
981495,4Q5PG4Q7TB4Q7TR4Q80G4Q87B4Q87R4Q8EG4Q8LB4Q8LR
981499,4Q5PG4Q7TB4Q7TR4Q80G4Q87B4Q87R4Q8EG4Q8LB4Q8LR
981503,4Q5PG4Q7TB4Q7TR4Q80G4Q87B4Q87R4Q8EG4Q8LB4Q8LR
981502,4Q5PG4Q7TB4Q7TR4Q80G4Q87B4Q87R4Q8EG4Q8LB4Q8LR
899624,4Q5PG4Q7TB4Q7TR4Q80G4Q87B4Q87R4Q8EG4Q8LB4Q8LR
981498,4Q5PG4Q5PG4Q7TB4Q7TR4Q80G4Q80G4Q87B4Q87R4Q8EG
981492,4Q5PG4Q7TB4Q7TR4Q80G4Q87B4Q87R4Q8EG4Q8LB4Q8LR
825259,4Q5PG4Q7TB4Q7TR4Q80G4Q87B4Q87R4Q8EG4Q8LB4Q8LR
981497,4Q5PG4Q7TB4Q7TR4Q80G4Q87B4Q87R4Q8EG4Q8LB4Q8LR
1018291,4Q5PG4Q7TB4Q7TR4Q80G4Q87B4Q87R4Q8EG4Q8LB4Q8LR
979599,4Q5PG4Q7TB4Q7TR4Q80G4Q87B4Q87R4Q8EG4Q8LB4Q8LR
979596,4Q5PG4Q7TB4Q7TR4Q80G4Q87B4Q87R4Q8EG4Q8LB4Q8LR
979594,4Q5PG4Q7TB4Q7TR4Q80G4Q87B4Q87R4Q8EG4Q8LB4Q8LR
979592,4Q5PG4Q7TB4Q7TR4Q80G4Q87B4Q87R4Q8EG4Q8LB4Q8LR
978493,4Q5PG4Q7TB4Q7TR4Q80G4Q87B4Q87R4Q8EG4Q8LB4Q8LR
979595,4Q5PG4Q7TB4Q7TR4Q80G4Q87B4Q87R4Q8EG4Q8LB4Q8LR
979610,4Q5PG4Q7TB4Q7TR4Q80G4Q87B4Q87R4Q8EG4Q8LB4Q8LR
1006468,4Q5PG4Q7TB4Q7TR4Q80G4Q87B4Q87R4Q8EG4Q8LB4Q8LR
979607,4Q5PG4Q7TB4Q7TR4Q80G4Q87B4Q87R4Q8EG4Q8LB4Q8LR
703213,4Q5PG4Q7TB4Q7TR4Q80G4Q87B4Q87R4Q8EG4Q8LB4Q8LR
979604,4Q5PG4Q7TB4Q7TR4Q80G4Q87B4Q87R4Q8EG4Q8LB4Q8LR
979602,4Q5PG4Q7TB4Q7TR4Q80G4Q87B4Q87R4Q8EG4Q8LB4Q8LR
978488,4Q5PG4Q7TB4Q7TR4Q80G4Q87B4Q87R4Q8EG4Q8LB4Q8LR
978475,4Q5PG4Q7TB4Q7TR4Q80G4Q87B4Q87R4Q8EG4Q8LB4Q8LR
978480,4Q5PG4Q7TB4Q7TR4Q80G4Q87B4Q87R4Q8EG4Q8LB4Q8LR
703211,4Q5PG4Q7TB4Q7TR4Q80G4Q87B4Q87R4Q8EG4Q8LB4Q8LR
741403,4Q5PG4Q7TB4Q7TR4Q80G4Q87B4Q87R4Q8EG4Q8LB4Q8LR
903827,4Q5PG4Q7TB4Q7TR4Q80G4Q87B4Q87R4Q8EG4Q8LB4Q8LR
740096,4Q5PG4Q7TB4Q7TR4Q80G4Q87B4Q87R4Q8EG4Q8LB4Q8LR
978476,4Q5PG4Q7TB4Q7TR4Q80G4Q87B4Q87R4Q8EG4Q8LB4Q8LR
978478,4Q5PG4Q7TB4Q7TR4Q80G4Q87B4Q87R4Q8EG4Q8LB4Q8LR
978490,4Q5PG4Q7TB4Q7TR4Q80G4Q87B4Q87R4Q8EG4Q8LB4Q8LR
978489,4Q5PG4Q7TB4Q7TR4Q80G4Q87B4Q87R4Q8EG4Q8LB4Q8LR
978483,4Q5PG4Q7TB4Q7TR4Q80G4Q87B4Q87R4Q8EG4Q8LB4Q8LR
905070,4Q5PG4Q7TB4Q7TR4Q80G4Q87B4Q87R4Q8EG4Q8LB4Q8LR
905068,4Q5PG4Q7TB4Q80G4Q87B4Q8EG4Q8LB4QAQG4QAXB4QB4G
981483,4Q5PG4Q7TB4Q7TR4Q80G4Q87B4Q87R4Q8EG4Q8LB4Q8LR
981123,4Q5PG4Q7TB4Q7TR4Q80G4Q87B4Q87R4Q8EG4Q8LB4Q8LR
981122,4Q5PG4Q7TB4Q7TR4Q80G4Q87B4Q87R4Q8EG4Q8LB4Q8LR
1006469,4Q5PG4Q7TB4Q80G4Q87B4Q8EG4Q8LB4QAQG4QAXB4QB4G
741406,4Q5PG4Q7TB4Q7TR4Q80G4Q87B4Q87R4Q8EG4Q8LB4Q8LR
981119,4Q5PG4Q7TB4Q7TR4Q80G4Q87B4Q87R4Q8EG4Q8LB4Q8LR
841834,4Q5PG4Q7TB4Q7TR4Q80G4Q87B4Q87R4Q8EG4Q8LB4Q8LR
828242,4Q5PG4Q7TB4Q7TR4Q80G4Q87B4Q87R4Q8EG4Q8LB4Q8LR
841839,4Q5PG4Q7TB4Q7TR4Q80G4Q87B4Q87R4Q8EG4Q8LB4Q8LR
995341,4Q5PG4Q7TB4Q7TR4Q80G4Q87B4Q87R4Q8EG4Q8LB4Q8LR
867388,4Q5PG4Q7TB4Q7TR4Q80G4Q87B4Q87R4Q8EG4Q8LB4Q8LR
867374,4Q5PG4Q7TB4Q7TR4Q80G4Q87B4Q87R4Q8EG4Q8LB4Q8LR
898446,4Q5PG4Q7TB4Q7TR4Q80G4Q87B4Q87R4Q8EG4Q8LB4Q8LR
867365,4Q5PG4Q7TB4Q7TR4Q80G4Q87B4Q87R4Q8EG4Q8LB4Q8LR
866958,4Q5PG4Q7TB4Q7TR4Q80G4Q87B4Q87R4Q8EG4Q8LB4Q8LR
898447,4Q5PG4Q7TB4Q7TR4Q80G4Q87B4Q87R4Q8EG4Q8LB4Q8LR
867372,4Q5PG4Q7TB4Q7TR4Q80G4Q87B4Q87R4Q8EG4Q8LB4Q8LR
988777,4Q5PG4Q7TB4Q7TR4Q80G4Q87B4Q87R4Q8EG4Q8LB4Q8LR
867370,4Q5PG4Q7TB4Q7TR4Q80G4Q87B4Q87R4Q8EG4Q8LB4Q8LR
866044,4Q5PG4Q7TB4Q7TR4Q80G4Q87B4Q87R4Q8EG4Q8LB4Q8LR
867381,4Q5PG4Q7TB4Q7TR4Q80G4Q87B4Q87R4Q8EG4Q8LB4Q8LR
867380,4Q5PG4Q7TB4Q7TR4Q80G4Q87B4Q87R4Q8EG4Q8LB4Q8LR
867384,4Q5PG4Q7TB4Q80G4Q87B4Q8EG4Q8LB4QAQG4QAXB4QB4G
788545,4Q5PG4Q7TB4Q80G4Q87B4Q8EG4Q8LB4QAQG4QAXB4QB4G
703181,4Q5PG4Q7TB4Q7TR4Q80G4Q87B4Q87R4Q8EG4Q8LB4Q8LR
623923,4Q5PG4Q7TB4Q7TR4Q80G4Q87B4Q87R4Q8EG4Q8LB4Q8LR
867392,4Q5PG4Q7TB4Q80G4Q87B4Q8EG4Q8LB4QAQG4QAXB4QB4G
1045723,4Q5PG4Q7TB4Q7TR4Q80G4Q87B4Q87R4Q8EG4Q8LB4Q8LR
952333,4Q5PG4Q7TB4Q80G4Q87B4Q8EG4Q8LB4QAQG4QAXB4QB4G
995000,4Q5PG4Q7TB4Q7TR4Q80G4Q87B4Q87R4Q8EG4Q8LB4Q8LR
866048,4Q5PG4Q7TB4Q7TR4Q80G4Q87B4Q87R4Q8EG4Q8LB4Q8LR
866042,4Q5PG4Q7TB4Q80G4Q87B4Q8EG4Q8LB4QAQG4QAXB4QB4G
622509,4Q5PG4Q7TB4Q7TR4Q80G4Q87B4Q87R4Q8EG4Q8LB4Q8LR
622510,4Q5PG4Q7TB4Q7TR4Q80G4Q87B4Q87R4Q8EG4Q8LB4Q8LR
945719,4Q5PG4Q7TB4Q7TR4Q80G4Q87B4Q87R4Q8EG4Q8LB4Q8LR
694553,4Q5PG4Q7TB4Q7TR4Q80G4Q87B4Q87R4Q8EG4Q8LB4Q8LR
866038,4Q5PG4Q7TB4Q7TR4Q80G4Q87B4Q87R4Q8EG4Q8LB4Q8LR
712543,4Q5QR4Q7TB4Q81R4Q87B4Q8FR4Q8LB4QARR4QAXB4QB5R
712524,4Q5PG4Q5QR4Q7TB4Q80G4Q81R4Q87B4Q8EG4Q8FR4Q8LB
712537,4Q5PG4Q5QR4Q7TB4Q80G4Q81R4Q87B4Q8EG4Q8FR4Q8LB
712516,4Q5PG4Q5QR4Q7TB4Q80G4Q81R4Q87B4Q8EG4Q8FR4Q8LB
712514,4Q5PG4Q5QR4Q7TB4Q80G4Q81R4Q87B4Q8EG4Q8FR4Q8LB
1039562,4Q5PG4Q5QR4Q7TB4Q80G4Q81R4Q87B4Q8EG4Q8FR4Q8LB
712512,4Q5PG4Q5QR4Q7TB4Q80G4Q81R4Q87B4Q8EG4Q8FR4Q8LB
707843,4Q5PG4Q5QR4Q7TB4Q80G4Q81R4Q87B4Q8EG4Q8FR4Q8LB
734679,4Q5PG4Q7TB4Q80G4Q87B4Q8EG4Q8LB4QAQG4QAXB4QB4G
712517,4Q5PG4Q5QR4Q7TB4Q80G4Q81R4Q87B4Q8EG4Q8FR4Q8LB
747209,4Q5PG4Q5QR4Q7TB4Q80G4Q81R4Q87B4Q8EG4Q8FR4Q8LB
707842,4Q5PG4Q5QR4Q7TB4Q80G4Q81R4Q87B4Q8EG4Q8FR4Q8LB
707841,4Q5PG4Q5QR4Q7TB4Q80G4Q81R4Q87B4Q8EG4Q8FR4Q8LB
707840,4Q5QR4Q7TB4Q81R4Q87B4Q8FR4Q8LB4QARR4QAXB4QB5R
712522,4Q5PG4Q5QR4Q7TB4Q80G4Q81R4Q87B4Q8EG4Q8FR4Q8LB
747200,4Q5PG4Q5QR4Q7TB4Q80G4Q81R4Q87B4Q8EG4Q8FR4Q8LB
747214,4Q5PG4Q5QR4Q7TB4Q80G4Q81R4Q87B4Q8EG4Q8FR4Q8LB
747205,4Q5PG4Q5QR4Q7TB4Q80G4Q81R4Q87B4Q8EG4Q8FR4Q8LB
747203,4Q5PG4Q5QR4Q7TB4Q80G4Q81R4Q87B4Q8EG4Q8FR4Q8LB
747202,4Q5PG4Q5QR4Q7TB4Q80G4Q81R4Q87B4Q8EG4Q8FR4Q8LB
747201,4Q5PG4Q5QR4Q7TB4Q80G4Q81R4Q87B4Q8EG4Q8FR4Q8LB
707839,4Q5PG4Q5QR4Q7TB4Q80G4Q81R4Q87B4Q8EG4Q8FR4Q8LB
703375,4Q5PG4Q5QR4Q7TB4Q80G4Q81R4Q87B4Q8EG4Q8FR4Q8LB
838476,4Q5NG4Q5UB4Q7YG4Q85B4Q8CG4Q8JB4QAOG4QAVB4QB2G
922976,4Q5NG4Q5UB4Q5UR4Q7YG4Q85B4Q85R4Q8CG4Q8JB4Q8JR
922954,4Q5UB4Q5UR4Q85B4Q85R4Q8JB4Q8JR4QAVB4QAVR4QB9B
778990,4Q5NG4Q5UB4Q5UR4Q7YG4Q85B4Q85R4Q8CG4Q8JB4Q8JR
878364,4Q5NG4Q5UB4Q5UR4Q7YG4Q85B4Q85R4Q8CG4Q8JB4Q8JR
878373,4Q5NG4Q5UB4Q5UR4Q7YG4Q85B4Q85R4Q8CG4Q8JB4Q8JR
1095359,4Q5NG4Q5UB4Q7YG4Q85B4Q8CG4Q8JB4QAOG4QAVB4QB2G
1095360,4Q5NG4Q5UB4Q5UR4Q7YG4Q85B4Q85R4Q8CG4Q8JB4Q8JR
879118,4Q5NG4Q5UB4Q5UR4Q7YG4Q85B4Q85R4Q8CG4Q8JB4Q8JR
879114,4Q5UB4Q5UR4Q85B4Q85R4Q8JB4Q8JR4QAVB4QAVR4QB9B
1009459,4Q5NG4Q5UB4Q5UR4Q7YG4Q85B4Q85R4Q8CG4Q8JB4Q8JR
921716,4Q5NG4Q5UB4Q5UR4Q7YG4Q85B4Q85R4Q8CG4Q8JB4Q8JR
922962,4Q5NG4Q5UB4Q5UR4Q7YG4Q85B4Q85R4Q8CG4Q8JB4Q8JR
782010,4Q5NG4Q5UB4Q5UR4Q7YG4Q85B4Q85R4Q8CG4Q8JB4Q8JR
922964,4Q5NG4Q5UB4Q5UR4Q7YG4Q85B4Q85R4Q8CG4Q8JB4Q8JR
1046456,4Q5NG4Q5UB4Q5UR4Q7YG4Q85B4Q85R4Q8CG4Q8JB4Q8JR
922953,4Q5NG4Q5UB4Q5UR4Q7YG4Q85B4Q85R4Q8CG4Q8JB4Q8JR
922985,4Q5NG4Q5UB4Q5UR4Q7YG4Q85B4Q85R4Q8CG4Q8JB4Q8JR
807025,4Q5NG4Q5UB4Q5UR4Q7YG4Q85B4Q85R4Q8CG4Q8JB4Q8JR
865272,4Q5NG4Q5UB4Q5UR4Q7YG4Q85B4Q85R4Q8CG4Q8JB4Q8JR
922992,4Q5NG4Q5UB4Q5UR4Q7YG4Q85B4Q85R4Q8CG4Q8JB4Q8JR
922996,4Q5NG4Q5UB4Q5UB4Q5UR4Q7YG4Q85B4Q85B4Q85R4Q8CG
922972,4Q5NG4Q5UB4Q5UR4Q7YG4Q85B4Q85R4Q8CG4Q8JB4Q8JR
921701,4Q5NG4Q5UB4Q5UR4Q7YG4Q85B4Q85R4Q8CG4Q8JB4Q8JR
1042005,4Q5NG4Q5UB4Q5UR4Q7YG4Q85B4Q85R4Q8CG4Q8JB4Q8JR
894381,4Q5NG4Q5UB4Q7YG4Q85B4Q8CG4Q8JB4QAOG4QAVB4QB2G
879104,4Q5NG4Q5UB4Q5UR4Q7YG4Q85B4Q85R4Q8CG4Q8JB4Q8JR
1018644,4Q5NG4Q5UB4Q5UR4Q7YG4Q85B4Q85R4Q8CG4Q8JB4Q8JR
894382,4Q5NG4Q5UB4Q5UR4Q7YG4Q85B4Q85R4Q8CG4Q8JB4Q8JR
879113,4Q5NG4Q5UB4Q5UR4Q7YG4Q85B4Q85R4Q8CG4Q8JB4Q8JR
1010344,4Q5NG4Q5UB4Q5UR4Q7YG4Q85B4Q85R4Q8CG4Q8JB4Q8JR
922969,4Q5NG4Q5UB4Q5UR4Q7YG4Q85B4Q85R4Q8CG4Q8JB4Q8JR
780597,4Q5NG4Q5UB4Q5UR4Q7YG4Q85B4Q85R4Q8CG4Q8JB4Q8JR
878377,4Q5NG4Q5UB4Q5UR4Q7YG4Q85B4Q85R4Q8CG4Q8JB4Q8JR
1046469,4Q5NG4Q5UB4Q5UR4Q7YG4Q85B4Q85R4Q8CG4Q8JB4Q8JR
925660,4Q5NG4Q5UB4Q5UR4Q7YG4Q85B4Q85R4Q8CG4Q8JB4Q8JR
925977,4Q5NG4Q5UB4Q5UR4Q7YG4Q85B4Q85R4Q8CG4Q8JB4Q8JR
925672,4Q5NG4Q5UB4Q5UR4Q7YG4Q85B4Q85R4Q8CG4Q8JB4Q8JR
966244,4Q5NG4Q5UB4Q5UR4Q7YG4Q85B4Q85R4Q8CG4Q8JB4Q8JR
829799,4Q5NG4Q5UB4Q5UR4Q7YG4Q85B4Q85R4Q8CG4Q8JB4Q8JR
723520,4Q5NB4Q5NG4Q5UB4Q7YB4Q85B4Q8CB4Q8CG4Q8JB4QAOB
723522,4Q5NB4Q5NG4Q5UB4Q7YB4Q85B4Q8CB4Q8CG4Q8JB4QAOB
723143,4Q5NB4Q5NG4Q5UB4Q7YB4Q85B4Q8CB4Q8CG4Q8JB4QAOB
1040589,4Q5NB4Q5NG4Q5UB4Q7YB4Q85B4Q8CB4Q8CG4Q8JB4QAOB
723533,4Q5NB4Q5NG4Q5UB4Q7YB4Q85B4Q8CB4Q8CG4Q8JB4QAOB
723512,4Q5NB4Q5NG4Q5UB4Q7YB4Q85B4Q8CB4Q8CG4Q8JB4QAOB
723513,4Q5NB4Q5NG4Q5UB4Q7YB4Q85B4Q8CB4Q8CG4Q8JB4QAOB
723516,4Q5NB4Q5NG4Q5UB4Q7YB4Q85B4Q8CB4Q8CG4Q8JB4QAOB
723517,4Q5NB4Q5NG4Q5UB4Q7YB4Q85B4Q8CB4Q8CG4Q8JB4QAOB
1121264,4Q5NB4Q5NG4Q5UB4Q7YB4Q85B4Q8CB4Q8CG4Q8JB4QAOB
1121265,4Q5NB4Q5NG4Q5UB4Q7YB4Q85B4Q8CB4Q8CG4Q8JB4QAOB
1121266,4Q5NB4Q5NG4Q5UB4Q7YB4Q85B4Q8CB4Q8CG4Q8JB4QAOB
1121267,4Q5NB4Q5NG4Q5UB4Q7YB4Q85B4Q8CB4Q8CG4Q8JB4QAOB
1121268,4Q5NB4Q5NG4Q5UB4Q7YB4Q85B4Q8CB4Q8CG4Q8JB4QAOB
1022963,4Q5PB4Q5QR4Q7TG4Q80B4Q81R4Q87G4Q8EB4Q8FR4Q8LG
723125,4Q5PB4Q5QR4Q7TG4Q80B4Q81R4Q87G4Q8EB4Q8FR4Q8LG
1036555,4Q5PB4Q5QR4Q7TG4Q80B4Q81R4Q87G4Q8EB4Q8FR4Q8LG
723127,4Q5PB4Q5QR4Q7TG4Q80B4Q81R4Q87G4Q8EB4Q8FR4Q8LG
723128,4Q5PB4Q5QR4Q7TG4Q80B4Q81R4Q87G4Q8EB4Q8FR4Q8LG
723129,4Q5PB4Q7TG4Q80B4Q87G4Q8EB4Q8LG4QAQB4QAXG4QB4B
723142,4Q5PB4Q5QR4Q7TG4Q80B4Q81R4Q87G4Q8EB4Q8FR4Q8LG
723123,4Q5PB4Q7TG4Q80B4Q87G4Q8EB4Q8LG4QAQB4QAXG4QB4B
723133,4Q5PB4Q5QR4Q7TG4Q80B4Q81R4Q87G4Q8EB4Q8FR4Q8LG
723135,4Q5PB4Q5QR4Q7TG4Q80B4Q81R4Q87G4Q8EB4Q8FR4Q8LG
1036556,4Q5PB4Q5QR4Q7TG4Q80B4Q81R4Q87G4Q8EB4Q8FR4Q8LG
723136,4Q5PB4Q5QR4Q7TG4Q80B4Q81R4Q87G4Q8EB4Q8FR4Q8LG
723138,4Q5PB4Q5QR4Q7TG4Q80B4Q81R4Q87G4Q8EB4Q8FR4Q8LG
723139,4Q5PB4Q5QR4Q7TG4Q80B4Q81R4Q87G4Q8EB4Q8FR4Q8LG
723141,4Q5PB4Q5QR4Q7TG4Q80B4Q81R4Q87G4Q8EB4Q8FR4Q8LG
681683,4Q5PB4Q5QR4Q7TG4Q80B4Q81R4Q87G4Q8EB4Q8FR4Q8LG
681674,4Q5PB4Q5QR4Q7TG4Q80B4Q81R4Q87G4Q8EB4Q8FR4Q8LG
681675,4Q5PB4Q5QR4Q7TG4Q80B4Q81R4Q87G4Q8EB4Q8FR4Q8LG
681677,4Q5PB4Q5QR4Q7TG4Q80B4Q81R4Q87G4Q8EB4Q8FR4Q8LG
681678,4Q5PB4Q5QR4Q7TG4Q80B4Q81R4Q87G4Q8EB4Q8FR4Q8LG
681680,4Q5PB4Q5QR4Q7TG4Q80B4Q81R4Q87G4Q8EB4Q8FR4Q8LG
822101,4Q5PB4Q5QR4Q7TG4Q80B4Q81R4Q87G4Q8EB4Q8FR4Q8LG
681681,4Q5PB4Q5QR4Q7TG4Q80B4Q81R4Q87G4Q8EB4Q8FR4Q8LG
681682,4Q5PB4Q7TG4Q80B4Q87G4Q8EB4Q8LG4QAQB4QAXG4QB4B
681684,4Q5PB4Q5QR4Q7TG4Q80B4Q81R4Q87G4Q8EB4Q8FR4Q8LG
681686,4Q5PB4Q5QR4Q7TG4Q80B4Q81R4Q87G4Q8EB4Q8FR4Q8LG
681687,4Q5PB4Q5QR4Q7TG4Q80B4Q81R4Q87G4Q8EB4Q8FR4Q8LG
681689,4Q5PB4Q5QR4Q7TG4Q80B4Q81R4Q87G4Q8EB4Q8FR4Q8LG
681691,4Q5PB4Q5QR4Q7TG4Q80B4Q81R4Q87G4Q8EB4Q8FR4Q8LG
681693,4Q5PB4Q7TG4Q80B4Q87G4Q8EB4Q8LG4QAQB4QAXG4QB4B
906248,4Q5PB4Q5QR4Q7TG4Q80B4Q81R4Q87G4Q8EB4Q8FR4Q8LG
996048,4Q5PB4Q7TG4Q80B4Q87G4Q8EB4Q8LG4QAQB4QAXG4QB4B
624052,4Q5PB4Q5QR4Q7TG4Q80B4Q81R4Q87G4Q8EB4Q8FR4Q8LG
1027415,4Q5PB4Q5QR4Q7TG4Q80B4Q81R4Q87G4Q8EB4Q8FR4Q8LG
680323,4Q5PB4Q7TG4Q80B4Q87G4Q8EB4Q8LG4QAQB4QAXG4QB4B
822103,4Q5PB4Q5QR4Q7TG4Q80B4Q81R4Q87G4Q8EB4Q8FR4Q8LG
680327,4Q5PB4Q5QR4Q7TG4Q80B4Q81R4Q87G4Q8EB4Q8FR4Q8LG
680329,4Q5PB4Q5QR4Q7TG4Q80B4Q81R4Q87G4Q8EB4Q8FR4Q8LG
680321,4Q5PB4Q5QR4Q7TG4Q80B4Q81R4Q87G4Q8EB4Q8FR4Q8LG
723150,4Q5PB4Q5QR4Q7TG4Q80B4Q81R4Q87G4Q8EB4Q8FR4Q8LG
997947,4Q5PB4Q5QR4Q7TG4Q80B4Q81R4Q87G4Q8EB4Q8FR4Q8LG
1027416,4Q5PB4Q5QR4Q7TG4Q80B4Q81R4Q87G4Q8EB4Q8FR4Q8LG
723152,4Q5PB4Q5QR4Q7TG4Q80B4Q81R4Q87G4Q8EB4Q8FR4Q8LG
624053,4Q5PB4Q5QR4Q7TG4Q80B4Q81R4Q87G4Q8EB4Q8FR4Q8LG
685885,4Q5PB4Q7TG4Q80B4Q87G4Q8EB4Q8LG4QAQB4QAXG4QB4B
685886,4Q5PB4Q5QR4Q7TG4Q80B4Q81R4Q87G4Q8EB4Q8FR4Q8LG
685887,4Q5PB4Q5QR4Q7TG4Q80B4Q81R4Q87G4Q8EB4Q8FR4Q8LG
723153,4Q5PB4Q5QR4Q7TG4Q80B4Q81R4Q87G4Q8EB4Q8FR4Q8LG
685888,4Q5PB4Q5QR4Q7TG4Q80B4Q81R4Q87G4Q8EB4Q8FR4Q8LG
685889,4Q5PB4Q5QR4Q7TG4Q80B4Q81R4Q87G4Q8EB4Q8FR4Q8LG
863029,4Q5PB4Q5QR4Q7TG4Q80B4Q81R4Q87G4Q8EB4Q8FR4Q8LG
685884,4Q5PB4Q5QR4Q7TG4Q80B4Q81R4Q87G4Q8EB4Q8FR4Q8LG
1036549,4Q5PB4Q5QR4Q7TG4Q80B4Q81R4Q87G4Q8EB4Q8FR4Q8LG
723155,4Q5PB4Q5QR4Q7TG4Q80B4Q81R4Q87G4Q8EB4Q8FR4Q8LG
863030,4Q5PB4Q5QR4Q7TG4Q80B4Q81R4Q87G4Q8EB4Q8FR4Q8LG
685894,4Q5PB4Q7TG4Q80B4Q87G4Q8EB4Q8LG4QAQB4QAXG4QB4B
685895,4Q5PB4Q5QR4Q7TG4Q80B4Q81R4Q87G4Q8EB4Q8FR4Q8LG
863031,4Q5PB4Q5QR4Q7TG4Q80B4Q81R4Q87G4Q8EB4Q8FR4Q8LG
685891,4Q5PB4Q5QR4Q7TG4Q80B4Q81R4Q87G4Q8EB4Q8FR4Q8LG
723149,4Q5PB4Q5QR4Q7TG4Q80B4Q81R4Q87G4Q8EB4Q8FR4Q8LG
797558,4Q5PB4Q5QR4Q7TG4Q80B4Q81R4Q87G4Q8EB4Q8FR4Q8LG
827218,4Q5PB4Q5QR4Q7TG4Q80B4Q81R4Q87G4Q8EB4Q8FR4Q8LG
797573,4Q5PB4Q5QR4Q7TG4Q80B4Q81R4Q87G4Q8EB4Q8FR4Q8LG
793331,4Q5PB4Q5QR4Q7TG4Q80B4Q81R4Q87G4Q8EB4Q8FR4Q8LG
692813,4Q5PB4Q5QR4Q7TG4Q80B4Q81R4Q87G4Q8EB4Q8FR4Q8LG
983663,4Q5PB4Q5QR4Q7TG4Q80B4Q81R4Q87G4Q8EB4Q8FR4Q8LG
1046911,4Q5PB4Q5QR4Q7TG4Q80B4Q81R4Q87G4Q8EB4Q8FR4Q8LG
905098,4Q5PB4Q5QR4Q7TG4Q80B4Q81R4Q87G4Q8EB4Q8FR4Q8LG
692800,4Q5PB4Q5QR4Q7TG4Q80B4Q81R4Q87G4Q8EB4Q8FR4Q8LG
793679,4Q5PB4Q5QR4Q7TG4Q80B4Q81R4Q87G4Q8EB4Q8FR4Q8LG
793330,4Q5PB4Q5QR4Q7TG4Q80B4Q81R4Q87G4Q8EB4Q8FR4Q8LG
692803,4Q5PB4Q5QR4Q7TG4Q80B4Q81R4Q87G4Q8EB4Q8FR4Q8LG
979357,4Q5PB4Q5QR4Q7TG4Q80B4Q81R4Q87G4Q8EB4Q8FR4Q8LG
692806,4Q5PB4Q5QR4Q7TG4Q80B4Q81R4Q87G4Q8EB4Q8FR4Q8LG
1017992,4Q5PB4Q5QR4Q7TG4Q80B4Q81R4Q87G4Q8EB4Q8FR4Q8LG
978549,4Q5PB4Q5QR4Q7TG4Q80B4Q81R4Q87G4Q8EB4Q8FR4Q8LG
859705,4Q5PB4Q5QR4Q7TG4Q80B4Q81R4Q87G4Q8EB4Q8FR4Q8LG
797565,4Q5PB4Q5QR4Q7TG4Q80B4Q81R4Q87G4Q8EB4Q8FR4Q8LG
692824,4Q5PB4Q5QR4Q7TG4Q80B4Q81R4Q87G4Q8EB4Q8FR4Q8LG
859709,4Q5PB4Q5QR4Q7TG4Q80B4Q81R4Q87G4Q8EB4Q8FR4Q8LG
692829,4Q5PB4Q5QR4Q7TG4Q80B4Q81R4Q87G4Q8EB4Q8FR4Q8LG
692831,4Q5PB4Q5QR4Q7TG4Q80B4Q81R4Q87G4Q8EB4Q8FR4Q8LG
692833,4Q5PB4Q5QR4Q7TG4Q80B4Q81R4Q87G4Q8EB4Q8FR4Q8LG
1045330,4Q5PB4Q5QR4Q7TG4Q80B4Q81R4Q87G4Q8EB4Q8FR4Q8LG
692809,4Q5PB4Q5QR4Q7TG4Q80B4Q81R4Q87G4Q8EB4Q8FR4Q8LG
737809,4Q5PB4Q5QR4Q7TG4Q80B4Q81R4Q87G4Q8EB4Q8FR4Q8LG
797563,4Q5PB4Q5QR4Q7TG4Q80B4Q81R4Q87G4Q8EB4Q8FR4Q8LG
797561,4Q5PB4Q5QR4Q7TG4Q80B4Q81R4Q87G4Q8EB4Q8FR4Q8LG
983675,4Q5PB4Q5QR4Q7TG4Q80B4Q81R4Q87G4Q8EB4Q8FR4Q8LG
911429,4Q5PB4Q5QR4Q7TG4Q80B4Q81R4Q87G4Q8EB4Q8FR4Q8LG
692828,4Q5PB4Q5QR4Q7TG4Q80B4Q81R4Q87G4Q8EB4Q8FR4Q8LG
685879,4Q5PB4Q5QR4Q7TG4Q80B4Q81R4Q87G4Q8EB4Q8FR4Q8LG
685880,4Q5PB4Q5QR4Q7TG4Q80B4Q81R4Q87G4Q8EB4Q8FR4Q8LG
685882,4Q5PB4Q5QR4Q7TG4Q80B4Q81R4Q87G4Q8EB4Q8FR4Q8LG
685904,4Q5PB4Q5QR4Q7TG4Q80B4Q81R4Q87G4Q8EB4Q8FR4Q8LG
685545,4Q5PB4Q5QR4Q7TG4Q80B4Q81R4Q87G4Q8EB4Q8FR4Q8LG
685914,4Q5PB4Q5QR4Q7TG4Q80B4Q81R4Q87G4Q8EB4Q8FR4Q8LG
863037,4Q5PB4Q5QR4Q7TG4Q80B4Q81R4Q87G4Q8EB4Q8FR4Q8LG
685915,4Q5PB4Q5QR4Q7TG4Q80B4Q81R4Q87G4Q8EB4Q8FR4Q8LG
685916,4Q5PB4Q5QR4Q7TG4Q80B4Q81R4Q87G4Q8EB4Q8FR4Q8LG
863038,4Q5PB4Q5QR4Q7TG4Q80B4Q81R4Q87G4Q8EB4Q8FR4Q8LG
685538,4Q5PB4Q5QR4Q7TG4Q80B4Q81R4Q87G4Q8EB4Q8FR4Q8LG
685917,4Q5PB4Q5QR4Q7TG4Q80B4Q81R4Q87G4Q8EB4Q8FR4Q8LG
685919,4Q5PB4Q5QR4Q7TG4Q80B4Q81R4Q87G4Q8EB4Q8FR4Q8LG
1036550,4Q5PB4Q5QR4Q7TG4Q80B4Q81R4Q87G4Q8EB4Q8FR4Q8LG
685921,4Q5PB4Q5QR4Q7TG4Q80B4Q81R4Q87G4Q8EB4Q8FR4Q8LG
723116,4Q5PB4Q5QR4Q7TG4Q80B4Q81R4Q87G4Q8EB4Q8FR4Q8LG
723118,4Q5PB4Q5QR4Q7TG4Q80B4Q81R4Q87G4Q8EB4Q8FR4Q8LG
723119,4Q5PB4Q5QR4Q7TG4Q80B4Q81R4Q87G4Q8EB4Q8FR4Q8LG
723121,4Q5PB4Q5QR4Q7TG4Q80B4Q81R4Q87G4Q8EB4Q8FR4Q8LG
821727,4Q5PB4Q5QR4Q7TG4Q80B4Q81R4Q87G4Q8EB4Q8FR4Q8LG
997614,4Q5PB4Q5QR4Q7TG4Q80B4Q81R4Q87G4Q8EB4Q8FR4Q8LG
685539,4Q5PB4Q5QR4Q7TG4Q80B4Q81R4Q87G4Q8EB4Q8FR4Q8LG
863032,4Q5PB4Q5QR4Q7TG4Q80B4Q81R4Q87G4Q8EB4Q8FR4Q8LG
685899,4Q5PB4Q5QR4Q7TG4Q80B4Q81R4Q87G4Q8EB4Q8FR4Q8LG
863033,4Q5PB4Q5QR4Q7TG4Q80B4Q81R4Q87G4Q8EB4Q8FR4Q8LG
685902,4Q5PB4Q5QR4Q7TG4Q80B4Q81R4Q87G4Q8EB4Q8FR4Q8LG
685903,4Q5PB4Q5QR4Q7TG4Q80B4Q81R4Q87G4Q8EB4Q8FR4Q8LG
863034,4Q5PB4Q5QR4Q7TG4Q80B4Q81R4Q87G4Q8EB4Q8FR4Q8LG
685906,4Q5PB4Q5QR4Q7TG4Q80B4Q81R4Q87G4Q8EB4Q8FR4Q8LG
685908,4Q5PB4Q5QR4Q7TG4Q80B4Q81R4Q87G4Q8EB4Q8FR4Q8LG
863035,4Q5PB4Q5QR4Q7TG4Q80B4Q81R4Q87G4Q8EB4Q8FR4Q8LG
685910,4Q5PB4Q5QR4Q7TG4Q80B4Q81R4Q87G4Q8EB4Q8FR4Q8LG
685541,4Q5PB4Q5QR4Q7TG4Q80B4Q81R4Q87G4Q8EB4Q8FR4Q8LG
685911,4Q5PB4Q5QR4Q7TG4Q80B4Q81R4Q87G4Q8EB4Q8FR4Q8LG
1037892,4Q5PB4Q5QR4Q7TG4Q80B4Q81R4Q87G4Q8EB4Q8FR4Q8LG
1016020,4Q5PB4Q5QR4Q7TG4Q80B4Q81R4Q87G4Q8EB4Q8FR4Q8LG
860494,4Q5PB4Q5QR4Q7TG4Q80B4Q81R4Q87G4Q8EB4Q8FR4Q8LG
726421,4Q5PB4Q5QR4Q7TG4Q80B4Q81R4Q87G4Q8EB4Q8FR4Q8LG
830988,4Q5PB4Q5QR4Q7TG4Q80B4Q81R4Q87G4Q8EB4Q8FR4Q8LG
860495,4Q5PB4Q5QR4Q7TG4Q80B4Q81R4Q87G4Q8EB4Q8FR4Q8LG
726424,4Q5PB4Q5QR4Q7TG4Q80B4Q81R4Q87G4Q8EB4Q8FR4Q8LG
997612,4Q5PB4Q5QR4Q7TG4Q80B4Q81R4Q87G4Q8EB4Q8FR4Q8LG
719911,4Q5PB4Q5QR4Q7TG4Q80B4Q81R4Q87G4Q8EB4Q8FR4Q8LG
719912,4Q5PB4Q5QR4Q7TG4Q80B4Q81R4Q87G4Q8EB4Q8FR4Q8LG
685543,4Q5PB4Q5QR4Q7TG4Q80B4Q81R4Q87G4Q8EB4Q8FR4Q8LG
685544,4Q5PB4Q5QR4Q7TG4Q80B4Q81R4Q87G4Q8EB4Q8FR4Q8LG
685546,4Q5PB4Q5QR4Q7TG4Q80B4Q81R4Q87G4Q8EB4Q8FR4Q8LG
685547,4Q5PB4Q5QR4Q7TG4Q80B4Q81R4Q87G4Q8EB4Q8FR4Q8LG
1036548,4Q5PB4Q5QR4Q7TG4Q80B4Q81R4Q87G4Q8EB4Q8FR4Q8LG
706801,4Q5PB4Q5QR4Q7TG4Q80B4Q81R4Q87G4Q8EB4Q8FR4Q8LG
706788,4Q5PB4Q5QR4Q7TG4Q80B4Q81R4Q87G4Q8EB4Q8FR4Q8LG
706807,4Q5PB4Q5QR4Q7TG4Q80B4Q81R4Q87G4Q8EB4Q8FR4Q8LG
706806,4Q5PB4Q5QR4Q7TG4Q80B4Q81R4Q87G4Q8EB4Q8FR4Q8LG
706804,4Q5PB4Q5QR4Q7TG4Q80B4Q81R4Q87G4Q8EB4Q8FR4Q8LG
706795,4Q5PB4Q5QR4Q7TG4Q80B4Q81R4Q87G4Q8EB4Q8FR4Q8LG
1046880,4Q5PB4Q5QR4Q7TG4Q80B4Q81R4Q87G4Q8EB4Q8FR4Q8LG
706808,4Q5PB4Q5QR4Q7TG4Q80B4Q81R4Q87G4Q8EB4Q8FR4Q8LG
706800,4Q5PB4Q5QR4Q7TG4Q80B4Q81R4Q87G4Q8EB4Q8FR4Q8LG
706798,4Q5PB4Q5QR4Q7TG4Q80B4Q81R4Q87G4Q8EB4Q8FR4Q8LG
735102,4Q5PB4Q5QR4Q7TG4Q80B4Q81R4Q87G4Q8EB4Q8FR4Q8LG
706791,4Q5PB4Q5QR4Q7TG4Q80B4Q81R4Q87G4Q8EB4Q8FR4Q8LG
690469,4Q5PB4Q5QR4Q7TG4Q80B4Q81R4Q87G4Q8EB4Q8FR4Q8LG
706790,4Q5PB4Q7TG4Q80B4Q87G4Q8EB4Q8LG4QAQB4QAXG4QB4B
690468,4Q5PB4Q5QR4Q7TG4Q80B4Q81R4Q87G4Q8EB4Q8FR4Q8LG
706781,4Q5PB4Q5QR4Q7TG4Q80B4Q81R4Q87G4Q8EB4Q8FR4Q8LG
1045319,4Q5PB4Q5QR4Q7TG4Q80B4Q81R4Q87G4Q8EB4Q8FR4Q8LG
706785,4Q5PB4Q5QR4Q7TG4Q80B4Q81R4Q87G4Q8EB4Q8FR4Q8LG
706784,4Q5PB4Q5QR4Q7TG4Q80B4Q81R4Q87G4Q8EB4Q8FR4Q8LG
722754,4Q5PB4Q5QR4Q7TG4Q80B4Q81R4Q87G4Q8EB4Q8FR4Q8LG
722755,4Q5PB4Q5QR4Q7TG4Q80B4Q81R4Q87G4Q8EB4Q8FR4Q8LG
722756,4Q5PB4Q5QR4Q7TG4Q80B4Q81R4Q87G4Q8EB4Q8FR4Q8LG
722758,4Q5PB4Q5QR4Q7TG4Q80B4Q81R4Q87G4Q8EB4Q8FR4Q8LG
722760,4Q5PB4Q5QR4Q7TG4Q80B4Q81R4Q87G4Q8EB4Q8FR4Q8LG
1008987,4Q5PB4Q5QR4Q7TG4Q80B4Q81R4Q87G4Q8EB4Q8FR4Q8LG
722762,4Q5PB4Q5QR4Q7TG4Q80B4Q81R4Q87G4Q8EB4Q8FR4Q8LG
722764,4Q5PB4Q5QR4Q7TG4Q80B4Q81R4Q87G4Q8EB4Q8FR4Q8LG
722766,4Q5PB4Q5QR4Q7TG4Q80B4Q81R4Q87G4Q8EB4Q8FR4Q8LG
722767,4Q5PB4Q5QR4Q7TG4Q80B4Q81R4Q87G4Q8EB4Q8FR4Q8LG
783387,4Q5PB4Q5QR4Q7TG4Q80B4Q81R4Q87G4Q8EB4Q8FR4Q8LG
722770,4Q5PB4Q5QR4Q7TG4Q80B4Q81R4Q87G4Q8EB4Q8FR4Q8LG
860500,4Q5PB4Q5QR4Q7TG4Q80B4Q81R4Q87G4Q8EB4Q8FR4Q8LG
722761,4Q5PB4Q5QR4Q7TG4Q80B4Q81R4Q87G4Q8EB4Q8FR4Q8LG
719935,4Q5PB4Q5QR4Q7TG4Q80B4Q81R4Q87G4Q8EB4Q8FR4Q8LG
719936,4Q5PB4Q5QR4Q7TG4Q80B4Q81R4Q87G4Q8EB4Q8FR4Q8LG
719938,4Q5PB4Q5QR4Q7TG4Q80B4Q81R4Q87G4Q8EB4Q8FR4Q8LG
860503,4Q5PB4Q5QR4Q7TG4Q80B4Q81R4Q87G4Q8EB4Q8FR4Q8LG
719940,4Q5PB4Q5QR4Q7TG4Q80B4Q81R4Q87G4Q8EB4Q8FR4Q8LG
719941,4Q5PB4Q5QR4Q7TG4Q80B4Q81R4Q87G4Q8EB4Q8FR4Q8LG
719942,4Q5PB4Q5QR4Q7TG4Q80B4Q81R4Q87G4Q8EB4Q8FR4Q8LG
719934,4Q5PB4Q5QR4Q7TG4Q80B4Q81R4Q87G4Q8EB4Q8FR4Q8LG
719945,4Q5PB4Q5QR4Q7TG4Q80B4Q81R4Q87G4Q8EB4Q8FR4Q8LG
719946,4Q5PB4Q5QR4Q7TG4Q80B4Q81R4Q87G4Q8EB4Q8FR4Q8LG
719948,4Q5PB4Q5QR4Q7TG4Q80B4Q81R4Q87G4Q8EB4Q8FR4Q8LG
719949,4Q5PB4Q5QR4Q7TG4Q80B4Q81R4Q87G4Q8EB4Q8FR4Q8LG
719950,4Q5PB4Q5QR4Q7TG4Q80B4Q81R4Q87G4Q8EB4Q8FR4Q8LG
719943,4Q5PB4Q5QR4Q7TG4Q80B4Q81R4Q87G4Q8EB4Q8FR4Q8LG
726419,4Q5PB4Q5QR4Q7TG4Q80B4Q81R4Q87G4Q8EB4Q8FR4Q8LG
719921,4Q5PB4Q5QR4Q7TG4Q80B4Q81R4Q87G4Q8EB4Q8FR4Q8LG
719922,4Q5PB4Q5QR4Q7TG4Q80B4Q81R4Q87G4Q8EB4Q8FR4Q8LG
1027429,4Q5PB4Q5QR4Q7TG4Q80B4Q81R4Q87G4Q8EB4Q8FR4Q8LG
719924,4Q5PB4Q5QR4Q7TG4Q80B4Q81R4Q87G4Q8EB4Q8FR4Q8LG
719926,4Q5PB4Q5QR4Q7TG4Q80B4Q81R4Q87G4Q8EB4Q8FR4Q8LG
719914,4Q5PB4Q5QR4Q7TG4Q80B4Q81R4Q87G4Q8EB4Q8FR4Q8LG
719927,4Q5PB4Q5QR4Q7TG4Q80B4Q81R4Q87G4Q8EB4Q8FR4Q8LG
719915,4Q5PB4Q5QR4Q7TG4Q80B4Q81R4Q87G4Q8EB4Q8FR4Q8LG
719916,4Q5PB4Q5QR4Q7TG4Q80B4Q81R4Q87G4Q8EB4Q8FR4Q8LG
860497,4Q5PB4Q5QR4Q7TG4Q80B4Q81R4Q87G4Q8EB4Q8FR4Q8LG
719918,4Q5PB4Q7TG4Q80B4Q87G4Q8EB4Q8LG4QAQB4QAXG4QB4B
1037889,4Q5PB4Q5QR4Q7TG4Q80B4Q81R4Q87G4Q8EB4Q8FR4Q8LG
860446,4Q5PB4Q5QR4Q7TG4Q80B4Q81R4Q87G4Q8EB4Q8FR4Q8LG
1037888,4Q5PB4Q5QR4Q7TG4Q80B4Q81R4Q87G4Q8EB4Q8FR4Q8LG
726356,4Q5PB4Q5QR4Q7TG4Q80B4Q81R4Q87G4Q8EB4Q8FR4Q8LG
725050,4Q5PB4Q5QR4Q7TG4Q80B4Q81R4Q87G4Q8EB4Q8FR4Q8LG
726359,4Q5PB4Q5QR4Q7TG4Q80B4Q81R4Q87G4Q8EB4Q8FR4Q8LG
726361,4Q5PB4Q5QR4Q7TG4Q80B4Q81R4Q87G4Q8EB4Q8FR4Q8LG
783366,4Q5PB4Q5QR4Q7TG4Q80B4Q81R4Q87G4Q8EB4Q8FR4Q8LG
721085,4Q5PB4Q5QR4Q7TG4Q80B4Q81R4Q87G4Q8EB4Q8FR4Q8LG
721086,4Q5PB4Q5QR4Q7TG4Q80B4Q81R4Q87G4Q8EB4Q8FR4Q8LG
726357,4Q5PB4Q5QR4Q7TG4Q80B4Q81R4Q87G4Q8EB4Q8FR4Q8LG
725037,4Q5PB4Q5QR4Q7TG4Q80B4Q81R4Q87G4Q8EB4Q8FR4Q8LG
725038,4Q5PB4Q5QR4Q7TG4Q80B4Q81R4Q87G4Q8EB4Q8FR4Q8LG
1037887,4Q5PB4Q5QR4Q7TG4Q80B4Q81R4Q87G4Q8EB4Q8FR4Q8LG
724142,4Q5PB4Q5QR4Q7TG4Q80B4Q81R4Q87G4Q8EB4Q8FR4Q8LG
860444,4Q5PB4Q5QR4Q7TG4Q80B4Q81R4Q87G4Q8EB4Q8FR4Q8LG
725035,4Q5PB4Q5QR4Q7TG4Q80B4Q81R4Q87G4Q8EB4Q8FR4Q8LG
725043,4Q5PB4Q5QR4Q7TG4Q80B4Q81R4Q87G4Q8EB4Q8FR4Q8LG
725044,4Q5PB4Q5QR4Q7TG4Q80B4Q81R4Q87G4Q8EB4Q8FR4Q8LG
725045,4Q5PB4Q5QR4Q7TG4Q80B4Q81R4Q87G4Q8EB4Q8FR4Q8LG
725046,4Q5PB4Q5QR4Q7TG4Q80B4Q81R4Q87G4Q8EB4Q8FR4Q8LG
725048,4Q5PB4Q5QR4Q7TG4Q80B4Q81R4Q87G4Q8EB4Q8FR4Q8LG
725041,4Q5PB4Q5QR4Q7TG4Q80B4Q81R4Q87G4Q8EB4Q8FR4Q8LG
721087,4Q5PB4Q5QR4Q7TG4Q80B4Q81R4Q87G4Q8EB4Q8FR4Q8LG
722733,4Q5PB4Q5QR4Q7TG4Q80B4Q81R4Q87G4Q8EB4Q8FR4Q8LG
1036557,4Q5PB4Q5QR4Q7TG4Q80B4Q81R4Q87G4Q8EB4Q8FR4Q8LG
719928,4Q5PB4Q5QR4Q7TG4Q80B4Q81R4Q87G4Q8EB4Q8FR4Q8LG
722736,4Q5PB4Q5QR4Q7TG4Q80B4Q81R4Q87G4Q8EB4Q8FR4Q8LG
830989,4Q5PB4Q5QR4Q7TG4Q80B4Q81R4Q87G4Q8EB4Q8FR4Q8LG
719931,4Q5PB4Q5QR4Q7TG4Q80B4Q81R4Q87G4Q8EB4Q8FR4Q8LG
719932,4Q5PB4Q5QR4Q7TG4Q80B4Q81R4Q87G4Q8EB4Q8FR4Q8LG
722751,4Q5PB4Q5QR4Q7TG4Q80B4Q81R4Q87G4Q8EB4Q8FR4Q8LG
786877,4Q5PB4Q5QR4Q7TG4Q80B4Q81R4Q87G4Q8EB4Q8FR4Q8LG
860445,4Q5PB4Q5QR4Q7TG4Q80B4Q81R4Q87G4Q8EB4Q8FR4Q8LG
725054,4Q5PB4Q5QR4Q7TG4Q80B4Q81R4Q87G4Q8EB4Q8FR4Q8LG
725055,4Q5PB4Q5QR4Q7TG4Q80B4Q81R4Q87G4Q8EB4Q8FR4Q8LG
783385,4Q5NB4Q5NG4Q5UB4Q7YB4Q85B4Q8CB4Q8CG4Q8JB4QAOB
722744,4Q5NB4Q5NG4Q5UB4Q7YB4Q85B4Q8CB4Q8CG4Q8JB4QAOB
722746,4Q5NB4Q5NG4Q5UB4Q7YB4Q85B4Q8CB4Q8CG4Q8JB4QAOB
722748,4Q5NB4Q5NG4Q5UB4Q7YB4Q85B4Q8CB4Q8CG4Q8JB4QAOB
722749,4Q5NB4Q5NG4Q5UB4Q7YB4Q85B4Q8CB4Q8CG4Q8JB4QAOB
898448,4Q5NB4Q5NG4Q5UB4Q7YB4Q85B4Q8CB4Q8CG4Q8JB4QAOB
722737,4Q5NB4Q5NG4Q5UB4Q7YB4Q85B4Q8CB4Q8CG4Q8JB4QAOB
722738,4Q5NB4Q5NG4Q5UB4Q7YB4Q85B4Q8CB4Q8CG4Q8JB4QAOB
722752,4Q5NB4Q5NG4Q5UB4Q7YB4Q85B4Q8CB4Q8CG4Q8JB4QAOB
722731,4Q5NB4Q5NG4Q5UB4Q7YB4Q85B4Q8CB4Q8CG4Q8JB4QAOB
1019474,4Q5NB4Q5NG4Q5UB4Q7YB4Q85B4Q8CB4Q8CG4Q8JB4QAOB
783367,4Q5PB4Q5QR4Q7TG4Q80B4Q81R4Q87G4Q8EB4Q8FR4Q8LG
722383,4Q5PB4Q5QR4Q7TG4Q80B4Q81R4Q87G4Q8EB4Q8FR4Q8LG
1027423,4Q5PB4Q5QR4Q7TG4Q80B4Q81R4Q87G4Q8EB4Q8FR4Q8LG
722385,4Q5PB4Q5QR4Q7TG4Q80B4Q81R4Q87G4Q8EB4Q8FR4Q8LG
722728,4Q5PB4Q5QR4Q7TG4Q80B4Q81R4Q87G4Q8EB4Q8FR4Q8LG
722831,4Q5PB4Q5QR4Q7TG4Q80B4Q81R4Q87G4Q8EB4Q8FR4Q8LG
996406,4Q5PB4Q7TG4Q80B4Q87G4Q8EB4Q8LG4QAQB4QAXG4QB4B
721626,4Q5PB4Q5QR4Q7TG4Q80B4Q81R4Q87G4Q8EB4Q8FR4Q8LG
831007,4Q5PB4Q5QR4Q7TG4Q80B4Q81R4Q87G4Q8EB4Q8FR4Q8LG
721396,4Q5PB4Q5QR4Q7TG4Q80B4Q81R4Q87G4Q8EB4Q8FR4Q8LG
861785,4Q5PB4Q5QR4Q7TG4Q80B4Q81R4Q87G4Q8EB4Q8FR4Q8LG
721628,4Q5PB4Q5QR4Q7TG4Q80B4Q81R4Q87G4Q8EB4Q8FR4Q8LG
785256,4Q5PB4Q5QR4Q7TG4Q80B4Q81R4Q87G4Q8EB4Q8FR4Q8LG
861788,4Q5PB4Q5QR4Q7TG4Q80B4Q81R4Q87G4Q8EB4Q8FR4Q8LG
1006421,4Q5PB4Q5QR4Q7TG4Q80B4Q81R4Q87G4Q8EB4Q8FR4Q8LG
861786,4Q5PB4Q5QR4Q7TG4Q80B4Q81R4Q87G4Q8EB4Q8FR4Q8LG
721632,4Q5PB4Q5QR4Q7TG4Q80B4Q81R4Q87G4Q8EB4Q8FR4Q8LG
721633,4Q5PB4Q5QR4Q7TG4Q80B4Q81R4Q87G4Q8EB4Q8FR4Q8LG
722740,4Q5PB4Q5QR4Q7TG4Q80B4Q81R4Q87G4Q8EB4Q8FR4Q8LG
721090,4Q5PB4Q5QR4Q7TG4Q80B4Q81R4Q87G4Q8EB4Q8FR4Q8LG
721091,4Q5PB4Q5QR4Q7TG4Q80B4Q81R4Q87G4Q8EB4Q8FR4Q8LG
861281,4Q5PB4Q5QR4Q7TG4Q80B4Q81R4Q87G4Q8EB4Q8FR4Q8LG
1027422,4Q5PB4Q5QR4Q7TG4Q80B4Q81R4Q87G4Q8EB4Q8FR4Q8LG
721394,4Q5PB4Q5QR4Q7TG4Q80B4Q81R4Q87G4Q8EB4Q8FR4Q8LG
722730,4Q5PB4Q5QR4Q7TG4Q80B4Q81R4Q87G4Q8EB4Q8FR4Q8LG
861280,4Q5PB4Q5QR4Q7TG4Q80B4Q81R4Q87G4Q8EB4Q8FR4Q8LG
781787,4Q5PB4Q5QR4Q7TG4Q80B4Q81R4Q87G4Q8EB4Q8FR4Q8LG
908672,4Q5PB4Q5QR4Q7TG4Q80B4Q81R4Q87G4Q8EB4Q8FR4Q8LG
1037891,4Q5PB4Q5QR4Q7TG4Q80B4Q81R4Q87G4Q8EB4Q8FR4Q8LG
721271,4Q5PB4Q5QR4Q7TG4Q80B4Q81R4Q87G4Q8EB4Q8FR4Q8LG
721272,4Q5PB4Q5QR4Q7TG4Q80B4Q81R4Q87G4Q8EB4Q8FR4Q8LG
721273,4Q5PB4Q5QR4Q7TG4Q80B4Q81R4Q87G4Q8EB4Q8FR4Q8LG
724475,4Q5PB4Q5QR4Q7TG4Q80B4Q81R4Q87G4Q8EB4Q8FR4Q8LG
861782,4Q5PB4Q5QR4Q7TG4Q80B4Q81R4Q87G4Q8EB4Q8FR4Q8LG
724492,4Q5PB4Q5QR4Q7TG4Q80B4Q81R4Q87G4Q8EB4Q8FR4Q8LG
724134,4Q5PB4Q5QR4Q7TG4Q80B4Q81R4Q87G4Q8EB4Q8FR4Q8LG
724135,4Q5PB4Q5QR4Q7TG4Q80B4Q81R4Q87G4Q8EB4Q8FR4Q8LG
724137,4Q5PB4Q5QR4Q7TG4Q80B4Q81R4Q87G4Q8EB4Q8FR4Q8LG
781786,4Q5PB4Q5QR4Q7TG4Q80B4Q81R4Q87G4Q8EB4Q8FR4Q8LG
721276,4Q5PB4Q5QR4Q7TG4Q80B4Q81R4Q87G4Q8EB4Q8FR4Q8LG
721618,4Q5PB4Q5QR4Q7TG4Q80B4Q81R4Q87G4Q8EB4Q8FR4Q8LG
724473,4Q5PB4Q5QR4Q7TG4Q80B4Q81R4Q87G4Q8EB4Q8FR4Q8LG
724483,4Q5PB4Q5QR4Q7TG4Q80B4Q81R4Q87G4Q8EB4Q8FR4Q8LG
724132,4Q5PB4Q5QR4Q7TG4Q80B4Q81R4Q87G4Q8EB4Q8FR4Q8LG
724477,4Q5NB4Q5QR4Q5UG4Q7YB4Q81R4Q85G4Q8CB4Q8FR4Q8JG
721622,4Q5PB4Q5QR4Q7TG4Q80B4Q81R4Q87G4Q8EB4Q8FR4Q8LG
1022672,4Q5PB4Q5QR4Q7TG4Q80B4Q81R4Q87G4Q8EB4Q8FR4Q8LG
684671,4Q5PB4Q5QR4Q7TG4Q80B4Q81R4Q87G4Q8EB4Q8FR4Q8LG
684672,4Q5PB4Q5QR4Q7TG4Q80B4Q81R4Q87G4Q8EB4Q8FR4Q8LG
684674,4Q5PB4Q5QR4Q7TG4Q80B4Q81R4Q87G4Q8EB4Q8FR4Q8LG
722169,4Q5PB4Q5QR4Q7TG4Q80B4Q81R4Q87G4Q8EB4Q8FR4Q8LG
722178,4Q5PB4Q5QR4Q7TG4Q80B4Q81R4Q87G4Q8EB4Q8FR4Q8LG
624030,4Q5PB4Q5QR4Q7TG4Q80B4Q81R4Q87G4Q8EB4Q8FR4Q8LG
722171,4Q5PB4Q5QR4Q7TG4Q80B4Q81R4Q87G4Q8EB4Q8FR4Q8LG
864128,4Q5PB4Q5QR4Q7TG4Q80B4Q81R4Q87G4Q8EB4Q8FR4Q8LG
722174,4Q5PB4Q5QR4Q7TG4Q80B4Q81R4Q87G4Q8EB4Q8FR4Q8LG
722175,4Q5PB4Q5QR4Q7TG4Q80B4Q81R4Q87G4Q8EB4Q8FR4Q8LG
722176,4Q5PB4Q5QR4Q7TG4Q80B4Q81R4Q87G4Q8EB4Q8FR4Q8LG
1003929,4Q5PB4Q5QR4Q7TG4Q80B4Q81R4Q87G4Q8EB4Q8FR4Q8LG
721646,4Q5PB4Q5QR4Q7TG4Q80B4Q81R4Q87G4Q8EB4Q8FR4Q8LG
722170,4Q5PB4Q5QR4Q7TG4Q80B4Q81R4Q87G4Q8EB4Q8FR4Q8LG
861789,4Q5PB4Q5QR4Q7TG4Q80B4Q81R4Q87G4Q8EB4Q8FR4Q8LG
721642,4Q5PB4Q5QR4Q7TG4Q80B4Q81R4Q87G4Q8EB4Q8FR4Q8LG
721643,4Q5PB4Q5QR4Q7TG4Q80B4Q81R4Q87G4Q8EB4Q8FR4Q8LG
861790,4Q5PB4Q5QR4Q7TG4Q80B4Q81R4Q87G4Q8EB4Q8FR4Q8LG
721645,4Q5PB4Q5QR4Q7TG4Q80B4Q81R4Q87G4Q8EB4Q8FR4Q8LG
721647,4Q5PB4Q5QR4Q7TG4Q80B4Q81R4Q87G4Q8EB4Q8FR4Q8LG
721648,4Q5PB4Q5QR4Q7TG4Q80B4Q81R4Q87G4Q8EB4Q8FR4Q8LG
721649,4Q5PB4Q80B4Q8EB4QAQB4QB4B4QDFB4QDTB
861787,4Q5PB4Q5QR4Q7TG4Q80B4Q81R4Q87G4Q8EB4Q8FR4Q8LG
721651,4Q5PB4Q5QR4Q7TG4Q80B4Q81R4Q87G4Q8EB4Q8FR4Q8LG
684663,4Q5PB4Q7TG4Q80B4Q87G4Q8EB4Q8LG4QAQB4QAXG4QB4B
684665,4Q5QR4Q7TG4Q81R4Q87G4Q8FR4Q8LG4QARR4QAXG4QB5R
684666,4Q5PB4Q5QR4Q7TG4Q80B4Q81R4Q87G4Q8EB4Q8FR4Q8LG
684669,4Q5PB4Q5QR4Q7TG4Q80B4Q81R4Q87G4Q8EB4Q8FR4Q8LG
722833,4Q5PB4Q5QR4Q7TG4Q80B4Q81R4Q87G4Q8EB4Q8FR4Q8LG
721635,4Q5PB4Q5QR4Q7TG4Q80B4Q81R4Q87G4Q8EB4Q8FR4Q8LG
783392,4Q5PB4Q5QR4Q7TG4Q80B4Q81R4Q87G4Q8EB4Q8FR4Q8LG
722834,4Q5PB4Q5QR4Q7TG4Q80B4Q81R4Q87G4Q8EB4Q8FR4Q8LG
722835,4Q5PB4Q5QR4Q7TG4Q80B4Q81R4Q87G4Q8EB4Q8FR4Q8LG
722837,4Q5PB4Q5QR4Q7TG4Q80B4Q81R4Q87G4Q8EB4Q8FR4Q8LG
722838,4Q5PB4Q5QR4Q7TG4Q80B4Q81R4Q87G4Q8EB4Q8FR4Q8LG
721637,4Q5PB4Q5QR4Q7TG4Q80B4Q81R4Q87G4Q8EB4Q8FR4Q8LG
724131,4Q5PB4Q5QR4Q7TG4Q80B4Q81R4Q87G4Q8EB4Q8FR4Q8LG
861659,4Q5PB4Q7TG4Q80B4Q87G4Q8EB4Q8LG4QAQB4QAXG4QB4B
724125,4Q5PB4Q5QR4Q7TG4Q80B4Q81R4Q87G4Q8EB4Q8FR4Q8LG
724126,4Q5PB4Q5QR4Q7TG4Q80B4Q81R4Q87G4Q8EB4Q8FR4Q8LG
724127,4Q5PB4Q5QR4Q7TG4Q80B4Q81R4Q87G4Q8EB4Q8FR4Q8LG
721630,4Q5PB4Q5QR4Q7TG4Q80B4Q81R4Q87G4Q8EB4Q8FR4Q8LG
1004679,4Q5PB4Q5QR4Q7TG4Q80B4Q81R4Q87G4Q8EB4Q8FR4Q8LG
724130,4Q5PB4Q5QR4Q7TG4Q80B4Q81R4Q87G4Q8EB4Q8FR4Q8LG
724123,4Q5PB4Q5QR4Q7TG4Q80B4Q81R4Q87G4Q8EB4Q8FR4Q8LG
1036559,4Q5PB4Q5QR4Q7TG4Q80B4Q81R4Q87G4Q8EB4Q8FR4Q8LG
1037890,4Q5PB4Q5QR4Q7TG4Q80B4Q81R4Q87G4Q8EB4Q8FR4Q8LG
721277,4Q5PB4Q5QR4Q7TG4Q80B4Q81R4Q87G4Q8EB4Q8FR4Q8LG
786881,4Q5PB4Q5QR4Q7TG4Q80B4Q81R4Q87G4Q8EB4Q8FR4Q8LG
783391,4Q5PB4Q5QR4Q7TG4Q80B4Q81R4Q87G4Q8EB4Q8FR4Q8LG
722822,4Q5PB4Q5QR4Q7TG4Q80B4Q81R4Q87G4Q8EB4Q8FR4Q8LG
1004855,4Q5PB4Q5QR4Q7TG4Q80B4Q81R4Q87G4Q8EB4Q8FR4Q8LG
722824,4Q5PB4Q5QR4Q7TG4Q80B4Q81R4Q87G4Q8EB4Q8FR4Q8LG
722826,4Q5PB4Q5QR4Q7TG4Q80B4Q81R4Q87G4Q8EB4Q8FR4Q8LG
861657,4Q5PB4Q5QR4Q7TG4Q80B4Q81R4Q87G4Q8EB4Q8FR4Q8LG
722828,4Q5PB4Q5QR4Q7TG4Q80B4Q81R4Q87G4Q8EB4Q8FR4Q8LG
722829,4Q5PB4Q5QR4Q80B4Q81R4Q8EB4Q8FR4QAQB4QARR4QB4B
721278,4Q5PB4Q5QR4Q7TG4Q80B4Q81R4Q87G4Q8EB4Q8FR4Q8LG
861658,4Q5PB4Q5QR4Q7TG4Q80B4Q81R4Q87G4Q8EB4Q8FR4Q8LG
1008990,4Q5PB4Q5QR4Q7TG4Q80B4Q81R4Q87G4Q8EB4Q8FR4Q8LG
1036558,4Q5PB4Q5QR4Q7TG4Q80B4Q81R4Q87G4Q8EB4Q8FR4Q8LG
1036560,4Q5PB4Q5QR4Q7TG4Q80B4Q81R4Q87G4Q8EB4Q8FR4Q8LG
1037884,4Q5PB4Q5QR4Q7TG4Q80B4Q81R4Q87G4Q8EB4Q8FR4Q8LG
724485,4Q5PB4Q5QR4Q7TG4Q80B4Q81R4Q87G4Q8EB4Q8FR4Q8LG
724487,4Q5PB4Q5QR4Q7TG4Q80B4Q81R4Q87G4Q8EB4Q8FR4Q8LG
724488,4Q5PB4Q5QR4Q7TG4Q80B4Q81R4Q87G4Q8EB4Q8FR4Q8LG
724490,4Q5PB4Q5QR4Q7TG4Q80B4Q81R4Q87G4Q8EB4Q8FR4Q8LG
861781,4Q5PB4Q7TG4Q80B4Q87G4Q8EB4Q8LG4QAQB4QAXG4QB4B
721282,4Q5PB4Q5QR4Q7TG4Q80B4Q81R4Q87G4Q8EB4Q8FR4Q8LG
1033564,4Q5PB4Q5QR4Q7TG4Q80B4Q81R4Q87G4Q8EB4Q8FR4Q8LG
992340,4Q5PB4Q5QR4Q7TG4Q80B4Q81R4Q87G4Q8EB4Q8FR4Q8LG
898449,4Q5PB4Q5QR4Q7TG4Q80B4Q81R4Q87G4Q8EB4Q8FR4Q8LG
898451,4Q5PB4Q7TG4Q80B4Q87G4Q8EB4Q8LG4QAQB4QAXG4QB4B
898450,4Q5PB4Q5QR4Q7TG4Q80B4Q81R4Q87G4Q8EB4Q8FR4Q8LG
682166,4Q5NG4Q5OB4Q5VB4Q7ZB4Q86B4Q8CG4Q8DB4Q8KB4QAPB
823388,4Q5NG4Q5OB4Q5VB4Q7ZB4Q86B4Q8CG4Q8DB4Q8KB4QAPB
1048563,4Q5NG4Q5OB4Q5VB4Q7ZB4Q86B4Q8CG4Q8DB4Q8KB4QAPB
682168,4Q5NG4Q5OB4Q5VB4Q7ZB4Q86B4Q8CG4Q8DB4Q8KB4QAPB
1048564,4Q5NG4Q5OB4Q5VB4Q7ZB4Q86B4Q8CG4Q8DB4Q8KB4QAPB
1048565,4Q5NG4Q5OB4Q5VB4Q7ZB4Q86B4Q8CG4Q8DB4Q8KB4QAPB
682162,4Q5NG4Q5OB4Q5VB4Q7ZB4Q86B4Q8CG4Q8DB4Q8KB4QAPB
786820,4Q5NG4Q5OB4Q5VB4Q7ZB4Q86B4Q8CG4Q8DB4Q8KB4QAPB
722931,4Q5NG4Q5OB4Q5VB4Q7ZB4Q86B4Q8CG4Q8DB4Q8KB4QAPB
722933,4Q5NG4Q5OB4Q5VB4Q7ZB4Q86B4Q8CG4Q8DB4Q8KB4QAPB
722935,4Q5NG4Q5OB4Q5VB4Q7ZB4Q86B4Q8CG4Q8DB4Q8KB4QAPB
722936,4Q5NG4Q5OB4Q5VB4Q7ZB4Q86B4Q8CG4Q8DB4Q8KB4QAPB
682156,4Q5NG4Q5OB4Q5VB4Q7ZB4Q86B4Q8CG4Q8DB4Q8KB4QAPB
823389,4Q5NG4Q5OB4Q5VB4Q7ZB4Q86B4Q8CG4Q8DB4Q8KB4QAPB
682150,4Q5NG4Q5OB4Q5VB4Q7ZB4Q86B4Q8CG4Q8DB4Q8KB4QAPB
682151,4Q5NG4Q5OB4Q5VB4Q7ZB4Q86B4Q8CG4Q8DB4Q8KB4QAPB
724479,4Q5NG4Q5OB4Q5VB4Q7ZB4Q86B4Q8CG4Q8DB4Q8KB4QAPB
1040591,4Q5NG4Q5OB4Q5VB4Q7ZB4Q86B4Q8CG4Q8DB4Q8KB4QAPB
724482,4Q5NG4Q5OB4Q5VB4Q7ZB4Q86B4Q8CG4Q8DB4Q8KB4QAPB
725051,4Q5NG4Q5OB4Q5VB4Q7ZB4Q86B4Q8CG4Q8DB4Q8KB4QAPB
685912,4Q5NG4Q5OB4Q5VB4Q7ZB4Q86B4Q8CG4Q8DB4Q8KB4QAPB
823387,4Q5NG4Q5OB4Q5VB4Q7ZB4Q86B4Q8CG4Q8DB4Q8KB4QAPB
682165,4Q5NG4Q5OB4Q5VB4Q7ZB4Q86B4Q8CG4Q8DB4Q8KB4QAPB
1121259,4Q5NG4Q5OB4Q5VB4Q7ZB4Q86B4Q8CG4Q8DB4Q8KB4QAPB
1121253,4Q5NG4Q5OB4Q5VB4Q7ZB4Q86B4Q8CG4Q8DB4Q8KB4QAPB
1121260,4Q5NG4Q5OB4Q5VB4Q7ZB4Q86B4Q8CG4Q8DB4Q8KB4QAPB
1121254,4Q5NG4Q5OB4Q5VB4Q7ZB4Q86B4Q8CG4Q8DB4Q8KB4QAPB
1121261,4Q5NG4Q5OB4Q5VB4Q7ZB4Q86B4Q8CG4Q8DB4Q8KB4QAPB
1121255,4Q5NG4Q5OB4Q5VB4Q7ZB4Q86B4Q8CG4Q8DB4Q8KB4QAPB
1121262,4Q5NG4Q5OB4Q5VB4Q7ZB4Q86B4Q8CG4Q8DB4Q8KB4QAPB
1121256,4Q5NG4Q5OB4Q5VB4Q7ZB4Q86B4Q8CG4Q8DB4Q8KB4QAPB
1121263,4Q5NG4Q5OB4Q5VB4Q7ZB4Q86B4Q8CG4Q8DB4Q8KB4QAPB
1121257,4Q5NG4Q5OB4Q5VB4Q7ZB4Q86B4Q8CG4Q8DB4Q8KB4QAPB
1121258,4Q5NG4Q5OB4Q5VB4Q7ZB4Q86B4Q8CG4Q8DB4Q8KB4QAPB
778862,4Q5PR4Q5QG4Q7UB4Q80R4Q81G4Q88B4Q8ER4Q8FG4Q8MB
835651,4Q5PR4Q5QG4Q7UB4Q80R4Q81G4Q88B4Q8ER4Q8FG4Q8MB
835647,4Q5PR4Q5QG4Q7UB4Q80R4Q81G4Q88B4Q8ER4Q8FG4Q8MB
835650,4Q5PR4Q5QG4Q7UB4Q80R4Q81G4Q88B4Q8ER4Q8FG4Q8MB
1043739,4Q5PR4Q5QG4Q7UB4Q80R4Q81G4Q88B4Q8ER4Q8FG4Q8MB
1000883,4Q5PR4Q5QG4Q7UB4Q80R4Q81G4Q88B4Q8ER4Q8FG4Q8MB
832825,4Q5PR4Q5QG4Q7UB4Q80R4Q81G4Q88B4Q8ER4Q8FG4Q8MB
682161,4Q5NG4Q5OB4Q5VB4Q7ZB4Q86B4Q8CG4Q8DB4Q8KB4QAPB
722940,4Q5NG4Q5OB4Q5VB4Q7ZB4Q86B4Q8CG4Q8DB4Q8KB4QAPB
723274,4Q5NG4Q5OB4Q5VB4Q7ZB4Q86B4Q8CG4Q8DB4Q8KB4QAPB
723275,4Q5NG4Q5OB4Q5VB4Q7UR4Q7ZB4Q86B4Q88R4Q8CG4Q8DB
723277,4Q5NG4Q5OB4Q5VB4Q7ZB4Q86B4Q8CG4Q8DB4Q8KB4QAPB
722954,4Q5NG4Q5OB4Q5VB4Q7ZB4Q86B4Q8CG4Q8DB4Q8KB4QAPB
723279,4Q5NG4Q5OB4Q5VB4Q7UR4Q7ZB4Q86B4Q88R4Q8CG4Q8DB
859146,4Q5NG4Q5OB4Q5VB4Q7ZB4Q86B4Q8CG4Q8DB4Q8KB4QAPB
723281,4Q5NG4Q5OB4Q5VB4Q7UR4Q7ZB4Q86B4Q88R4Q8CG4Q8DB
723282,4Q5NG4Q5OB4Q5VB4Q7UR4Q7ZB4Q86B4Q88R4Q8CG4Q8DB
723283,4Q5NG4Q5OB4Q5VB4Q7UR4Q7ZB4Q86B4Q88R4Q8CG4Q8DB
722946,4Q5NG4Q5OB4Q5VB4Q7UR4Q7ZB4Q86B4Q88R4Q8CG4Q8DB
1040594,4Q5NG4Q5OB4Q5VB4Q7UR4Q7ZB4Q86B4Q88R4Q8CG4Q8DB
722941,4Q5NG4Q5OB4Q5VB4Q7UR4Q7ZB4Q86B4Q88R4Q8CG4Q8DB
786821,4Q5NG4Q5OB4Q5VB4Q7UR4Q7ZB4Q86B4Q88R4Q8CG4Q8DB
1040593,4Q5NG4Q5OB4Q5VB4Q7UR4Q7ZB4Q86B4Q88R4Q8CG4Q8DB
722943,4Q5NG4Q5OB4Q5VB4Q7UR4Q7ZB4Q86B4Q88R4Q8CG4Q8DB
722944,4Q5NG4Q5OB4Q5VB4Q7UR4Q7ZB4Q86B4Q88R4Q8CG4Q8DB
722953,4Q5NG4Q5OB4Q5VB4Q7UR4Q7ZB4Q86B4Q88R4Q8CG4Q8DB
722939,4Q5NG4Q5OB4Q5VB4Q7ZB4Q86B4Q8CG4Q8DB4Q8KB4QAPB
722947,4Q5NG4Q5OB4Q5VB4Q7UR4Q7ZB4Q86B4Q88R4Q8CG4Q8DB
682158,4Q5NG4Q5OB4Q5VB4Q7UR4Q7ZB4Q86B4Q88R4Q8CG4Q8DB
682159,4Q5NG4Q5OB4Q5VB4Q7ZB4Q86B4Q8CG4Q8DB4Q8KB4QAPB
869920,4Q5LB4Q5QR4Q5SG4Q7WB4Q81R4Q83G4Q8AB4Q8FR4Q8HG
1038915,4Q5LB4Q5QR4Q5SG4Q7WB4Q81R4Q83G4Q8AB4Q8FR4Q8HG
872030,4Q5LB4Q5QR4Q5SG4Q7WB4Q81R4Q83G4Q8AB4Q8FR4Q8HG
661022,4Q5LB4Q5QR4Q5SG4Q7WB4Q81R4Q83G4Q8AB4Q8FR4Q8HG
1012661,4Q5PG4Q7TB4Q7UR4Q80G4Q87B4Q88R4Q8EG4Q8LB4Q8MR
843784,4Q5PG4Q7TB4Q7UR4Q80G4Q87B4Q88R4Q8EG4Q8LB4Q8MR
703570,4Q5PG4Q7TB4Q7UR4Q80G4Q87B4Q88R4Q8EG4Q8LB4Q8MR
880944,4Q5PG4Q7TB4Q7UR4Q80G4Q87B4Q88R4Q8EG4Q8LB4Q8MR
703270,4Q5PG4Q7TB4Q7UR4Q80G4Q87B4Q88R4Q8EG4Q8LB4Q8MR
880930,4Q5PG4Q7TB4Q7UR4Q80G4Q87B4Q88R4Q8EG4Q8LB4Q8MR
879706,4Q5PG4Q7TB4Q7UR4Q80G4Q87B4Q88R4Q8EG4Q8LB4Q8MR
880937,4Q5PG4Q7TB4Q7UR4Q80G4Q87B4Q88R4Q8EG4Q8LB4Q8MR
879703,4Q5PG4Q7TB4Q7UR4Q80G4Q87B4Q88R4Q8EG4Q8LB4Q8MR
995545,4Q5PG4Q7TB4Q7UR4Q80G4Q87B4Q88R4Q8EG4Q8LB4Q8MR
703568,4Q5PG4Q7TB4Q7UR4Q80G4Q87B4Q88R4Q8EG4Q8LB4Q8MR
879714,4Q5PG4Q7TB4Q7UR4Q80G4Q87B4Q88R4Q8EG4Q8LB4Q8MR
884330,4Q5PG4Q7TB4Q7UR4Q80G4Q87B4Q88R4Q8EG4Q8LB4Q8MR
661256,4Q5PG4Q7TB4Q7UR4Q80G4Q87B4Q88R4Q8EG4Q8LB4Q8MR
884369,4Q5PG4Q7TB4Q7UR4Q80G4Q87B4Q88R4Q8EG4Q8LB4Q8MR
842670,4Q5PG4Q7TB4Q7UR4Q80G4Q87B4Q88R4Q8EG4Q8LB4Q8MR
884379,4Q5PG4Q7TB4Q7UR4Q80G4Q87B4Q88R4Q8EG4Q8LB4Q8MR
755503,4Q5PG4Q7TB4Q7UR4Q80G4Q87B4Q88R4Q8EG4Q8LB4Q8MR
842680,4Q5PG4Q7TB4Q7UR4Q80G4Q87B4Q88R4Q8EG4Q8LB4Q8MR
884375,4Q5PG4Q7TB4Q7UR4Q80G4Q87B4Q88R4Q8EG4Q8LB4Q8MR
884388,4Q5PG4Q7TB4Q7UR4Q80G4Q87B4Q88R4Q8EG4Q8LB4Q8MR
824892,4Q5PG4Q7TB4Q7UR4Q80G4Q87B4Q88R4Q8EG4Q8LB4Q8MR
926818,4Q5PG4Q7TB4Q7UR4Q80G4Q87B4Q88R4Q8EG4Q8LB4Q8MR
824893,4Q5PG4Q7TB4Q7UR4Q80G4Q87B4Q88R4Q8EG4Q8LB4Q8MR
880940,4Q5PG4Q7TB4Q7UR4Q80G4Q87B4Q88R4Q8EG4Q8LB4Q8MR
703571,4Q5PG4Q7TB4Q7UR4Q80G4Q87B4Q88R4Q8EG4Q8LB4Q8MR
880939,4Q5PG4Q7TB4Q7UR4Q80G4Q87B4Q88R4Q8EG4Q8LB4Q8MR
884371,4Q5PG4Q7TB4Q7UR4Q80G4Q87B4Q88R4Q8EG4Q8LB4Q8MR
843769,4Q5PG4Q7TB4Q7UR4Q80G4Q87B4Q88R4Q8EG4Q8LB4Q8MR
884378,4Q5PG4Q7TB4Q7UR4Q80G4Q87B4Q88R4Q8EG4Q8LB4Q8MR
845717,4Q5PG4Q7TB4Q7UR4Q80G4Q87B4Q88R4Q8EG4Q8LB4Q8MR
1103788,4Q5PG4Q7TB4Q7TR4Q80G4Q87B4Q87R4Q8EG4Q8LB4Q8LR
1103787,4Q5PG4Q7TB4Q7TR4Q80G4Q87B4Q87R4Q8EG4Q8LB4Q8LR
1103786,4Q5PG4Q7TB4Q7TR4Q80G4Q87B4Q87R4Q8EG4Q8LB4Q8LR
1103785,4Q5PG4Q7TB4Q7TR4Q80G4Q87B4Q87R4Q8EG4Q8LB4Q8LR
1103784,4Q5PG4Q7TB4Q7TR4Q80G4Q87B4Q87R4Q8EG4Q8LB4Q8LR
1103783,4Q5PG4Q7TB4Q7TR4Q80G4Q87B4Q87R4Q8EG4Q8LB4Q8LR
755484,4Q5RB4Q5SR4Q7VG4Q82B4Q83R4Q89G4Q8GB4Q8HR4QALG
842009,4Q5RB4Q7VG4Q82B4Q89G4Q8GB4QALG4QASB4QAZG4QB6B
822671,4Q5RB4Q7VG4Q82B4Q89G4Q8GB4QALG4QASB4QAZG4QB6B
822674,4Q5RB4Q5SR4Q7VG4Q82B4Q83R4Q89G4Q8GB4Q8HR4QALG
839314,4Q5RB4Q7VG4Q82B4Q89G4Q8GB4QALG4QASB4QAZG4QB6B
839336,4Q5RB4Q5SR4Q7VG4Q82B4Q83R4Q89G4Q8GB4Q8HR4QALG
839315,4Q5RB4Q7VG4Q82B4Q89G4Q8GB4QALG4QASB4QAZG4QB6B
823087,4Q5RB4Q5SR4Q7VG4Q82B4Q83R4Q89G4Q8GB4Q8HR4QALG
839327,4Q5RB4Q7VG4Q82B4Q89G4Q8GB4QALG4QASB4QAZG4QB6B
755487,4Q5RB4Q5SR4Q7VG4Q82B4Q83R4Q89G4Q8GB4Q8HR4QALG
842325,4Q5RB4Q5SR4Q7VG4Q82B4Q83R4Q89G4Q8GB4Q8HR4QALG
839341,4Q5RB4Q5SR4Q7VG4Q82B4Q83R4Q89G4Q8GB4Q8HR4QALG
755486,4Q5RB4Q5SR4Q7VG4Q82B4Q83R4Q89G4Q8GB4Q8HR4QALG
1019809,4Q5RB4Q5SR4Q7VG4Q82B4Q83R4Q89G4Q8GB4Q8HR4QALG
755502,4Q5RB4Q5SR4Q7VG4Q82B4Q83R4Q89G4Q8GB4Q8HR4QALG
839343,4Q5RB4Q7VG4Q82B4Q89G4Q8GB4QALG4QASB4QAZG4QB6B
755482,4Q5RB4Q7VG4Q82B4Q89G4Q8GB4QALG4QASB4QAZG4QB6B
839335,4Q5RB4Q7VG4Q82B4Q89G4Q8GB4QALG4QASB4QAZG4QB6B
864614,4Q5LB4Q5SG4Q5SG4Q7WB4Q83G4Q83G4Q8AB4Q8HG4Q8HG
721536,4Q5LB4Q5SG4Q5SG4Q7WB4Q83G4Q83G4Q8AB4Q8HG4Q8HG
722951,4Q5LB4Q5SG4Q5SG4Q7WB4Q83G4Q83G4Q8AB4Q8HG4Q8HG
619810,4Q5LB4Q5SG4Q5SG4Q7WB4Q83G4Q83G4Q8AB4Q8HG4Q8HG
722952,4Q5LB4Q5SG4Q5SG4Q7WB4Q83G4Q83G4Q8AB4Q8HG4Q8HG
619811,4Q5LB4Q5SG4Q5SG4Q7WB4Q83G4Q83G4Q8AB4Q8HG4Q8HG
619812,4Q5LB4Q5SG4Q5SG4Q7WB4Q83G4Q83G4Q8AB4Q8HG4Q8HG
671482,4Q5LB4Q5SG4Q5SG4Q7WB4Q83G4Q83G4Q8AB4Q8HG4Q8HG
1027427,4Q5LB4Q5SG4Q5SG4Q7WB4Q83G4Q83G4Q8AB4Q8HG4Q8HG
619813,4Q5LB4Q5SG4Q5SG4Q7WB4Q83G4Q83G4Q8AB4Q8HG4Q8HG
721534,4Q5LB4Q5SG4Q5SG4Q7WB4Q83G4Q83G4Q8AB4Q8HG4Q8HG
864613,4Q5LB4Q5SG4Q5SG4Q7WB4Q83G4Q83G4Q8AB4Q8HG4Q8HG
619814,4Q5LB4Q5SG4Q5SG4Q7WB4Q83G4Q83G4Q8AB4Q8HG4Q8HG
1003469,4Q5LB4Q5SG4Q5SG4Q7WB4Q83G4Q83G4Q8AB4Q8HG4Q8HG
619815,4Q5LB4Q5SG4Q5SG4Q7WB4Q83G4Q83G4Q8AB4Q8HG4Q8HG
721537,4Q5LB4Q5SG4Q7WB4Q83G4Q8AB4Q8HG4QAMB4QATG4QB0B
853034,4Q5RB4Q5RR4Q7VG4Q82B4Q82R4Q89G4Q8GB4Q8GR4QALG
941675,4Q5RB4Q5RR4Q7VG4Q82B4Q82R4Q89G4Q8GB4Q8GR4QALG
790077,4Q5PG4Q7TB4Q7TR4Q80G4Q87B4Q87R4Q8EG4Q8LB4Q8LR
879488,4Q5PG4Q7TB4Q80G4Q87B4Q8EG4Q8LB4QAQG4QAXB4QB4G
1006162,4Q5PG4Q7TB4Q7TR4Q80G4Q87B4Q87R4Q8EG4Q8LB4Q8LR
740425,4Q5PG4Q7TB4Q7TR4Q80G4Q87B4Q87R4Q8EG4Q8LB4Q8LR
896081,4Q5PG4Q7TB4Q7TR4Q80G4Q87B4Q87R4Q8EG4Q8LB4Q8LR
800280,4Q5PG4Q7TB4Q7TR4Q80G4Q87B4Q87R4Q8EG4Q8LB4Q8LR
879492,4Q5PG4Q7TB4Q80G4Q87B4Q8EG4Q8LB4QAQG4QAXB4QB4G
1059066,4Q5PG4Q7TB4Q7TR4Q80G4Q87B4Q87R4Q8EG4Q8LB4Q8LR
879863,4Q5PG4Q5PR4Q7TB4Q80G4Q80R4Q87B4Q8EG4Q8ER4Q8LB
956647,4Q5PG4Q7TB4Q7TR4Q80G4Q87B4Q87R4Q8EG4Q8LB4Q8LR
842555,4Q5PG4Q7TB4Q7TR4Q80G4Q87B4Q87R4Q8EG4Q8LB4Q8LR
840406,4Q5RB4Q5RR4Q7VG4Q82B4Q82R4Q89G4Q8GB4Q8GR4QALG
840408,4Q5RB4Q5RR4Q7VG4Q82B4Q82R4Q89G4Q8GB4Q8GR4QALG
840411,4Q5RB4Q5RR4Q7VG4Q82B4Q82R4Q89G4Q8GB4Q8GR4QALG
1014050,4Q5RB4Q5RR4Q7VG4Q82B4Q82R4Q89G4Q8GB4Q8GR4QALG
824499,4Q5RB4Q5RR4Q7VG4Q82B4Q82R4Q89G4Q8GB4Q8GR4QALG
885554,4Q5RB4Q5RR4Q7VG4Q82B4Q82R4Q89G4Q8GB4Q8GR4QALG
885556,4Q5RB4Q5RR4Q7VG4Q82B4Q82R4Q89G4Q8GB4Q8GR4QALG
885557,4Q5RB4Q5RR4Q7VG4Q82B4Q82R4Q89G4Q8GB4Q8GR4QALG
885566,4Q5RB4Q5RR4Q7VG4Q82B4Q82R4Q89G4Q8GB4Q8GR4QALG
840449,4Q5RB4Q5RR4Q7VG4Q82B4Q82R4Q89G4Q8GB4Q8GR4QALG
885561,4Q5RB4Q5RR4Q7VG4Q82B4Q82R4Q89G4Q8GB4Q8GR4QALG
885563,4Q5RB4Q5RR4Q7VG4Q82B4Q82R4Q89G4Q8GB4Q8GR4QALG
885564,4Q5RB4Q5RR4Q7VG4Q82B4Q82R4Q89G4Q8GB4Q8GR4QALG
840441,4Q5RB4Q5RR4Q7VG4Q82B4Q82R4Q89G4Q8GB4Q8GR4QALG
885558,4Q5RB4Q5RR4Q7VG4Q82B4Q82R4Q89G4Q8GB4Q8GR4QALG
840434,4Q5RB4Q5RR4Q7VG4Q82B4Q82R4Q89G4Q8GB4Q8GR4QALG
885187,4Q5RB4Q5RR4Q7VG4Q82B4Q82R4Q89G4Q8GB4Q8GR4QALG
823371,4Q5RB4Q5RR4Q7VG4Q82B4Q82R4Q89G4Q8GB4Q8GR4QALG
840404,4Q5RB4Q5RR4Q7VG4Q82B4Q82R4Q89G4Q8GB4Q8GR4QALG
784073,4Q5RB4Q5RR4Q7VG4Q82B4Q82R4Q89G4Q8GB4Q8GR4QALG
719985,4Q5QB4Q7UG4Q81B4Q88G4Q8FB4Q8MG4QARB4QAYG4QB5B
1043633,4Q5QB4Q7UG4Q81B4Q88G4Q8FB4Q8MG4QARB4QAYG4QB5B
719990,4Q5LR4Q5QB4Q7UG4Q7WR4Q81B4Q88G4Q8AR4Q8FB4Q8MG
721523,4Q5LR4Q5PB4Q7TG4Q7WR4Q80B4Q87G4Q8AR4Q8EB4Q8LG
898452,4Q5LR4Q5QB4Q7UG4Q7WR4Q81B4Q88G4Q8AR4Q8FB4Q8MG
898453,4Q5LR4Q5QB4Q7UG4Q7WR4Q81B4Q88G4Q8AR4Q8FB4Q8MG
898454,4Q5QB4Q7UG4Q81B4Q88G4Q8FB4Q8MG4QARB4QAYG4QB5B
1043628,4Q5LR4Q5PB4Q7TG4Q7WR4Q80B4Q87G4Q8AR4Q8EB4Q8LG
898455,4Q5QB4Q7UG4Q81B4Q88G4Q8FB4Q8MG4QARB4QAYG4QB5B
719966,4Q5LR4Q5QB4Q7UG4Q7WR4Q81B4Q88G4Q8AR4Q8FB4Q8MG
719984,4Q5LR4Q5QB4Q7UG4Q7WR4Q81B4Q88G4Q8AR4Q8FB4Q8MG
721525,4Q5LR4Q5PB4Q7TG4Q7WR4Q80B4Q87G4Q8AR4Q8EB4Q8LG
723286,4Q5LR4Q5QB4Q7UG4Q7WR4Q81B4Q88G4Q8AR4Q8FB4Q8MG
859148,4Q5QB4Q7UG4Q81B4Q88G4Q8FB4Q8MG4QARB4QAYG4QB5B
723288,4Q5LR4Q5QB4Q7UG4Q7WR4Q81B4Q88G4Q8AR4Q8FB4Q8MG
1043629,4Q5QB4Q7UG4Q81B4Q88G4Q8FB4Q8MG4QARB4QAYG4QB5B
859149,4Q5LR4Q5QB4Q7UG4Q7WR4Q81B4Q88G4Q8AR4Q8FB4Q8MG
719965,4Q5LR4Q5QB4Q7UG4Q7WR4Q81B4Q88G4Q8AR4Q8FB4Q8MG
859147,4Q5LR4Q5QB4Q7UG4Q7WR4Q81B4Q88G4Q8AR4Q8FB4Q8MG
719968,4Q5LR4Q5QB4Q7UG4Q7WR4Q81B4Q88G4Q8AR4Q8FB4Q8MG
719970,4Q5LR4Q5QB4Q7UG4Q7WR4Q81B4Q88G4Q8AR4Q8FB4Q8MG
719972,4Q5LR4Q5QB4Q7UG4Q7WR4Q81B4Q88G4Q8AR4Q8FB4Q8MG
721526,4Q5LR4Q5PB4Q7TG4Q7WR4Q80B4Q87G4Q8AR4Q8EB4Q8LG
1043632,4Q5QB4Q7UG4Q81B4Q88G4Q8FB4Q8MG4QARB4QAYG4QB5B
719974,4Q5QB4Q7UG4Q81B4Q88G4Q8FB4Q8MG4QARB4QAYG4QB5B
719964,4Q5LR4Q5QB4Q7UG4Q7WR4Q81B4Q88G4Q8AR4Q8FB4Q8MG
720009,4Q5LR4Q5QB4Q7UG4Q7WR4Q81B4Q88G4Q8AR4Q8FB4Q8MG
720010,4Q5LR4Q5QB4Q7UG4Q7WR4Q81B4Q88G4Q8AR4Q8FB4Q8MG
721527,4Q5LR4Q5PB4Q7TG4Q7WR4Q80B4Q87G4Q8AR4Q8EB4Q8LG
720012,4Q5LR4Q5QB4Q7UG4Q7WR4Q81B4Q88G4Q8AR4Q8FB4Q8MG
720014,4Q5LR4Q5QB4Q7UG4Q7WR4Q81B4Q88G4Q8AR4Q8FB4Q8MG
720015,4Q5LR4Q5QB4Q7UG4Q7WR4Q81B4Q88G4Q8AR4Q8FB4Q8MG
786885,4Q5LR4Q5QB4Q7UG4Q7WR4Q81B4Q88G4Q8AR4Q8FB4Q8MG
724638,4Q5LR4Q5QB4Q7UG4Q7WR4Q81B4Q88G4Q8AR4Q8FB4Q8MG
721529,4Q5LR4Q5PB4Q7TG4Q7WR4Q80B4Q87G4Q8AR4Q8EB4Q8LG
720008,4Q5LR4Q5QB4Q7UG4Q7WR4Q81B4Q88G4Q8AR4Q8FB4Q8MG
720018,4Q5LR4Q5QB4Q7UG4Q7WR4Q81B4Q88G4Q8AR4Q8FB4Q8MG
1043634,4Q5LR4Q5QB4Q7UG4Q7WR4Q81B4Q88G4Q8AR4Q8FB4Q8MG
720019,4Q5LR4Q5QB4Q7UG4Q7WR4Q81B4Q88G4Q8AR4Q8FB4Q8MG
720021,4Q5LR4Q5QB4Q7UG4Q7WR4Q81B4Q88G4Q8AR4Q8FB4Q8MG
864611,4Q5LR4Q5PB4Q7TG4Q7WR4Q80B4Q87G4Q8AR4Q8EB4Q8LG
860510,4Q5LR4Q5QB4Q7UG4Q7WR4Q81B4Q88G4Q8AR4Q8FB4Q8MG
721531,4Q5LR4Q5PB4Q7TG4Q7WR4Q80B4Q87G4Q8AR4Q8EB4Q8LG
1043624,4Q5LR4Q5PB4Q7TG4Q7WR4Q80B4Q87G4Q8AR4Q8EB4Q8LG
721538,4Q5LR4Q5PB4Q7TG4Q7WR4Q80B4Q87G4Q8AR4Q8EB4Q8LG
682112,4Q5LR4Q5PB4Q7TG4Q7WR4Q80B4Q87G4Q8AR4Q8EB4Q8LG
682130,4Q5LR4Q5PB4Q7TG4Q7WR4Q80B4Q87G4Q8AR4Q8EB4Q8LG
682132,4Q5LR4Q5PB4Q7TG4Q7WR4Q80B4Q87G4Q8AR4Q8EB4Q8LG
682134,4Q5PB4Q7TG4Q80B4Q87G4Q8EB4Q8LG4QAQB4QAXG4QB4B
682136,4Q5LR4Q5PB4Q7TG4Q7WR4Q80B4Q87G4Q8AR4Q8EB4Q8LG
1043625,4Q5LR4Q5PB4Q7TG4Q7WR4Q80B4Q87G4Q8AR4Q8EB4Q8LG
682138,4Q5LR4Q5PB4Q7TG4Q7WR4Q80B4Q87G4Q8AR4Q8EB4Q8LG
1003637,4Q5LR4Q5PB4Q7TG4Q7WR4Q80B4Q87G4Q8AR4Q8EB4Q8LG
996056,4Q5LR4Q5PB4Q7TG4Q7WR4Q80B4Q87G4Q8AR4Q8EB4Q8LG
682141,4Q5LR4Q5PB4Q7TG4Q7WR4Q80B4Q87G4Q8AR4Q8EB4Q8LG
682109,4Q5LR4Q5PB4Q7TG4Q7WR4Q80B4Q87G4Q8AR4Q8EB4Q8LG
682143,4Q5LR4Q5PB4Q7TG4Q7WR4Q80B4Q87G4Q8AR4Q8EB4Q8LG
682145,4Q5LR4Q5PB4Q7TG4Q7WR4Q80B4Q87G4Q8AR4Q8EB4Q8LG
906260,4Q5LR4Q5PB4Q7TG4Q7WR4Q80B4Q87G4Q8AR4Q8EB4Q8LG
682147,4Q5LR4Q5PB4Q7TG4Q7WR4Q80B4Q87G4Q8AR4Q8EB4Q8LG
682140,4Q5LR4Q5PB4Q7TG4Q7WR4Q80B4Q87G4Q8AR4Q8EB4Q8LG
682114,4Q5LR4Q5PB4Q7TG4Q7WR4Q80B4Q87G4Q8AR4Q8EB4Q8LG
682116,4Q5PB4Q7TG4Q80B4Q87G4Q8EB4Q8LG4QAQB4QAXG4QB4B
682117,4Q5LR4Q5PB4Q7TG4Q7WR4Q80B4Q87G4Q8AR4Q8EB4Q8LG
682119,4Q5LR4Q5PB4Q7TG4Q7WR4Q80B4Q87G4Q8AR4Q8EB4Q8LG
682110,4Q5LR4Q5PB4Q7TG4Q7WR4Q80B4Q87G4Q8AR4Q8EB4Q8LG
682123,4Q5LR4Q5PB4Q7TG4Q7WR4Q80B4Q87G4Q8AR4Q8EB4Q8LG
682125,4Q5LR4Q5PB4Q7TG4Q7WR4Q80B4Q87G4Q8AR4Q8EB4Q8LG
682127,4Q5LR4Q5PB4Q7TG4Q7WR4Q80B4Q87G4Q8AR4Q8EB4Q8LG
724656,4Q5LR4Q5QB4Q7UG4Q7WR4Q81B4Q88G4Q8AR4Q8FB4Q8MG
724657,4Q5LR4Q5QB4Q7UG4Q7WR4Q81B4Q88G4Q8AR4Q8FB4Q8MG
682111,4Q5LR4Q5PB4Q7TG4Q7WR4Q80B4Q87G4Q8AR4Q8EB4Q8LG
724659,4Q5LR4Q5QB4Q7UG4Q7WR4Q81B4Q88G4Q8AR4Q8FB4Q8MG
724661,4Q5LR4Q5QB4Q7UG4Q7WR4Q81B4Q88G4Q8AR4Q8FB4Q8MG
724658,4Q5LR4Q5QB4Q7UG4Q7WR4Q81B4Q88G4Q8AR4Q8FB4Q8MG
724641,4Q5LR4Q5QB4Q7UG4Q7WR4Q81B4Q88G4Q8AR4Q8FB4Q8MG
1043630,4Q5LR4Q5QB4Q7UG4Q7WR4Q81B4Q88G4Q8AR4Q8FB4Q8MG
721535,4Q5LR4Q5PB4Q7TG4Q7WR4Q80B4Q87G4Q8AR4Q8EB4Q8LG
724643,4Q5LR4Q5QB4Q7UG4Q7WR4Q81B4Q88G4Q8AR4Q8FB4Q8MG
724647,4Q5LR4Q5QB4Q7UG4Q7WR4Q81B4Q88G4Q8AR4Q8FB4Q8MG
724648,4Q5LR4Q5QB4Q7UG4Q7WR4Q81B4Q88G4Q8AR4Q8FB4Q8MG
724650,4Q5LR4Q5QB4Q7UG4Q7WR4Q81B4Q88G4Q8AR4Q8FB4Q8MG
1043631,4Q5LR4Q5QB4Q7UG4Q7WR4Q81B4Q88G4Q8AR4Q8FB4Q8MG
721516,4Q5LR4Q5PB4Q7TG4Q7WR4Q80B4Q87G4Q8AR4Q8EB4Q8LG
721653,4Q5LR4Q5QB4Q7UG4Q7WR4Q81B4Q88G4Q8AR4Q8FB4Q8MG
721654,4Q5LR4Q5QB4Q7UG4Q7WR4Q81B4Q88G4Q8AR4Q8FB4Q8MG
721664,4Q5LR4Q5QB4Q7UG4Q7WR4Q81B4Q88G4Q8AR4Q8FB4Q8MG
721657,4Q5LR4Q5QB4Q7UG4Q7WR4Q81B4Q88G4Q8AR4Q8FB4Q8MG
721660,4Q5LR4Q5QB4Q7UG4Q7WR4Q81B4Q88G4Q8AR4Q8FB4Q8MG
721518,4Q5LR4Q5PB4Q7TG4Q7WR4Q80B4Q87G4Q8AR4Q8EB4Q8LG
721662,4Q5LR4Q5QB4Q7UG4Q7WR4Q81B4Q88G4Q8AR4Q8FB4Q8MG
721663,4Q5LR4Q5QB4Q7UG4Q7WR4Q81B4Q88G4Q8AR4Q8FB4Q8MG
721656,4Q5LR4Q5QB4Q7UG4Q7WR4Q81B4Q88G4Q8AR4Q8FB4Q8MG
720384,4Q5LR4Q5QB4Q7UG4Q7WR4Q81B4Q88G4Q8AR4Q8FB4Q8MG
725007,4Q5LR4Q5QB4Q7UG4Q7WR4Q81B4Q88G4Q8AR4Q8FB4Q8MG
721519,4Q5LR4Q5PB4Q7TG4Q7WR4Q80B4Q87G4Q8AR4Q8EB4Q8LG
725008,4Q5LR4Q5QB4Q7UG4Q7WR4Q81B4Q88G4Q8AR4Q8FB4Q8MG
860433,4Q5LR4Q5QB4Q7UG4Q7WR4Q81B4Q88G4Q8AR4Q8FB4Q8MG
720345,4Q5LR4Q5QB4Q7UG4Q7WR4Q81B4Q88G4Q8AR4Q8FB4Q8MG
724645,4Q5LR4Q5QB4Q7UG4Q7WR4Q81B4Q88G4Q8AR4Q8FB4Q8MG
719977,4Q5LR4Q5QB4Q7UG4Q7WR4Q81B4Q88G4Q8AR4Q8FB4Q8MG
719978,4Q5LR4Q5QB4Q7UG4Q7WR4Q81B4Q88G4Q8AR4Q8FB4Q8MG
786882,4Q5QB4Q7UG4Q81B4Q88G4Q8FB4Q8MG4QARB4QAYG4QB5B
719981,4Q5LR4Q5QB4Q7UG4Q7WR4Q81B4Q88G4Q8AR4Q8FB4Q8MG
830992,4Q5QB4Q7UG4Q81B4Q88G4Q8FB4Q8MG4QARB4QAYG4QB5B
721521,4Q5LR4Q5PB4Q7TG4Q7WR4Q80B4Q87G4Q8AR4Q8EB4Q8LG
791290,4Q5RB4Q7VG4Q7VR4Q82B4Q89G4Q89R4Q8GB4QALG4QALR
791310,4Q5RB4Q7VG4Q7VR4Q82B4Q89G4Q89R4Q8GB4QALG4QALR
791309,4Q5RB4Q7VG4Q7VR4Q82B4Q89G4Q89R4Q8GB4QALG4QALR
791304,4Q5RB4Q7VG4Q7VR4Q82B4Q89G4Q89R4Q8GB4QALG4QALR
791293,4Q5RB4Q7VG4Q7VR4Q82B4Q89G4Q89R4Q8GB4QALG4QALR
796487,4Q5RB4Q7VG4Q7VR4Q82B4Q89G4Q89R4Q8GB4QALG4QALR
1035168,4Q5RB4Q7VG4Q7VR4Q82B4Q89G4Q89R4Q8GB4QALG4QALR
739165,4Q5RB4Q7VG4Q7VR4Q82B4Q89G4Q89R4Q8GB4QALG4QALR
830417,4Q5RB4Q7VG4Q7VR4Q82B4Q89G4Q89R4Q8GB4QALG4QALR
790958,4Q5RB4Q7VG4Q7VR4Q82B4Q89G4Q89R4Q8GB4QALG4QALR
1019167,4Q5OR4Q5PB4Q7TG4Q7ZR4Q80B4Q87G4Q8DR4Q8EB4Q8LG
649520,4Q5OR4Q5PB4Q7TG4Q7ZR4Q80B4Q87G4Q8DR4Q8EB4Q8LG
664220,4Q5OR4Q5PB4Q7TG4Q7ZR4Q80B4Q87G4Q8DR4Q8EB4Q8LG
649524,4Q5OR4Q5PB4Q7TG4Q7ZR4Q80B4Q87G4Q8DR4Q8EB4Q8LG
650809,4Q5OR4Q5PB4Q7TG4Q7ZR4Q80B4Q87G4Q8DR4Q8EB4Q8LG
1017416,4Q5PB4Q7TG4Q80B4Q87G4Q8EB4Q8LG4QAQB4QAXG4QB4B
900042,4Q5OR4Q5PB4Q7TG4Q7ZR4Q80B4Q87G4Q8DR4Q8EB4Q8LG
650290,4Q5OR4Q5PB4Q7TG4Q7ZR4Q80B4Q87G4Q8DR4Q8EB4Q8LG
650299,4Q5OR4Q5PB4Q7TG4Q7ZR4Q80B4Q87G4Q8DR4Q8EB4Q8LG
909790,4Q5PB4Q5PB4Q7TG4Q80B4Q80B4Q87G4Q8EB4Q8EB4Q8LG
650297,4Q5OR4Q5PB4Q7TG4Q7ZR4Q80B4Q87G4Q8DR4Q8EB4Q8LG
649537,4Q5PB4Q7TG4Q80B4Q87G4Q8EB4Q8LG4QAQB4QAXG4QB4B
663867,4Q5OR4Q5PB4Q7TG4Q7ZR4Q80B4Q87G4Q8DR4Q8EB4Q8LG
647043,4Q5OR4Q5PB4Q7TG4Q7ZR4Q80B4Q87G4Q8DR4Q8EB4Q8LG
647045,4Q5OR4Q5PB4Q7TG4Q7ZR4Q80B4Q87G4Q8DR4Q8EB4Q8LG
1028698,4Q5OR4Q5PB4Q7TG4Q7ZR4Q80B4Q87G4Q8DR4Q8EB4Q8LG
647049,4Q5OR4Q5PB4Q7TG4Q7ZR4Q80B4Q87G4Q8DR4Q8EB4Q8LG
795154,4Q5OR4Q5PB4Q7TG4Q7ZR4Q80B4Q87G4Q8DR4Q8EB4Q8LG
1030133,4Q5OR4Q5PB4Q7TG4Q7ZR4Q80B4Q87G4Q8DR4Q8EB4Q8LG
650306,4Q5OR4Q5PB4Q7TG4Q7ZR4Q80B4Q87G4Q8DR4Q8EB4Q8LG
649530,4Q5OR4Q5PB4Q7TG4Q7ZR4Q80B4Q87G4Q8DR4Q8EB4Q8LG
900050,4Q5OR4Q5PB4Q7TG4Q7ZR4Q80B4Q87G4Q8DR4Q8EB4Q8LG
649532,4Q5OR4Q5PB4Q7TG4Q7ZR4Q80B4Q87G4Q8DR4Q8EB4Q8LG
908364,4Q5OR4Q5PB4Q7TG4Q7ZR4Q80B4Q87G4Q8DR4Q8EB4Q8LG
649535,4Q5PB4Q7TG4Q80B4Q87G4Q8EB4Q8LG4QAQB4QAXG4QB4B
902887,4Q5PB4Q7TG4Q80B4Q87G4Q8EB4Q8LG4QAQB4QAXG4QB4B
902885,4Q5OR4Q5PB4Q7TG4Q7ZR4Q80B4Q87G4Q8DR4Q8EB4Q8LG
650301,4Q5PB4Q7TG4Q80B4Q87G4Q8EB4Q8LG4QAQB4QAXG4QB4B
650314,4Q5PB4Q7TG4Q80B4Q87G4Q8EB4Q8LG4QAQB4QAXG4QB4B
650309,4Q5PB4Q7TG4Q80B4Q87G4Q8EB4Q8LG4QAQB4QAXG4QB4B
650312,4Q5PB4Q7TG4Q80B4Q87G4Q8EB4Q8LG4QAQB4QAXG4QB4B
861589,4Q5PB4Q7TG4Q80B4Q87G4Q8EB4Q8LG4QAQB4QAXG4QB4B
652282,4Q5PB4Q7TG4Q80B4Q87G4Q8EB4Q8LG4QAQB4QAXG4QB4B
663864,4Q5OR4Q5PB4Q7TG4Q7ZR4Q80B4Q87G4Q8DR4Q8EB4Q8LG
863206,4Q5PB4Q7TG4Q80B4Q87G4Q8EB4Q8LG4QAQB4QAXG4QB4B
1030116,4Q5PB4Q7TG4Q80B4Q87G4Q8EB4Q8LG4QAQB4QAXG4QB4B
652288,4Q5PB4Q7TG4Q80B4Q87G4Q8EB4Q8LG4QAQB4QAXG4QB4B
652274,4Q5PB4Q7TG4Q80B4Q87G4Q8EB4Q8LG4QAQB4QAXG4QB4B
648901,4Q5PB4Q7TG4Q80B4Q87G4Q8EB4Q8LG4QAQB4QAXG4QB4B
663863,4Q5OR4Q5PB4Q7TG4Q7ZR4Q80B4Q87G4Q8DR4Q8EB4Q8LG
652273,4Q5PB4Q7TG4Q80B4Q87G4Q8EB4Q8LG4QAQB4QAXG4QB4B
652276,4Q5PB4Q7TG4Q80B4Q87G4Q8EB4Q8LG4QAQB4QAXG4QB4B
652279,4Q5PB4Q7TG4Q80B4Q87G4Q8EB4Q8LG4QAQB4QAXG4QB4B
784246,4Q5PB4Q7TG4Q80B4Q87G4Q8EB4Q8LG4QAQB4QAXG4QB4B
646697,4Q5PB4Q7TG4Q80B4Q87G4Q8EB4Q8LG4QAQB4QAXG4QB4B
650318,4Q5PB4Q7TG4Q80B4Q87G4Q8EB4Q8LG4QAQB4QAXG4QB4B
650320,4Q5PB4Q7TG4Q80B4Q87G4Q8EB4Q8LG4QAQB4QAXG4QB4B
902886,4Q5PB4Q7TG4Q80B4Q87G4Q8EB4Q8LG4QAQB4QAXG4QB4B
730787,4Q5NB4Q5PR4Q5UG4Q7YB4Q80R4Q85G4Q8CB4Q8ER4Q8JG
730788,4Q5NB4Q5PR4Q5UG4Q7YB4Q80R4Q85G4Q8CB4Q8ER4Q8JG
730791,4Q5NB4Q5PR4Q5UG4Q7YB4Q80R4Q85G4Q8CB4Q8ER4Q8JG
730806,4Q5NB4Q5PR4Q5UG4Q7YB4Q80R4Q85G4Q8CB4Q8ER4Q8JG
730798,4Q5NB4Q5PR4Q5UG4Q7YB4Q80R4Q85G4Q8CB4Q8ER4Q8JG
730800,4Q5NB4Q5PR4Q5UG4Q7YB4Q80R4Q85G4Q8CB4Q8ER4Q8JG
728070,4Q5NB4Q5PR4Q5UG4Q7YB4Q80R4Q85G4Q8CB4Q8ER4Q8JG
1027767,4Q5NB4Q5PR4Q5UG4Q7YB4Q80R4Q85G4Q8CB4Q8ER4Q8JG
730805,4Q5NB4Q5PR4Q5UG4Q7YB4Q80R4Q85G4Q8CB4Q8ER4Q8JG
951364,4Q5NB4Q5PR4Q5UG4Q7YB4Q80R4Q85G4Q8CB4Q8ER4Q8JG
729443,4Q5NB4Q5PR4Q5UG4Q7YB4Q80R4Q85G4Q8CB4Q8ER4Q8JG
730771,4Q5NB4Q5PR4Q5UG4Q7YB4Q80R4Q85G4Q8CB4Q8ER4Q8JG
728072,4Q5NB4Q5PR4Q5UG4Q7YB4Q80R4Q85G4Q8CB4Q8ER4Q8JG
730784,4Q5NB4Q5PR4Q5UG4Q7YB4Q80R4Q85G4Q8CB4Q8ER4Q8JG
903566,4Q5NB4Q5PR4Q5UG4Q7YB4Q80R4Q85G4Q8CB4Q8ER4Q8JG
728047,4Q5NB4Q5PR4Q5UG4Q7YB4Q80R4Q85G4Q8CB4Q8ER4Q8JG
728048,4Q5NB4Q5PR4Q5UG4Q7YB4Q80R4Q85G4Q8CB4Q8ER4Q8JG
728050,4Q5NB4Q5PR4Q5UG4Q7YB4Q80R4Q85G4Q8CB4Q8ER4Q8JG
728052,4Q5NB4Q5PR4Q5UG4Q7YB4Q80R4Q85G4Q8CB4Q8ER4Q8JG
728055,4Q5NB4Q5PR4Q5UG4Q7YB4Q80R4Q85G4Q8CB4Q8ER4Q8JG
728056,4Q5NB4Q5PR4Q5UG4Q7YB4Q80R4Q85G4Q8CB4Q8ER4Q8JG
954652,4Q5PG4Q5UR4Q7TB4Q80G4Q85R4Q87B4Q8EG4Q8JR4Q8LB
1030033,4Q5PG4Q5UR4Q7TB4Q80G4Q85R4Q87B4Q8EG4Q8JR4Q8LB
954653,4Q5PG4Q7TB4Q80G4Q87B4Q8EG4Q8LB4QAQG4QAXB4QB4G
954654,4Q5PG4Q7TB4Q80G4Q87B4Q8EG4Q8LB4QAQG4QAXB4QB4G
1030034,4Q5PG4Q7TB4Q80G4Q87B4Q8EG4Q8LB4QAQG4QAXB4QB4G
1030035,4Q5PG4Q7TB4Q80G4Q87B4Q8EG4Q8LB4QAQG4QAXB4QB4G
1025244,4Q5PG4Q7TB4Q80G4Q87B4Q8EG4Q8LB4QAQG4QAXB4QB4G
1044118,4Q5PG4Q5UR4Q7TB4Q80G4Q85R4Q87B4Q8EG4Q8JR4Q8LB
1030036,4Q5PG4Q7TB4Q80G4Q87B4Q8EG4Q8LB4QAQG4QAXB4QB4G
1030037,4Q5PG4Q7TB4Q80G4Q87B4Q8EG4Q8LB4QAQG4QAXB4QB4G
1028271,4Q5PG4Q7TB4Q80G4Q87B4Q8EG4Q8LB4QAQG4QAXB4QB4G
1028560,4Q5PG4Q5UR4Q7TB4Q80G4Q85R4Q87B4Q8EG4Q8JR4Q8LB
1030018,4Q5PG4Q5UR4Q7TB4Q80G4Q85R4Q87B4Q8EG4Q8JR4Q8LB
1047155,4Q5PG4Q7TB4Q80G4Q87B4Q8EG4Q8LB4QAQG4QAXB4QB4G
1039753,4Q5PG4Q5UR4Q7TB4Q80G4Q85R4Q87B4Q8EG4Q8JR4Q8LB
1047156,4Q5PG4Q7TB4Q80G4Q87B4Q8EG4Q8LB4QAQG4QAXB4QB4G
1047157,4Q5PG4Q5UR4Q7TB4Q80G4Q85R4Q87B4Q8EG4Q8JR4Q8LB
954655,4Q5PG4Q5UR4Q7TB4Q80G4Q85R4Q87B4Q8EG4Q8JR4Q8LB
954656,4Q5PG4Q5UR4Q7TB4Q80G4Q85R4Q87B4Q8EG4Q8JR4Q8LB
1030029,4Q5PG4Q5UR4Q7TB4Q80G4Q85R4Q87B4Q8EG4Q8JR4Q8LB
954657,4Q5PG4Q5UR4Q7TB4Q80G4Q85R4Q87B4Q8EG4Q8JR4Q8LB
954658,4Q5PG4Q5UR4Q7TB4Q80G4Q85R4Q87B4Q8EG4Q8JR4Q8LB
1007196,4Q5PG4Q7TB4Q80G4Q87B4Q8EG4Q8LB4QAQG4QAXB4QB4G
1030030,4Q5PG4Q5UR4Q7TB4Q80G4Q85R4Q87B4Q8EG4Q8JR4Q8LB
1030777,4Q5PG4Q7TB4Q80G4Q87B4Q8EG4Q8LB4QAQG4QAXB4QB4G
1030031,4Q5PG4Q5UR4Q7TB4Q80G4Q85R4Q87B4Q8EG4Q8JR4Q8LB
954651,4Q5PG4Q7TB4Q80G4Q87B4Q8EG4Q8LB4QAQG4QAXB4QB4G
1030032,4Q5PG4Q5UR4Q7TB4Q80G4Q85R4Q87B4Q8EG4Q8JR4Q8LB
