772868,55L6B55LCR55LDG55NHB55NNR55NOG55NVB55O1R55O2G
772867,55L6B55LCR55LDG55NHB55NNR55NOG55NVB55O1R55O2G
1019889,55L6B55LCR55LDG55NHB55NNR55NOG55NVB55O1R55O2G
1033349,55L6B55LCR55LDG55NHB55NNR55NOG55NVB55O1R55O2G
772856,55L6B55LCR55LDG55NHB55NNR55NOG55NVB55O1R55O2G
772870,55L6B55LCR55LDG55NHB55NNR55NOG55NVB55O1R55O2G
772863,55L6B55LCR55LDG55NHB55NNR55NOG55NVB55O1R55O2G
772861,55L6B55LCR55LDG55NHB55NNR55NOG55NVB55O1R55O2G
772860,55L6B55LCR55LDG55NHB55NNR55NOG55NVB55O1R55O2G
951343,55L4B55L4B55LBB55LBB55LDG55LDG55NFB55NFB55NMB
1020506,55L4B55L4B55LBB55LBB55LDG55LDG55NFB55NFB55NMB
888216,55L6B55LCR55LDG55NHB55NNR55NOG55NVB55O1R55O2G
888206,55L6B55LCR55LDG55NHB55NNR55NOG55NVB55O1R55O2G
888212,55L6B55LCR55LDG55NHB55NNR55NOG55NVB55O1R55O2G
891751,55L6B55LCR55LDG55NHB55NNR55NOG55NVB55O1R55O2G
892086,55L6B55LCR55LDG55NHB55NNR55NOG55NVB55O1R55O2G
1006177,55L4R55L6B55LDG55NFR55NHB55NOG55NTR55NVB55O2G
951345,55L4B55L4B55LBB55LBB55LDG55LDG55NFB55NFB55NMB
847576,55L6B55LCR55LDG55NHB55NNR55NOG55NVB55O1R55O2G
1004465,55L6B55LCR55LDG55NHB55NNR55NOG55NVB55O1R55O2G
940366,55L6B55LDG55NHB55NOG55NVB55O2G55Q7B55QEG55QLB
1003997,55L6B55LCR55LDG55NHB55NNR55NOG55NVB55O1R55O2G
898342,55L4B55L4B55LBB55LBB55LDG55LDG55NFB55NFB55NMB
940363,55L6B55LDG55NHB55NOG55NVB55O2G55Q7B55QEG55QLB
892984,55L6B55LDG55NHB55NOG55NVB55O2G55Q7B55QEG55QLB
948677,55L6B55LCR55LDG55NHB55NNR55NOG55NVB55O1R55O2G
889895,55L4R55L6B55LDG55NFR55NHB55NOG55NTR55NVB55O2G
898343,55L4B55L4B55LBB55LBB55LDG55LDG55NFB55NFB55NMB
991773,55L4B55L4B55LBB55LBB55LDG55LDG55NFB55NFB55NMB
891749,55L6B55LCR55LDG55NHB55NNR55NOG55NVB55O1R55O2G
898344,55L4B55L4B55LBB55LBB55LDG55LDG55NFB55NFB55NMB
951346,55L4B55L4B55LBB55LBB55LDG55LDG55NFB55NFB55NMB
1048022,55L6B55LCR55LDG55NHB55NNR55NOG55NVB55O1R55O2G
898345,55L4B55L4B55LBB55LBB55LDG55LDG55NFB55NFB55NMB
898346,55L4B55L4B55LBB55LBB55LDG55LDG55NFB55NFB55NMB
888240,55L6B55LCR55LDG55NHB55NNR55NOG55NVB55O1R55O2G
1047991,55L6B55LCR55LDG55NHB55NNR55NOG55NVB55O1R55O2G
898338,55L4B55L4B55LBB55LBB55LDG55LDG55NFB55NFB55NMB
1006620,55L4B55L4B55LBB55LBB55LDG55LDG55NFB55NFB55NMB
898347,55L4B55L4B55LBB55LBB55LDG55LDG55NFB55NFB55NMB
935609,55L6B55LCR55LDG55NHB55NNR55NOG55NVB55O1R55O2G
951347,55L4B55L4B55LBB55LBB55LDG55LDG55NFB55NFB55NMB
989814,55L4B55L4B55LBB55LBB55LDG55LDG55NFB55NFB55NMB
935572,55L6B55LCR55LDG55NHB55NNR55NOG55NVB55O1R55O2G
1040243,55L4B55L4B55LBB55LBB55LDG55LDG55NFB55NFB55NMB
898348,55L4B55L4B55LBB55LBB55LDG55LDG55NFB55NFB55NMB
1028887,55L6B55LCR55LDG55NHB55NNR55NOG55NVB55O1R55O2G
891803,55L6B55LCR55LDG55NHB55NNR55NOG55NVB55O1R55O2G
861079,55L6B55LCR55LDG55NHB55NNR55NOG55NVB55O1R55O2G
891702,55L6B55LCR55LDG55NHB55NNR55NOG55NVB55O1R55O2G
831050,55L4R55L7B55LEG55NFR55NIB55NPG55NTR55NWB55O3G
898339,55L4B55L4B55LBB55LBB55LDG55LDG55NFB55NFB55NMB
935613,55L6B55LCR55LDG55NHB55NNR55NOG55NVB55O1R55O2G
889214,55L6B55LCR55LDG55NHB55NNR55NOG55NVB55O1R55O2G
935962,55L6B55LCR55LDG55NHB55NNR55NOG55NVB55O1R55O2G
891738,55L6B55LCR55LDG55NHB55NNR55NOG55NVB55O1R55O2G
888599,55L6B55LCR55LDG55NHB55NNR55NOG55NVB55O1R55O2G
846266,55L6B55LCR55LDG55NHB55NNR55NOG55NVB55O1R55O2G
888237,55L6B55LDG55NHB55NOG55NVB55O2G55Q7B55QEG55QLB
888647,55L6B55LCR55LDG55NHB55NNR55NOG55NVB55O1R55O2G
889921,55L6B55LCR55LDG55NHB55NNR55NOG55NVB55O1R55O2G
888662,55L6B55LCR55LDG55NHB55NNR55NOG55NVB55O1R55O2G
826712,55L6B55LCR55LDG55NHB55NNR55NOG55NVB55O1R55O2G
898340,55L4B55L4B55LBB55LBB55LDG55LDG55NFB55NFB55NMB
889899,55L6B55LCR55LDG55NHB55NNR55NOG55NVB55O1R55O2G
892087,55L6B55LCR55LDG55NHB55NNR55NOG55NVB55O1R55O2G
889909,55L6B55LDG55NHB55NOG55NVB55O2G55Q7B55QEG55QLB
905916,55L6B55LCR55LDG55NHB55NNR55NOG55NVB55O1R55O2G
889218,55L6B55LCR55LDG55NHB55NNR55NOG55NVB55O1R55O2G
846304,55L6B55LCR55LDG55NHB55NNR55NOG55NVB55O1R55O2G
1048030,55L6B55LCR55LDG55NHB55NNR55NOG55NVB55O1R55O2G
851423,55L6B55LCR55LDG55NHB55NNR55NOG55NVB55O1R55O2G
864022,55L6B55LCR55LDG55NHB55NNR55NOG55NVB55O1R55O2G
892315,55L6B55LCR55LDG55NHB55NNR55NOG55NVB55O1R55O2G
898341,55L4B55L4B55LBB55LBB55LDG55LDG55NFB55NFB55NMB
891723,55L6B55LCR55LDG55NHB55NNR55NOG55NVB55O1R55O2G
888629,55L6B55LCR55LDG55NHB55NNR55NOG55NVB55O1R55O2G
845885,55L6B55LCR55LDG55NHB55NNR55NOG55NVB55O1R55O2G
939671,55L6B55LCR55LDG55NHB55NNR55NOG55NVB55O1R55O2G
826714,55L6B55LCR55LDG55NHB55NNR55NOG55NVB55O1R55O2G
847964,55L6B55LCR55LDG55NHB55NNR55NOG55NVB55O1R55O2G
847956,55L6B55LCR55LDG55NHB55NNR55NOG55NVB55O1R55O2G
847952,55L6B55LCR55LDG55NHB55NNR55NOG55NVB55O1R55O2G
847959,55L6B55LCR55LDG55NHB55NNR55NOG55NVB55O1R55O2G
888616,55L6B55LCR55LDG55NHB55NNR55NOG55NVB55O1R55O2G
951344,55L4B55L4B55LBB55LBB55LDG55LDG55NFB55NFB55NMB
847979,55L6B55LCR55LDG55NHB55NNR55NOG55NVB55O1R55O2G
847983,55L6B55LCR55LDG55NHB55NNR55NOG55NVB55O1R55O2G
900434,55L6B55LCR55NHB55NNR55NVB55O1R55Q7B55QDR55QLB
826715,55L6B55LCR55LDG55NHB55NNR55NOG55NVB55O1R55O2G
1004016,55L6B55LCR55LDG55NHB55NNR55NOG55NVB55O1R55O2G
905976,55L6B55LCR55LDG55NHB55NNR55NOG55NVB55O1R55O2G
847599,55L6B55LCR55LDG55NHB55NNR55NOG55NVB55O1R55O2G
892093,55L6B55LCR55LDG55NHB55NNR55NOG55NVB55O1R55O2G
891961,55L4R55L6B55LDG55NFR55NHB55NOG55NTR55NVB55O2G
1034793,55L4B55L4B55LBB55LBB55LDG55LDG55NFB55NFB55NMB
892095,55L6B55LCR55LDG55NHB55NNR55NOG55NVB55O1R55O2G
847942,55L6B55LCR55LDG55NHB55NNR55NOG55NVB55O1R55O2G
847945,55L6B55LCR55LDG55NHB55NNR55NOG55NVB55O1R55O2G
847607,55L6B55LCR55LDG55NHB55NNR55NOG55NVB55O1R55O2G
847938,55L6B55LCR55LDG55NHB55NNR55NOG55NVB55O1R55O2G
846308,55L6B55LDG55NHB55NOG55NVB55O2G55Q7B55QEG55QLB
1040242,55L4B55L4B55LBB55LBB55LDG55LDG55NFB55NFB55NMB
888192,55L6B55LCR55LDG55NHB55NNR55NOG55NVB55O1R55O2G
888194,55L6B55LCR55LDG55NHB55NNR55NOG55NVB55O1R55O2G
939684,55L6B55LCR55LDG55NHB55NNR55NOG55NVB55O1R55O2G
991640,55L4B55L4B55LBB55LBB55LDG55LDG55NFB55NFB55NMB
891755,55L6B55LCR55LDG55NHB55NNR55NOG55NVB55O1R55O2G
941119,55L4R55L6B55LDG55NFR55NHB55NOG55NTR55NVB55O2G
1053759,55L6B55LDG55NHB55NOG55NVB55O2G55Q7B55QEG55QLB
898336,55L6B55LDG55NHB55NOG55NVB55O2G55Q7B55QEG55QLB
1030815,55L6B55LDG55NHB55NOG55NVB55O2G55Q7B55QEG55QLB
898858,55L6B55LDG55NHB55NOG55NVB55O2G55Q7B55QEG55QLB
901533,55L6B55LDG55NHB55NOG55NVB55O2G55Q7B55QEG55QLB
1029340,55L6B55LDG55NHB55NOG55NVB55O2G55Q7B55QEG55QLB
895066,55L6B55LDG55NHB55NOG55NVB55O2G55Q7B55QEG55QLB
895067,55L6B55LDG55NHB55NOG55NVB55O2G55Q7B55QEG55QLB
1030816,55L6B55LDG55NHB55NOG55NVB55O2G55Q7B55QEG55QLB
1015136,55L6B55LDG55NHB55NOG55NVB55O2G55Q7B55QEG55QLB
941117,55L6B55LCR55LDG55NHB55NNR55NOG55NVB55O1R55O2G
746556,55L5B55LCG55NGB55NNG55NUB55O1G55Q6B55QDG55QKB
746568,55L5B55LCG55NGB55NNG55NUB55O1G55Q6B55QDG55QKB
881946,55L4R55L5B55LCG55NFR55NGB55NNG55NTR55NUB55O1G
881945,55L4R55L5B55LCG55NFR55NGB55NNG55NTR55NUB55O1G
960975,55L8G55LFB55NDR55NJG55NQB55NRR55NXG55O4B55O5R
960988,55L8G55LFB55NJG55NQB55NXG55O4B55Q9G55QGB55QNG
733914,55L8G55LFB55NJG55NQB55NXG55O4B55Q9G55QGB55QNG
960986,55L8G55LFB55NDR55NJG55NQB55NRR55NXG55O4B55O5R
1001785,55L8G55LFB55NDR55NJG55NQB55NRR55NXG55O4B55O5R
960780,55L8G55LFB55NDR55NJG55NQB55NRR55NXG55O4B55O5R
733908,55L8G55LFB55NDR55NJG55NQB55NRR55NXG55O4B55O5R
704774,55L8G55LFB55NJG55NQB55NXG55O4B55Q9G55QGB55QNG
704775,55L8G55LFB55NJG55NQB55NXG55O4B55Q9G55QGB55QNG
751085,55L5B55L9R55LCG55NGB55NKR55NNG55NUB55NYR55O1G
738703,55L5B55L9R55LCG55NGB55NKR55NNG55NUB55NYR55O1G
750893,55L5B55L9R55LCG55NGB55NKR55NNG55NUB55NYR55O1G
750894,55L5B55L9R55LCG55NGB55NKR55NNG55NUB55NYR55O1G
790459,55L5B55L9R55LCG55NGB55NKR55NNG55NUB55NYR55O1G
750897,55L5B55L9R55LCG55NGB55NKR55NNG55NUB55NYR55O1G
750898,55L5B55L9R55LCG55NGB55NKR55NNG55NUB55NYR55O1G
634538,55L5R55L8B55LFG55NGR55NJB55NQG55NUR55NXB55O4G
868991,55L5R55L8B55LFG55NGR55NJB55NQG55NUR55NXB55O4G
634541,55L5R55L8B55LFG55NGR55NJB55NQG55NUR55NXB55O4G
743331,55L5R55L8B55LFG55NGR55NJB55NQG55NUR55NXB55O4G
1036576,55L5R55L8B55LFG55NGR55NJB55NQG55NUR55NXB55O4G
642859,55L5R55L8B55LFG55NGR55NJB55NQG55NUR55NXB55O4G
868996,55L5R55L8B55LFG55NGR55NJB55NQG55NUR55NXB55O4G
634564,55L5R55L8B55LFG55NGR55NJB55NQG55NUR55NXB55O4G
868999,55L5R55L8B55LFG55NGR55NJB55NQG55NUR55NXB55O4G
637102,55L5R55L8B55LFG55NGR55NJB55NQG55NUR55NXB55O4G
676725,55L5R55L8B55LFG55NGR55NJB55NQG55NUR55NXB55O4G
746043,55L5R55L8B55LFG55NGR55NJB55NQG55NUR55NXB55O4G
676727,55L5R55L8B55LFG55NGR55NJB55NQG55NUR55NXB55O4G
871607,55L5R55L8B55LFG55NGR55NJB55NQG55NUR55NXB55O4G
1002578,55L5R55L8B55LFG55NGR55NJB55NQG55NUR55NXB55O4G
642861,55L5R55L8B55LFG55NGR55NJB55NQG55NUR55NXB55O4G
672066,55L5R55L8B55LFG55NGR55NJB55NQG55NUR55NXB55O4G
1036567,55L5R55LFG55NGR55NQG55NUR55O4G55Q6R55QGG55QKR
672068,55L5R55L8B55LFG55NGR55NJB55NQG55NUR55NXB55O4G
871073,55L5R55L8B55LFG55NGR55NJB55NQG55NUR55NXB55O4G
878954,55L5R55L8B55LFG55NGR55NJB55NQG55NUR55NXB55O4G
1039727,55L5R55L8B55LFG55NGR55NJB55NQG55NUR55NXB55O4G
871072,55L5R55L8B55LFG55NGR55NJB55NQG55NUR55NXB55O4G
1039728,55L5R55L8B55LFG55NGR55NJB55NQG55NUR55NXB55O4G
871070,55L5R55L8B55LFG55NGR55NJB55NQG55NUR55NXB55O4G
1039729,55L5R55L8B55LFG55NGR55NJB55NQG55NUR55NXB55O4G
746039,55L5R55L8B55LFG55NGR55NJB55NQG55NUR55NXB55O4G
1039730,55L5R55L8B55LFG55NGR55NJB55NQG55NUR55NXB55O4G
871068,55L5R55L8B55LFG55NGR55NJB55NQG55NUR55NXB55O4G
948503,55L5R55L8B55LFG55NGR55NJB55NQG55NUR55NXB55O4G
696954,55L5R55L8B55LFG55NGR55NJB55NQG55NUR55NXB55O4G
994621,55L5R55L8B55LFG55NGR55NJB55NQG55NUR55NXB55O4G
696952,55L5R55L8B55LFG55NGR55NJB55NQG55NUR55NXB55O4G
696953,55L5R55L8B55LFG55NGR55NJB55NQG55NUR55NXB55O4G
1033414,55L5R55L8B55LFG55NGR55NJB55NQG55NUR55NXB55O4G
712552,55L5R55L8B55LFG55NGR55NJB55NQG55NUR55NXB55O4G
712551,55L5R55L8B55LFG55NGR55NJB55NQG55NUR55NXB55O4G
712550,55L5R55L8B55LFG55NGR55NJB55NQG55NUR55NXB55O4G
876191,55L5R55L8B55LFG55NGR55NJB55NQG55NUR55NXB55O4G
712549,55L5R55L8B55LFG55NGR55NJB55NQG55NUR55NXB55O4G
712548,55L5R55L8B55LFG55NGR55NJB55NQG55NUR55NXB55O4G
1014655,55L5R55L8B55LFG55NGR55NJB55NQG55NUR55NXB55O4G
916298,55L5R55L8B55LFG55NGR55NJB55NQG55NUR55NXB55O4G
637110,55L5R55L8B55LFG55NGR55NJB55NQG55NUR55NXB55O4G
876199,55L5R55L8B55LFG55NGR55NJB55NQG55NUR55NXB55O4G
637111,55L5R55L8B55LFG55NGR55NJB55NQG55NUR55NXB55O4G
634537,55L5R55L8B55LFG55NGR55NJB55NQG55NUR55NXB55O4G
674939,55L5R55L8B55LFG55NGR55NJB55NQG55NUR55NXB55O4G
741249,55L9B55NDG55NKB55NRG55NYB55O5G55QAB55QHG55QOB
783002,55L9B55NDG55NKB55NRG55NYB55O5G55QAB55QHG55QOB
1046987,55L9B55NDG55NKB55NRG55NYB55O5G55QAB55QHG55QOB
1046988,55L9B55NDG55NKB55NRG55NYB55O5G55QAB55QHG55QOB
841293,55L9B55NDG55NKB55NRG55NYB55O5G55QAB55QHG55QOB
725311,55L9B55NDG55NKB55NRG55NYB55O5G55QAB55QHG55QOB
724608,55L9B55NDG55NKB55NRG55NYB55O5G55QAB55QHG55QOB
786843,55L9B55NDG55NKB55NRG55NYB55O5G55QAB55QHG55QOB
724609,55L9B55NDG55NKB55NRG55NYB55O5G55QAB55QHG55QOB
722340,55L9B55NDG55NKB55NRG55NYB55O5G55QAB55QHG55QOB
722331,55L9B55NDG55NKB55NRG55NYB55O5G55QAB55QHG55QOB
998025,55L9B55NDG55NKB55NRG55NYB55O5G55QAB55QHG55QOB
725306,55L9B55NDG55NKB55NRG55NYB55O5G55QAB55QHG55QOB
725304,55L9B55NDG55NKB55NRG55NYB55O5G55QAB55QHG55QOB
725652,55L9B55NDG55NKB55NRG55NYB55O5G55QAB55QHG55QOB
935606,55L7B55LEG55NIB55NPG55NWB55O3G55Q8B55QFG55QMB
935612,55L7B55LEG55NIB55NPG55NWB55O3G55Q8B55QFG55QMB
1017462,55L7B55LEG55NIB55NPG55NWB55O3G55Q8B55QFG55QMB
935033,55L7B55LEG55NIB55NPG55NWB55O3G55Q8B55QFG55QMB
888602,55L7B55LEG55NIB55NPG55NWB55O3G55Q8B55QFG55QMB
888587,55L7B55LEG55NIB55NPG55NWB55O3G55Q8B55QFG55QMB
888592,55L7B55LEG55NIB55NPG55NWB55O3G55Q8B55QFG55QMB
935963,55L7B55LEG55NIB55NPG55NWB55O3G55Q8B55QFG55QMB
935588,55L7B55LEG55NIB55NPG55NWB55O3G55Q8B55QFG55QMB
934578,55L7B55LEG55NIB55NPG55NWB55O3G55Q8B55QFG55QMB
703086,55L7B55LEG55NIB55NPG55NWB55O3G55Q8B55QFG55QMB
935575,55L7B55LEG55NIB55NPG55NWB55O3G55Q8B55QFG55QMB
934582,55L7B55LEG55NIB55NPG55NWB55O3G55Q8B55QFG55QMB
935964,55L7B55LEG55NIB55NPG55NWB55O3G55Q8B55QFG55QMB
934551,55L7B55LEG55NIB55NPG55NWB55O3G55Q8B55QFG55QMB
934554,55L7B55LEG55NIB55NPG55NWB55O3G55Q8B55QFG55QMB
938424,55L7B55LEG55NIB55NPG55NWB55O3G55Q8B55QFG55QMB
935972,55L7B55LEG55NIB55NPG55NWB55O3G55Q8B55QFG55QMB
781181,55L7B55LEG55NIB55NPG55NWB55O3G55Q8B55QFG55QMB
1013278,55L7B55LEG55NIB55NPG55NWB55O3G55Q8B55QFG55QMB
1013279,55L7B55LEG55NIB55NPG55NWB55O3G55Q8B55QFG55QMB
1013280,55L7B55LEG55NIB55NPG55NWB55O3G55Q8B55QFG55QMB
938425,55L7B55LEG55NIB55NPG55NWB55O3G55Q8B55QFG55QMB
703081,55L7B55LEG55NIB55NPG55NWB55O3G55Q8B55QFG55QMB
781060,55L7B55LEG55NIB55NPG55NWB55O3G55Q8B55QFG55QMB
934565,55L7B55LEG55NIB55NPG55NWB55O3G55Q8B55QFG55QMB
934572,55L7B55LEG55NIB55NPG55NWB55O3G55Q8B55QFG55QMB
934561,55L7B55LEG55NIB55NPG55NWB55O3G55Q8B55QFG55QMB
934559,55L7B55LEG55NIB55NPG55NWB55O3G55Q8B55QFG55QMB
934604,55L7B55LEG55NIB55NPG55NWB55O3G55Q8B55QFG55QMB
886344,55L7B55LEG55NIB55NPG55NWB55O3G55Q8B55QFG55QMB
891796,55L7B55LEG55NIB55NPG55NWB55O3G55Q8B55QFG55QMB
886341,55L7B55LEG55NIB55NPG55NWB55O3G55Q8B55QFG55QMB
886339,55L7B55LEG55NIB55NPG55NWB55O3G55Q8B55QFG55QMB
936498,55L7B55LEG55NIB55NPG55NWB55O3G55Q8B55QFG55QMB
936501,55L7B55LEG55NIB55NPG55NWB55O3G55Q8B55QFG55QMB
936504,55L7B55LEG55NIB55NPG55NWB55O3G55Q8B55QFG55QMB
886359,55L7B55LEG55NIB55NPG55NWB55O3G55Q8B55QFG55QMB
886355,55L7B55LEG55NIB55NPG55NWB55O3G55Q8B55QFG55QMB
886352,55L7B55LEG55NIB55NPG55NWB55O3G55Q8B55QFG55QMB
1005023,55L7B55LEG55NIB55NPG55NWB55O3G55Q8B55QFG55QMB
906012,55L7B55LEG55NIB55NPG55NWB55O3G55Q8B55QFG55QMB
1017255,55L7B55LEG55NIB55NPG55NWB55O3G55Q8B55QFG55QMB
934608,55L7B55LEG55NIB55NPG55NWB55O3G55Q8B55QFG55QMB
934615,55L7B55LEG55NIB55NPG55NWB55O3G55Q8B55QFG55QMB
938055,55L7B55LEG55NIB55NPG55NWB55O3G55Q8B55QFG55QMB
938052,55L7B55LEG55NIB55NPG55NWB55O3G55Q8B55QFG55QMB
938073,55L7B55LEG55NIB55NPG55NWB55O3G55Q8B55QFG55QMB
938077,55L7B55LEG55NIB55NPG55NWB55O3G55Q8B55QFG55QMB
863959,55L7B55LEG55NIB55NPG55NWB55O3G55Q8B55QFG55QMB
703080,55L7B55LEG55NIB55NPG55NWB55O3G55Q8B55QFG55QMB
938078,55L7B55LEG55NIB55NPG55NWB55O3G55Q8B55QFG55QMB
863957,55L7B55LEG55NIB55NPG55NWB55O3G55Q8B55QFG55QMB
935569,55L7B55LEG55NIB55NPG55NWB55O3G55Q8B55QFG55QMB
938068,55L7B55LEG55NIB55NPG55NWB55O3G55Q8B55QFG55QMB
938064,55L7B55LEG55NIB55NPG55NWB55O3G55Q8B55QFG55QMB
938031,55L7B55LEG55NIB55NPG55NWB55O3G55Q8B55QFG55QMB
938057,55L7B55LEG55NIB55NPG55NWB55O3G55Q8B55QFG55QMB
938029,55L7B55LEG55NIB55NPG55NWB55O3G55Q8B55QFG55QMB
933584,55L7B55LEG55NIB55NPG55NWB55O3G55Q8B55QFG55QMB
903492,55L7B55LEG55NIB55NPG55NWB55O3G55Q8B55QFG55QMB
933582,55L7B55LEG55NIB55NPG55NWB55O3G55Q8B55QFG55QMB
938042,55L7B55LEG55NIB55NPG55NWB55O3G55Q8B55QFG55QMB
938050,55L7B55LEG55NIB55NPG55NWB55O3G55Q8B55QFG55QMB
934586,55L7B55LEG55NIB55NPG55NWB55O3G55Q8B55QFG55QMB
938047,55L7B55LEG55NIB55NPG55NWB55O3G55Q8B55QFG55QMB
938044,55L7B55LEG55NIB55NPG55NWB55O3G55Q8B55QFG55QMB
787293,55L7B55LEG55NIB55NPG55NWB55O3G55Q8B55QFG55QMB
703079,55L7B55LEG55NIB55NPG55NWB55O3G55Q8B55QFG55QMB
938038,55L7B55LEG55NIB55NPG55NWB55O3G55Q8B55QFG55QMB
938036,55L7B55LEG55NIB55NPG55NWB55O3G55Q8B55QFG55QMB
935306,55L7B55LEG55NIB55NPG55NWB55O3G55Q8B55QFG55QMB
861076,55L7B55LEG55NIB55NPG55NWB55O3G55Q8B55QFG55QMB
934585,55L7B55LEG55NIB55NPG55NWB55O3G55Q8B55QFG55QMB
891802,55L7B55LEG55NIB55NPG55NWB55O3G55Q8B55QFG55QMB
934583,55L7B55LEG55NIB55NPG55NWB55O3G55Q8B55QFG55QMB
954333,55L7R55L8G55LFB55NIR55NJG55NQB55NWR55NXG55O4B
954395,55L7R55L8G55LFB55NIR55NJG55NQB55NWR55NXG55O4B
954396,55L7R55L8G55LFB55NIR55NJG55NQB55NWR55NXG55O4B
954397,55L7R55L8G55LFB55NIR55NJG55NQB55NWR55NXG55O4B
954328,55L7R55L8G55LFB55NIR55NJG55NQB55NWR55NXG55O4B
1030022,55L7R55L8G55LFB55NIR55NJG55NQB55NWR55NXG55O4B
954329,55L7R55L8G55LFB55NIR55NJG55NQB55NWR55NXG55O4B
1025572,55L7R55L8G55LFB55NIR55NJG55NQB55NWR55NXG55O4B
954330,55L7R55L8G55LFB55NIR55NJG55NQB55NWR55NXG55O4B
1030023,55L7R55L8G55LFB55NIR55NJG55NQB55NWR55NXG55O4B
954331,55L7R55L8G55LFB55NIR55NJG55NQB55NWR55NXG55O4B
1030024,55L7R55L8G55LFB55NIR55NJG55NQB55NWR55NXG55O4B
954332,55L7R55L8G55LFB55NIR55NJG55NQB55NWR55NXG55O4B
1113651,55L7R55L8G55LFB55NIR55NJG55NQB55NWR55NXG55O4B
944943,55L6B55L8R55LDG55NHB55NJR55NOG55NVB55NXR55O2G
892293,55L6B55L8R55LDG55NHB55NJR55NOG55NVB55NXR55O2G
1138367,55L6B55LDG55NHB55NOG55NVB55O2G55Q7B55QEG55QLB
892275,55L6B55L8R55LDG55NHB55NJR55NOG55NVB55NXR55O2G
944944,55L6B55LDG55NHB55NOG55NVB55O2G55Q7B55QEG55QLB
892270,55L6B55L8R55LDG55NHB55NJR55NOG55NVB55NXR55O2G
892260,55L6B55L8R55LDG55NHB55NJR55NOG55NVB55NXR55O2G
946805,55L6B55LDG55NHB55NOG55NVB55O2G55Q7B55QEG55QLB
886738,55L6B55L8R55LDG55NHB55NJR55NOG55NVB55NXR55O2G
743479,55L6B55LDG55NHB55NOG55NVB55O2G55Q7B55QEG55QLB
899568,55L6B55LDG55NHB55NOG55NVB55O2G55Q7B55QEG55QLB
889020,55L6B55LDG55NHB55NOG55NVB55O2G55Q7B55QEG55QLB
743033,55L6B55L8R55LDG55NHB55NJR55NOG55NVB55NXR55O2G
889023,55L6B55L8R55LDG55NHB55NJR55NOG55NVB55NXR55O2G
889021,55L6B55LDG55NHB55NOG55NVB55O2G55Q7B55QEG55QLB
936514,55L6B55L8R55LDG55NHB55NJR55NOG55NVB55NXR55O2G
938420,55L4B55L8R55LBG55NFB55NJR55NMG55NTB55NXR55O0G
889016,55L6B55L8R55LDG55NHB55NJR55NOG55NVB55NXR55O2G
889013,55L6B55L8R55LDG55NHB55NJR55NOG55NVB55NXR55O2G
889010,55L6B55L8R55LDG55NHB55NJR55NOG55NVB55NXR55O2G
886735,55L6B55LDG55NHB55NOG55NVB55O2G55Q7B55QEG55QLB
886372,55L6B55L8R55LDG55NHB55NJR55NOG55NVB55NXR55O2G
886370,55L6B55L8R55LDG55NHB55NJR55NOG55NVB55NXR55O2G
899560,55L6B55L8R55LDG55NHB55NJR55NOG55NVB55NXR55O2G
785358,55L6B55L8R55LDG55NHB55NJR55NOG55NVB55NXR55O2G
886365,55L6B55L8R55LDG55NHB55NJR55NOG55NVB55NXR55O2G
886362,55L6B55L8R55LDG55NHB55NJR55NOG55NVB55NXR55O2G
886368,55L6B55L8R55LDG55NHB55NJR55NOG55NVB55NXR55O2G
886386,55L6B55L8R55LDG55NHB55NJR55NOG55NVB55NXR55O2G
886383,55L6B55L8R55LDG55NHB55NJR55NOG55NVB55NXR55O2G
1005024,55L6B55L8R55LDG55NHB55NJR55NOG55NVB55NXR55O2G
743032,55L6B55L8R55LDG55NHB55NJR55NOG55NVB55NXR55O2G
785359,55L6B55L8R55LDG55NHB55NJR55NOG55NVB55NXR55O2G
886377,55L6B55L8R55LDG55NHB55NJR55NOG55NVB55NXR55O2G
936520,55L6B55L8R55LDG55NHB55NJR55NOG55NVB55NXR55O2G
783814,55L6B55L8R55LDG55NHB55NJR55NOG55NVB55NXR55O2G
951348,55L4B55L8R55LBG55NFB55NJR55NMG55NTB55NXR55O0G
935312,55L4B55L8R55LBG55NFB55NJR55NMG55NTB55NXR55O0G
899608,55L4B55L8R55LBG55NFB55NJR55NMG55NTB55NXR55O0G
934964,55L4B55L8R55LBG55NFB55NJR55NMG55NTB55NXR55O0G
934961,55L4B55L8R55LBG55NFB55NJR55NMG55NTB55NXR55O0G
1003980,55L4B55L8R55LBG55NFB55NJR55NMG55NTB55NXR55O0G
851395,55L4B55L8R55LBG55NFB55NJR55NMG55NTB55NXR55O0G
851393,55L4B55L8R55LBG55NFB55NJR55NMG55NTB55NXR55O0G
935304,55L4B55L8R55LBG55NFB55NJR55NMG55NTB55NXR55O0G
851392,55L6B55L8R55LDG55NHB55NJR55NOG55NVB55NXR55O2G
851389,55L6B55L8R55LDG55NHB55NJR55NOG55NVB55NXR55O2G
851394,55L6B55L8R55LDG55NHB55NJR55NOG55NVB55NXR55O2G
904613,55L6B55L8R55LDG55NHB55NJR55NOG55NVB55NXR55O2G
904612,55L6B55L8R55LDG55NHB55NJR55NOG55NVB55NXR55O2G
851408,55L6B55L8R55LDG55NHB55NJR55NOG55NVB55NXR55O2G
904611,55L6B55L8R55LDG55NHB55NJR55NOG55NVB55NXR55O2G
740929,55L6B55LDG55NHB55NOG55NVB55O2G55Q7B55QEG55QLB
851403,55L6B55LDG55NHB55NOG55NVB55O2G55Q7B55QEG55QLB
851401,55L6B55L8R55LDG55NHB55NJR55NOG55NVB55NXR55O2G
851371,55L6B55L8R55LDG55NHB55NJR55NOG55NVB55NXR55O2G
851369,55L6B55L8R55LDG55NHB55NJR55NOG55NVB55NXR55O2G
851368,55L6B55L8R55LDG55NHB55NJR55NOG55NVB55NXR55O2G
831380,55L4B55L8R55LBG55NFB55NJR55NMG55NTB55NXR55O0G
851366,55L6B55L8R55LDG55NHB55NJR55NOG55NVB55NXR55O2G
851372,55L6B55L8R55LDG55NHB55NJR55NOG55NVB55NXR55O2G
851362,55L6B55L8R55LDG55NHB55NJR55NOG55NVB55NXR55O2G
740927,55L6B55L8R55LDG55NHB55NJR55NOG55NVB55NXR55O2G
828300,55L6B55L8R55LDG55NHB55NJR55NOG55NVB55NXR55O2G
740928,55L6B55L8R55LDG55NHB55NJR55NOG55NVB55NXR55O2G
851384,55L6B55L8R55LDG55NHB55NJR55NOG55NVB55NXR55O2G
935298,55L4B55L8R55LBG55NFB55NJR55NMG55NTB55NXR55O0G
851378,55L6B55L8R55LDG55NHB55NJR55NOG55NVB55NXR55O2G
828299,55L6B55L8R55LDG55NHB55NJR55NOG55NVB55NXR55O2G
892291,55L6B55L8R55LDG55NHB55NJR55NOG55NVB55NXR55O2G
892289,55L6B55L8R55LDG55NHB55NJR55NOG55NVB55NXR55O2G
743023,55L6B55L8R55LDG55NHB55NJR55NOG55NVB55NXR55O2G
892274,55L6B55LDG55NHB55NOG55NVB55O2G55Q7B55QEG55QLB
892292,55L6B55L8R55LDG55NHB55NJR55NOG55NVB55NXR55O2G
892280,55L6B55L8R55LDG55NHB55NJR55NOG55NVB55NXR55O2G
892277,55L6B55L8R55LDG55NHB55NJR55NOG55NVB55NXR55O2G
938422,55L4B55L8R55LBG55NFB55NJR55NMG55NTB55NXR55O0G
908994,55L4B55L8R55LBG55NFB55NJR55NMG55NTB55NXR55O0G
953404,55L4B55LBG55NFB55NMG55NTB55O0G55Q5B55QCG55QJB
864275,55L4B55L8R55LBG55NFB55NJR55NMG55NTB55NXR55O0G
953405,55L4B55LBG55NFB55NMG55NTB55O0G55Q5B55QCG55QJB
1049043,55L4B55L8R55LBG55NFB55NJR55NMG55NTB55NXR55O0G
786685,55L6B55L8R55LDG55NHB55NJR55NOG55NVB55NXR55O2G
851381,55L6B55L8R55LDG55NHB55NJR55NOG55NVB55NXR55O2G
953406,55L4B55LBG55NFB55NMG55NTB55O0G55Q5B55QCG55QJB
828297,55L4B55LBG55NFB55NMG55NTB55O0G55Q5B55QCG55QJB
860248,55L4B55LBG55NFB55NMG55NTB55O0G55Q5B55QCG55QJB
622101,55L4B55LBG55NFB55NMG55NTB55O0G55Q5B55QCG55QJB
985688,55L4B55LBG55NFB55NMG55NTB55O0G55Q5B55QCG55QJB
953412,55L4B55L4B55LBG55NFB55NFB55NMG55NTB55NTB55O0G
1050429,55L4B55LBG55NFB55NMG55NTB55O0G55Q5B55QCG55QJB
1043831,55L4B55LBG55NFB55NMG55NTB55O0G55Q5B55QCG55QJB
898349,55L4B55LBG55NFB55NMG55NTB55O0G55Q5B55QCG55QJB
890888,55L4B55LBG55NFB55NMG55NTB55O0G55Q5B55QCG55QJB
1043832,55L4B55LBG55NFB55NMG55NTB55O0G55Q5B55QCG55QJB
898350,55L4B55LBG55NFB55NMG55NTB55O0G55Q5B55QCG55QJB
890886,55L4B55LBG55NFB55NMG55NTB55O0G55Q5B55QCG55QJB
898351,55L4B55LBG55NFB55NMG55NTB55O0G55Q5B55QCG55QJB
890884,55L4B55LBG55NFB55NMG55NTB55O0G55Q5B55QCG55QJB
890889,55L4B55LBG55NFB55NMG55NTB55O0G55Q5B55QCG55QJB
936527,55L4B55LBG55NFB55NMG55NTB55O0G55Q5B55QCG55QJB
935681,55L8B55LFB55NJB55NQB55NQG55NXB55O4B55Q9B55QGB
935679,55L8B55LFB55NJB55NQB55NQG55NXB55O4B55Q9B55QGB
935677,55L8B55LFB55NJB55NQB55NQG55NXB55O4B55Q9B55QGB
935676,55L8B55LFB55NJB55NQB55NQG55NXB55O4B55Q9B55QGB
903751,55L8B55LFB55NJB55NQB55NQG55NXB55O4B55Q9B55QGB
891887,55L8B55LFB55NJB55NQB55NQG55NXB55O4B55Q9B55QGB
860243,55L8B55LFB55NJB55NQB55NQG55NXB55O4B55Q9B55QGB
890879,55L8B55LFB55NJB55NQB55NQG55NXB55O4B55Q9B55QGB
788898,55L8B55LFB55NJB55NQB55NQG55NXB55O4B55Q9B55QGB
936530,55L8B55LFB55NJB55NQB55NQG55NXB55O4B55Q9B55QGB
936537,55L8B55LFB55NJB55NQB55NQG55NXB55O4B55Q9B55QGB
936535,55L8B55LFB55NJB55NQB55NQG55NXB55O4B55Q9B55QGB
908693,55L8B55LFB55NJB55NQB55NQG55NXB55O4B55Q9B55QGB
860667,55L8B55LFB55NJB55NQB55NQG55NXB55O4B55Q9B55QGB
935638,55L8B55LFB55NJB55NQB55NQG55NXB55O4B55Q9B55QGB
935664,55L8B55LFB55NJB55NQB55NQG55NXB55O4B55Q9B55QGB
1005228,55L8B55LFB55NJB55NQB55NQG55NXB55O4B55Q9B55QGB
935665,55L8B55LFB55NJB55NQB55NQG55NXB55O4B55Q9B55QGB
703969,55L8B55LFB55NJB55NQB55NQG55NXB55O4B55Q9B55QGB
983148,55L8B55LFB55NJB55NQB55NQG55NXB55O4B55Q9B55QGB
860670,55L8B55LFB55NJB55NQB55NQG55NXB55O4B55Q9B55QGB
935689,55L8B55LFB55NJB55NQB55NQG55NXB55O4B55Q9B55QGB
907981,55L8B55LFB55NJB55NQB55NQG55NXB55O4B55Q9B55QGB
935644,55L8B55LFB55NJB55NQB55NQG55NXB55O4B55Q9B55QGB
935650,55L8B55LFB55NJB55NQB55NQG55NXB55O4B55Q9B55QGB
935646,55L8B55LFB55NJB55NQB55NQG55NXB55O4B55Q9B55QGB
935640,55L8B55LFB55NJB55NQB55NQG55NXB55O4B55Q9B55QGB
981448,55L8B55LFB55NJB55NQB55NQG55NXB55O4B55Q9B55QGB
935724,55L8B55LFB55NJB55NQB55NQG55NXB55O4B55Q9B55QGB
984054,55L8B55LFB55NJB55NQB55NQG55NXB55O4B55Q9B55QGB
719063,55L8B55LFB55NJB55NQB55NQG55NXB55O4B55Q9B55QGB
935657,55L8B55LFB55NJB55NQB55NQG55NXB55O4B55Q9B55QGB
935655,55L8B55LFB55NJB55NQB55NQG55NXB55O4B55Q9B55QGB
983155,55L8B55LFB55NJB55NQB55NQG55NXB55O4B55Q9B55QGB
936229,55L8B55LFB55NJB55NQB55NQG55NXB55O4B55Q9B55QGB
936226,55L8B55LFB55NJB55NQB55NQG55NXB55O4B55Q9B55QGB
936224,55L8B55LFB55NJB55NQB55NQG55NXB55O4B55Q9B55QGB
935702,55L8B55LFB55NJB55NQB55NQG55NXB55O4B55Q9B55QGB
935718,55L8B55LFB55NJB55NQB55NQG55NXB55O4B55Q9B55QGB
981785,55L8B55LFB55NJB55NQB55NQG55NXB55O4B55Q9B55QGB
981783,55L8B55LFB55NJB55NQB55NQG55NXB55O4B55Q9B55QGB
981781,55L8B55LFB55NJB55NQB55NQG55NXB55O4B55Q9B55QGB
981462,55L8B55LFB55NJB55NQB55NQG55NXB55O4B55Q9B55QGB
981460,55L8B55LFB55NJB55NQB55NQG55NXB55O4B55Q9B55QGB
981457,55L8B55LFB55NJB55NQB55NQG55NXB55O4B55Q9B55QGB
981780,55L8B55LFB55NJB55NQB55NQG55NXB55O4B55Q9B55QGB
935706,55L8B55LFB55NJB55NQB55NQG55NXB55O4B55Q9B55QGB
907982,55L8B55LFB55NJB55NQB55NQG55NXB55O4B55Q9B55QGB
888729,55L8B55LFB55NJB55NQB55NQG55NXB55O4B55Q9B55QGB
858946,55L8B55LFB55NJB55NQB55NQG55NXB55O4B55Q9B55QGB
1005230,55L8B55LFB55NJB55NQB55NQG55NXB55O4B55Q9B55QGB
703965,55L8B55LFB55NJB55NQB55NQG55NXB55O4B55Q9B55QGB
935713,55L8B55LFB55NJB55NQB55NQG55NXB55O4B55Q9B55QGB
888702,55L8B55LFB55NJB55NQB55NQG55NXB55O4B55Q9B55QGB
858945,55L8B55LFB55NJB55NQB55NQG55NXB55O4B55Q9B55QGB
656922,55L4B55L4B55LBB55LBB55NFB55NFB55NMB55NMB55NTB
853433,55L4B55L4G55LBB55LBG55NFB55NFG55NMB55NMG55NTB
658080,55L4B55L4B55LBB55LBB55NFB55NFB55NMB55NMB55NTB
853438,55L4B55L4G55LBB55LBG55NFB55NFG55NMB55NMG55NTB
790492,55L4B55L4B55LBB55LBB55NFB55NFB55NMB55NMB55NTB
853439,55L4B55L4G55LBB55LBG55NFB55NFG55NMB55NMG55NTB
658081,55L4B55L4B55LBB55LBB55NFB55NFB55NMB55NMB55NTB
853440,55L4B55L4G55LBB55LBG55NFB55NFG55NMB55NMG55NTB
895213,55L4B55L4G55LBB55LBG55NFB55NFG55NMB55NMG55NTB
853441,55L4B55L4G55LBB55LBG55NFB55NFG55NMB55NMG55NTB
740514,55L4B55L4G55LBB55LBG55NFB55NFG55NMB55NMG55NTB
1044655,55L4B55L4G55LBB55LBG55NFB55NFG55NMB55NMG55NTB
991367,55L4B55L4G55LBB55LBG55NFB55NFG55NMB55NMG55NTB
853442,55L4B55L4G55LBB55LBG55NFB55NFG55NMB55NMG55NTB
1032712,55L4B55L4B55LBB55LBB55NFB55NFB55NMB55NMB55NTB
1044654,55L4B55L4G55LBB55LBG55NFB55NFG55NMB55NMG55NTB
1009531,55L4B55L4G55LBB55LBG55NFB55NFG55NMB55NMG55NTB
992333,55L4B55L4G55LBB55LBG55NFB55NFG55NMB55NMG55NTB
657458,55L4B55L4G55LBB55LBG55NFB55NFG55NMB55NMG55NTB
657459,55L4B55L4G55LBB55LBG55NFB55NFG55NMB55NMG55NTB
853443,55L4B55L4G55LBB55LBG55NFB55NFG55NMB55NMG55NTB
853444,55L4B55L4G55LBB55LBG55NFB55NFG55NMB55NMG55NTB
853445,55L4B55L4G55LBB55LBG55NFB55NFG55NMB55NMG55NTB
656919,55L4B55L4G55LBB55LBG55NFB55NFG55NMB55NMG55NTB
656920,55L4B55L4G55LBB55LBG55NFB55NFG55NMB55NMG55NTB
656921,55L4B55L4G55LBB55LBG55NFB55NFG55NMB55NMG55NTB
744287,55L4B55L4B55LBB55LBB55NFB55NFB55NMB55NMB55NTB
853434,55L4B55L4G55LBB55LBG55NFB55NFG55NMB55NMG55NTB
989824,55L4B55L4G55LBB55LBG55NFB55NFG55NMB55NMG55NTB
1019952,55L4B55L4G55LBB55LBG55NFB55NFG55NMB55NMG55NTB
745879,55L4B55L4G55LBB55LBG55NFB55NFG55NMB55NMG55NTB
734750,55L4B55L4G55LBB55LBG55NFB55NFG55NMB55NMG55NTB
950993,55L4B55L4G55LBB55LBG55NFB55NFG55NMB55NMG55NTB
734751,55L4B55L4G55LBB55LBG55NFB55NFG55NMB55NMG55NTB
1109934,55L4B55L4G55LBB55LBG55NFB55NFG55NMB55NMG55NTB
656923,55L4B55L4B55LBB55LBB55NFB55NFB55NMB55NMB55NTB
853435,55L4B55L4G55LBB55LBG55NFB55NFG55NMB55NMG55NTB
946241,55L4B55L4B55LBB55LBB55NFB55NFB55NMB55NMB55NTB
895212,55L4B55L4G55LBB55LBG55NFB55NFG55NMB55NMG55NTB
656924,55L4B55L4B55LBB55LBB55NFB55NFB55NMB55NMB55NTB
853436,55L4B55L4G55LBB55LBG55NFB55NFG55NMB55NMG55NTB
656925,55L4B55L4B55LBB55LBB55NFB55NFB55NMB55NMB55NTB
700353,55L4B55L4G55LBB55LBG55NFB55NFG55NMB55NMG55NTB
658078,55L4B55L4B55LBB55LBB55NFB55NFB55NMB55NMB55NTB
993224,55L4B55L4G55LBB55LBG55NFB55NFG55NMB55NMG55NTB
658079,55L4B55L4B55LBB55LBB55NFB55NFB55NMB55NMB55NTB
853437,55L4B55L4G55LBB55LBG55NFB55NFG55NMB55NMG55NTB
761687,55L4B55L4B55L4G55LBB55LBB55LBG55NFB55NFB55NFG
761676,55L4B55L4B55L4G55LBB55LBB55LBG55NFB55NFB55NFG
1047528,55L4B55L4B55L4G55LBB55LBB55LBG55NFB55NFB55NFG
761668,55L4B55L4B55L4G55LBB55LBB55LBG55NFB55NFB55NFG
989850,55L4B55L4B55L4G55LBB55LBB55LBG55NFB55NFB55NFG
761651,55L4B55L4B55L4G55LBB55LBB55LBG55NFB55NFB55NFG
819713,55L4B55L4B55L4G55LBB55LBB55LBG55NFB55NFB55NFG
761648,55L4B55L4B55L4G55LBB55LBB55LBG55NFB55NFB55NFG
907234,55L4B55L4B55L4G55LBB55LBB55LBG55NFB55NFB55NFG
819712,55L4B55L4B55L4G55LBB55LBB55LBG55NFB55NFB55NFG
761686,55L4B55L4B55L4G55LBB55LBB55LBG55NFB55NFB55NFG
989849,55L4B55L4B55L4G55LBB55LBB55LBG55NFB55NFB55NFG
819714,55L4B55L4B55L4G55LBB55LBB55LBG55NFB55NFB55NFG
761313,55L4B55L4B55L4G55LBB55LBB55LBG55NFB55NFB55NFG
761311,55L4B55L4B55L4G55LBB55LBB55LBG55NFB55NFB55NFG
761310,55L4B55L4B55L4G55LBB55LBB55LBG55NFB55NFB55NFG
761664,55L4B55L4B55L4G55LBB55LBB55LBG55NFB55NFB55NFG
761663,55L4B55L4B55L4G55LBB55LBB55LBG55NFB55NFB55NFG
761662,55L4B55L4B55L4G55LBB55LBB55LBG55NFB55NFB55NFG
761660,55L4B55L4B55L4G55LBB55LBB55LBG55NFB55NFB55NFG
819716,55L4B55L4B55L4G55LBB55LBB55LBG55NFB55NFB55NFG
820037,55L4B55L4B55L4G55LBB55LBB55LBG55NFB55NFB55NFG
761658,55L4B55L4B55L4G55LBB55LBB55LBG55NFB55NFB55NFG
761667,55L4B55L4B55L4G55LBB55LBB55LBG55NFB55NFB55NFG
1031264,55L4B55L4B55L4G55LBB55LBB55LBG55NFB55NFB55NFG
761655,55L4B55L4B55L4G55LBB55LBB55LBG55NFB55NFB55NFG
700260,55L4B55L4B55L4G55LBB55LBB55LBG55NFB55NFB55NFG
819715,55L4B55L4B55L4G55LBB55LBB55LBG55NFB55NFB55NFG
849461,55L4B55L4B55L4G55LBB55LBB55LBG55NFB55NFB55NFG
701543,55L4B55L4B55L4G55LBB55LBB55LBG55NFB55NFB55NFG
991644,55L4B55L4B55L4G55LBB55LBB55LBG55NFB55NFB55NFG
761308,55L4B55L4B55L4G55LBB55LBB55LBG55NFB55NFB55NFG
761683,55L4B55L4B55L4G55LBB55LBB55LBG55NFB55NFB55NFG
990553,55L4B55L4B55L4G55LBB55LBB55LBG55NFB55NFB55NFG
761659,55L4B55L4B55L4G55LBB55LBB55LBG55NFB55NFB55NFG
819717,55L4B55L4B55L4G55LBB55LBB55LBG55NFB55NFB55NFG
761666,55L4B55L4B55L4G55LBB55LBB55LBG55NFB55NFB55NFG
1047527,55L4B55L4B55L4G55LBB55LBB55LBG55NFB55NFB55NFG
990565,55L4B55L4B55L4G55LBB55LBB55LBG55NFB55NFB55NFG
820578,55L4B55L4B55L4G55LBB55LBB55LBG55NFB55NFB55NFG
763050,55L4B55L4B55L4G55LBB55LBB55LBG55NFB55NFB55NFG
763049,55L4B55L4B55L4G55LBB55LBB55LBG55NFB55NFB55NFG
820574,55L4B55L4B55L4G55LBB55LBB55LBG55NFB55NFB55NFG
762999,55L4B55L4B55L4G55LBB55LBB55LBG55NFB55NFB55NFG
763047,55L4B55L4B55L4G55LBB55LBB55LBG55NFB55NFB55NFG
763046,55L4B55L4B55L4G55LBB55LBB55LBG55NFB55NFB55NFG
820573,55L4B55L4B55L4G55LBB55LBB55LBG55NFB55NFB55NFG
763036,55L4B55L4B55L4G55LBB55LBB55LBG55NFB55NFB55NFG
763042,55L4B55L4B55L4G55LBB55LBB55LBG55NFB55NFB55NFG
820572,55L4B55L4B55L4G55LBB55LBB55LBG55NFB55NFB55NFG
1047533,55L4B55L4B55L4G55LBB55LBB55LBG55NFB55NFB55NFG
763040,55L4B55L4B55L4G55LBB55LBB55LBG55NFB55NFB55NFG
763038,55L4B55L4B55L4G55LBB55LBB55LBG55NFB55NFB55NFG
990566,55L4B55L4B55L4G55LBB55LBB55LBG55NFB55NFB55NFG
820036,55L4B55L4B55L4G55LBB55LBB55LBG55NFB55NFB55NFG
1015756,55L4B55L4B55L4G55LBB55LBB55LBG55NFB55NFB55NFG
763041,55L4B55L4B55L4G55LBB55LBB55LBG55NFB55NFB55NFG
763067,55L4B55L4B55L4G55LBB55LBB55LBG55NFB55NFB55NFG
820580,55L4B55L4B55L4G55LBB55LBB55LBG55NFB55NFB55NFG
763065,55L4B55L4B55L4G55LBB55LBB55LBG55NFB55NFB55NFG
763064,55L4B55L4B55L4G55LBB55LBB55LBG55NFB55NFB55NFG
820579,55L4B55L4B55L4G55LBB55LBB55LBG55NFB55NFB55NFG
763062,55L4B55L4B55L4G55LBB55LBB55LBG55NFB55NFB55NFG
763060,55L4B55L4B55L4G55LBB55LBB55LBG55NFB55NFB55NFG
763052,55L4B55L4B55L4G55LBB55LBB55LBG55NFB55NFB55NFG
761680,55L4B55L4B55L4G55LBB55LBB55LBG55NFB55NFB55NFG
763057,55L4B55L4B55L4G55LBB55LBB55LBG55NFB55NFB55NFG
820577,55L4B55L4B55L4G55LBB55LBB55LBG55NFB55NFB55NFG
1047534,55L4B55L4B55L4G55LBB55LBB55LBG55NFB55NFB55NFG
820576,55L4B55L4B55L4G55LBB55LBB55LBG55NFB55NFB55NFG
700264,55L4B55L4B55L4G55LBB55LBB55LBG55NFB55NFB55NFG
763053,55L4B55L4B55L4G55LBB55LBB55LBG55NFB55NFB55NFG
989851,55L4B55L4B55L4G55LBB55LBB55LBG55NFB55NFB55NFG
700263,55L4B55L4B55L4G55LBB55LBB55LBG55NFB55NFB55NFG
763015,55L4B55L4B55L4G55LBB55LBB55LBG55NFB55NFB55NFG
761679,55L4B55L4B55L4G55LBB55LBB55LBG55NFB55NFB55NFG
763014,55L4B55L4B55L4G55LBB55LBB55LBG55NFB55NFB55NFG
763013,55L4B55L4B55L4G55LBB55LBB55LBG55NFB55NFB55NFG
763011,55L4B55L4B55L4G55LBB55LBB55LBG55NFB55NFB55NFG
1047532,55L4B55L4B55L4G55LBB55LBB55LBG55NFB55NFB55NFG
990564,55L4B55L4B55L4G55LBB55LBB55LBG55NFB55NFB55NFG
763009,55L4B55L4B55L4G55LBB55LBB55LBG55NFB55NFB55NFG
763007,55L4B55L4B55L4G55LBB55LBB55LBG55NFB55NFB55NFG
763006,55L4B55L4B55L4G55LBB55LBB55LBG55NFB55NFB55NFG
700262,55L4B55L4B55L4G55LBB55LBB55LBG55NFB55NFB55NFG
763003,55L4B55L4B55L4G55LBB55LBB55LBG55NFB55NFB55NFG
819721,55L4B55L4B55L4G55LBB55LBB55LBG55NFB55NFB55NFG
990563,55L4B55L4B55L4G55LBB55LBB55LBG55NFB55NFB55NFG
763001,55L4B55L4B55L4G55LBB55LBB55LBG55NFB55NFB55NFG
763008,55L4B55L4B55L4G55LBB55LBB55LBG55NFB55NFB55NFG
763010,55L4B55L4B55L4G55LBB55LBB55LBG55NFB55NFB55NFG
763033,55L4B55L4B55L4G55LBB55LBB55LBG55NFB55NFB55NFG
861877,55L4G55LBB55NFG55NMB55NTG55O0B55Q5G55QCB55QJG
1035662,55L4G55LBB55NFG55NMB55NTG55O0B55Q5G55QCB55QJG
880125,55L8B55LFG55NJB55NQG55NXB55O4G55Q9B55QGG55QNB
942276,55L6R55L8B55LFG55NHR55NJB55NQG55NVR55NXB55O4G
979652,55L4G55LBB55NFG55NMB55NTG55O0B55Q5G55QCB55QJG
979701,55L4G55LBB55NFG55NMB55NTG55O0B55Q5G55QCB55QJG
879555,55L6R55L8B55LFG55NHR55NJB55NQG55NVR55NXB55O4G
660130,55L6R55L8B55LFG55NHR55NJB55NQG55NVR55NXB55O4G
902628,55L4G55LBB55NFG55NMB55NTG55O0B55Q5G55QCB55QJG
940698,55L6R55L8B55LFG55NHR55NJB55NQG55NVR55NXB55O4G
934947,55L9B55LCG55NDB55NKB55NRB55NYB55O1G55O5B55QAB
934953,55L9B55LCG55NDB55NKB55NRB55NYB55O1G55O5B55QAB
831379,55L9B55LCG55NDB55NKB55NRB55NYB55O1G55O5B55QAB
934948,55L9B55LCG55NDB55NKB55NRB55NYB55O1G55O5B55QAB
703563,55L9B55LCG55NDB55NKB55NRB55NYB55O1G55O5B55QAB
853449,55L9B55LCG55NDB55NKB55NRB55NYB55O1G55O5B55QAB
934943,55L9B55LCG55NDB55NKB55NRB55NYB55O1G55O5B55QAB
934940,55L9B55LCG55NDB55NKB55NRB55NYB55O1G55O5B55QAB
865344,55L9B55LCG55NDB55NKB55NRB55NYB55O1G55O5B55QAB
935329,55L9B55LCG55NDB55NKB55NRB55NYB55O1G55O5B55QAB
935327,55L9B55LCG55NDB55NKB55NRB55NYB55O1G55O5B55QAB
934919,55L9B55LCG55NDB55NKB55NRB55NYB55O1G55O5B55QAB
935325,55L9B55LCG55NDB55NKB55NRB55NYB55O1G55O5B55QAB
904794,55L9B55LCG55NDB55NKB55NRB55NYB55O1G55O5B55QAB
831381,55L9B55LCG55NDB55NKB55NRB55NYB55O1G55O5B55QAB
904793,55L9B55LCG55NDB55NKB55NRB55NYB55O1G55O5B55QAB
934927,55L9B55LCG55NDB55NKB55NRB55NYB55O1G55O5B55QAB
934924,55L9B55LCG55NDB55NKB55NRB55NYB55O1G55O5B55QAB
934921,55L9B55LCG55NDB55NKB55NRB55NYB55O1G55O5B55QAB
977678,55L5B55LCB55NGB55NJG55NNB55NUB55O1B55Q6B55Q9G
901273,55L5B55LCB55NGB55NJG55NNB55NUB55O1B55Q6B55Q9G
649327,55L5B55LCB55NGB55NJG55NNB55NUB55O1B55Q6B55Q9G
652743,55L5B55LCB55NGB55NJG55NNB55NUB55O1B55Q6B55Q9G
652744,55L5B55LCB55NGB55NJG55NNB55NUB55O1B55Q6B55Q9G
652747,55L5B55LCB55NGB55NJG55NNB55NUB55O1B55Q6B55Q9G
652748,55L5B55LCB55NGB55NJG55NNB55NUB55O1B55Q6B55Q9G
652750,55L5B55LCB55NGB55NJG55NNB55NUB55O1B55Q6B55Q9G
652752,55L5B55LCB55NGB55NJG55NNB55NUB55O1B55Q6B55Q9G
982430,55L5B55LCB55NGB55NJG55NNB55NUB55O1B55Q6B55Q9G
977304,55L5B55LCB55NGB55NJG55NNB55NUB55O1B55Q6B55Q9G
901263,55L5B55LCB55NGB55NJG55NNB55NUB55O1B55Q6B55Q9G
977658,55L5B55LCB55NGB55NJG55NNB55NUB55O1B55Q6B55Q9G
705975,55L5B55LCB55NGB55NJG55NNB55NUB55O1B55Q6B55Q9G
982093,55L5B55LCB55NGB55NJG55NNB55NUB55O1B55Q6B55Q9G
997240,55L5B55LCB55NGB55NJG55NNB55NUB55O1B55Q6B55Q9G
982433,55L5B55LCB55NGB55NJG55NNB55NUB55O1B55Q6B55Q9G
999997,55L5B55LCB55NGB55NJG55NNB55NUB55O1B55Q6B55Q9G
1005587,55L5B55LCB55NGB55NJG55NNB55NUB55O1B55Q6B55Q9G
982427,55L5B55LCB55NGB55NJG55NNB55NUB55O1B55Q6B55Q9G
977674,55L5B55LCB55NGB55NJG55NNB55NUB55O1B55Q6B55Q9G
977293,55L5B55LCB55NGB55NJG55NNB55NUB55O1B55Q6B55Q9G
977295,55L5B55LCB55NGB55NJG55NNB55NUB55O1B55Q6B55Q9G
977297,55L5B55LCB55NGB55NJG55NNB55NUB55O1B55Q6B55Q9G
977299,55L5B55LCB55NGB55NJG55NNB55NUB55O1B55Q6B55Q9G
977300,55L5B55LCB55NGB55NJG55NNB55NUB55O1B55Q6B55Q9G
977302,55L5B55LCB55NGB55NJG55NNB55NUB55O1B55Q6B55Q9G
977667,55L5B55LCB55NGB55NJG55NNB55NUB55O1B55Q6B55Q9G
977668,55L5B55LCB55NGB55NJG55NNB55NUB55O1B55Q6B55Q9G
977670,55L5B55LCB55NGB55NJG55NNB55NUB55O1B55Q6B55Q9G
977671,55L5B55LCB55NGB55NJG55NNB55NUB55O1B55Q6B55Q9G
977683,55L5B55LCB55NGB55NJG55NNB55NUB55O1B55Q6B55Q9G
977666,55L5B55LCB55NGB55NJG55NNB55NUB55O1B55Q6B55Q9G
901272,55L5B55LCB55NGB55NJG55NNB55NUB55O1B55Q6B55Q9G
790977,55L9G55NDB55NKG55NRB55NYG55O5B55QAG55QHB55QOG
734886,55L6G55LDB55NHG55NOB55NVG55O2B55Q7G55QEB55QLG
796620,55L6G55LDB55NHG55NOB55NVG55O2B55Q7G55QEB55QLG
790249,55L8G55LBR55LFB55NJG55NMR55NQB55NXG55O0R55O4B
906862,55L8G55LBR55LFB55NJG55NMR55NQB55NXG55O0R55O4B
907318,55L8G55LBR55LFB55NJG55NMR55NQB55NXG55O0R55O4B
907319,55L8G55LBR55LFB55NJG55NMR55NQB55NXG55O0R55O4B
907320,55L8G55LBR55LFB55NJG55NMR55NQB55NXG55O0R55O4B
801158,55L8G55LFB55NJG55NQB55NXG55O4B55Q9G55QGB55QNG
1157937,55L9G55NDB55NKG55NRB55NYG55O5B55QAG55QHB55QOG
782259,55L6B55LDG55LDR55NHB55NOG55NOR55NVB55O2G55O2R
887486,55L6B55LDG55LDR55NHB55NOG55NOR55NVB55O2G55O2R
887483,55L6B55LDG55LDR55NHB55NOG55NOR55NVB55O2G55O2R
887481,55L6B55LDG55LDR55NHB55NOG55NOR55NVB55O2G55O2R
893001,55L6B55LDG55LDR55NHB55NOG55NOR55NVB55O2G55O2R
893017,55L6B55LDG55LDR55NHB55NOG55NOR55NVB55O2G55O2R
887485,55L6B55LDG55LDR55NHB55NOG55NOR55NVB55O2G55O2R
934916,55L6B55LDG55LDR55NHB55NOG55NOR55NVB55O2G55O2R
1040547,55L6B55LDG55LDR55NHB55NOG55NOR55NVB55O2G55O2R
934918,55L6B55LDG55LDR55NHB55NOG55NOR55NVB55O2G55O2R
933590,55L6B55LDG55LDR55NHB55NOG55NOR55NVB55O2G55O2R
933589,55L6B55LDG55LDR55NHB55NOG55NOR55NVB55O2G55O2R
892997,55L6B55LDG55LDR55NHB55NOG55NOR55NVB55O2G55O2R
893000,55L6B55LDG55LDR55NHB55NOG55NOR55NVB55O2G55O2R
892998,55L6B55LDG55LDR55NHB55NOG55NOR55NVB55O2G55O2R
893005,55L6B55LDG55LDR55NHB55NOG55NOR55NVB55O2G55O2R
687510,55L5B55L8R55LCB55NGB55NJG55NJR55NNB55NUB55NXR
977659,55L5B55L8R55LCB55NGB55NJG55NJR55NNB55NUB55NXR
687509,55L5B55L8R55LCB55NGB55NJG55NJR55NNB55NUB55NXR
828779,55L5B55L8R55LCB55NGB55NJG55NJR55NNB55NUB55NXR
687513,55L5B55L8R55LCB55NGB55NJG55NJR55NNB55NUB55NXR
706322,55L5B55L8R55LCB55NGB55NJG55NJR55NNB55NUB55NXR
687517,55L5B55L8R55LCB55NGB55NJG55NJR55NNB55NUB55NXR
853453,55L5B55L8R55LCB55NGB55NJG55NJR55NNB55NUB55NXR
687516,55L5B55L8R55LCB55NGB55NJG55NJR55NNB55NUB55NXR
977657,55L5B55L8R55LCB55NGB55NJG55NJR55NNB55NUB55NXR
982450,55L5B55L8R55LCB55NGB55NJG55NJR55NNB55NUB55NXR
982443,55L5B55L8R55LCB55NGB55NJG55NJR55NNB55NUB55NXR
982448,55L5B55L8R55LCB55NGB55NJG55NJR55NNB55NUB55NXR
982441,55L5B55L8R55LCB55NGB55NJG55NJR55NNB55NUB55NXR
982446,55L5B55L8R55LCB55NGB55NJG55NJR55NNB55NUB55NXR
705978,55L5B55L8R55LCB55NGB55NJG55NJR55NNB55NUB55NXR
982445,55L5B55L8R55LCB55NGB55NJG55NJR55NNB55NUB55NXR
982437,55L5B55LCB55NGB55NJG55NNB55NUB55O1B55Q6B55Q9G
652843,55L5B55L8R55LCB55NGB55NJG55NJR55NNB55NUB55NXR
853454,55L5B55LCB55NGB55NJG55NNB55NUB55O1B55Q6B55Q9G
687515,55L5B55L8R55LCB55NGB55NJG55NJR55NNB55NUB55NXR
687488,55L5B55L8R55LCB55NGB55NJG55NJR55NNB55NUB55NXR
853455,55L5B55LCB55NGB55NJG55NNB55NUB55O1B55Q6B55Q9G
901262,55L5B55L8R55LCB55NGB55NJG55NJR55NNB55NUB55NXR
687514,55L5B55L8R55LCB55NGB55NJG55NJR55NNB55NUB55NXR
977664,55L5B55L8R55LCB55NGB55NJG55NJR55NNB55NUB55NXR
687512,55L5B55L8R55LCB55NGB55NJG55NJR55NNB55NUB55NXR
977662,55L5B55L8R55LCB55NGB55NJG55NJR55NNB55NUB55NXR
687511,55L5B55L8R55LCB55NGB55NJG55NJR55NNB55NUB55NXR
705974,55L5B55L8R55LCB55NGB55NJG55NJR55NNB55NUB55NXR
938217,55L6B55LDB55NHB55NNG55NOB55NVB55O2B55Q7B55QDG
909441,55L6B55LDB55NHB55NNG55NOB55NVB55O2B55Q7B55QDG
1033717,55L6B55LDB55NHB55NNG55NOB55NVB55O2B55Q7B55QDG
1035710,55L6B55LDB55NHB55NNG55NOB55NVB55O2B55Q7B55QDG
1057791,55L6B55L6B55LDB55LDB55NHB55NHB55NNG55NOB55NOB
864411,55L6B55LDB55NHB55NOB55NVB55O2B55Q7B55QEB55QLB
910697,55L6B55LDB55NHB55NOB55NVB55O2B55Q7B55QEB55QLB
1127270,55L6B55L6B55LDB55LDB55NHB55NHB55NNG55NOB55NOB
1127271,55L6B55L6B55LDB55LDB55NHB55NHB55NNG55NOB55NOB
1057792,55L6B55L6B55LDB55LDB55NHB55NHB55NNG55NOB55NOB
938224,55L6B55LDB55NHB55NOB55NVB55O2B55Q7B55QEB55QLB
910698,55L6B55LDB55NHB55NOB55NVB55O2B55Q7B55QEB55QLB
1057793,55L6B55L6B55LDB55LDB55NHB55NHB55NNG55NOB55NOB
938232,55L6B55LDB55NHB55NOB55NVB55O2B55Q7B55QEB55QLB
1057794,55L6B55L6B55LDB55LDB55NHB55NHB55NNG55NOB55NOB
938230,55L6B55LDB55NHB55NOB55NVB55O2B55Q7B55QEB55QLB
1057795,55L6B55L6B55LDB55LDB55NHB55NHB55NNG55NOB55NOB
938227,55L6B55LDB55NHB55NOB55NVB55O2B55Q7B55QEB55QLB
1057796,55L6B55L6B55LDB55LDB55NHB55NHB55NNG55NOB55NOB
1057797,55L6B55L6B55LDB55LDB55NHB55NHB55NNG55NOB55NOB
1057798,55L6B55L6B55LDB55LDB55NHB55NHB55NNG55NOB55NOB
1057799,55L6B55L6B55LDB55LDB55NHB55NHB55NNG55NOB55NOB
891906,55L8G55LBR55LFB55NJG55NMR55NQB55NXG55O0R55O4B
785334,55L8G55LBR55LFB55NJG55NMR55NQB55NXG55O0R55O4B
891901,55L8G55LBR55LFB55NJG55NMR55NQB55NXG55O0R55O4B
891899,55L8G55LBR55LFB55NJG55NMR55NQB55NXG55O0R55O4B
891896,55L8G55LBR55LFB55NJG55NMR55NQB55NXG55O0R55O4B
703555,55L8G55LBR55LFB55NJG55NMR55NQB55NXG55O0R55O4B
891893,55L8G55LFB55NJG55NQB55NXG55O4B55Q9G55QGB55QNG
703556,55L8G55LBR55LFB55NJG55NMR55NQB55NXG55O0R55O4B
891924,55L8G55LBR55LFB55NJG55NMR55NQB55NXG55O0R55O4B
891921,55L8G55LBR55LFB55NJG55NMR55NQB55NXG55O0R55O4B
891947,55L8G55LBR55LFB55NJG55NMR55NQB55NXG55O0R55O4B
891918,55L8G55LBR55LFB55NJG55NMR55NQB55NXG55O0R55O4B
891917,55L8G55LBR55LFB55NJG55NMR55NQB55NXG55O0R55O4B
891914,55L8G55LBR55LFB55NJG55NMR55NQB55NXG55O0R55O4B
891912,55L8G55LBR55LFB55NJG55NMR55NQB55NXG55O0R55O4B
938219,55L8G55LBR55LFB55NJG55NMR55NQB55NXG55O0R55O4B
936495,55L8G55LBR55LFB55NJG55NMR55NQB55NXG55O0R55O4B
936492,55L8G55LBR55LFB55NJG55NMR55NQB55NXG55O0R55O4B
936490,55L8G55LBR55LFB55NJG55NMR55NQB55NXG55O0R55O4B
891955,55L8G55LBR55LFB55NJG55NMR55NQB55NXG55O0R55O4B
889242,55L8G55LBR55LFB55NJG55NMR55NQB55NXG55O0R55O4B
936483,55L8G55LBR55LFB55NJG55NMR55NQB55NXG55O0R55O4B
936481,55L8G55LBR55LFB55NJG55NMR55NQB55NXG55O0R55O4B
995305,55L8G55LBR55LFB55NJG55NMR55NQB55NXG55O0R55O4B
889553,55L8G55LBR55LFB55NJG55NMR55NQB55NXG55O0R55O4B
889551,55L8G55LBR55LFB55NJG55NMR55NQB55NXG55O0R55O4B
1017481,55L8G55LBR55LFB55NJG55NMR55NQB55NXG55O0R55O4B
702701,55L8G55LBR55LFB55NJG55NMR55NQB55NXG55O0R55O4B
889545,55L8G55LBR55LFB55NJG55NMR55NQB55NXG55O0R55O4B
889542,55L8G55LFB55NJG55NQB55NXG55O4B55Q9G55QGB55QNG
790332,55L8G55LBR55LFB55NJG55NMR55NQB55NXG55O0R55O4B
889538,55L8G55LBR55LFB55NJG55NMR55NQB55NXG55O0R55O4B
936487,55L8G55LBR55LFB55NJG55NMR55NQB55NXG55O0R55O4B
936456,55L8G55LBR55LFB55NJG55NMR55NQB55NXG55O0R55O4B
936453,55L8G55LBR55LFB55NJG55NMR55NQB55NXG55O0R55O4B
782282,55L8G55LBR55LFB55NJG55NMR55NQB55NXG55O0R55O4B
936458,55L8G55LBR55LFB55NJG55NMR55NQB55NXG55O0R55O4B
891950,55L8G55LBR55LFB55NJG55NMR55NQB55NXG55O0R55O4B
935344,55L8G55LBR55LFB55NJG55NMR55NQB55NXG55O0R55O4B
904801,55L8G55LFB55NJG55NQB55NXG55O4B55Q9G55QGB55QNG
936469,55L8G55LBR55LFB55NJG55NMR55NQB55NXG55O0R55O4B
936477,55L8G55LBR55LFB55NJG55NMR55NQB55NXG55O0R55O4B
703905,55L8G55LFB55NJG55NQB55NXG55O4B55Q9G55QGB55QNG
891948,55L8G55LBR55LFB55NJG55NMR55NQB55NXG55O0R55O4B
936473,55L8G55LFB55NJG55NQB55NXG55O4B55Q9G55QGB55QNG
936478,55L8G55LFB55NJG55NQB55NXG55O4B55Q9G55QGB55QNG
936466,55L8G55LBR55LFB55NJG55NMR55NQB55NXG55O0R55O4B
936464,55L8G55LFB55NJG55NQB55NXG55O4B55Q9G55QGB55QNG
905060,55L8G55LBR55LFB55NJG55NMR55NQB55NXG55O0R55O4B
891943,55L8G55LBR55LFB55NJG55NMR55NQB55NXG55O0R55O4B
785337,55L8G55LBR55LFB55NJG55NMR55NQB55NXG55O0R55O4B
891928,55L8G55LBR55LFB55NJG55NMR55NQB55NXG55O0R55O4B
909492,55L8G55LFB55NJG55NQB55NXG55O4B55Q9G55QGB55QNG
703934,55L8G55LFB55NJG55NQB55NXG55O4B55Q9G55QGB55QNG
860691,55L8G55LFB55NJG55NQB55NXG55O4B55Q9G55QGB55QNG
652412,55L8G55LFB55NJG55NQB55NXG55O4B55Q9G55QGB55QNG
652405,55L8G55LFB55NJG55NQB55NXG55O4B55Q9G55QGB55QNG
652409,55L8G55LFB55NJG55NQB55NXG55O4B55Q9G55QGB55QNG
652406,55L8G55LFB55NJG55NQB55NXG55O4B55Q9G55QGB55QNG
652407,55L8G55LFB55NJG55NQB55NXG55O4B55Q9G55QGB55QNG
648921,55L8G55LFB55NJG55NQB55NXG55O4B55Q9G55QGB55QNG
652391,55L8G55LFB55NJG55NQB55NXG55O4B55Q9G55QGB55QNG
648920,55L8G55LFB55NJG55NQB55NXG55O4B55Q9G55QGB55QNG
861596,55L8G55LFB55NJG55NQB55NXG55O4B55Q9G55QGB55QNG
648925,55L8G55LFB55NJG55NQB55NXG55O4B55Q9G55QGB55QNG
703937,55L8G55LFB55NJG55NQB55NXG55O4B55Q9G55QGB55QNG
650264,55L8G55LFB55NJG55NQB55NXG55O4B55Q9G55QGB55QNG
650266,55L8G55LFB55NJG55NQB55NXG55O4B55Q9G55QGB55QNG
648903,55L8G55LFB55NJG55NQB55NXG55O4B55Q9G55QGB55QNG
650268,55L8G55LFB55NJG55NQB55NXG55O4B55Q9G55QGB55QNG
650270,55L8G55LFB55NJG55NQB55NXG55O4B55Q9G55QGB55QNG
652394,55L8G55LFB55NJG55NQB55NXG55O4B55Q9G55QGB55QNG
861590,55L8G55LFB55NJG55NQB55NXG55O4B55Q9G55QGB55QNG
652396,55L8G55LFB55NJG55NQB55NXG55O4B55Q9G55QGB55QNG
652756,55L8G55LFB55NJG55NQB55NXG55O4B55Q9G55QGB55QNG
786157,55L8G55LFB55NJG55NQB55NXG55O4B55Q9G55QGB55QNG
652418,55L8G55LFB55NJG55NQB55NXG55O4B55Q9G55QGB55QNG
652402,55L8G55LFB55NJG55NQB55NXG55O4B55Q9G55QGB55QNG
882818,55L4G55L8R55LBB55NFG55NJR55NMB55NTG55NXR55O0B
706239,55L4G55L8R55LBB55NFG55NJR55NMB55NTG55NXR55O0B
882815,55L4G55L8R55LBB55NFG55NJR55NMB55NTG55NXR55O0B
824802,55L4G55L8R55LBB55NFG55NJR55NMB55NTG55NXR55O0B
882816,55L4G55L8R55LBB55NFG55NJR55NMB55NTG55NXR55O0B
1006756,55L4G55L8R55LBB55NFG55NJR55NMB55NTG55NXR55O0B
884181,55L4G55L8R55LBB55NFG55NJR55NMB55NTG55NXR55O0B
706250,55L4G55L8R55LBB55NFG55NJR55NMB55NTG55NXR55O0B
884183,55L4G55L8R55LBB55NFG55NJR55NMB55NTG55NXR55O0B
882811,55L4G55L8R55LBB55NFG55NJR55NMB55NTG55NXR55O0B
998903,55L5G55LCB55NGG55NNB55NUG55O1B55Q6G55QDB55QKG
668546,55L5G55LCB55NGG55NNB55NUG55O1B55Q6G55QDB55QKG
668549,55L5G55LCB55NGG55NNB55NUG55O1B55Q6G55QDB55QKG
668552,55L5G55LCB55NGG55NNB55NUG55O1B55Q6G55QDB55QKG
668538,55L5G55LCB55NGG55NNB55NUG55O1B55Q6G55QDB55QKG
1007835,55L5G55LCB55NGG55NNB55NUG55O1B55Q6G55QDB55QKG
668534,55L5G55LCB55NGG55NNB55NUG55O1B55Q6G55QDB55QKG
665832,55L5G55LCB55NGG55NNB55NUG55O1B55Q6G55QDB55QKG
706084,55L5G55LCB55NGG55NNB55NUG55O1B55Q6G55QDB55QKG
665818,55L5G55LCB55NGG55NNB55NUG55O1B55Q6G55QDB55QKG
665815,55L5G55LCB55NGG55NNB55NUG55O1B55Q6G55QDB55QKG
853457,55L6B55L8R55LDG55NHB55NJR55NOG55NVB55NXR55O2G
956803,55L6B55L8R55LDG55NHB55NJR55NOG55NVB55NXR55O2G
831093,55L6B55L6B55L8R55LDG55NHB55NHB55NJR55NOG55NVB
956808,55L6B55L8R55LDG55NHB55NJR55NOG55NVB55NXR55O2G
956807,55L6B55L8R55LDG55NHB55NJR55NOG55NVB55NXR55O2G
956806,55L6B55L8R55LDG55NHB55NJR55NOG55NVB55NXR55O2G
956805,55L6B55L8R55LDG55NHB55NJR55NOG55NVB55NXR55O2G
889562,55L4B55LBB55NFB55NMB55NTB55O0B55Q5B55QCB55QJB
936844,55L4B55LBB55NFB55NMB55NTB55O0B55Q5B55QCB55QJB
889558,55L4B55LBB55NFB55NMB55NTB55O0B55Q5B55QCB55QJB
859877,55L4B55LBB55NFB55NMB55NTB55O0B55Q5B55QCB55QJB
889556,55L4B55LBB55NFB55NMB55NTB55O0B55Q5B55QCB55QJB
889561,55L4B55LBB55NFB55NMB55NTB55O0B55Q5B55QCB55QJB
654359,55L4B55LBB55NFB55NMB55NTB55O0B55Q5B55QCB55QJB
864403,55L4B55LBB55NFB55NMB55NTB55O0B55Q5B55QCB55QJB
936855,55L4B55LBB55NFB55NMB55NTB55O0B55Q5B55QCB55QJB
864402,55L4B55LBB55NFB55NMB55NTB55O0B55Q5B55QCB55QJB
909416,55L4B55LBB55NFB55NMB55NTB55O0B55Q5B55QCB55QJB
936848,55L4B55LBB55NFB55NIG55NMB55NTB55O0B55Q5B55Q8G
853458,55L4B55LBB55NFB55NMB55NTB55O0B55Q5B55QCB55QJB
936846,55L4B55LBB55NFB55NMB55NTB55O0B55Q5B55QCB55QJB
742136,55L4B55LBB55NFB55NMB55NTB55O0B55Q5B55QCB55QJB
887158,55L4B55LBB55NFB55NIG55NMB55NTB55O0B55Q5B55Q8G
741339,55L4B55LBB55NFB55NMB55NTB55O0B55Q5B55QCB55QJB
847586,55L4B55LBB55NFB55NMB55NTB55O0B55Q5B55QCB55QJB
936875,55L4B55LBB55NFB55NMB55NTB55O0B55Q5B55QCB55QJB
887159,55L4B55LBB55NFB55NMB55NTB55O0B55Q5B55QCB55QJB
936873,55L4B55LBB55NFB55NMB55NTB55O0B55Q5B55QCB55QJB
936871,55L4B55LBB55NFB55NMB55NTB55O0B55Q5B55QCB55QJB
742195,55L4B55LBB55NFB55NIG55NMB55NTB55O0B55Q5B55Q8G
936858,55L4B55LBB55NFB55NMB55NTB55O0B55Q5B55QCB55QJB
936510,55L4B55LBB55NFB55NIG55NMB55NTB55O0B55Q5B55Q8G
936507,55L4B55LBB55NFB55NMB55NTB55O0B55Q5B55QCB55QJB
873280,55L7B55LEG55NIB55NPG55NWB55O3G55Q8B55QFG55QMB
873271,55L7B55LBR55LEG55NIB55NMR55NPG55NWB55O0R55O3G
873285,55L7B55LBR55LEG55NIB55NMR55NPG55NWB55O0R55O3G
1011362,55L7B55LBR55LEG55NIB55NMR55NPG55NWB55O0R55O3G
873276,55L7B55LBR55LEG55NIB55NMR55NPG55NWB55O0R55O3G
873262,55L7B55LBR55LEG55NIB55NMR55NPG55NWB55O0R55O3G
776514,55L7B55LBR55LEG55NIB55NMR55NPG55NWB55O0R55O3G
743872,55L7B55LBR55LEG55NIB55NMR55NPG55NWB55O0R55O3G
873264,55L7B55LBR55LEG55NIB55NMR55NPG55NWB55O0R55O3G
776515,55L7B55LBR55LEG55NIB55NMR55NPG55NWB55O0R55O3G
873268,55L7B55LBR55LEG55NIB55NMR55NPG55NWB55O0R55O3G
873284,55L7B55LBR55LEG55NIB55NMR55NPG55NWB55O0R55O3G
873283,55L7B55LBR55LEG55NIB55NMR55NPG55NWB55O0R55O3G
776518,55L7B55LBR55LEG55NIB55NMR55NPG55NWB55O0R55O3G
903321,55L4B55LBB55NFB55NIG55NMB55NTB55O0B55Q5B55Q8G
887135,55L4B55LBB55NFB55NMB55NTB55O0B55Q5B55QCB55QJB
887133,55L4B55LBB55NFB55NIG55NMB55NTB55O0B55Q5B55Q8G
887131,55L4B55LBB55NFB55NMB55NTB55O0B55Q5B55QCB55QJB
887125,55L4B55LBB55NFB55NMB55NTB55O0B55Q5B55QCB55QJB
887123,55L4B55LBB55NFB55NIG55NMB55NTB55O0B55Q5B55Q8G
887149,55L4B55LBB55NFB55NIG55NMB55NTB55O0B55Q5B55Q8G
887154,55L4B55LBB55NFB55NMB55NTB55O0B55Q5B55QCB55QJB
887151,55L4B55LBB55NFB55NIG55NMB55NTB55O0B55Q5B55Q8G
742146,55L4B55LBB55NFB55NMB55NTB55O0B55Q5B55QCB55QJB
1047681,55L4B55LBB55NFB55NMB55NTB55O0B55Q5B55QCB55QJB
887147,55L4B55LBB55NFB55NIG55NMB55NTB55O0B55Q5B55Q8G
887145,55L4B55LBB55NFB55NIG55NMB55NTB55O0B55Q5B55Q8G
887143,55L4B55LBB55NFB55NIG55NMB55NTB55O0B55Q5B55Q8G
887129,55L4B55LBB55NFB55NIG55NMB55NTB55O0B55Q5B55Q8G
892330,55L4B55LBB55NFB55NMB55NTB55O0B55Q5B55QCB55QJB
892328,55L4B55LBB55NFB55NIG55NMB55NTB55O0B55Q5B55Q8G
890996,55L4B55LBB55NFB55NMB55NTB55O0B55Q5B55QCB55QJB
1004998,55L4B55LBB55NFB55NMB55NTB55O0B55Q5B55QCB55QJB
890994,55L4B55LBB55NFB55NMB55NTB55O0B55Q5B55QCB55QJB
890991,55L4B55LBB55NFB55NMB55NTB55O0B55Q5B55QCB55QJB
847589,55L4B55LBB55NFB55NIG55NMB55NTB55O0B55Q5B55Q8G
890989,55L4B55LBB55NFB55NIG55NMB55NTB55O0B55Q5B55Q8G
784994,55L4B55LBB55NFB55NMB55NTB55O0B55Q5B55QCB55QJB
892346,55L4B55LBB55NFB55NIG55NMB55NTB55O0B55Q5B55Q8G
892343,55L4B55LBB55NFB55NMB55NTB55O0B55Q5B55QCB55QJB
785341,55L4B55LBB55NFB55NMB55NTB55O0B55Q5B55QCB55QJB
892349,55L4B55LBB55NFB55NMB55NTB55O0B55Q5B55QCB55QJB
1005011,55L4B55LBB55NFB55NMB55NTB55O0B55Q5B55QCB55QJB
892336,55L4B55LBB55NFB55NIG55NMB55NTB55O0B55Q5B55Q8G
904693,55L4B55LBB55NFB55NIG55NMB55NTB55O0B55Q5B55Q8G
1004997,55L4B55LBB55NFB55NMB55NTB55O0B55Q5B55QCB55QJB
904686,55L4B55LBB55NFB55NIG55NMB55NTB55O0B55Q5B55Q8G
890653,55L4B55LBB55NFB55NIG55NMB55NTB55O0B55Q5B55Q8G
904689,55L4B55LBB55NFB55NMB55NTB55O0B55Q5B55QCB55QJB
890642,55L4B55LBB55NFB55NIG55NMB55NTB55O0B55Q5B55Q8G
890647,55L4B55LBB55NFB55NMB55NTB55O0B55Q5B55QCB55QJB
890644,55L4B55LBB55NFB55NMB55NTB55O0B55Q5B55QCB55QJB
904687,55L4B55LBB55NFB55NIG55NMB55NTB55O0B55Q5B55Q8G
890639,55L4B55LBB55NFB55NIG55NMB55NTB55O0B55Q5B55Q8G
742150,55L4B55LBB55NFB55NIG55NMB55NTB55O0B55Q5B55Q8G
890984,55L4B55LBB55NFB55NMB55NTB55O0B55Q5B55QCB55QJB
904692,55L4B55LBB55NFB55NMB55NTB55O0B55Q5B55QCB55QJB
890981,55L4B55LBB55NFB55NIG55NMB55NTB55O0B55Q5B55Q8G
890979,55L4B55LBB55NFB55NMB55NTB55O0B55Q5B55QCB55QJB
890637,55L4B55LBB55NFB55NMB55NTB55O0B55Q5B55QCB55QJB
890635,55L4B55LBB55NFB55NIG55NMB55NTB55O0B55Q5B55Q8G
890633,55L4B55LBB55NFB55NMB55NTB55O0B55Q5B55QCB55QJB
742149,55L4B55LBB55NFB55NMB55NTB55O0B55Q5B55QCB55QJB
890630,55L4B55LBB55NFB55NIG55NMB55NTB55O0B55Q5B55Q8G
742127,55L4B55LBB55NFB55NMB55NTB55O0B55Q5B55QCB55QJB
891282,55L4B55LBB55NFB55NMB55NTB55O0B55Q5B55QCB55QJB
864004,55L4B55LBB55NFB55NMB55NTB55O0B55Q5B55QCB55QJB
891279,55L4B55LBB55NFB55NIG55NMB55NTB55O0B55Q5B55Q8G
891278,55L4B55LBB55NFB55NIG55NMB55NTB55O0B55Q5B55Q8G
846237,55L4B55LBB55NFB55NMB55NTB55O0B55Q5B55QCB55QJB
846245,55L4B55LBB55NFB55NMB55NTB55O0B55Q5B55QCB55QJB
892638,55L4B55LBB55NFB55NMB55NTB55O0B55Q5B55QCB55QJB
892636,55L4B55LBB55NFB55NMB55NTB55O0B55Q5B55QCB55QJB
892635,55L4B55LBB55NFB55NMB55NTB55O0B55Q5B55QCB55QJB
846254,55L4B55LBB55NFB55NIG55NMB55NTB55O0B55Q5B55Q8G
846261,55L4B55LBB55NFB55NMB55NTB55O0B55Q5B55QCB55QJB
846258,55L4B55LBB55NFB55NMB55NTB55O0B55Q5B55QCB55QJB
741337,55L4B55LBB55NFB55NMB55NTB55O0B55Q5B55QCB55QJB
846255,55L4B55LBB55NFB55NMB55NTB55O0B55Q5B55QCB55QJB
904691,55L4B55LBB55NFB55NMB55NTB55O0B55Q5B55QCB55QJB
846244,55L4B55LBB55NFB55NMB55NTB55O0B55Q5B55QCB55QJB
892622,55L4B55LBB55NFB55NIG55NMB55NTB55O0B55Q5B55Q8G
892620,55L4B55LBB55NFB55NMB55NTB55O0B55Q5B55QCB55QJB
892617,55L4B55LBB55NFB55NMB55NTB55O0B55Q5B55QCB55QJB
742142,55L4B55LBB55NFB55NIG55NMB55NTB55O0B55Q5B55Q8G
892615,55L4B55LBB55NFB55NMB55NTB55O0B55Q5B55QCB55QJB
892312,55L4B55LBB55NFB55NMB55NTB55O0B55Q5B55QCB55QJB
846231,55L4B55LBB55NFB55NIG55NMB55NTB55O0B55Q5B55Q8G
890977,55L4B55LBB55NFB55NMB55NTB55O0B55Q5B55QCB55QJB
892616,55L4B55LBB55NFB55NMB55NTB55O0B55Q5B55QCB55QJB
892627,55L4B55LBB55NFB55NMB55NTB55O0B55Q5B55QCB55QJB
861099,55L4B55LBB55NFB55NMB55NTB55O0B55Q5B55QCB55QJB
892646,55L4B55LBB55NFB55NIG55NMB55NTB55O0B55Q5B55Q8G
887108,55L4B55LBB55NFB55NMB55NTB55O0B55Q5B55QCB55QJB
892333,55L4B55LBB55NFB55NMB55NTB55O0B55Q5B55QCB55QJB
887105,55L4B55LBB55NFB55NMB55NTB55O0B55Q5B55QCB55QJB
887102,55L4B55LBB55NFB55NIG55NMB55NTB55O0B55Q5B55Q8G
887100,55L4B55LBB55NFB55NMB55NTB55O0B55Q5B55QCB55QJB
887099,55L4B55LBB55NFB55NMB55NTB55O0B55Q5B55QCB55QJB
892663,55L4B55LBB55NFB55NMB55NTB55O0B55Q5B55QCB55QJB
1011288,55L4B55LBB55NFB55NMB55NTB55O0B55Q5B55QCB55QJB
846251,55L4B55LBB55NFB55NMB55NTB55O0B55Q5B55QCB55QJB
1000301,55L4B55LBB55NFB55NMB55NTB55O0B55Q5B55QCB55QJB
887118,55L4B55LBB55NFB55NMB55NTB55O0B55Q5B55QCB55QJB
887117,55L4B55LBB55NFB55NIG55NMB55NTB55O0B55Q5B55Q8G
742145,55L4B55LBB55NFB55NMB55NTB55O0B55Q5B55QCB55QJB
887114,55L4B55LBB55NFB55NIG55NMB55NTB55O0B55Q5B55Q8G
846249,55L4B55LBB55NFB55NMB55NTB55O0B55Q5B55QCB55QJB
887113,55L4B55LBB55NFB55NMB55NTB55O0B55Q5B55QCB55QJB
887111,55L4B55LBB55NFB55NMB55NTB55O0B55Q5B55QCB55QJB
861110,55L4B55LBB55NFB55NMB55NTB55O0B55Q5B55QCB55QJB
892651,55L4B55LBB55NFB55NMB55NTB55O0B55Q5B55QCB55QJB
892649,55L4B55LBB55NFB55NMB55NTB55O0B55Q5B55QCB55QJB
846246,55L4B55LBB55NFB55NMB55NTB55O0B55Q5B55QCB55QJB
892648,55L4B55LBB55NFB55NMB55NTB55O0B55Q5B55QCB55QJB
892643,55L4B55LBB55NFB55NMB55NTB55O0B55Q5B55QCB55QJB
1003995,55L4B55LBB55NFB55NMB55NTB55O0B55Q5B55QCB55QJB
892641,55L4B55LBB55NFB55NMB55NTB55O0B55Q5B55QCB55QJB
892657,55L4B55LBB55NFB55NMB55NTB55O0B55Q5B55QCB55QJB
892660,55L4B55LBB55NFB55NIG55NMB55NTB55O0B55Q5B55Q8G
861109,55L4B55LBB55NFB55NMB55NTB55O0B55Q5B55QCB55QJB
892658,55L4B55LBB55NFB55NMB55NTB55O0B55Q5B55QCB55QJB
846243,55L4B55LBB55NFB55NMB55NTB55O0B55Q5B55QCB55QJB
892662,55L4B55LBB55NFB55NMB55NTB55O0B55Q5B55QCB55QJB
892656,55L4B55LBB55NFB55NMB55NTB55O0B55Q5B55QCB55QJB
742143,55L4B55LBB55NFB55NIG55NMB55NTB55O0B55Q5B55Q8G
742152,55L4B55LBB55NFB55NIG55NMB55NTB55O0B55Q5B55Q8G
1004771,55L4B55LBB55NFB55NMB55NTB55O0B55Q5B55QCB55QJB
846240,55L4B55LBB55NFB55NMB55NTB55O0B55Q5B55QCB55QJB
781349,55L4B55LBB55NFB55NMB55NTB55O0B55Q5B55QCB55QJB
828906,55L4B55LBB55NFB55NMB55NTB55O0B55Q5B55QCB55QJB
891286,55L4B55LBB55NFB55NMB55NTB55O0B55Q5B55QCB55QJB
891272,55L4B55LBB55NFB55NIG55NMB55NTB55O0B55Q5B55Q8G
891274,55L4B55LBB55NFB55NIG55NMB55NTB55O0B55Q5B55Q8G
981833,55L4B55LBB55NFB55NMB55NTB55O0B55Q5B55QCB55QJB
861514,55L4B55LBB55NFB55NIG55NMB55NTB55O0B55Q5B55Q8G
981831,55L4B55LBB55NFB55NIG55NMB55NTB55O0B55Q5B55Q8G
935022,55L4B55LBB55NFB55NMB55NTB55O0B55Q5B55QCB55QJB
1017260,55L4B55LBB55NFB55NMB55NTB55O0B55Q5B55QCB55QJB
861516,55L4B55LBB55NFB55NIG55NMB55NTB55O0B55Q5B55Q8G
864003,55L4B55LBB55NFB55NMB55NTB55O0B55Q5B55QCB55QJB
891276,55L4B55LBB55NFB55NIG55NMB55NTB55O0B55Q5B55Q8G
891270,55L4B55LBB55NFB55NMB55NTB55O0B55Q5B55QCB55QJB
891273,55L4B55LBB55NFB55NMB55NTB55O0B55Q5B55QCB55QJB
981837,55L4B55LBB55NFB55NIG55NMB55NTB55O0B55Q5B55Q8G
981835,55L4B55LBB55NFB55NMB55NTB55O0B55Q5B55QCB55QJB
891299,55L4B55LBB55NFB55NIG55NMB55NTB55O0B55Q5B55Q8G
892959,55L4B55LBB55NFB55NIG55NMB55NTB55O0B55Q5B55Q8G
892956,55L4B55LBB55NFB55NIG55NMB55NTB55O0B55Q5B55Q8G
892951,55L4B55LBB55NFB55NMB55NTB55O0B55Q5B55QCB55QJB
892614,55L4B55LBB55NFB55NMB55NTB55O0B55Q5B55QCB55QJB
892612,55L4B55LBB55NFB55NIG55NMB55NTB55O0B55Q5B55Q8G
892952,55L4B55LBB55NFB55NIG55NMB55NTB55O0B55Q5B55Q8G
933540,55L4B55LBB55NFB55NMB55NTB55O0B55Q5B55QCB55QJB
933222,55L4B55LBB55NFB55NMB55NTB55O0B55Q5B55QCB55QJB
933219,55L4B55LBB55NFB55NIG55NMB55NTB55O0B55Q5B55Q8G
933542,55L4B55LBB55NFB55NIG55NMB55NTB55O0B55Q5B55Q8G
892966,55L4B55LBB55NFB55NIG55NMB55NTB55O0B55Q5B55Q8G
892963,55L4B55LBB55NFB55NIG55NMB55NTB55O0B55Q5B55Q8G
864006,55L4B55LBB55NFB55NMB55NTB55O0B55Q5B55QCB55QJB
892608,55L4B55LBB55NFB55NIG55NMB55NTB55O0B55Q5B55Q8G
891304,55L4B55LBB55NFB55NMB55NTB55O0B55Q5B55QCB55QJB
1004772,55L4B55LBB55NFB55NMB55NTB55O0B55Q5B55QCB55QJB
742128,55L4B55LBB55NFB55NIG55NMB55NTB55O0B55Q5B55Q8G
891301,55L4B55LBB55NFB55NIG55NMB55NTB55O0B55Q5B55Q8G
891300,55L4B55LBB55NFB55NIG55NMB55NTB55O0B55Q5B55Q8G
891297,55L4B55LBB55NFB55NIG55NMB55NTB55O0B55Q5B55Q8G
891295,55L4B55LBB55NFB55NMB55NTB55O0B55Q5B55QCB55QJB
864010,55L4B55LBB55NFB55NMB55NTB55O0B55Q5B55QCB55QJB
864012,55L4B55LBB55NFB55NMB55NTB55O0B55Q5B55QCB55QJB
891293,55L4B55LBB55NFB55NMB55NTB55O0B55Q5B55QCB55QJB
892605,55L4B55LBB55NFB55NMB55NTB55O0B55Q5B55QCB55QJB
891316,55L4B55LBB55NFB55NMB55NTB55O0B55Q5B55QCB55QJB
864014,55L4B55LBB55NFB55NMB55NTB55O0B55Q5B55QCB55QJB
853465,55L4B55LBB55NFB55NMB55NTB55O0B55Q5B55QCB55QJB
891311,55L4B55LBB55NFB55NMB55NTB55O0B55Q5B55QCB55QJB
789525,55L4B55LBB55NFB55NIG55NMB55NTB55O0B55Q5B55Q8G
891289,55L4B55LBB55NFB55NIG55NMB55NTB55O0B55Q5B55Q8G
864009,55L4B55LBB55NFB55NIG55NMB55NTB55O0B55Q5B55Q8G
853463,55L4B55LBB55NFB55NIG55NMB55NTB55O0B55Q5B55Q8G
734818,55L4B55LBB55NFB55NMB55NTB55O0B55Q5B55QCB55QJB
743922,55L4B55LBB55NFB55NMB55NTB55O0B55Q5B55QCB55QJB
853460,55L4B55LBB55NFB55NMB55NTB55O0B55Q5B55QCB55QJB
789619,55L4B55LBB55NFB55NMB55NTB55O0B55Q5B55QCB55QJB
1009532,55L4B55LBB55NFB55NIG55NMB55NTB55O0B55Q5B55Q8G
734819,55L4B55LBB55NFB55NMB55NTB55O0B55Q5B55QCB55QJB
993575,55L4B55LBB55NFB55NMB55NTB55O0B55Q5B55QCB55QJB
853461,55L4B55LBB55NFB55NMB55NTB55O0B55Q5B55QCB55QJB
734817,55L4B55LBB55NFB55NMB55NTB55O0B55Q5B55QCB55QJB
1044657,55L4B55LBB55NFB55NIG55NMB55NTB55O0B55Q5B55Q8G
734820,55L4B55LBB55NFB55NMB55NTB55O0B55Q5B55QCB55QJB
853464,55L4B55LBB55NFB55NMB55NTB55O0B55Q5B55QCB55QJB
853462,55L4B55LBB55NFB55NMB55NTB55O0B55Q5B55QCB55QJB
998616,55L4B55LBB55NFB55NMB55NTB55O0B55Q5B55QCB55QJB
686823,55L7G55L8R55LEB55NIG55NJR55NPB55NWG55NXR55O3B
690131,55L7G55L8R55LEB55NIG55NJR55NPB55NWG55NXR55O3B
691445,55L7G55L8R55LEB55NIG55NJR55NPB55NWG55NXR55O3B
1011559,55L7G55L8R55LEB55NIG55NJR55NPB55NWG55NXR55O3B
691492,55L7G55L8R55LEB55NIG55NJR55NPB55NWG55NXR55O3B
686827,55L7G55L8R55LEB55NIG55NJR55NPB55NWG55NXR55O3B
688184,55L7G55L8R55LEB55NIG55NJR55NPB55NWG55NXR55O3B
1042146,55L7G55L8R55LEB55NIG55NJR55NPB55NWG55NXR55O3B
688190,55L7G55L8R55LEB55NIG55NJR55NPB55NWG55NXR55O3B
906148,55L7G55L8R55LEB55NIG55NJR55NPB55NWG55NXR55O3B
703300,55L7G55L8R55LEB55NIG55NJR55NPB55NWG55NXR55O3B
686820,55L7G55L8R55LEB55NIG55NJR55NPB55NWG55NXR55O3B
908327,55L4G55L8R55LBB55NFG55NJR55NMB55NTG55NXR55O0B
659882,55L4G55L8R55LBB55NFG55NJR55NMB55NTG55NXR55O0B
647298,55L4G55L8R55LBB55NFG55NJR55NMB55NTG55NXR55O0B
647297,55L4G55L8R55LBB55NFG55NJR55NMB55NTG55NXR55O0B
647285,55L4G55L8R55LBB55NFG55NJR55NMB55NTG55NXR55O0B
1046694,55L4G55L8R55LBB55NFG55NJR55NMB55NTG55NXR55O0B
909727,55L4G55LBB55NFG55NMB55NTG55O0B55Q5G55QCB55QJG
647280,55L4G55L8R55LBB55NFG55NJR55NMB55NTG55NXR55O0B
647278,55L4G55L8R55LBB55NFG55NJR55NMB55NTG55NXR55O0B
647294,55L4G55L8R55LBB55NFG55NJR55NMB55NTG55NXR55O0B
647282,55L4G55L8R55LBB55NFG55NJR55NMB55NTG55NXR55O0B
647300,55L4G55L8R55LBB55NFG55NJR55NMB55NTG55NXR55O0B
688456,55L5G55LCB55LER55NGG55NNB55NPR55NUG55O1B55O3R
688795,55L5G55LCB55LER55NGG55NNB55NPR55NUG55O1B55O3R
688801,55L5G55LCB55LER55NGG55NNB55NPR55NUG55O1B55O3R
688799,55L5G55LCB55LER55NGG55NNB55NPR55NUG55O1B55O3R
688796,55L5G55LCB55LER55NGG55NNB55NPR55NUG55O1B55O3R
688788,55L5G55LCB55LER55NGG55NNB55NPR55NUG55O1B55O3R
688794,55L5G55LCB55LER55NGG55NNB55NPR55NUG55O1B55O3R
688792,55L5G55LCB55LER55NGG55NNB55NPR55NUG55O1B55O3R
688790,55L5G55LCB55LER55NGG55NNB55NPR55NUG55O1B55O3R
688787,55L5G55LCB55LER55NGG55NNB55NPR55NUG55O1B55O3R
651108,55L5G55LCB55LER55NGG55NNB55NPR55NUG55O1B55O3R
645987,55L9G55LER55NDB55NKG55NPR55NRB55NYG55O3R55O5B
645968,55L9G55LER55NDB55NKG55NPR55NRB55NYG55O3R55O5B
645956,55L9G55LER55NDB55NKG55NPR55NRB55NYG55O3R55O5B
705555,55L9G55LER55NDB55NKG55NPR55NRB55NYG55O3R55O5B
644401,55L9G55LER55NDB55NKG55NPR55NRB55NYG55O3R55O5B
681948,55L9G55LER55NDB55NKG55NPR55NRB55NYG55O3R55O5B
644385,55L9G55LER55NDB55NKG55NPR55NRB55NYG55O3R55O5B
644405,55L9G55LER55NDB55NKG55NPR55NRB55NYG55O3R55O5B
644378,55L9G55LER55NDB55NKG55NPR55NRB55NYG55O3R55O5B
705553,55L9G55LER55NDB55NKG55NPR55NRB55NYG55O3R55O5B
644407,55L9G55LER55NDB55NKG55NPR55NRB55NYG55O3R55O5B
644390,55L9G55LER55NDB55NKG55NPR55NRB55NYG55O3R55O5B
644745,55L9G55LER55NDB55NKG55NPR55NRB55NYG55O3R55O5B
641338,55L9G55LER55NDB55NKG55NPR55NRB55NYG55O3R55O5B
644291,55L9G55LER55NDB55NKG55NPR55NRB55NYG55O3R55O5B
644287,55L9G55LER55NDB55NKG55NPR55NRB55NYG55O3R55O5B
643063,55L9G55LER55NDB55NKG55NPR55NRB55NYG55O3R55O5B
862443,55L9G55LER55NDB55NKG55NPR55NRB55NYG55O3R55O5B
641355,55L9G55LER55NDB55NKG55NPR55NRB55NYG55O3R55O5B
641344,55L9G55LER55NDB55NKG55NPR55NRB55NYG55O3R55O5B
644269,55L9G55LER55NDB55NKG55NPR55NRB55NYG55O3R55O5B
644265,55L9G55LER55NDB55NKG55NPR55NRB55NYG55O3R55O5B
863728,55L9G55LER55NDB55NKG55NPR55NRB55NYG55O3R55O5B
644259,55L9G55LER55NDB55NKG55NPR55NRB55NYG55O3R55O5B
644282,55L9G55LER55NDB55NKG55NPR55NRB55NYG55O3R55O5B
644277,55L9G55NDB55NKG55NRB55NYG55O5B55QAG55QHB55QOG
644272,55L9G55LER55NDB55NKG55NPR55NRB55NYG55O3R55O5B
643055,55L9G55LER55NDB55NKG55NPR55NRB55NYG55O3R55O5B
643046,55L9G55LER55NDB55NKG55NPR55NRB55NYG55O3R55O5B
645936,55L9G55LER55NDB55NKG55NPR55NRB55NYG55O3R55O5B
640477,55L9G55LER55NDB55NKG55NPR55NRB55NYG55O3R55O5B
644296,55L9G55LER55NDB55NKG55NPR55NRB55NYG55O3R55O5B
645942,55L9G55LER55NDB55NKG55NPR55NRB55NYG55O3R55O5B
646018,55L9G55LER55NDB55NKG55NPR55NRB55NYG55O3R55O5B
705549,55L9G55LER55NDB55NKG55NPR55NRB55NYG55O3R55O5B
646007,55L9G55LER55NDB55NKG55NPR55NRB55NYG55O3R55O5B
646012,55L9G55LER55NDB55NKG55NPR55NRB55NYG55O3R55O5B
645991,55L9G55LER55NDB55NKG55NPR55NRB55NYG55O3R55O5B
645999,55L9G55LER55NDB55NKG55NPR55NRB55NYG55O3R55O5B
643045,55L9G55LER55NDB55NKG55NPR55NRB55NYG55O3R55O5B
705543,55L9G55LER55NDB55NKG55NPR55NRB55NYG55O3R55O5B
862408,55L9G55LER55NDB55NKG55NPR55NRB55NYG55O3R55O5B
645940,55L9G55LER55NDB55NKG55NPR55NRB55NYG55O3R55O5B
644630,55L9G55LER55NDB55NKG55NPR55NRB55NYG55O3R55O5B
643050,55L9G55LER55NDB55NKG55NPR55NRB55NYG55O3R55O5B
643056,55L9G55LER55NDB55NKG55NPR55NRB55NYG55O3R55O5B
863732,55L9G55LER55NKG55NPR55NYG55O3R55QAG55QFR55QOG
645998,55L9G55LER55NDB55NKG55NPR55NRB55NYG55O3R55O5B
821407,55L9G55LER55NDB55NKG55NPR55NRB55NYG55O3R55O5B
762053,55L7B55L8R55LEG55NIB55NJR55NPG55NWB55NXR55O3G
823799,55L7B55L8R55LEG55NIB55NJR55NPG55NWB55NXR55O3G
763385,55L7B55L8R55LEG55NIB55NJR55NPG55NWB55NXR55O3G
823801,55L7B55L8R55LEG55NIB55NJR55NPG55NWB55NXR55O3G
763391,55L7B55L8R55LEG55NIB55NJR55NPG55NWB55NXR55O3G
763734,55L7B55L8R55LEG55NIB55NJR55NPG55NWB55NXR55O3G
762050,55L7B55L8R55LEG55NIB55NJR55NPG55NWB55NXR55O3G
762063,55L7B55L8R55LEG55NIB55NJR55NPG55NWB55NXR55O3G
762062,55L7B55L8R55LEG55NIB55NJR55NPG55NWB55NXR55O3G
762060,55L7B55L8R55LEG55NIB55NJR55NPG55NWB55NXR55O3G
762058,55L7B55L8R55LEG55NIB55NJR55NPG55NWB55NXR55O3G
762049,55L7B55L8R55LEG55NIB55NJR55NPG55NWB55NXR55O3G
762055,55L7B55L8R55LEG55NIB55NJR55NPG55NWB55NXR55O3G
823800,55L7B55L8R55LEG55NIB55NJR55NPG55NWB55NXR55O3G
872319,55L8G55L9R55LFB55NJG55NKR55NQB55NXG55NYR55O4B
1105472,55L4R55L8G55LFB55NFR55NJG55NQB55NTR55NXG55O4B
1105473,55L4R55L8G55LFB55NFR55NJG55NQB55NTR55NXG55O4B
1105474,55L4R55L8G55LFB55NFR55NJG55NQB55NTR55NXG55O4B
1105475,55L4R55L8G55LFB55NFR55NJG55NQB55NTR55NXG55O4B
1110102,55L9B55LFR55NDG55NKB55NQR55NRG55NYB55O4R55O5G
1110142,55L9B55LFR55NDG55NKB55NQR55NRG55NYB55O4R55O5G
1110103,55L9B55LFR55NDG55NKB55NQR55NRG55NYB55O4R55O5G
1110141,55L9B55LFR55NDG55NKB55NQR55NRG55NYB55O4R55O5G
1110140,55L9B55LFR55NDG55NKB55NQR55NRG55NYB55O4R55O5G
1110139,55L9B55LFR55NDG55NKB55NQR55NRG55NYB55O4R55O5G
1110138,55L9B55LFR55NDG55NKB55NQR55NRG55NYB55O4R55O5G
1110110,55L9B55LFR55NDG55NKB55NQR55NRG55NYB55O4R55O5G
1110098,55L9B55LFR55NDG55NKB55NQR55NRG55NYB55O4R55O5G
1110146,55L9B55LFR55NDG55NKB55NQR55NRG55NYB55O4R55O5G
1110099,55L9B55NDG55NKB55NRG55NYB55O5G55QAB55QHG55QOB
1110145,55L9B55LFR55NDG55NKB55NQR55NRG55NYB55O4R55O5G
1110100,55L9B55LFR55NDG55NKB55NQR55NRG55NYB55O4R55O5G
1110144,55L9B55LFR55NDG55NKB55NQR55NRG55NYB55O4R55O5G
1110101,55L9B55LFR55NDG55NKB55NQR55NRG55NYB55O4R55O5G
1110143,55L9B55LFR55NDG55NKB55NQR55NRG55NYB55O4R55O5G
892355,55L8R55L9B55NDG55NJR55NKB55NRG55NXR55NYB55O5G
892353,55L8R55L9B55NDG55NJR55NKB55NRG55NXR55NYB55O5G
743029,55L8R55L9B55NDG55NJR55NKB55NRG55NXR55NYB55O5G
743037,55L8R55L9B55NDG55NJR55NKB55NRG55NXR55NYB55O5G
933325,55L9B55NDG55NKB55NRG55NYB55O5G55QAB55QHG55QOB
933317,55L8R55L9B55NDG55NJR55NKB55NRG55NXR55NYB55O5G
865589,55L8R55L9B55NDG55NJR55NKB55NRG55NXR55NYB55O5G
935700,55L8R55L9B55NDG55NJR55NKB55NRG55NXR55NYB55O5G
892365,55L8R55L9B55NDG55NJR55NKB55NRG55NXR55NYB55O5G
892363,55L8R55L9B55NDG55NJR55NKB55NRG55NXR55NYB55O5G
892361,55L9B55NDG55NKB55NRG55NYB55O5G55QAB55QHG55QOB
892358,55L8R55L9B55NDG55NJR55NKB55NRG55NXR55NYB55O5G
934997,55L8R55L9B55NDG55NJR55NKB55NRG55NXR55NYB55O5G
934995,55L8R55L9B55NDG55NJR55NKB55NRG55NXR55NYB55O5G
743039,55L8R55L9B55NDG55NJR55NKB55NRG55NXR55NYB55O5G
934989,55L8R55L9B55NDG55NJR55NKB55NRG55NXR55NYB55O5G
934987,55L8R55L9B55NDG55NJR55NKB55NRG55NXR55NYB55O5G
781068,55L8R55L9B55NDG55NJR55NKB55NRG55NXR55NYB55O5G
935019,55L8R55L9B55NDG55NJR55NKB55NRG55NXR55NYB55O5G
935017,55L8R55L9B55NDG55NJR55NKB55NRG55NXR55NYB55O5G
935013,55L8R55L9B55NDG55NJR55NKB55NRG55NXR55NYB55O5G
892359,55L8R55L9B55NDG55NJR55NKB55NRG55NXR55NYB55O5G
935001,55L9B55NDG55NKB55NRG55NYB55O5G55QAB55QHG55QOB
935020,55L9B55NDG55NKB55NRG55NYB55O5G55QAB55QHG55QOB
935005,55L8R55L9B55NDG55NJR55NKB55NRG55NXR55NYB55O5G
935003,55L8R55L9B55NDG55NJR55NKB55NRG55NXR55NYB55O5G
935010,55L8R55L9B55NDG55NJR55NKB55NRG55NXR55NYB55O5G
743038,55L8R55L9B55NDG55NJR55NKB55NRG55NXR55NYB55O5G
865596,55L8R55L9B55NDG55NJR55NKB55NRG55NXR55NYB55O5G
933653,55L8R55L9B55NDG55NJR55NKB55NRG55NXR55NYB55O5G
933651,55L8R55L9B55NDG55NJR55NKB55NRG55NXR55NYB55O5G
933648,55L8R55L9B55NDG55NJR55NKB55NRG55NXR55NYB55O5G
935698,55L8R55L9B55NDG55NJR55NKB55NRG55NXR55NYB55O5G
933646,55L8R55L9B55NDG55NJR55NKB55NRG55NXR55NYB55O5G
865593,55L8R55L9B55NDG55NJR55NKB55NRG55NXR55NYB55O5G
865595,55L8R55L9B55NDG55NJR55NKB55NRG55NXR55NYB55O5G
934978,55L9B55NDG55NKB55NRG55NYB55O5G55QAB55QHG55QOB
1017258,55L8R55L9B55NDG55NJR55NKB55NRG55NXR55NYB55O5G
933657,55L8R55L9B55NDG55NJR55NKB55NRG55NXR55NYB55O5G
935695,55L9B55NDG55NKB55NRG55NYB55O5G55QAB55QHG55QOB
892367,55L8R55L9B55NDG55NJR55NKB55NRG55NXR55NYB55O5G
892374,55L8R55L9B55NDG55NJR55NKB55NRG55NXR55NYB55O5G
743030,55L8R55L9B55NDG55NJR55NKB55NRG55NXR55NYB55O5G
892369,55L8R55L9B55NDG55NJR55NKB55NRG55NXR55NYB55O5G
933650,55L8R55L9B55NDG55NJR55NKB55NRG55NXR55NYB55O5G
1017259,55L8R55L9B55NDG55NJR55NKB55NRG55NXR55NYB55O5G
1037760,55L8R55L9B55NDG55NJR55NKB55NRG55NXR55NYB55O5G
935012,55L8R55L9B55NDG55NJR55NKB55NRG55NXR55NYB55O5G
934985,55L8R55L9B55NDG55NJR55NKB55NRG55NXR55NYB55O5G
934982,55L8R55L9B55NDG55NJR55NKB55NRG55NXR55NYB55O5G
781044,55L8R55L9B55NDG55NJR55NKB55NRG55NXR55NYB55O5G
892376,55L9B55NDG55NKB55NRG55NYB55O5G55QAB55QHG55QOB
860672,55L8R55L9B55NDG55NJR55NKB55NRG55NXR55NYB55O5G
785342,55L8R55L9B55NDG55NJR55NKB55NRG55NXR55NYB55O5G
892364,55L8R55L9B55NDG55NJR55NKB55NRG55NXR55NYB55O5G
865599,55L9B55NDG55NKB55NRG55NYB55O5G55QAB55QHG55QOB
933316,55L8R55L9B55NDG55NJR55NKB55NRG55NXR55NYB55O5G
933322,55L8R55L9B55NDG55NJR55NKB55NRG55NXR55NYB55O5G
933306,55L9B55NDG55NKB55NRG55NYB55O5G55QAB55QHG55QOB
933309,55L9B55NDG55NKB55NRG55NYB55O5G55QAB55QHG55QOB
781043,55L9B55NDG55NKB55NRG55NYB55O5G55QAB55QHG55QOB
1017243,55L8R55L9B55NDG55NJR55NKB55NRG55NXR55NYB55O5G
909387,55L9B55NDG55NKB55NRG55NYB55O5G55QAB55QHG55QOB
933660,55L8R55L9B55NDG55NJR55NKB55NRG55NXR55NYB55O5G
935662,55L8R55L9B55NDG55NJR55NKB55NRG55NXR55NYB55O5G
934973,55L9B55NDG55NKB55NRG55NYB55O5G55QAB55QHG55QOB
934980,55L8R55L9B55NDG55NJR55NKB55NRG55NXR55NYB55O5G
865594,55L8R55L9B55NDG55NJR55NKB55NRG55NXR55NYB55O5G
933656,55L8R55L9B55NDG55NJR55NKB55NRG55NXR55NYB55O5G
622373,55L8R55L9B55NDG55NJR55NKB55NRG55NXR55NYB55O5G
894499,55L4B55LBG55NFB55NMG55NTB55O0G55Q5B55QCG55QJB
683753,55L5B55LCG55LER55NGB55NNG55NPR55NUB55O1G55O3R
989445,55L5B55LCG55LER55NGB55NNG55NPR55NUB55O1G55O3R
685478,55L5B55LCG55LER55NGB55NNG55NPR55NUB55O1G55O3R
683757,55L5B55LCG55LER55NGB55NNG55NPR55NUB55O1G55O3R
683758,55L5B55LCG55LER55NGB55NNG55NPR55NUB55O1G55O3R
683760,55L5B55LCG55LER55NGB55NNG55NPR55NUB55O1G55O3R
683762,55L5B55LCG55LER55NGB55NNG55NPR55NUB55O1G55O3R
863558,55L5B55LCG55LER55NGB55NNG55NPR55NUB55O1G55O3R
989446,55L5B55LCG55LER55NGB55NNG55NPR55NUB55O1G55O3R
684107,55L5B55LCG55LER55NGB55NNG55NPR55NUB55O1G55O3R
684108,55L5B55LCG55LER55NGB55NNG55NPR55NUB55O1G55O3R
683754,55L5B55LCG55LER55NGB55NNG55NPR55NUB55O1G55O3R
990465,55L5B55LCG55LER55NGB55NNG55NPR55NUB55O1G55O3R
685480,55L5B55LCG55LER55NGB55NNG55NPR55NUB55O1G55O3R
863020,55L5B55LCG55LER55NGB55NNG55NPR55NUB55O1G55O3R
685482,55L5B55LCG55LER55NGB55NNG55NPR55NUB55O1G55O3R
685483,55L5B55LCG55LER55NGB55NNG55NPR55NUB55O1G55O3R
904297,55L5G55L8R55LCB55NGG55NJR55NNB55NUG55NXR55O1B
891271,55L5G55L8R55LCB55NGG55NJR55NNB55NUG55NXR55O1B
1152851,55L5G55LCB55NGG55NNB55NUG55O1B55Q6G55QDB55QKG
1152852,55L5G55LCB55NGG55NNB55NUG55O1B55Q6G55QDB55QKG
781069,55L5G55L8R55LCB55NGG55NJR55NNB55NUG55NXR55O1B
672896,55L5G55L8R55LCB55NGG55NJR55NNB55NUG55NXR55O1B
996877,55L5G55L8R55LCB55NGG55NJR55NNB55NUG55NXR55O1B
891275,55L5G55LCB55NGG55NNB55NUG55O1B55Q6G55QDB55QKG
891280,55L5G55L8R55LCB55NGG55NJR55NNB55NUG55NXR55O1B
892623,55L5G55L8R55LCB55NGG55NJR55NNB55NUG55NXR55O1B
1017443,55L5G55L8R55LCB55NGG55NJR55NNB55NUG55NXR55O1B
861108,55L5G55L8R55LCB55NGG55NJR55NNB55NUG55NXR55O1B
892659,55L5G55L8R55LCB55NGG55NJR55NNB55NUG55NXR55O1B
892644,55L5G55L8R55LCB55NGG55NJR55NNB55NUG55NXR55O1B
1029186,55L5G55L8R55LCB55NGG55NJR55NNB55NUG55NXR55O1B
892661,55L5G55L8R55LCB55NGG55NJR55NNB55NUG55NXR55O1B
887110,55L8R55LCB55NJR55NNB55NXR55O1B55Q9R55QDB55QNR
887121,55L5G55L8R55LCB55NGG55NJR55NNB55NUG55NXR55O1B
887106,55L5G55L8R55LCB55NGG55NJR55NNB55NUG55NXR55O1B
826386,55L5G55L8R55LCB55NGG55NJR55NNB55NUG55NXR55O1B
846233,55L5G55L8R55LCB55NGG55NJR55NNB55NUG55NXR55O1B
892961,55L5G55L8R55LCB55NGG55NJR55NNB55NUG55NXR55O1B
892311,55L5G55L8R55LCB55NGG55NJR55NNB55NUG55NXR55O1B
861097,55L5G55LCB55NGG55NNB55NUG55O1B55Q6G55QDB55QKG
846235,55L5G55L8R55LCB55NGG55NJR55NNB55NUG55NXR55O1B
846260,55L5G55L8R55LCB55NGG55NJR55NNB55NUG55NXR55O1B
892637,55L5G55L8R55LCB55NGG55NJR55NNB55NUG55NXR55O1B
846239,55L5G55L8R55LCB55NGG55NJR55NNB55NUG55NXR55O1B
1048327,55L5G55L8R55LCB55NGG55NJR55NNB55NUG55NXR55O1B
890648,55L5G55LCB55NGG55NNB55NUG55O1B55Q6G55QDB55QKG
890654,55L5G55L8R55LCB55NGG55NJR55NNB55NUG55NXR55O1B
892969,55L5G55L8R55LCB55NGG55NJR55NNB55NUG55NXR55O1B
904290,55L5G55L8R55LCB55NGG55NJR55NNB55NUG55NXR55O1B
892960,55L5G55L8R55LCB55NGG55NJR55NNB55NUG55NXR55O1B
690459,55L5G55L8R55LCB55NGG55NJR55NNB55NUG55NXR55O1B
892958,55L5G55L8R55LCB55NGG55NJR55NNB55NUG55NXR55O1B
1028198,55L5G55L8R55LCB55NGG55NJR55NNB55NUG55NXR55O1B
859710,55L5G55L8R55LCB55NGG55NJR55NNB55NUG55NXR55O1B
908005,55L5G55L8R55LCB55NGG55NJR55NNB55NUG55NXR55O1B
1029188,55L5G55L8R55LCB55NGG55NJR55NNB55NUG55NXR55O1B
847585,55L5G55L8R55LCB55NGG55NJR55NNB55NUG55NXR55O1B
859855,55L5G55L8R55LCB55NGG55NJR55NNB55NUG55NXR55O1B
891306,55L5G55L8R55LCB55NGG55NJR55NNB55NUG55NXR55O1B
1029189,55L5G55L8R55LCB55NGG55NJR55NNB55NUG55NXR55O1B
890990,55L5G55L8R55LCB55NGG55NJR55NNB55NUG55NXR55O1B
904695,55L5G55L8R55LCB55NGG55NJR55NNB55NUG55NXR55O1B
887142,55L5G55LCB55NGG55NNB55NUG55O1B55Q6G55QDB55QKG
887146,55L5G55L8R55LCB55NGG55NJR55NNB55NUG55NXR55O1B
887127,55L5G55L8R55LCB55NGG55NJR55NNB55NUG55NXR55O1B
887132,55L5G55L8R55LCB55NGG55NJR55NNB55NUG55NXR55O1B
887137,55L5G55L8R55LCB55NGG55NJR55NNB55NUG55NXR55O1B
890641,55L5G55L8R55LCB55NGG55NJR55NNB55NUG55NXR55O1B
936459,55L5G55L8R55LCB55NGG55NJR55NNB55NUG55NXR55O1B
936476,55L5G55L8R55LCB55NGG55NJR55NNB55NUG55NXR55O1B
935343,55L5G55L8R55LCB55NGG55NJR55NNB55NUG55NXR55O1B
1017684,55L5G55L8R55LCB55NGG55NJR55NNB55NUG55NXR55O1B
889540,55L5G55L8R55LCB55NGG55NJR55NNB55NUG55NXR55O1B
889243,55L5G55L8R55LCB55NGG55NJR55NNB55NUG55NXR55O1B
936480,55L5G55L8R55LCB55NGG55NJR55NNB55NUG55NXR55O1B
936479,55L5G55L8R55LCB55NGG55NJR55NNB55NUG55NXR55O1B
889241,55L5G55L8R55LCB55NGG55NJR55NNB55NUG55NXR55O1B
936849,55L5G55L8R55LCB55NGG55NJR55NNB55NUG55NXR55O1B
779501,55L5G55L8R55LCB55NGG55NJR55NNB55NUG55NXR55O1B
889555,55L5G55L8R55LCB55NGG55NJR55NNB55NUG55NXR55O1B
936857,55L5G55L8R55LCB55NGG55NJR55NNB55NUG55NXR55O1B
878940,55L5G55L8R55LCB55NGG55NJR55NNB55NUG55NXR55O1B
853786,55L5G55L8R55LCB55NGG55NJR55NNB55NUG55NXR55O1B
936865,55L5G55L8R55LCB55NGG55NJR55NNB55NUG55NXR55O1B
889560,55L5G55L8R55LCB55NGG55NJR55NNB55NUG55NXR55O1B
706431,55L7R55L9B55NDG55NIR55NKB55NRG55NWR55NYB55O5G
706451,55L7R55L9B55NDG55NIR55NKB55NRG55NWR55NYB55O5G
666727,55L7R55L9B55NDG55NIR55NKB55NRG55NWR55NYB55O5G
737360,55L7R55L9B55NDG55NIR55NKB55NRG55NWR55NYB55O5G
706455,55L7R55L9B55NDG55NIR55NKB55NRG55NWR55NYB55O5G
706460,55L7R55L9B55NDG55NIR55NKB55NRG55NWR55NYB55O5G
706449,55L7R55L9B55NDG55NIR55NKB55NRG55NWR55NYB55O5G
737357,55L7R55L9B55NDG55NIR55NKB55NRG55NWR55NYB55O5G
749413,55L7R55L9B55L9B55NDG55NDG55NIR55NKB55NKB55NRG
708140,55L7R55L9B55NDG55NIR55NKB55NRG55NWR55NYB55O5G
749100,55L7R55L9B55NDG55NIR55NKB55NRG55NWR55NYB55O5G
708138,55L7R55L9B55NDG55NIR55NKB55NRG55NWR55NYB55O5G
707803,55L7R55L9B55NDG55NIR55NKB55NRG55NWR55NYB55O5G
708133,55L7R55L9B55NDG55NIR55NKB55NRG55NWR55NYB55O5G
708130,55L7R55L9B55NDG55NIR55NKB55NRG55NWR55NYB55O5G
707804,55L7R55L9B55NDG55NIR55NKB55NRG55NWR55NYB55O5G
708159,55L7R55L9B55NDG55NIR55NKB55NRG55NWR55NYB55O5G
737413,55L7R55L9B55NDG55NIR55NKB55NRG55NWR55NYB55O5G
749104,55L7R55L9B55NDG55NIR55NKB55NRG55NWR55NYB55O5G
708154,55L7R55L9B55NDG55NIR55NKB55NRG55NWR55NYB55O5G
737411,55L7R55L9B55NDG55NIR55NKB55NRG55NWR55NYB55O5G
782760,55L7R55L9B55NDG55NIR55NKB55NRG55NWR55NYB55O5G
708148,55L9B55NDG55NKB55NRG55NYB55O5G55QAB55QHG55QOB
708144,55L7R55L9B55NDG55NIR55NKB55NRG55NWR55NYB55O5G
706453,55L7R55L9B55NDG55NIR55NKB55NRG55NWR55NYB55O5G
707780,55L7R55L9B55NDG55NIR55NKB55NRG55NWR55NYB55O5G
707778,55L7R55L9B55NDG55NIR55NKB55NRG55NWR55NYB55O5G
707776,55L7R55L9B55NDG55NIR55NKB55NRG55NWR55NYB55O5G
749421,55L7R55L9B55NDG55NIR55NKB55NRG55NWR55NYB55O5G
749426,55L7R55L9B55NDG55NIR55NKB55NRG55NWR55NYB55O5G
706444,55L7R55L9B55NDG55NIR55NKB55NRG55NWR55NYB55O5G
749423,55L7R55L9B55NDG55NIR55NKB55NRG55NWR55NYB55O5G
707802,55L7R55L9B55NDG55NIR55NKB55NRG55NWR55NYB55O5G
707799,55L7R55L9B55NDG55NIR55NKB55NRG55NWR55NYB55O5G
659402,55L7R55L9B55NDG55NIR55NKB55NRG55NWR55NYB55O5G
707793,55L7R55L9B55NDG55NIR55NKB55NRG55NWR55NYB55O5G
745711,55L7R55L9B55NDG55NIR55NKB55NRG55NWR55NYB55O5G
707789,55L7R55L9B55NDG55NIR55NKB55NRG55NWR55NYB55O5G
707787,55L7R55L9B55NDG55NIR55NKB55NRG55NWR55NYB55O5G
751387,55L7R55L9B55NDG55NIR55NKB55NRG55NWR55NYB55O5G
745728,55L7R55L9B55NDG55NIR55NKB55NRG55NWR55NYB55O5G
739957,55L7R55L9B55NDG55NIR55NKB55NRG55NWR55NYB55O5G
659751,55L7R55L9B55NDG55NIR55NKB55NRG55NWR55NYB55O5G
706442,55L7R55L9B55NDG55NIR55NKB55NRG55NWR55NYB55O5G
751773,55L7R55L9B55NDG55NIR55NKB55NRG55NWR55NYB55O5G
782800,55L7R55L9B55NDG55NIR55NKB55NRG55NWR55NYB55O5G
706438,55L7R55L9B55NDG55NIR55NKB55NRG55NWR55NYB55O5G
706436,55L7R55L9B55NDG55NIR55NKB55NRG55NWR55NYB55O5G
706433,55L7R55L9B55NDG55NIR55NKB55NRG55NWR55NYB55O5G
751770,55L7R55L9B55NDG55NIR55NKB55NRG55NWR55NYB55O5G
751767,55L7R55L9B55NDG55NIR55NKB55NRG55NWR55NYB55O5G
712164,55L7R55L9B55NDG55NIR55NKB55NRG55NWR55NYB55O5G
1001633,55L7R55L9B55NDG55NIR55NKB55NRG55NWR55NYB55O5G
712159,55L7R55NDG55NIR55NRG55NWR55O5G55Q8R55QHG55QMR
712149,55L7R55L9B55NDG55NIR55NKB55NRG55NWR55NYB55O5G
662468,55L8B55LFG55NJB55NQG55NXB55O4G55Q9B55QGG55QNB
712125,55L7R55L8B55LFG55NIR55NJB55NQG55NWR55NXB55O4G
664723,55L7R55L8B55LFG55NIR55NJB55NQG55NWR55NXB55O4G
712119,55L7R55L8B55LFG55NIR55NJB55NQG55NWR55NXB55O4G
712116,55L7R55L8B55LFG55NIR55NJB55NQG55NWR55NXB55O4G
712139,55L7R55L8B55LFG55NIR55NJB55NQG55NWR55NXB55O4G
745678,55L8B55LFG55NJB55NQG55NXB55O4G55Q9B55QGG55QNB
964584,55L7R55L8B55LFG55NIR55NJB55NQG55NWR55NXB55O4G
824495,55L7R55L8B55LFG55NIR55NJB55NQG55NWR55NXB55O4G
662467,55L8B55LFG55NJB55NQG55NXB55O4G55Q9B55QGG55QNB
712170,55L7R55L8B55LFG55NIR55NJB55NQG55NWR55NXB55O4G
712168,55L7R55L8B55LFG55NIR55NJB55NQG55NWR55NXB55O4G
777907,55L7R55L8B55LFG55NIR55NJB55NQG55NWR55NXB55O4G
712128,55L7R55L8B55LFG55NIR55NJB55NQG55NWR55NXB55O4G
1095472,55L7R55L9B55NDG55NIR55NKB55NRG55NWR55NYB55O5G
1130447,55L8B55LFG55NJB55NQG55NXB55O4G55Q9B55QGG55QNB
1130445,55L8B55LFG55NJB55NQG55NXB55O4G55Q9B55QGG55QNB
712150,55L7R55L9B55NDG55NIR55NKB55NRG55NWR55NYB55O5G
1130446,55L8B55LFG55NJB55NQG55NXB55O4G55Q9B55QGG55QNB
