809256,55ZAB561EG561GR561LB561SG561UR561ZB5644G564BB
809253,55ZAB561EG561GR561LB561SG561UR561ZB5644G564BB
809655,55ZAB561EG561GR561LB561SG561UR561ZB5644G564BB
809291,55ZAB561EG561GR561LB561SG561UR561ZB5644G564BB
1016407,55ZAB561EG561GR561LB561SG561UR561ZB5644G564BB
863610,55ZAB561EG561GR561LB561SG561UR561ZB5644G564BB
804943,55ZAB561EG561GR561LB561SG561UR561ZB5644G564BB
863609,55ZAB561EG561LB561SG561ZB5644G564BB564IG564OB
804632,55ZAB561EG561GR561LB561SG561UR561ZB5644G564BB
807931,55ZAB561EG561GR561LB561SG561UR561ZB5644G564BB
804630,55ZAB561EG561GR561LB561SG561UR561ZB5644G564BB
804628,55ZAB561EG561GR561LB561SG561UR561ZB5644G564BB
804627,55ZAB561EG561GR561LB561SG561UR561ZB5644G564BB
804626,55ZAB561EG561GR561LB561SG561UR561ZB5644G564BB
863614,55ZAB561EG561GR561LB561SG561UR561ZB5644G564BB
804965,55ZAB561EG561GR561LB561SG561UR561ZB5644G564BB
804963,55ZAB561EG561GR561LB561SG561UR561ZB5644G564BB
804961,55ZAB561EG561LB561SG561ZB5644G564BB564IG564OB
804959,55ZAB561EG561GR561LB561SG561UR561ZB5644G564BB
804949,55ZAB561EG561GR561LB561SG561UR561ZB5644G564BB
807937,55ZAB561EG561GR561LB561SG561UR561ZB5644G564BB
1048310,55ZAB55ZAB561EG561EG561GR561LB561LB561SG561SG
863613,55ZAB561EG561GR561LB561SG561UR561ZB5644G564BB
804954,55ZAB561EG561GR561LB561SG561UR561ZB5644G564BB
863612,55ZAB561EG561GR561LB561SG561UR561ZB5644G564BB
804950,55ZAB561EG561GR561LB561SG561UR561ZB5644G564BB
825118,55ZAB561EG561GR561LB561SG561UR561ZB5644G564BB
809653,55ZAB561EG561GR561LB561SG561UR561ZB5644G564BB
809652,55ZAB561EG561GR561LB561SG561UR561ZB5644G564BB
809320,55ZAB561EG561GR561LB561SG561UR561ZB5644G564BB
809319,55ZAB561EG561GR561LB561SG561UR561ZB5644G564BB
809268,55ZAB561EG561GR561LB561SG561UR561ZB5644G564BB
809317,55ZAB561EG561GR561LB561SG561UR561ZB5644G564BB
862302,55ZAB561EG561GR561LB561SG561UR561ZB5644G564BB
809314,55ZAB561EG561GR561LB561SG561UR561ZB5644G564BB
862301,55ZAB561EG561GR561LB561SG561UR561ZB5644G564BB
1048306,55ZAB561EG561GR561LB561SG561UR561ZB5644G564BB
804616,55ZAB561EG561GR561LB561SG561UR561ZB5644G564BB
863605,55ZAB561EG561GR561LB561SG561UR561ZB5644G564BB
1048309,55ZAB561EG561GR561LB561SG561UR561ZB5644G564BB
862305,55ZAB561EG561GR561LB561SG561UR561ZB5644G564BB
804614,55ZAB561EG561GR561LB561SG561UR561ZB5644G564BB
809267,55ZAB561EG561GR561LB561SG561UR561ZB5644G564BB
804612,55ZAB561EG561GR561LB561SG561UR561ZB5644G564BB
804611,55ZAB561EG561GR561LB561SG561UR561ZB5644G564BB
789522,55ZAB561EG561GR561LB561SG561UR561ZB5644G564BB
809657,55ZAB561EG561GR561LB561SG561UR561ZB5644G564BB
846422,55ZAB561EG561GR561LB561SG561UR561ZB5644G564BB
851904,55ZAB561EG561GR561LB561SG561UR561ZB5644G564BB
851902,55ZAB561EG561GR561LB561SG561UR561ZB5644G564BB
901781,55ZAB561EG561GR561LB561SG561UR561ZB5644G564BB
851898,55ZAB561EG561GR561LB561SG561UR561ZB5644G564BB
901780,55ZAB561EG561GR561LB561SG561UR561ZB5644G564BB
1048304,55ZAB561EG561GR561LB561SG561UR561ZB5644G564BB
1048337,55ZAB561EG561GR561LB561SG561UR561ZB5644G564BB
901779,55ZAB561EG561GR561LB561SG561UR561ZB5644G564BB
851895,55ZAB561EG561GR561LB561SG561UR561ZB5644G564BB
851893,55ZAB561EG561GR561LB561SG561UR561ZB5644G564BB
1022741,55ZAB561EG561GR561LB561SG561UR561ZB5644G564BB
785662,55ZAB561EG561GR561LB561SG561UR561ZB5644G564BB
804891,55ZAB561EG561GR561LB561SG561UR561ZB5644G564BB
804889,55ZAB561EG561GR561LB561SG561UR561ZB5644G564BB
804888,55ZAB561EG561GR561LB561SG561UR561ZB5644G564BB
851907,55ZAB561EG561GR561LB561SG561UR561ZB5644G564BB
825114,55ZAB55ZAB561EG561EG561GR561LB561LB561SG561SG
804885,55ZAB561EG561GR561LB561SG561UR561ZB5644G564BB
851912,55ZAB561EG561GR561LB561SG561UR561ZB5644G564BB
901785,55ZAB561EG561GR561LB561SG561UR561ZB5644G564BB
831332,55ZAB561EG561GR561LB561SG561UR561ZB5644G564BB
901784,55ZAB561EG561GR561LB561SG561UR561ZB5644G564BB
901771,55ZAB561EG561GR561LB561SG561UR561ZB5644G564BB
1023006,55ZAB561EG561GR561LB561SG561UR561ZB5644G564BB
1048336,55ZAB561EG561GR561LB561SG561UR561ZB5644G564BB
901772,55ZAB561EG561GR561LB561SG561UR561ZB5644G564BB
809251,55ZAB561EG561GR561LB561SG561UR561ZB5644G564BB
851534,55ZAB561EG561GR561LB561SG561UR561ZB5644G564BB
851533,55ZAB561EG561GR561LB561SG561UR561ZB5644G564BB
851532,55ZAB561EG561GR561LB561SG561UR561ZB5644G564BB
901770,55ZAB561EG561GR561LB561SG561UR561ZB5644G564BB
851538,55ZAB561EG561GR561LB561SG561UR561ZB5644G564BB
809260,55ZAB561EG561GR561LB561SG561UR561ZB5644G564BB
809258,55ZAB561EG561GR561LB561SG561UR561ZB5644G564BB
848065,55ZBG55ZBR561FB561MG561MR561TB5620G5620R5645B
673221,55ZBG561FB561MG561TB5620G5645B564CG564JB564RG
807903,55ZBG55ZBR561FB561MG561MR561TB5620G5620R5645B
818760,55ZBG55ZBR561FB561MG561MR561TB5620G5620R5645B
807905,55ZBG55ZBR561FB561MG561MR561TB5620G5620R5645B
807900,55ZBG55ZBR561FB561MG561MR561TB5620G5620R5645B
810095,55ZBG55ZBR561FB561MG561MR561TB5620G5620R5645B
862320,55ZBG55ZBR561FB561MG561MR561TB5620G5620R5645B
810097,55ZBG55ZBR561FB561MG561MR561TB5620G5620R5645B
810098,55ZBG55ZBR561FB561MG561MR561TB5620G5620R5645B
1040472,55ZBG55ZBR561FB561MG561MR561TB5620G5620R5645B
810106,55ZBG55ZBR561FB561MG561MR561TB5620G5620R5645B
810099,55ZBG55ZBR561FB561MG561MR561TB5620G5620R5645B
888469,55ZBG55ZBR561FB561MG561MR561TB5620G5620R5645B
892903,55ZBG55ZBR561FB561MG561MR561TB5620G5620R5645B
848074,55ZBG55ZBR561FB561MG561MR561TB5620G5620R5645B
892945,55ZBG55ZBR561FB561MG561MR561TB5620G5620R5645B
892902,55ZBG55ZBR561FB561MG561MR561TB5620G5620R5645B
998393,55ZBG55ZBR561FB561MG561MR561TB5620G5620R5645B
1040503,55ZBG55ZBR561FB561MG561MR561TB5620G5620R5645B
891200,55ZBG55ZBR561FB561MG561MR561TB5620G5620R5645B
1023008,55ZBG55ZBR561FB561MG561MR561TB5620G5620R5645B
1025346,55ZBG55ZBR561FB561MG561MR561TB5620G5620R5645B
846389,55ZBG561FB561MG561TB5620G5645B564CG564JB564RG
1040496,55ZBG55ZBR561FB561MG561MR561TB5620G5620R5645B
825213,55ZBG561FB561MG561TB5620G5645B564CG564JB564RG
846775,55ZBG55ZBR561FB561MG561MR561TB5620G5620R5645B
891571,55ZBG55ZBR561FB561MG561MR561TB5620G5620R5645B
891564,55ZBG55ZBR561FB561MG561MR561TB5620G5620R5645B
848055,55ZBG55ZBR561FB561MG561MR561TB5620G5620R5645B
846376,55ZBG561FB561MG561TB5620G5645B564CG564JB564RG
892913,55ZBG55ZBR561FB561MG561MR561TB5620G5620R5645B
673228,55ZBG55ZBR561FB561MG561MR561TB5620G5620R5645B
810109,55ZBG55ZBR561FB561MG561MR561TB5620G5620R5645B
1040489,55ZBG55ZBR561FB561MG561MR561TB5620G5620R5645B
892946,55ZBG55ZBR561FB561MG561MR561TB5620G5620R5645B
892918,55ZBG55ZBR561FB561MG561MR561TB5620G5620R5645B
892914,55ZBG55ZBR561FB561MG561MR561TB5620G5620R5645B
998234,55ZBG55ZBR561FB561MG561MR561TB5620G5620R5645B
810111,55ZBG55ZBR561FB561MG561MR561TB5620G5620R5645B
673225,55ZBG55ZBR561FB561MG561MR561TB5620G5620R5645B
673223,55ZBG55ZBR561FB561MG561MR561TB5620G5620R5645B
807906,55ZBG55ZBR561FB561MG561MR561TB5620G5620R5645B
810104,55ZBG55ZBR561FB561MG561MR561TB5620G5620R5645B
1040469,55ZBG55ZBR561FB561MG561MR561TB5620G5620R5645B
818759,55ZBG55ZBR561FB561MG561MR561TB5620G5620R5645B
1016370,55ZBG55ZBR561FB561MG561MR561TB5620G5620R5645B
852393,55ZBB561EG561FB561MB561SG561TB5620B5644G5645B
986756,55ZBB561AG561FB561MB561OG561TB5620B5622G5645B
940247,55ZBB561AG561FB561MB561OG561TB5620B5622G5645B
892026,55ZBB561AG561FB561MB561OG561TB5620B5622G5645B
863998,5619B561AG561GB561NB561OG561UB5621B5622G5646B
1004764,55ZBB561AG561FB561MB561OG561TB5620B5622G5645B
890805,5619B561AG561GB561NB561OG561UB5621B5622G5646B
740289,55ZBB561AG561FB561MB561OG561TB5620B5622G5645B
890821,5619B561AG561GB561NB561OG561UB5621B5622G5646B
890815,55ZBB561AG561FB561MB561OG561TB5620B5622G5645B
863988,5619B561AG561GB561NB561OG561UB5621B5622G5646B
890795,55ZBB561AG561FB561MB561OG561TB5620B5622G5645B
888139,5619B561AG561GB561NB561OG561UB5621B5622G5646B
863995,5619B561AG561GB561NB561OG561UB5621B5622G5646B
890840,55ZBB561AG561FB561MB561OG561TB5620B5622G5645B
890844,5619B561AG561GB561NB561OG561UB5621B5622G5646B
890823,55ZBB561AG561FB561MB561OG561TB5620B5622G5645B
890836,55ZBB561AG561FB561MB561OG561TB5620B5622G5645B
863991,5619B561AG561GB561NB561OG561UB5621B5622G5646B
890831,55ZBB561AG561FB561MB561OG561TB5620B5622G5645B
886462,5619B561AG561GB561NB561OG561UB5621B5622G5646B
886464,55ZBB561AG561FB561MB561OG561TB5620B5622G5645B
888141,5619B561AG561GB561NB561OG561UB5621B5622G5646B
937950,55ZBB561AG561FB561MB561OG561TB5620B5622G5645B
888137,5619B561AG561GB561NB561OG561UB5621B5622G5646B
888122,55ZBB561AG561FB561MB561OG561TB5620B5622G5645B
889377,55ZBB561AG561FB561MB561OG561TB5620B5622G5645B
905717,55ZBB561AG561FB561MB561OG561TB5620B5622G5645B
889357,55ZBB561AG561FB561MB561OG561TB5620B5622G5645B
853816,55ZBB561AG561FB561MB561OG561TB5620B5622G5645B
886469,5619B561AG561GB561NB561OG561UB5621B5622G5646B
1009534,55ZBB561AG561FB561MB561OG561TB5620B5622G5645B
853817,55ZBB561AG561FB561MB561OG561TB5620B5622G5645B
743574,55ZBB561AG561FB561MB561OG561TB5620B5622G5645B
905718,55ZBB561AG561FB561MB561OG561TB5620B5622G5645B
886465,55ZBB561AG561FB561MB561OG561TB5620B5622G5645B
892024,5619B561AG561GB561NB561OG561UB5621B5622G5646B
860120,55ZBB561AG561FB561MB561OG561TB5620B5622G5645B
886448,5619B561AG561GB561NB561OG561UB5621B5622G5646B
886444,55ZBB561AG561FB561MB561OG561TB5620B5622G5645B
892029,5619B561AG561GB561NB561OG561UB5621B5622G5646B
665571,5619B561AG561GB561NB561OG561UB5621B5622G5646B
1024422,55ZBB561AG561FB561MB561OG561TB5620B5622G5645B
1053720,55ZBB561FB561MB561TB5620B5645B564CB564JB564RB
895651,55ZBB561AG561FB561MB561OG561TB5620B5622G5645B
796872,55ZBB561AG561FB561MB561OG561TB5620B5622G5645B
838019,55ZBB561AG561FB561MB561OG561TB5620B5622G5645B
833316,55ZBB561FB561MB561TB5620B5645B564CB564JB564RB
779638,55ZBB561FB561MB561TB5620B5645B564CB564JB564RB
752981,55ZBB561FB561MB561TB5620B5645B564CB564JB564RB
942390,55ZBB561FB561MB561TB5620B5645B564CB564JB564RB
1004030,5619B561AG561GB561NB561OG561UB5621B5622G5646B
1049019,55ZBB561AG561FB561MB561OG561TB5620B5622G5645B
896358,55ZBB561AG561FB561MB561OG561TB5620B5622G5645B
853814,5619B561AG561GB561NB561OG561UB5621B5622G5646B
853815,5619B561AG561GB561NB561OG561UB5621B5622G5646B
1121924,5619B561AG561GB561NB561OG561UB5621B5622G5646B
1121925,5619B561AG561GB561NB561OG561UB5621B5622G5646B
1121926,5619B561AG561GB561NB561OG561UB5621B5622G5646B
1121927,5619B561AG561GB561NB561OG561UB5621B5622G5646B
1121928,5619B561AG561GB561NB561OG561UB5621B5622G5646B
1121929,5619B561AG561GB561NB561OG561UB5621B5622G5646B
990993,55ZBB561AG561FB561MB561OG561TB5620B5622G5645B
725678,55Z9G55ZAB561EB561KG561LB561SB561YG561ZB5644B
740977,55Z9G55ZAB561EB561KG561LB561SB561YG561ZB5644B
720987,55Z9G55ZAB561EB561KG561LB561SB561YG561ZB5644B
724799,55Z9G55ZAB561EB561KG561LB561SB561YG561ZB5644B
725676,55Z9G55ZAB561EB561KG561LB561SB561YG561ZB5644B
991284,55Z9G55ZAB561EB561KG561LB561SB561YG561ZB5644B
725674,55Z9G55ZAB561EB561KG561LB561SB561YG561ZB5644B
724801,55Z9G55ZAB561EB561KG561LB561SB561YG561ZB5644B
992365,55Z9G55ZAB561EB561KG561LB561SB561YG561ZB5644B
740107,55Z9G55ZAB561EB561KG561LB561SB561YG561ZB5644B
740108,55Z9G55ZAB561EB561KG561LB561SB561YG561ZB5644B
726116,55Z9G55ZAB561EB561KG561LB561SB561YG561ZB5644B
725679,55Z9G55ZAB561EB561KG561LB561SB561YG561ZB5644B
724795,55Z9G55ZAB561EB561KG561LB561SB561YG561ZB5644B
1035684,55Z9G55ZAB561EB561KG561LB561SB561YG561ZB5644B
865459,55Z9G55ZAB561EB561KG561LB561SB561YG561ZB5644B
720989,55Z9G55ZAB561EB561KG561LB561SB561YG561ZB5644B
724792,55Z9G55ZAB561EB561KG561LB561SB561YG561ZB5644B
740979,55Z9G55ZAB561EB561KG561LB561SB561YG561ZB5644B
726125,55Z9G55ZAB561EB561KG561LB561SB561YG561ZB5644B
1024372,55ZBR5619G561GB561MR561NG561UB5620R5621G5646B
877387,55ZBR5619G561GB561MR561NG561UB5620R5621G5646B
877378,5619G561GB561NG561UB5621G5646B564DG564KB564SG
923035,5619G561GB561NG561UB5621G5646B564DG564KB564SG
1005328,55ZBR5619G561GB561MR561NG561UB5620R5621G5646B
923015,55ZBR5619G561GB561MR561NG561UB5620R5621G5646B
624859,55ZBR5619G561GB561MR561NG561UB5620R5621G5646B
923041,55ZBR5619G561GB561MR561NG561UB5620R5621G5646B
923042,5619G561GB561NG561UB5621G5646B564DG564KB564SG
774178,55ZBR5619G561GB561MR561NG561UB5620R5621G5646B
923029,55ZBR5619G561GB561MR561NG561UB5620R5621G5646B
774173,55ZBR5619G561GB561MR561NG561UB5620R5621G5646B
923020,55ZBR5619G561GB561MR561NG561UB5620R5621G5646B
923022,55ZBR5619G561GB561MR561NG561UB5620R5621G5646B
877379,55ZBR5619G561GB561MR561NG561UB5620R5621G5646B
877380,55ZBR5619G561GB561MR561NG561UB5620R5621G5646B
877383,55ZBR5619G561GB561MR561NG561UB5620R5621G5646B
886502,55Z8B561CB561DG561JB561QB561RG561XB5642B5643G
886504,55Z8B561CB561DG561JB561QB561RG561XB5642B5643G
853818,55Z8B561CB561DG561JB561QB561RG561XB5642B5643G
886496,55Z8B561CB561DG561JB561QB561RG561XB5642B5643G
853819,55Z8B561CB561DG561JB561QB561RG561XB5642B5643G
886501,55Z8B561CB561DG561JB561QB561RG561XB5642B5643G
888073,55Z8B561CB561DG561JB561QB561RG561XB5642B5643G
888067,55Z8B561CB561DG561JB561QB561RG561XB5642B5643G
985769,55Z8B561CB561DG561JB561QB561RG561XB5642B5643G
1005041,55Z8B561CB561DG561JB561QB561RG561XB5642B5643G
888074,55Z8B561CB561DG561JB561QB561RG561XB5642B5643G
886487,55Z8B561CB561DG561JB561QB561RG561XB5642B5643G
886483,55Z8B561CB561DG561JB561QB561RG561XB5642B5643G
745979,55Z8B561CB561DG561JB561QB561RG561XB5642B5643G
886484,55Z8B561CB561DG561JB561QB561RG561XB5642B5643G
886493,55Z8B561CB561DG561JB561QB561RG561XB5642B5643G
886490,55Z8B561CB561DG561JB561QB561RG561XB5642B5643G
660563,55Z8B561CB561DG561JB561QB561RG561XB5642B5643G
888115,55Z8B561CB561DG561JB561QB561RG561XB5642B5643G
888145,55Z8B561CB561DG561JB561QB561RG561XB5642B5643G
888105,55Z8B561CB561DG561JB561QB561RG561XB5642B5643G
888106,55Z8B561CB561DG561JB561QB561RG561XB5642B5643G
888102,55Z8B561CB561DG561JB561QB561RG561XB5642B5643G
900830,55Z8B561CB561DG561JB561QB561RG561XB5642B5643G
889372,55Z8B561CB561DG561JB561QB561RG561XB5642B5643G
889367,55Z8B561CB561DG561JB561QB561RG561XB5642B5643G
861068,55Z8B561CB561DG561JB561QB561RG561XB5642B5643G
663851,55Z8B561CB561DG561JB561QB561RG561XB5642B5643G
1121930,55Z8B561CB561DG561JB561QB561RG561XB5642B5643G
1121931,55Z8B561CB561DG561JB561QB561RG561XB5642B5643G
1121932,55Z8B561CB561DG561JB561QB561RG561XB5642B5643G
1121933,55Z8B561CB561DG561JB561QB561RG561XB5642B5643G
1121934,55Z8B561CB561DG561JB561QB561RG561XB5642B5643G
1121935,55Z8B561CB561DG561JB561QB561RG561XB5642B5643G
983487,55Z9G561CR561DB561KG561QR561RB561YG5643B564AG
1017699,55Z9G561CR561DB561KG561QR561RB561YG5643B564AG
983375,55Z9G561CR561DB561KG561QR561RB561YG5643B564AG
902641,55Z9G561CR561DB561KG561QR561RB561YG5643B564AG
902971,55Z9G561CR561DB561KG561QR561RB561YG5643B564AG
997281,55Z9G561CR561DB561KG561QR561RB561YG5643B564AG
978225,55Z9G561CR561DB561KG561QR561RB561YG5643B564AG
662616,55Z9G561CR561DB561KG561QR561RB561YG5643B564AG
977871,55Z9G561DB561KG561RB561YG5643B564AG564HB564NG
648773,55Z9G561CR561DB561KG561QR561RB561YG5643B564AG
982136,55Z9G561CR561DB561KG561QR561RB561YG5643B564AG
648753,55Z9G561CR561DB561KG561QR561RB561YG5643B564AG
691320,55Z9G561CR561DB561KG561QR561RB561YG5643B564AG
691321,55Z9G561CR561DB561KG561QR561RB561YG5643B564AG
665559,55Z9G561CR561DB561KG561QR561RB561YG5643B564AG
648727,55Z9G561CR561DB561KG561QR561RB561YG5643B564AG
648724,55Z9G561CR561DB561KG561QR561RB561YG5643B564AG
976977,55Z9G561CR561DB561KG561QR561RB561YG5643B564AG
690941,55Z9G561CR561DB561KG561QR561RB561YG5643B564AG
690963,55Z9G561CR561DB561KG561QR561RB561YG5643B564AG
690984,55Z9G561CR561DB561KG561QR561RB561YG5643B564AG
983434,55Z9G561CR561DB561KG561QR561RB561YG5643B564AG
648736,55Z9G561CR561DB561KG561QR561RB561YG5643B564AG
652536,55Z9G561CR561DB561KG561QR561RB561YG5643B564AG
652535,55Z9G561CR561DB561KG561QR561RB561YG5643B564AG
652561,55Z9G561CR561DB561KG561QR561RB561YG5643B564AG
652621,55Z9G561CR561DB561KG561QR561RB561YG5643B564AG
1033140,55Z9G561CR561DB561KG561QR561RB561YG5643B564AG
652567,55Z9G561CR561DB561KG561QR561RB561YG5643B564AG
652572,55Z9G561CR561DB561KG561QR561RB561YG5643B564AG
647416,55Z9G561CR561DB561KG561QR561RB561YG5643B564AG
647421,55Z9G561CR561DB561KG561QR561RB561YG5643B564AG
788255,55Z9G561CR561DB561KG561QR561RB561YG5643B564AG
647410,55Z9G561DB561KG561RB561YG5643B564AG564HB564NG
665534,55Z9G561CR561DB561KG561QR561RB561YG5643B564AG
652173,55Z9G561CR561DB561KG561QR561RB561YG5643B564AG
665507,55Z9G561DB561KG561RB561YG5643B564AG564HB564NG
652194,55Z9G561CR561DB561KG561QR561RB561YG5643B564AG
652172,55Z9G561CR561DB561KG561QR561RB561YG5643B564AG
652178,55Z9G561CR561DB561KG561QR561RB561YG5643B564AG
901678,55Z9G561CR561DB561KG561QR561RB561YG5643B564AG
978250,55Z9G561CR561DB561KG561QR561RB561YG5643B564AG
830269,55Z9G561CR561DB561KG561QR561RB561YG5643B564AG
1033147,55Z9G561CR561DB561KG561QR561RB561YG5643B564AG
646066,55Z9G561CR561DB561KG561QR561RB561YG5643B564AG
646082,55Z9G561CR561DB561KG561QR561RB561YG5643B564AG
646092,55Z9G561CR561DB561KG561QR561RB561YG5643B564AG
646096,55Z9G561CR561DB561KG561QR561RB561YG5643B564AG
997284,55Z9G561CR561DB561KG561QR561RB561YG5643B564AG
901680,55Z9G561CR561DB561KG561QR561RB561YG5643B564AG
901682,55Z9G561CR561DB561KG561QR561RB561YG5643B564AG
859300,55Z9G561CR561DB561KG561QR561RB561YG5643B564AG
859305,55Z9G561CR561DB561KG561QR561RB561YG5643B564AG
983501,55Z9G561CR561DB561KG561QR561RB561YG5643B564AG
983457,55Z9G561CR561DB561KG561QR561RB561YG5643B564AG
888086,55Z8B561CB561DG561JB561QB561RG561XB5642B5643G
888088,55Z8B561CB561DG561JB561QB561RG561XB5642B5643G
888079,55Z8B561CB561DG561JB561QB561RG561XB5642B5643G
900826,55Z8B561CB561DG561JB561QB561RG561XB5642B5643G
888097,55Z8B561CB561DG561JB561QB561RG561XB5642B5643G
888091,55Z8B561CB561DG561JB561QB561RG561XB5642B5643G
887427,55Z8B561CB561DG561JB561QB561RG561XB5642B5643G
933133,55Z8B561CB561DG561JB561QB561RG561XB5642B5643G
849597,55Z8B561CB561DG561JB561QB561RG561XB5642B5643G
888112,55Z8B561CB561DG561JB561QB561RG561XB5642B5643G
939709,55Z8B561CB561DG561JB561QB561RG561XB5642B5643G
939697,55Z8B561CB561DG561JB561QB561RG561XB5642B5643G
902928,55Z8B561CB561DG561JB561QB561RG561XB5642B5643G
827937,55Z8B561CB561DG561JB561QB561RG561XB5642B5643G
900829,55Z8B561CB561DG561JB561QB561RG561XB5642B5643G
888082,55Z8B561CB561DG561JB561QB561RG561XB5642B5643G
905719,55Z8B561CB561DG561JB561QB561RG561XB5642B5643G
1019954,55Z8B561CB561DG561JB561QB561RG561XB5642B5643G
853820,55Z8B561CB561DG561JB561QB561RG561XB5642B5643G
899324,55Z8B561CB561DG561JB561QB561RG561XB5642B5643G
903470,55Z8B561CB561DG561JB561QB561RG561XB5642B5643G
848287,55Z8B561CB561DG561JB561QB561RG561XB5642B5643G
848284,55Z8B561CB561DG561JB561QB561RG561XB5642B5643G
849598,55Z8B561CB561DG561JB561QB561RG561XB5642B5643G
740606,55Z8B561CB561DG561JB561QB561RG561XB5642B5643G
937026,55Z8B561CB561DG561JB561QB561RG561XB5642B5643G
937001,55ZBB561FB561GR561MB561TB561UR561VG5620B5645B
900892,55ZBB561FB561GR561MB561TB561UR561VG5620B5645B
936979,55ZBB561FB561GR561MB561TB561UR561VG5620B5645B
936984,55ZBB561FB561GR561MB561TB561UR561VG5620B5645B
936990,55ZBB561FB561GR561MB561TB561UR561VG5620B5645B
902914,55ZBB561FB561GR561MB561TB561UR561VG5620B5645B
847913,55ZBB561FB561GR561MB561TB561UR561VG5620B5645B
902916,55ZBB561FB561GR561MB561TB561UR561VG5620B5645B
847889,55ZBB561FB561GR561MB561TB561UR561VG5620B5645B
953929,55ZBB561FB561GR561MB561TB561UR561VG5620B5645B
995276,55ZBB561FB561GR561MB561TB561UR561VG5620B5645B
887051,55ZBB561FB561GR561MB561TB561UR561VG5620B5645B
847898,55ZBB561FB561GR561MB561TB561UR561VG5620B5645B
1003943,55ZBB561FB561GR561MB561TB561UR561VG5620B5645B
847931,55ZBB561FB561GR561MB561TB561UR561VG5620B5645B
848267,55ZBB561FB561GR561MB561TB561UR561VG5620B5645B
847915,55ZBB561FB561GR561MB561TB561UR561VG5620B5645B
847925,55ZBB561FB561GR561MB561TB561UR561VG5620B5645B
847922,55ZBB561FB561GR561MB561TB561UR561VG5620B5645B
887434,55ZBB561FB561GR561MB561TB561UR561VG5620B5645B
887437,55ZBB561FB561GR561MB561TB561UR561VG5620B5645B
1025367,55ZBB561FB561GR561MB561TB561UR561VG5620B5645B
887393,55ZBB561FB561GR561MB561TB561UR561VG5620B5645B
887417,55ZBB561FB561GR561MB561TB561UR561VG5620B5645B
887423,55ZBB561FB561GR561MB561TB561UR561VG5620B5645B
887429,55ZBB561FB561GR561MB561TB561UR561VG5620B5645B
936961,55ZBB561FB561GR561MB561TB561UR561VG5620B5645B
936974,55ZBB561FB561GR561MB561TB561UR561VG5620B5645B
936972,55ZBB561FB561GR561MB561TB561UR561VG5620B5645B
936608,55ZBB561FB561MB561TB561VG5620B5645B564CB564JB
936604,55ZBB561FB561GR561MB561TB561UR561VG5620B5645B
936619,55ZBB561FB561GR561MB561TB561UR561VG5620B5645B
936997,55ZBB561FB561GR561MB561TB561UR561VG5620B5645B
887464,55ZBB561FB561GR561MB561TB561UR561VG5620B5645B
865330,55ZBB561FB561MB561TB561VG5620B5645B564CB564JB
995273,55ZBB561FB561MB561TB561VG5620B5645B564CB564JB
704682,55ZBB561FB561MB561TB561VG5620B5645B564CB564JB
887439,55ZBB561FB561MB561TB561VG5620B5645B564CB564JB
887435,55ZBB561FB561MB561TB561VG5620B5645B564CB564JB
887458,55ZBB561FB561MB561TB561VG5620B5645B564CB564JB
847924,55ZBB561FB561MB561TB561VG5620B5645B564CB564JB
847919,55ZBB561FB561MB561TB561VG5620B5645B564CB564JB
902917,55ZBB561FB561MB561TB561VG5620B5645B564CB564JB
902923,55ZBB561FB561MB561TB561VG5620B5645B564CB564JB
847929,55ZBB561FB561MB561TB561VG5620B5645B564CB564JB
887460,55ZBB561FB561MB561TB561VG5620B5645B564CB564JB
847918,55ZBB561FB561MB561TB561VG5620B5645B564CB564JB
847893,55ZBB561FB561MB561TB561VG5620B5645B564CB564JB
887465,55ZBB561FB561MB561TB561VG5620B5645B564CB564JB
847910,55ZBB561FB561MB561TB561VG5620B5645B564CB564JB
887463,55ZBB561FB561MB561TB561VG5620B5645B564CB564JB
887445,55ZBB561FB561GR561MB561TB561UR561VG5620B5645B
704683,55ZBB561FB561GR561MB561TB561UR561VG5620B5645B
865329,55ZBB561FB561MB561TB561VG5620B5645B564CB564JB
887447,55ZBB561FB561GR561MB561TB561UR561VG5620B5645B
887459,55ZBB561FB561MB561TB561VG5620B5645B564CB564JB
936618,55ZBB561FB561MB561TB561VG5620B5645B564CB564JB
783821,55ZBB561FB561MB561TB561VG5620B5645B564CB564JB
936614,55ZBB561FB561MB561TB561VG5620B5645B564CB564JB
700679,55ZBB561FB561MB561TB561VG5620B5645B564CB564JB
936962,55ZBB561FB561MB561TB561VG5620B5645B564CB564JB
1003942,55ZBB561FB561GR561MB561TB561UR561VG5620B5645B
887391,55ZBB561FB561MB561TB561VG5620B5645B564CB564JB
995272,55ZBB561FB561MB561TB561VG5620B5645B564CB564JB
887414,55ZBB561FB561MB561TB561VG5620B5645B564CB564JB
887041,55ZBB561FB561MB561TB561VG5620B5645B564CB564JB
936992,55ZBB561FB561MB561TB561VG5620B5645B564CB564JB
937016,55ZBB561FB561MB561TB561VG5620B5645B564CB564JB
937011,55ZBB561FB561MB561TB561VG5620B5645B564CB564JB
887035,55ZBB561FB561MB561TB561VG5620B5645B564CB564JB
937027,55ZBB561FB561MB561TB561VG5620B5645B564CB564JB
936993,55ZBB561FB561GR561MB561TB561UR561VG5620B5645B
936985,55ZBB561FB561MB561TB561VG5620B5645B564CB564JB
900891,55ZBB561FB561MB561TB561VG5620B5645B564CB564JB
705922,55ZBB561FB561MB561TB561VG5620B5645B564CB564JB
704666,55ZBB561FB561GR561MB561TB561UR561VG5620B5645B
939716,55ZBB561FB561GR561MB561TB561UR561VG5620B5645B
939701,55ZBB561FB561GR561MB561TB561UR561VG5620B5645B
933130,55ZBB561FB561GR561MB561TB561UR561VG5620B5645B
1047313,55ZBB561FB561MB561TB561VG5620B5645B564CB564JB
933131,55ZBB561FB561GR561MB561TB561UR561VG5620B5645B
902927,55ZBB561FB561GR561MB561TB561UR561VG5620B5645B
831358,55ZBB561FB561GR561MB561TB561UR561VG5620B5645B
705923,55ZBB561FB561GR561MB561TB561UR561VG5620B5645B
849603,55ZBB561FB561GR561MB561TB561UR561VG5620B5645B
848280,55ZBB561FB561GR561MB561TB561UR561VG5620B5645B
933113,55ZBB561FB561GR561MB561TB561UR561VG5620B5645B
903469,55ZBB561FB561GR561MB561TB561UR561VG5620B5645B
1130296,55Z8G55Z8R561CB561JG561JR561QB561XG561XR5642B
1130297,55Z8G55Z8R561CB561JG561JR561QB561XG561XR5642B
1130298,55Z8G55Z8R561CB561JG561JR561QB561XG561XR5642B
1130299,55Z8G55Z8R561CB561JG561JR561QB561XG561XR5642B
1130300,55Z8G55Z8R561CB561JG561JR561QB561XG561XR5642B
1138410,55Z8G55Z8R561CB561JG561JR561QB561XG561XR5642B
1130301,55Z8G55Z8R561CB561JG561JR561QB561XG561XR5642B
1130302,55Z8G55Z8R561CB561JG561JR561QB561XG561XR5642B
1130303,55Z8G55Z8R561CB561JG561JR561QB561XG561XR5642B
1130304,55Z8G55Z8R561CB561JG561JR561QB561XG561XR5642B
1130305,55Z8G55Z8R561CB561JG561JR561QB561XG561XR5642B
1138408,55Z8G55Z8R561CB561JG561JR561QB561XG561XR5642B
1130306,55Z8G55Z8R561CB561JG561JR561QB561XG561XR5642B
1130307,55Z8G55Z8R561CB561JG561JR561QB561XG561XR5642B
1130292,55Z8G55Z8R561CB561JG561JR561QB561XG561XR5642B
1138409,55Z8G55Z8R561CB561JG561JR561QB561XG561XR5642B
1130293,55Z8G55Z8R561CB561JG561JR561QB561XG561XR5642B
1130294,55Z8G55Z8R561CB561JG561JR561QB561XG561XR5642B
1130295,55Z8G55Z8R561CB561JG561JR561QB561XG561XR5642B
1130340,55Z8G55Z8R561CB561JG561JR561QB561XG561XR5642B
1130327,55Z8G55Z8R561CB561JG561JR561QB561XG561XR5642B
1130339,55Z8G55Z8R561CB561JG561JR561QB561XG561XR5642B
1130328,55Z8G55Z8R561CB561JG561JR561QB561XG561XR5642B
1130338,55Z8G55Z8R561CB561JG561JR561QB561XG561XR5642B
1130329,55Z8G55Z8R561CB561JG561JR561QB561XG561XR5642B
1130337,55Z8G55Z8R561CB561JG561JR561QB561XG561XR5642B
1130330,55Z8G55Z8R561CB561JG561JR561QB561XG561XR5642B
1130331,55Z8G55Z8R561CB561JG561JR561QB561XG561XR5642B
1138442,55Z8G55Z8R561CB561JG561JR561QB561XG561XR5642B
1130332,55Z8G55Z8R561CB561JG561JR561QB561XG561XR5642B
1130333,55Z8G55Z8R561CB561JG561JR561QB561XG561XR5642B
1130334,55Z8G55Z8R561CB561JG561JR561QB561XG561XR5642B
1130335,55Z8G55Z8R561CB561JG561JR561QB561XG561XR5642B
1130336,55Z8G55Z8R561CB561JG561JR561QB561XG561XR5642B
1138441,55Z8G55Z8R561CB561JG561JR561QB561XG561XR5642B
1130323,55Z8G55Z8R561CB561JG561JR561QB561XG561XR5642B
1130343,55Z8G55Z8R561CB561JG561JR561QB561XG561XR5642B
1130324,55Z8G55Z8R561CB561JG561JR561QB561XG561XR5642B
1130342,55Z8G55Z8R561CB561JG561JR561QB561XG561XR5642B
1130325,55Z8G55Z8R561CB561JG561JR561QB561XG561XR5642B
1130341,55Z8G55Z8R561CB561JG561JR561QB561XG561XR5642B
1130326,55Z8G55Z8R561CB561JG561JR561QB561XG561XR5642B
888840,55Z9B561DG561KB561RG561YB5643G564AB564HG564NB
1032786,55Z8R55Z9B561DG561JR561KB561RG561XR561YB5643G
905720,55Z9B561DG561KB561RG561YB5643G564AB564HG564NB
888872,55Z9B561DG561KB561RG561YB5643G564AB564HG564NB
853821,55Z8R55Z9B561DG561JR561KB561RG561XR561YB5643G
997975,55Z9B561DG561KB561RG561YB5643G564AB564HG564NB
943057,55Z9B561DG561KB561RG561YB5643G564AB564HG564NB
888855,55Z9B561DG561KB561RG561YB5643G564AB564HG564NB
853822,55Z9B561DG561KB561RG561YB5643G564AB564HG564NB
853823,55Z8R55Z9B561DG561JR561KB561RG561XR561YB5643G
888874,55Z9B561DG561KB561RG561YB5643G564AB564HG564NB
905721,55Z8R55Z9B561DG561JR561KB561RG561XR561YB5643G
1044660,55Z9B561DG561KB561RG561YB5643G564AB564HG564NB
943054,55Z9B561DG561KB561RG561YB5643G564AB564HG564NB
888867,55Z9B561DG561KB561RG561YB5643G564AB564HG564NB
916886,55Z8R55Z9B561DG561JR561KB561RG561XR561YB5643G
853824,55Z8R55Z9B561DG561JR561KB561RG561XR561YB5643G
853825,55Z8R55Z9B561DG561JR561KB561RG561XR561YB5643G
905722,55Z8R55Z9B561DG561JR561KB561RG561XR561YB5643G
949676,55Z8R55Z9B561DG561JR561KB561RG561XR561YB5643G
888844,55Z9B561DG561KB561RG561YB5643G564AB564HG564NB
918595,55Z8R55Z9B561DG561JR561KB561RG561XR561YB5643G
918594,55Z8R55Z9B561DG561JR561KB561RG561XR561YB5643G
853826,55Z9B561DG561KB561RG561YB5643G564AB564HG564NB
1027909,55Z9B561DG561KB561RG561YB5643G564AB564HG564NB
892117,55Z9B561DG561KB561RG561YB5643G564AB564HG564NB
1032409,55Z9B561DG561KB561RG561YB5643G564AB564HG564NB
942782,55Z9B561DG561KB561RG561YB5643G564AB564HG564NB
807940,55ZAB561EG561GR561LB561SG561UR561ZB5644G564BB
818769,55ZAB561EG561GR561LB561SG561UR561ZB5644G564BB
807936,55ZAB561EG561GR561LB561SG561UR561ZB5644G564BB
818768,55ZAB561EG561GR561LB561SG561UR561ZB5644G564BB
807932,55ZAB561EG561GR561LB561SG561UR561ZB5644G564BB
818767,55ZAB561EG561GR561LB561SG561UR561ZB5644G564BB
825116,55ZAB561EG561GR561LB561SG561UR561ZB5644G564BB
809298,55ZAB561EG561GR561LB561SG561UR561ZB5644G564BB
809296,55ZAB561EG561GR561LB561SG561UR561ZB5644G564BB
809294,55ZAB561EG561GR561LB561SG561UR561ZB5644G564BB
809292,55ZAB561EG561GR561LB561SG561UR561ZB5644G564BB
809262,55ZAB561EG561GR561LB561SG561UR561ZB5644G564BB
809280,55ZAB561EG561GR561LB561SG561UR561ZB5644G564BB
807943,55ZAB561EG561GR561LB561SG561UR561ZB5644G564BB
818770,55ZAB561EG561GR561LB561SG561UR561ZB5644G564BB
699920,55Z9B561DG561KB561RG561YB5643G564AB564HG564NB
665896,55Z9B561DG561KB561RG561YB5643G564AB564HG564NB
1001720,55Z9B561DG561KB561RG561YB5643G564AB564HG564NB
735881,55Z9B561DG561KB561RG561YB5643G564AB564HG564NB
735882,55Z9B561DG561KB561RG561YB5643G564AB564HG564NB
735883,55Z9B561DG561KB561RG561YB5643G564AB564HG564NB
711777,55Z9B561DG561DR561KB561RG561RR561YB5643G564AB
711786,55Z9B561DG561KB561RG561YB5643G564AB564HG564NB
711782,55Z9B561DG561DR561KB561RG561RR561YB5643G564AB
706089,55Z9B561DG561KB561RG561YB5643G564AB564HG564NB
668540,55Z9B561DG561KB561RG561YB5643G564AB564HG564NB
665893,55Z9B561DG561DR561KB561RG561RR561YB5643G564AB
665895,55Z9B561DG561KB561RG561YB5643G564AB564HG564NB
668528,55Z9B561DG561DR561KB561RG561RR561YB5643G564AB
668530,55Z9B561DG561KB561RG561YB5643G564AB564HG564NB
735885,55Z9B561DG561DR561KB561RG561RR561YB5643G564AB
665883,55Z9B561DG561KB561RG561YB5643G564AB564HG564NB
665887,55Z9B561DG561DR561KB561RG561RR561YB5643G564AB
706090,55Z9B561DG561KB561RG561YB5643G564AB564HG564NB
787070,55Z9B561DG561DR561KB561RG561RR561YB5643G564AB
709964,55Z9B561DG561KB561RG561YB5643G564AB564HG564NB
668543,55Z9B561DG561KB561RG561YB5643G564AB564HG564NB
709854,55Z9B561DG561KB561RG561YB5643G564AB564HG564NB
709857,55Z9B561DG561KB561RG561YB5643G564AB564HG564NB
713142,55Z9B561DG561KB561RG561YB5643G564AB564HG564NB
713144,55Z9B561DG561KB561RG561YB5643G564AB564HG564NB
709840,55Z9B561DG561KB561RG561YB5643G564AB564HG564NB
709842,55Z9B561DG561KB561RG561YB5643G564AB564HG564NB
709845,55Z9B561DG561KB561RG561YB5643G564AB564HG564NB
924838,561AG561AR561HB561OG561OR561VB5622G5622R5647B
872772,561AG561AR561HB561OG561OR561VB5622G5622R5647B
778140,561AG561AR561HB561OG561OR561VB5622G5622R5647B
874235,561AG561AR561HB561OG561OR561VB5622G5622R5647B
874539,561AG561AR561HB561OG561OR561VB5622G5622R5647B
875559,561AG561AR561HB561OG561OR561VB5622G5622R5647B
874230,561AG561AR561HB561OG561OR561VB5622G5622R5647B
779345,561AG561AR561HB561OG561OR561VB5622G5622R5647B
872759,561AG561AR561HB561OG561OR561VB5622G5622R5647B
872742,561AG561AR561HB561OG561OR561VB5622G5622R5647B
872718,561AG561AR561HB561OG561OR561VB5622G5622R5647B
1125317,55ZBR561AB561HG561MR561OB561VG5620R5622B5647G
1125321,55ZBR561AB561HG561MR561OB561VG5620R5622B5647G
1125316,55ZBR561AB561HG561MR561OB561VG5620R5622B5647G
1125320,561AB561HG561OB561VG5622B5647G564EB564LG564TB
1125315,55ZBR561AB561HG561MR561OB561VG5620R5622B5647G
1125319,561AB561HG561OB561VG5622B5647G564EB564LG564TB
1125314,55ZBR561AB561HG561MR561OB561VG5620R5622B5647G
1125318,55ZBR561AB561HG561MR561OB561VG5620R5622B5647G
1125313,561AB561HG561OB561VG5622B5647G564EB564LG564TB
1049386,561AB561HG561OB561VG5622B5647G564EB564LG564TB
981408,55ZBR561AB561HG561MR561OB561VG5620R5622B5647G
981404,55ZBR561AB561HG561MR561OB561VG5620R5622B5647G
981401,55ZBR561AB561HG561MR561OB561VG5620R5622B5647G
891330,55ZBR561AB561HG561MR561OB561VG5620R5622B5647G
891326,55ZBR561AB561HG561MR561OB561VG5620R5622B5647G
891331,55ZBR561AB561HG561MR561OB561VG5620R5622B5647G
891320,55ZBR561AB561HG561MR561OB561VG5620R5622B5647G
891324,55ZBR561AB561HG561MR561OB561VG5620R5622B5647G
891340,55ZBR561AB561HG561MR561OB561VG5620R5622B5647G
892175,55ZBR561AB561HG561MR561OB561VG5620R5622B5647G
891338,55ZBR561AB561HG561MR561OB561VG5620R5622B5647G
995650,55ZBR561AB561HG561MR561OB561VG5620R5622B5647G
890976,55ZBR561AB561HG561MR561OB561VG5620R5622B5647G
858927,55ZBR561AB561HG561MR561OB561VG5620R5622B5647G
888280,55ZBR561AB561HG561MR561OB561VG5620R5622B5647G
888277,55ZBR561AB561HG561MR561OB561VG5620R5622B5647G
888274,55ZBR561AB561HG561MR561OB561VG5620R5622B5647G
888279,55ZBR561AB561HG561MR561OB561VG5620R5622B5647G
890973,55ZBR561AB561HG561MR561OB561VG5620R5622B5647G
1017498,55ZBR561AB561HG561MR561OB561VG5620R5622B5647G
892179,55ZBR561AB561HG561MR561OB561VG5620R5622B5647G
1049359,55ZBR561AB561HG561MR561OB561VG5620R5622B5647G
860264,55ZBR561AB561HG561MR561OB561VG5620R5622B5647G
892664,55ZBR561AB561HG561MR561OB561VG5620R5622B5647G
891364,55ZBR561AB561HG561MR561OB561VG5620R5622B5647G
891368,55ZBR561AB561HG561MR561OB561VG5620R5622B5647G
1017593,55ZBR561AB561HG561MR561OB561VG5620R5622B5647G
892679,55ZBR561AB561HG561MR561OB561VG5620R5622B5647G
1049363,55ZBR561AB561HG561MR561OB561VG5620R5622B5647G
892675,55ZBR561AB561HG561MR561OB561VG5620R5622B5647G
892671,55ZBR561AB561HG561MR561OB561VG5620R5622B5647G
862711,55ZBR561AB561HG561MR561OB561VG5620R5622B5647G
995652,55ZBR561AB561HG561MR561OB561VG5620R5622B5647G
891351,55ZBR561AB561HG561MR561OB561VG5620R5622B5647G
1049360,55ZBR561AB561HG561MR561OB561VG5620R5622B5647G
891346,55ZBR561AB561HG561MR561OB561VG5620R5622B5647G
860261,55ZBR561AB561HG561MR561OB561VG5620R5622B5647G
891361,55ZBR561AB561HG561MR561OB561VG5620R5622B5647G
860267,55ZBR561AB561HG561MR561OB561VG5620R5622B5647G
891363,55ZBR561AB561HG561MR561OB561VG5620R5622B5647G
891355,55ZBR561AB561HG561MR561OB561VG5620R5622B5647G
886565,55ZBR561AB561HG561MR561OB561VG5620R5622B5647G
1049356,55ZBR561AB561HG561MR561OB561VG5620R5622B5647G
889125,55ZBR561AB561HG561MR561OB561VG5620R5622B5647G
862710,55ZBR561AB561HG561MR561OB561VG5620R5622B5647G
996845,55ZBR561AB561HG561MR561OB561VG5620R5622B5647G
892158,55ZBR561AB561HG561MR561OB561VG5620R5622B5647G
892155,55ZBR561AB561HG561MR561OB561VG5620R5622B5647G
1048061,55ZBR561AB561HG561MR561OB561VG5620R5622B5647G
889074,55ZBR561AB561HG561MR561OB561VG5620R5622B5647G
892149,55ZBR561AB561HG561MR561OB561VG5620R5622B5647G
892171,55ZBR561AB561HG561MR561OB561VG5620R5622B5647G
892169,55ZBR561AB561HG561MR561OB561VG5620R5622B5647G
892159,55ZBR561AB561HG561MR561OB561VG5620R5622B5647G
892162,55ZBR561AB561HG561MR561OB561VG5620R5622B5647G
996890,55ZBR561AB561HG561MR561OB561VG5620R5622B5647G
982747,55ZBR561AB561HG561MR561OB561VG5620R5622B5647G
982743,55ZBR561AB561HG561MR561OB561VG5620R5622B5647G
982748,55ZBR561AB561HG561MR561OB561VG5620R5622B5647G
982738,55ZBR561AB561HG561MR561OB561VG5620R5622B5647G
889072,55ZBR561AB561HG561MR561OB561VG5620R5622B5647G
1049388,55ZBR561AB561HG561MR561OB561VG5620R5622B5647G
983095,55ZBR561AB561HG561MR561OB561VG5620R5622B5647G
982749,55ZBR561AB561HG561MR561OB561VG5620R5622B5647G
983088,55ZBR561AB561HG561MR561OB561VG5620R5622B5647G
982750,55ZBR561AB561HG561MR561OB561VG5620R5622B5647G
981444,55ZBR561AB561HG561MR561OB561VG5620R5622B5647G
861510,55ZBR561AB561HG561MR561OB561VG5620R5622B5647G
981440,55ZBR561AB561HG561MR561OB561VG5620R5622B5647G
981437,55ZBR561AB561HG561MR561OB561VG5620R5622B5647G
892106,55ZBR561AB561HG561MR561OB561VG5620R5622B5647G
889944,55ZBR561AB561HG561MR561OB561VG5620R5622B5647G
889940,55ZBR561AB561HG561MR561OB561VG5620R5622B5647G
982725,55ZBR561AB561HG561MR561OB561VG5620R5622B5647G
889936,55ZBR561AB561HG561MR561OB561VG5620R5622B5647G
889933,55ZBR561AB561HG561MR561OB561VG5620R5622B5647G
983130,55ZBR561AB561HG561MR561OB561VG5620R5622B5647G
903742,55ZBR561AB561HG561MR561OB561VG5620R5622B5647G
983125,55ZBR561AB561MR561OB5620R5622B564EB564TB5CZJB
829877,55ZBR561AB561HG561MR561OB561VG5620R5622B5647G
892114,55ZBR561AB561HG561MR561OB561VG5620R5622B5647G
903741,55ZBR561AB561HG561MR561OB561VG5620R5622B5647G
863990,55ZBR561AB561HG561MR561OB561VG5620R5622B5647G
903745,55ZBR561AB561HG561MR561OB561VG5620R5622B5647G
1049390,55ZBR561AB561HG561MR561OB561VG5620R5622B5647G
829878,55ZBR561AB561HG561MR561OB561VG5620R5622B5647G
983132,55ZBR561AB561HG561MR561OB561VG5620R5622B5647G
1049389,55ZBR561AB561HG561MR561OB561VG5620R5622B5647G
983107,55ZBR561AB561HG561MR561OB561VG5620R5622B5647G
983105,55ZBR561AB561HG561MR561OB561VG5620R5622B5647G
983101,55ZBR561AB561HG561MR561OB561VG5620R5622B5647G
983099,55ZBR561AB561HG561MR561OB561VG5620R5622B5647G
892110,55ZBR561AB561HG561MR561OB561VG5620R5622B5647G
983104,55ZBR561AB561HG561MR561OB561VG5620R5622B5647G
983118,55ZBR561AB561HG561MR561OB561VG5620R5622B5647G
983116,55ZBR561AB561HG561MR561OB561VG5620R5622B5647G
983115,55ZBR561AB561HG561MR561OB561VG5620R5622B5647G
983113,55ZBR561AB561HG561MR561OB561VG5620R5622B5647G
1048057,55ZBR561AB561HG561MR561OB561VG5620R5622B5647G
981369,561AB561HG561OB561VG5622B5647G564EB564LG564TB
981365,55ZBR561AB561HG561MR561OB561VG5620R5622B5647G
981364,55ZBR561AB561HG561MR561OB561VG5620R5622B5647G
981360,55ZBR561AB561HG561MR561OB561VG5620R5622B5647G
981363,55ZBR561AB561HG561MR561OB561VG5620R5622B5647G
996886,55ZBR561AB561HG561MR561OB561VG5620R5622B5647G
981382,55ZBR561AB561HG561MR561OB561VG5620R5622B5647G
981380,55ZBR561AB561HG561MR561OB561VG5620R5622B5647G
981377,55ZBR561AB561HG561MR561OB561VG5620R5622B5647G
981375,55ZBR561AB561HG561MR561OB561VG5620R5622B5647G
981372,55ZBR561AB561HG561MR561OB561VG5620R5622B5647G
864043,55ZBR561AB561HG561MR561OB561VG5620R5622B5647G
892182,55ZBR561AB561HG561MR561OB561VG5620R5622B5647G
888886,55ZBR561AB561HG561MR561OB561VG5620R5622B5647G
888883,55ZBR561AB561HG561MR561OB561VG5620R5622B5647G
888880,55ZBR561AB561HG561MR561OB561VG5620R5622B5647G
892102,55ZBR561AB561HG561MR561OB561VG5620R5622B5647G
981034,55ZBR561AB561HG561MR561OB561VG5620R5622B5647G
981031,55ZBR561AB561HG561MR561OB561VG5620R5622B5647G
888229,55ZBR561AB561HG561MR561OB561VG5620R5622B5647G
888228,55ZBR561AB561HG561MR561OB561VG5620R5622B5647G
864044,55ZBR561AB561HG561MR561OB561VG5620R5622B5647G
981430,55ZBR561AB561HG561MR561OB561VG5620R5622B5647G
981420,55ZBR561AB561HG561MR561OB561VG5620R5622B5647G
981413,55ZBR561AB561HG561MR561OB561VG5620R5622B5647G
981417,55ZBR561AB561HG561MR561OB561VG5620R5622B5647G
981415,55ZBR561AB561HG561MR561OB561VG5620R5622B5647G
892133,55ZBR561AB561HG561MR561OB561VG5620R5622B5647G
864042,55ZBR561AB561HG561MR561OB561VG5620R5622B5647G
907998,55ZBR561AB561HG561MR561OB561VG5620R5622B5647G
981433,55ZBR561AB561HG561MR561OB561VG5620R5622B5647G
861508,55ZBR561AB561HG561MR561OB561VG5620R5622B5647G
1049387,55ZBR561AB561HG561MR561OB561VG5620R5622B5647G
861506,55ZBR561AB561HG561MR561OB561VG5620R5622B5647G
981414,55ZBR561AB561HG561MR561OB561VG5620R5622B5647G
981396,55ZBR561AB561HG561MR561OB561VG5620R5622B5647G
981393,55ZBR561AB561HG561MR561OB561VG5620R5622B5647G
981389,55ZBR561AB561HG561MR561OB561VG5620R5622B5647G
907996,55ZBR561AB561HG561MR561OB561VG5620R5622B5647G
889118,55ZBR561AB561HG561MR561OB561VG5620R5622B5647G
886562,55ZBR561AB561HG561MR561OB561VG5620R5622B5647G
889568,55ZBR561AB561HG561MR561OB561VG5620R5622B5647G
889571,55ZBR561AB561HG561MR561OB561VG5620R5622B5647G
886573,55ZBR561AB561HG561MR561OB561VG5620R5622B5647G
889567,561AB561HG561OB561VG5622B5647G564EB564LG564TB
789536,55ZBR561AB561HG561MR561OB561VG5620R5622B5647G
890959,55ZBR561AB561HG561MR561OB561VG5620R5622B5647G
890955,55ZBR561AB561HG561MR561OB561VG5620R5622B5647G
890949,55ZBR561AB561HG561MR561OB561VG5620R5622B5647G
1050016,561AB561HG561OB561VG5622B5647G564EB564LG564TB
890947,55ZBR561AB561HG561MR561OB561VG5620R5622B5647G
890950,55ZBR561AB561HG561MR561OB561VG5620R5622B5647G
888268,55ZBR561AB561HG561MR561OB561VG5620R5622B5647G
995647,55ZBR561AB561HG561MR561OB561VG5620R5622B5647G
888263,55ZBR561AB561HG561MR561OB561VG5620R5622B5647G
890937,55ZBR561AB561HG561MR561OB561VG5620R5622B5647G
889606,55ZBR561AB561HG561MR561OB561VG5620R5622B5647G
889604,55ZBR561AB561HG561MR561OB561VG5620R5622B5647G
889601,55ZBR561AB561HG561MR561OB561VG5620R5622B5647G
860215,55ZBR561AB561HG561MR561OB561VG5620R5622B5647G
889576,55ZBR561AB561HG561MR561OB561VG5620R5622B5647G
889602,55ZBR561AB561HG561MR561OB561VG5620R5622B5647G
890939,55ZBR561AB561HG561MR561OB561VG5620R5622B5647G
860218,55ZBR561AB561HG561MR561OB561VG5620R5622B5647G
890934,55ZBR561AB561HG561MR561OB561VG5620R5622B5647G
859885,55ZBR561AB561HG561MR561OB561VG5620R5622B5647G
888688,55ZBR561AB561HG561MR561OB561VG5620R5622B5647G
862696,55ZBR561AB561HG561MR561OB561VG5620R5622B5647G
1045118,561AB561HG561OB561VG5622B5647G564EB564LG564TB
888683,55ZBR561AB561HG561MR561OB561VG5620R5622B5647G
889031,561AB561HG561OB561VG5622B5647G564EB564LG564TB
889595,55ZBR561AB561HG561MR561OB561VG5620R5622B5647G
889029,55ZBR561AB561HG561MR561OB561VG5620R5622B5647G
889028,55ZBR561AB561HG561MR561OB561VG5620R5622B5647G
862698,55ZBR561AB561HG561MR561OB561VG5620R5622B5647G
888682,55ZBR561AB561HG561MR561OB561VG5620R5622B5647G
890785,55ZBR561AB561HG561MR561OB561VG5620R5622B5647G
890783,55ZBR561AB561HG561MR561OB561VG5620R5622B5647G
889593,55ZBR561AB561HG561MR561OB561VG5620R5622B5647G
890779,55ZBR561AB561HG561MR561OB561VG5620R5622B5647G
1004763,55ZBR561AB561AB561HG561HG561MR561OB561OB561VG
890781,55ZBR561AB561HG561MR561OB561VG5620R5622B5647G
995309,55ZBR561AB561HG561MR561OB561VG5620R5622B5647G
859886,55ZBR561AB561HG561MR561OB561VG5620R5622B5647G
886572,55ZBR561AB561HG561MR561OB561VG5620R5622B5647G
886569,55ZBR561AB561HG561MR561OB561VG5620R5622B5647G
1048063,55ZBR561AB561HG561MR561OB561VG5620R5622B5647G
889061,55ZBR561AB561HG561MR561OB561VG5620R5622B5647G
889058,55ZBR561AB561AB561HG561HG561MR561OB561OB561VG
1045119,55ZBR561AB561HG561MR561OB561VG5620R5622B5647G
889033,55ZBR561AB561HG561MR561OB561VG5620R5622B5647G
887727,55ZBR561AB561HG561MR561OB561VG5620R5622B5647G
998413,55ZBR561AB561HG561MR561OB561VG5620R5622B5647G
887722,55ZBR561AB561HG561MR561OB561VG5620R5622B5647G
889034,55ZBR561AB561HG561MR561OB561VG5620R5622B5647G
887738,55ZBR561AB561HG561MR561OB561VG5620R5622B5647G
888676,55ZBR561AB561HG561MR561OB561VG5620R5622B5647G
887736,55ZBR561AB561HG561MR561OB561VG5620R5622B5647G
789300,55ZBR561AB561HG561MR561OB561VG5620R5622B5647G
1004730,55ZBR561AB561HG561MR561OB561VG5620R5622B5647G
890780,55ZBR561AB561HG561MR561OB561VG5620R5622B5647G
996851,55ZBR561AB561HG561MR561OB561VG5620R5622B5647G
889482,55ZBR561AB561HG561MR561OB561VG5620R5622B5647G
1004743,55ZBR561AB561HG561MR561OB561VG5620R5622B5647G
889486,55ZBR561AB561HG561MR561OB561VG5620R5622B5647G
889505,55ZBR561AB561HG561MR561OB561VG5620R5622B5647G
862691,55ZBR561AB561HG561MR561OB561VG5620R5622B5647G
889059,55ZBR561AB561HG561MR561OB561VG5620R5622B5647G
889047,55ZBR561AB561HG561MR561OB561VG5620R5622B5647G
887748,55ZBR561AB561HG561MR561OB561VG5620R5622B5647G
887744,55ZBR561AB561HG561MR561OB561VG5620R5622B5647G
887741,55ZBR561AB561HG561MR561OB561VG5620R5622B5647G
889066,55ZBR561AB561HG561MR561OB561VG5620R5622B5647G
889479,55ZBR561AB561HG561MR561OB561VG5620R5622B5647G
862718,55ZBR561AB561HG561MR561OB561VG5620R5622B5647G
862717,55ZBR561AB561HG561MR561OB561VG5620R5622B5647G
889512,55ZBR561AB561HG561MR561OB561VG5620R5622B5647G
889501,55ZBR561AB561HG561MR561OB561VG5620R5622B5647G
889946,561AB561HG561OB561VG5622B5647G564EB564LG564TB
892690,55ZBR561AB561HG561MR561OB561VG5620R5622B5647G
892688,55ZBR561AB561HG561MR561OB561VG5620R5622B5647G
892684,55ZBR561AB561HG561MR561OB561VG5620R5622B5647G
889476,55ZBR561AB561HG561MR561OB561VG5620R5622B5647G
891674,55Z8G55ZAB561CG561EB561JG561LB561QG561SB561XG
891678,55Z8G55ZAB561CG561EB561JG561LB561QG561SB561XG
889888,55ZBR561AB561HG561MR561OB561VG5620R5622B5647G
890322,55Z8G55ZAB561CG561EB561JG561LB561QG561SB561XG
1004754,55ZBR561AB561HG561MR561OB561VG5620R5622B5647G
890321,55Z8G55ZAB561CG561EB561JG561LB561QG561SB561XG
889885,55ZBR561AB561HG561MR561OB561VG5620R5622B5647G
889973,55Z8G55ZAB561CG561EB561JG561LB561QG561SB561XG
996855,55ZBR561AB561HG561MR561OB561VG5620R5622B5647G
993078,55Z8G55ZAB561CG561EB561JG561LB561QG561SB561XG
889519,55ZBR561AB561HG561MR561OB561VG5620R5622B5647G
1048058,55Z8G55ZAB561CG561EB561JG561LB561QG561SB561XG
862721,55ZBR561AB561HG561MR561OB561VG5620R5622B5647G
891667,55Z8G55ZAB561CG561EB561JG561LB561QG561SB561XG
889521,55ZBR561AB561HG561MR561OB561VG5620R5622B5647G
891666,55Z8G55ZAB561CG561EB561JG561LB561QG561SB561XG
862719,55ZBR561AB561HG561MR561OB561VG5620R5622B5647G
891664,55Z8G55ZAB561CG561EB561JG561LB561QG561SB561XG
889516,55ZBR561AB561HG561MR561OB561VG5620R5622B5647G
891672,55Z8G55ZAB561CG561EB561JG561LB561QG561SB561XG
890326,55Z8G55ZAB561CG561EB561JG561LB561QG561SB561XG
889528,55ZBR561AB561HG561MR561OB561VG5620R5622B5647G
890324,55Z8G55ZAB561CG561EB561JG561LB561QG561SB561XG
889525,55ZBR561AB561HG561MR561OB561VG5620R5622B5647G
1049012,55Z8G55ZAB561CG561EB561JG561LB561QG561SB561XG
1048056,55ZBR561AB561HG561MR561OB561VG5620R5622B5647G
886764,55Z8G55ZAB561CG561EB561JG561LB561QG561SB561XG
936263,55ZBR561AB561HG561MR561OB561VG5620R5622B5647G
1049369,55Z8G55ZAB561CG561EB561JG561LB561QG561SB561XG
890269,55ZBR561AB561HG561MR561OB561VG5620R5622B5647G
886755,55Z8G55ZAB561CG561EB561JG561LB561QG561SB561XG
890267,55ZBR561AB561HG561MR561OB561VG5620R5622B5647G
941347,55Z8G55ZAB561CG561EB561JG561LB561QG561SB561XG
1045103,55ZBR561AB561HG561MR561OB561VG5620R5622B5647G
993080,55Z8G55ZAB561CG561EB561JG561LB561QG561SB561XG
890263,55ZBR561AB561HG561MR561OB561VG5620R5622B5647G
886778,55Z8G55ZAB561CG561EB561JG561LB561QG561SB561XG
891619,55ZBR561AB561HG561MR561OB561VG5620R5622B5647G
886774,55Z8G55ZAB561CG561EB561JG561LB561QG561SB561XG
891617,55ZBR561AB561HG561MR561OB561VG5620R5622B5647G
862733,55ZBR561AB561HG561MR561OB561VG5620R5622B5647G
1048060,55Z8G55ZAB561CG561EB561JG561LB561QG561SB561XG
886770,55Z8G55ZAB561CG561EB561JG561LB561QG561SB561XG
891613,55ZBR561AB561HG561MR561OB561VG5620R5622B5647G
888045,55Z8G55ZAB561CG561EB561JG561LB561QG561SB561XG
859741,55ZBR561AB561HG561MR561OB561VG5620R5622B5647G
888055,55Z8G55ZAB561CG561EB561JG561LB561QG561SB561XG
890261,55ZBR561AB561HG561MR561OB561VG5620R5622B5647G
888044,55Z8G55ZAB561CG561EB561JG561LB561QG561SB561XG
934618,55ZBR561AB561HG561MR561OB561VG5620R5622B5647G
1049018,55Z8G55ZAB561CG561EB561JG561LB561QG561SB561XG
891688,55ZBR561AB561HG561MR561OB561VG5620R5622B5647G
888046,55Z8G55ZAB561CG561EB561JG561LB561QG561SB561XG
891693,55ZBR561AB561HG561MR561OB561VG5620R5622B5647G
994156,55Z8G55ZAB561CG561EB561JG561LB561QG561SB561XG
890255,55ZBR561AB561HG561MR561OB561VG5620R5622B5647G
886746,55Z8G55ZAB561CG561EB561JG561LB561QG561SB561XG
890259,55ZBR561AB561HG561MR561OB561VG5620R5622B5647G
886744,55Z8G55ZAB561CG561EB561JG561LB561QG561SB561XG
890258,55ZBR561AB561HG561MR561OB561VG5620R5622B5647G
888061,55Z8G55ZAB561CG561EB561JG561LB561QG561SB561XG
890254,55ZBR561AB561HG561MR561OB561VG5620R5622B5647G
889474,55ZBR561AB561HG561MR561OB561VG5620R5622B5647G
891669,55Z8G55ZAB561CG561EB561JG561LB561QG561SB561XG
886795,55Z8G55ZAB561CG561EB561JG561LB561QG561SB561XG
1048059,55ZBR561AB561HG561MR561OB561VG5620R5622B5647G
886817,55Z8G55ZAB561CG561EB561JG561LB561QG561SB561XG
891985,55ZBR561AB561HG561MR561OB561VG5620R5622B5647G
899575,55Z8G55ZAB561CG561EB561JG561LB561QG561SB561XG
891661,55ZBR561AB561HG561MR561OB561VG5620R5622B5647G
886818,55Z8G55ZAB561CG561EB561JG561LB561QG561SB561XG
891649,55ZBR561AB561HG561MR561OB561VG5620R5622B5647G
886810,55Z8G55ZAB561CG561EB561JG561LB561QG561SB561XG
891654,55ZBR561AB561HG561MR561OB561VG5620R5622B5647G
886814,55Z8G55ZAB561CG561EB561JG561LB561QG561SB561XG
891656,55ZBR561AB561HG561MR561OB561VG5620R5622B5647G
899579,55Z8G55ZAB561CG561EB561JG561LB561QG561SB561XG
891988,55ZBR561AB561HG561MR561OB561VG5620R5622B5647G
886826,55Z8G55ZAB561CG561EB561JG561LB561QG561SB561XG
891983,55ZBR561AB561HG561MR561OB561VG5620R5622B5647G
899578,55Z8G55ZAB561CG561EB561JG561LB561QG561SB561XG
891978,55ZBR561AB561HG561MR561OB561VG5620R5622B5647G
886820,55Z8G55ZAB561CG561EB561JG561LB561QG561SB561XG
891633,55ZBR561AB561HG561MR561OB561VG5620R5622B5647G
886741,561AB561HG561OB561VG5622B5647G564EB564LG564TB
1044719,55Z8G55ZAB561CG561EB561JG561LB561QG561SB561XG
886803,55Z8G55ZAB561CG561EB561JG561LB561QG561SB561XG
950276,55Z8G55ZAB561CG561EB561JG561LB561QG561SB561XG
891626,55ZBR561AB561HG561MR561OB561VG5620R5622B5647G
886791,55Z8G55ZAB561CG561EB561JG561LB561QG561SB561XG
886508,55ZAB561DG561EB561LB561RG561SB561ZB5643G5644B
886788,55Z8G55ZAB561CG561EB561JG561LB561QG561SB561XG
862734,55ZBR561AB561HG561MR561OB561VG5620R5622B5647G
886785,55Z8G55ZAB561CG561EB561JG561LB561QG561SB561XG
886529,55ZAB561DG561EB561LB561RG561SB561ZB5643G5644B
886790,55Z8G55ZAB561CG561EB561JG561LB561QG561SB561XG
860113,55ZBR561AB561HG561MR561OB561VG5620R5622B5647G
886805,55Z8G55ZAB561CG561EB561JG561LB561QG561SB561XG
886518,55ZAB561DG561EB561LB561RG561SB561ZB5643G5644B
1049370,55Z8G55ZAB561CG561EB561JG561LB561QG561SB561XG
1049373,55ZBR561AB561HG561MR561OB561VG5620R5622B5647G
1049013,55Z8G55ZAB561CG561EB561JG561LB561QG561SB561XG
995255,55ZAB561DG561EB561LB561RG561SB561ZB5643G5644B
899570,55Z8G55ZAB561CG561EB561JG561LB561QG561SB561XG
936599,55ZBR561AB561HG561MR561OB561VG5620R5622B5647G
889881,55ZBR561AB561HG561MR561OB561VG5620R5622B5647G
1044720,55Z8G55ZAB561CG561EB561JG561LB561QG561SB561XG
991792,55Z8G55ZAB561CG561EB561JG561LB561QG561SB561XG
893030,55ZAB561DG561EB561LB561RG561SB561ZB5643G5644B
936554,55Z8G55ZAB561CG561EB561JG561LB561QG561SB561XG
936596,55ZBR561AB561HG561MR561OB561VG5620R5622B5647G
1042970,55ZBR561AB561HG561MR561OB561VG5620R5622B5647G
1042969,55ZBR561AB561HG561MR561OB561VG5620R5622B5647G
1042968,55ZBR561AB561HG561MR561OB561VG5620R5622B5647G
1042967,55ZBR561AB561HG561MR561OB561VG5620R5622B5647G
936552,55Z8G55ZAB561CG561EB561JG561LB561QG561SB561XG
831394,55ZAB561DG561EB561LB561RG561SB561ZB5643G5644B
936548,55Z8G55ZAB561CG561EB561JG561LB561QG561SB561XG
936637,55ZAB55ZAB561EB561EB561LB561LB561SB561SB561ZB
936546,55Z8G55ZAB561CG561EB561JG561LB561QG561SB561XG
892000,55ZAB561DG561EB561LB561RG561SB561ZB5643G5644B
936551,55Z8G55ZAB561CG561EB561JG561LB561QG561SB561XG
893028,55ZAB55ZAB561EB561EB561LB561LB561SB561SB561ZB
900880,55Z8G55ZAB561CG561EB561JG561LB561QG561SB561XG
936642,55ZAB561DG561EB561LB561RG561SB561ZB5643G5644B
900879,55Z8G55ZAB561CG561EB561JG561LB561QG561SB561XG
1048062,55ZAB55ZAB561EB561EB561LB561LB561SB561SB561ZB
936559,55Z8G55ZAB561CG561EB561JG561LB561QG561SB561XG
936558,55Z8G55ZAB561CG561EB561JG561LB561QG561SB561XG
893022,55ZAB55ZAB561EB561EB561LB561LB561SB561SB561ZB
889879,55ZBR561AB561HG561MR561OB561VG5620R5622B5647G
891685,55Z8G55ZAB561CG561EB561JG561LB561QG561SB561XG
891997,55Z8G55ZAB561CG561EB561JG561LB561QG561SB561XG
893019,55ZAB55ZAB561EB561EB561LB561LB561SB561SB561ZB
886519,55ZAB55ZAB561EB561EB561LB561LB561SB561SB561ZB
934513,55ZAB55ZAB561EB561EB561LB561LB561SB561SB561ZB
934504,55ZAB55ZAB561EB561EB561LB561LB561SB561SB561ZB
862726,55ZBR561AB561HG561MR561OB561VG5620R5622B5647G
993079,55Z8G55ZAB561CG561EB561JG561LB561QG561SB561XG
889533,55ZBR561AB561HG561MR561OB561VG5620R5622B5647G
891681,55Z8G55ZAB561CG561EB561JG561LB561QG561SB561XG
889536,55ZBR561AB561HG561MR561OB561VG5620R5622B5647G
893083,55ZBR561AB561HG561MR561OB561VG5620R5622B5647G
893087,55ZBR561AB561HG561MR561OB561VG5620R5622B5647G
893097,55ZBR561AB561HG561MR561OB561VG5620R5622B5647G
893091,55ZBR561AB561HG561MR561OB561VG5620R5622B5647G
888317,55ZBR561AB561HG561MR561OB561VG5620R5622B5647G
858940,55ZBR561AB561HG561MR561OB561VG5620R5622B5647G
934906,55ZBR561AB561HG561MR561OB561VG5620R5622B5647G
893094,561AB561HG561OB561VG5622B5647G564EB564LG564TB
893093,55ZBR561AB561HG561MR561OB561VG5620R5622B5647G
888310,55ZBR561AB561HG561MR561OB561VG5620R5622B5647G
1048064,55ZBR561AB561HG561MR561OB561VG5620R5622B5647G
858936,55ZBR561AB561HG561MR561OB561VG5620R5622B5647G
858937,55ZBR561AB561HG561MR561OB561VG5620R5622B5647G
888305,55ZBR561AB561HG561MR561OB561VG5620R5622B5647G
893078,55ZBR561AB561HG561MR561OB561VG5620R5622B5647G
888320,55ZBR561AB561HG561MR561OB561VG5620R5622B5647G
853827,55ZAB561DG561EB561LB561RG561SB561ZB5643G5644B
709548,561AB561HG561HR561OB561VG561VR5622B5647G564EB
707683,561AB561HG561HR561OB561VG561VR5622B5647G564EB
707647,561AB561HG561HR561OB561VG561VR5622B5647G564EB
710912,561AB561HG561HR561OB561VG561VR5622B5647G564EB
925075,561AB561HG561HR561OB561VG561VR5622B5647G564EB
783574,561AB561HG561HR561OB561VG561VR5622B5647G564EB
875418,561AB561HG561HR561OB561VG561VR5622B5647G564EB
875414,561AB561HG561HR561OB561VG561VR5622B5647G564EB
780661,561AB561HG561HR561OB561VG561VR5622B5647G564EB
780660,561AB561HG561HR561OB561VG561VR5622B5647G564EB
706069,561AB561HG561HR561OB561VG561VR5622B5647G564EB
875408,561AB561HG561HR561OB561VG561VR5622B5647G564EB
874401,561AB561HG561HR561OB561VG561VR5622B5647G564EB
873067,561AB561HG561HR561OB561VG561VR5622B5647G564EB
925090,561AB561HG561HR561OB561VG561VR5622B5647G564EB
925078,561AB561HG561HR561OB561VG561VR5622B5647G564EB
783575,561AB561HG561HR561OB561VG561VR5622B5647G564EB
925083,561AB561HG561HR561OB561VG561VR5622B5647G564EB
925080,561AB561HG561HR561OB561VG561VR5622B5647G564EB
875415,561AB561HG561HR561OB561VG561VR5622B5647G564EB
875383,561AB561HG561HR561OB561VG561VR5622B5647G564EB
668824,561AB561HG561HR561OB561VG561VR5622B5647G564EB
875380,561AB561HG561HR561OB561VG561VR5622B5647G564EB
875376,561AB561HG561HR561OB561VG561VR5622B5647G564EB
875374,561AB561HG561HR561OB561VG561VR5622B5647G564EB
875372,561AB561HG561HR561OB561VG561VR5622B5647G564EB
875369,561AB561HG561HR561OB561VG561VR5622B5647G564EB
996272,561AB561HG561HR561OB561VG561VR5622B5647G564EB
875406,561AB561HG561HR561OB561VG561VR5622B5647G564EB
780658,561AB561HG561HR561OB561VG561VR5622B5647G564EB
875401,561AB561HG561HR561OB561VG561VR5622B5647G564EB
875387,561AB561HG561HR561OB561VG561VR5622B5647G564EB
739909,561AB561HG561HR561OB561VG561VR5622B5647G564EB
875396,561AB561HG561HR561OB561VG561VR5622B5647G564EB
875394,561AB561HG561HR561OB561VG561VR5622B5647G564EB
875391,561AB561HG561HR561OB561VG561VR5622B5647G564EB
874402,561AB561HG561HR561OB561VG561VR5622B5647G564EB
969272,561AB561HG561HR561OB561VG561VR5622B5647G564EB
969267,561AB561HG561HR561OB561VG561VR5622B5647G564EB
706613,561AB561HG561HR561OB561VG561VR5622B5647G564EB
775410,561AB561HG561HR561OB561VG561VR5622B5647G564EB
775409,561AB561HG561HR561OB561VG561VR5622B5647G564EB
967976,561AB561HG561HR561OB561VG561VR5622B5647G564EB
967972,561AB561HG561HR561OB561VG561VR5622B5647G564EB
969286,561AB561HG561HR561OB561VG561VR5622B5647G564EB
708031,561AB561HG561HR561OB561VG561VR5622B5647G564EB
706987,561AB561HG561HR561OB561VG561VR5622B5647G564EB
706958,561AB561HG561HR561OB561VG561VR5622B5647G564EB
713090,561AB561HG561HR561OB561VG561VR5622B5647G564EB
709540,561AB561HG561HR561OB561VG561VR5622B5647G564EB
967947,561AB561HG561HR561OB561VG561VR5622B5647G564EB
874404,561AB561HG561HR561OB561VG561VR5622B5647G564EB
967943,561AB561HG561HR561OB561VG561VR5622B5647G564EB
967939,561AB561HG561HR561OB561VG561VR5622B5647G564EB
967937,561AB561HG561HR561OB561VG561VR5622B5647G564EB
775404,561AB561HG561HR561OB561VG561VR5622B5647G564EB
967969,561AB561HG561HR561OB561VG561VR5622B5647G564EB
967965,561AB561HG561HR561OB561VG561VR5622B5647G564EB
967962,561AB561HG561HR561OB561VG561VR5622B5647G564EB
967958,561AB561HG561HR561OB561VG561VR5622B5647G564EB
969618,561AB561HG561HR561OB561VG561VR5622B5647G564EB
999750,561AB561HG561HR561OB561VG561VR5622B5647G564EB
967954,561AB561HG561HR561OB561VG561VR5622B5647G564EB
875364,561AB561HG561HR561OB561VG561VR5622B5647G564EB
874426,561AB561HG561HR561OB561VG561VR5622B5647G564EB
874422,561AB561HR561OB561VR5622B564EB564TB5CZJB5CZXB
785139,561AB561HG561HR561OB561VG561VR5622B5647G564EB
874417,561AB561HG561HR561OB561VG561VR5622B5647G564EB
745074,561AB561HG561HR561OB561VG561VR5622B5647G564EB
874411,561AB561HG561HR561OB561VG561VR5622B5647G564EB
874409,561AB561HG561HR561OB561VG561VR5622B5647G564EB
969616,561AB561HG561HR561OB561VG561VR5622B5647G564EB
874447,561AB561HG561HR561OB561VG561VR5622B5647G564EB
874444,561AB561HG561HR561OB561VG561VR5622B5647G564EB
745076,561AB561HG561HR561OB561VG561VR5622B5647G564EB
874430,561AB561HG561HR561OB561VG561VR5622B5647G564EB
874435,561AB561HG561HR561OB561VG561VR5622B5647G564EB
1011684,561AB561HG561HR561OB561VG561VR5622B5647G564EB
874407,561AB561HG561HR561OB561VG561VR5622B5647G564EB
1011696,561AB561HG561HR561OB561VG561VR5622B5647G564EB
745080,561AB561HG561HR561OB561VG561VR5622B5647G564EB
875295,561AB561HG561HR561OB561VG561VR5622B5647G564EB
1010943,561AB561HG561HR561OB561VG561VR5622B5647G564EB
875302,561AB561HG561HR561OB561VG561VR5622B5647G564EB
875287,561AB561HG561HR561OB561VG561VR5622B5647G564EB
875283,561AB561HG561HR561OB561VG561VR5622B5647G564EB
875282,561AB561HG561HR561OB561VG561VR5622B5647G564EB
874406,561AB561HG561HR561OB561VG561VR5622B5647G564EB
969287,561AB561HG561HR561OB561VG561VR5622B5647G564EB
875321,561AB561HG561HR561OB561VG561VR5622B5647G564EB
875319,561AB561HG561HR561OB561VG561VR5622B5647G564EB
875303,561AB561HG561HR561OB561VG561VR5622B5647G564EB
875313,561AB561HG561HR561OB561VG561VR5622B5647G564EB
875310,561AB561HG561HR561OB561VG561VR5622B5647G564EB
969283,561AB561HG561HR561OB561VG561VR5622B5647G564EB
875305,561AB561HG561HR561OB561VG561VR5622B5647G564EB
969279,561AB561HG561HR561OB561VG561VR5622B5647G564EB
746318,561AB561HG561HR561OB561VG561VR5622B5647G564EB
967950,561AB561HG561HR561OB561VG561VR5622B5647G564EB
967949,561AB561HG561HR561OB561VG561VR5622B5647G564EB
875358,561AB561HG561HR561OB561VG561VR5622B5647G564EB
875356,561AB561HG561HR561OB561VG561VR5622B5647G564EB
875353,561AB561HG561HR561OB561VG561VR5622B5647G564EB
743864,561AB561HG561HR561OB561VG561VR5622B5647G564EB
875348,561AB561HG561HR561OB561VG561VR5622B5647G564EB
996268,561AB561AB561HG561HR561OB561OB561VG561VR5622B
875666,561AB561HG561HR561OB561VG561VR5622B5647G564EB
776661,561AB561HG561HR561OB561VG561VR5622B5647G564EB
776660,561AB561HG561HR561OB561VG561VR5622B5647G564EB
875669,561AB561HG561HR561OB561VG561VR5622B5647G564EB
874449,561AB561HG561HR561OB561VG561VR5622B5647G564EB
875665,561AB561HG561HR561OB561VG561VR5622B5647G564EB
875664,561AB561HG561HR561OB561VG561VR5622B5647G564EB
874454,561AB561HG561HR561OB561VG561VR5622B5647G564EB
874451,561AB561HG561HR561OB561VG561VR5622B5647G564EB
877455,561AB561HG561HR561OB561VG561VR5622B5647G564EB
783213,561AB561HG561HR561OB561VG561VR5622B5647G564EB
776664,561AB561HG561HR561OB561VG561VR5622B5647G564EB
877470,561AB561HG561HR561OB561VG561VR5622B5647G564EB
877469,561AB561HG561HR561OB561VG561VR5622B5647G564EB
777711,561AB561HG561HR561OB561VG561VR5622B5647G564EB
743854,561AB561HG561HR561OB561VG561VR5622B5647G564EB
877461,561AB561HG561HR561OB561VG561VR5622B5647G564EB
877460,561AB561HG561HR561OB561VG561VR5622B5647G564EB
877466,561AB561HG561HR561OB561VG561VR5622B5647G564EB
875362,561AB561HG561HR561OB561VG561VR5622B5647G564EB
969639,561AB561HG561HR561OB561VG561VR5622B5647G564EB
746323,561AB561HG561HR561OB561VG561VR5622B5647G564EB
945798,561AB561HG561HR561OB561VG561VR5622B5647G564EB
922234,561AB561HG561HR561OB561VG561VR5622B5647G564EB
969675,561AB561HG561HR561OB561VG561VR5622B5647G564EB
745121,561AB561HG561HR561OB561VG561VR5622B5647G564EB
969689,561AB561HG561HR561OB561VG561VR5622B5647G564EB
965883,561AB561HG561HR561OB561VG561VR5622B5647G564EB
965876,561AB561HG561HR561OB561VG561VR5622B5647G564EB
922229,561AB561HG561HR561OB561VG561VR5622B5647G564EB
969673,561AB561HG561HR561OB561VG561VR5622B5647G564EB
969664,561AB561HG561HR561OB561VG561VR5622B5647G564EB
969681,561AB561HG561HR561OB561VG561VR5622B5647G564EB
745078,561AB561HG561HR561OB561VG561VR5622B5647G564EB
875682,561AB561HG561HR561OB561VG561VR5622B5647G564EB
875680,561AB561HG561HR561OB561VG561VR5622B5647G564EB
776662,561AB561HG561HR561OB561VG561VR5622B5647G564EB
965875,561AB561HG561HR561OB561VG561VR5622B5647G564EB
969697,561AB561HG561HR561OB561VG561VR5622B5647G564EB
969702,561AB561HG561HR561OB561VG561VR5622B5647G564EB
746321,561AB561HG561HR561OB561VG561VR5622B5647G564EB
996692,561AB561HG561HR561OB561VG561VR5622B5647G564EB
969700,561AB561HG561HR561OB561VG561VR5622B5647G564EB
775799,561AB561HG561HR561OB561VG561VR5622B5647G564EB
775796,561AB561HG561HR561OB561VG561VR5622B5647G564EB
969646,561AB561HG561HR561OB561VG561VR5622B5647G564EB
775795,561AB561HG561HR561OB561VG561VR5622B5647G564EB
969687,561AB561HG561HR561OB561VG561VR5622B5647G564EB
969701,561AB561HG561HR561OB561VG561VR5622B5647G564EB
969691,561AB561HG561HR561OB561VG561VR5622B5647G564EB
969671,561AB561HG561HR561OB561VG561VR5622B5647G564EB
969638,561AB561HG561HR561OB561VG561VR5622B5647G564EB
1004199,561AB561HG561HR561OB561VG561VR5622B5647G564EB
969663,561AB561HG561HR561OB561VG561VR5622B5647G564EB
969625,561AB561HG561HR561OB561VG561VR5622B5647G564EB
969676,561AB561HG561HR561OB561VG561VR5622B5647G564EB
996695,561AB561HG561HR561OB561VG561VR5622B5647G564EB
775793,561AB561HG561HR561OB561VG561VR5622B5647G564EB
934867,5619G5619R561GB561NG561NR561UB5621G5621R5646B
934865,5619G5619R561GB561NG561NR561UB5621G5621R5646B
934862,5619G5619R561GB561NG561NR561UB5621G5621R5646B
886594,5619G5619R561GB561NG561NR561UB5621G5621R5646B
1017451,5619G5619R561GB561NG561NR561UB5621G5621R5646B
886587,5619G5619R561GB561NG561NR561UB5621G5621R5646B
886590,5619G5619R561GB561NG561NR561UB5621G5621R5646B
887907,5619G5619R561GB561NG561NR561UB5621G5621R5646B
887905,5619G5619R561GB561NG561NR561UB5621G5621R5646B
887908,5619G5619R561GB561NG561NR561UB5621G5621R5646B
887898,5619G5619R561GB561NG561NR561UB5621G5621R5646B
934912,5619G561AR561GB561NG561OR561UB5621G5622R5646B
853829,5619G561AR561GB561NG561OR561UB5621G5622R5646B
887915,5619G561AR561GB561NG561OR561UB5621G5622R5646B
888256,5619G561AR561GB561NG561OR561UB5621G5622R5646B
853830,5619G561AR561GB561NG561OR561UB5621G5622R5646B
887921,5619G561AR561GB561NG561OR561UB5621G5622R5646B
905723,5619G561AR561GB561NG561OR561UB5621G5622R5646B
888260,5619G561AR561GB561NG561OR561UB5621G5622R5646B
887909,5619G561AR561GB561NG561OR561UB5621G5622R5646B
887911,5619G561AR561GB561NG561OR561UB5621G5622R5646B
983126,5619G561GB561NG561UB5621G5646B564DG564KB564SG
886577,5619G561AR561GB561NG561OR561UB5621G5622R5646B
886580,5619G561AR561GB561NG561OR561UB5621G5622R5646B
886578,5619G561AR561GB561NG561OR561UB5621G5622R5646B
886583,5619G561AR561GB561NG561OR561UB5621G5622R5646B
1046033,5619G561AR561GB561NG561OR561UB5621G5622R5646B
887897,5619G561AR561GB561NG561OR561UB5621G5622R5646B
934904,5619G561AR561GB561NG561OR561UB5621G5622R5646B
853828,5619G561AR561GB561NG561OR561UB5621G5622R5646B
938010,5619G561AR561GB561NG561OR561UB5621G5622R5646B
887916,55Z9B561DG561GR561KB561RG561UR561YB5643G564AB
934910,55Z9B561DG561GR561KB561RG561UR561YB5643G564AB
938008,55Z9B561DG561GR561KB561RG561UR561YB5643G564AB
938013,55Z9B561DG561GR561KB561RG561UR561YB5643G564AB
934911,55Z9B561DG561GR561KB561RG561UR561YB5643G564AB
782277,55Z9B561DG561GR561KB561RG561UR561YB5643G564AB
886576,55Z9B561DG561GR561KB561RG561UR561YB5643G564AB
887900,55ZBB561FB561MB561TB5620B5645B564CB564JB564RB
865308,55ZBB561FB561MB561TB5620B5645B564CB564JB564RB
782274,55ZBB561FB561MB561TB5620B5645B564CB564JB564RB
888321,55ZBB561FB561MB561SG561TB5620B5645B564CB564IG
888308,55ZBB561FB561MB561SG561TB5620B5645B564CB564IG
865306,55ZBB561FB561MB561TB5620B5645B564CB564JB564RB
886575,55ZBB561FB561MB561SG561TB5620B5645B564CB564IG
934531,55ZBB561FB561MB561SG561TB5620B5645B564CB564IG
787371,55ZBB561FB561MB561TB5620B5645B564CB564JB564RB
887903,55ZBB561FB561MB561SG561TB5620B5645B564CB564IG
888311,55ZBB561FB561MB561SG561TB5620B5645B564CB564IG
938026,55ZBB561FB561MB561SG561TB5620B5645B564CB564IG
938021,55ZBB561FB561MB561SG561TB5620B5645B564CB564IG
888312,55ZBB561FB561MB561SG561TB5620B5645B564CB564IG
742144,55ZBB561FB561MB561SG561TB5620B5645B564CB564IG
893100,55ZBB561FB561MB561TB5620B5645B564CB564JB564RB
893082,55ZBB561FB561MB561TB5620B5645B564CB564JB564RB
893081,55ZBB561FB561MB561TB5620B5645B564CB564JB564RB
936270,55ZBB561FB561MB561TB5620B5645B564CB564JB564RB
936275,55ZBB561FB561MB561SG561TB5620B5645B564CB564IG
936268,55ZBB561FB561MB561TB5620B5645B564CB564JB564RB
936249,55ZBB561FB561MB561SG561TB5620B5645B564CB564IG
936255,55ZBB561FB561MB561TB5620B5645B564CB564JB564RB
936259,55ZBB561FB561MB561TB5620B5645B564CB564JB564RB
742174,55ZBB561FB561MB561SG561TB5620B5645B564CB564IG
858930,55ZBB561FB561MB561TB5620B5645B564CB564JB564RB
888296,55ZBB561FB561MB561TB5620B5645B564CB564JB564RB
888304,55ZBB561FB561MB561TB5620B5645B564CB564JB564RB
858935,55ZBB561FB561MB561TB5620B5645B564CB564JB564RB
888303,55ZBB561FB561MB561TB5620B5645B564CB564JB564RB
888291,55ZBB561FB561MB561TB5620B5645B564CB564JB564RB
742135,55ZBB561FB561MB561TB5620B5645B564CB564JB564RB
1017468,55ZBB561FB561MB561SG561TB5620B5645B564CB564IG
936267,55ZBB561FB561MB561SG561TB5620B5645B564CB564IG
983141,55ZBB561FB561MB561TB5620B5645B564CB564JB564RB
983145,55ZBB561FB561MB561TB5620B5645B564CB564JB564RB
863162,55ZBB561FB561MB561TB5620B5645B564CB564JB564RB
936241,55ZBB561FB561MB561SG561TB5620B5645B564CB564IG
936630,55ZBB561FB561MB561TB5620B5645B564CB564JB564RB
936633,55ZBB561FB561MB561TB5620B5645B564CB564JB564RB
936284,55ZBB561FB561MB561TB5620B5645B564CB564JB564RB
936280,55ZBB561FB561MB561TB5620B5645B564CB564JB564RB
936276,55ZBB561FB561MB561TB5620B5645B564CB564JB564RB
936623,55ZBB561FB561MB561TB5620B5645B564CB564JB564RB
905165,55ZBB561FB561MB561SG561TB5620B5645B564CB564IG
935978,55ZBB561FB561MB561TB5620B5645B564CB564JB564RB
934490,55ZBB561FB561MB561TB5620B5645B564CB564JB564RB
934491,55ZBB561FB561MB561TB5620B5645B564CB564JB564RB
742171,55ZBB561FB561MB561TB5620B5645B564CB564JB564RB
934528,55ZBB561FB561MB561TB5620B5645B564CB564JB564RB
934523,55ZBB561FB561MB561TB5620B5645B564CB564JB564RB
1023762,55ZBB561FB561MB561TB5620B5645B564CB564JB564RB
863164,55ZBB561FB561MB561SG561TB5620B5645B564CB564IG
934495,55ZBB561FB561MB561TB5620B5645B564CB564JB564RB
742130,55ZBB561FB561MB561TB5620B5645B564CB564JB564RB
886521,55ZBB561FB561MB561TB5620B5645B564CB564JB564RB
886523,55ZBB561FB561MB561SG561TB5620B5645B564CB564IG
886528,55ZBB561FB561MB561SG561TB5620B5645B564CB564IG
886532,55ZBB561FB561MB561TB5620B5645B564CB564JB564RB
886507,55ZBB561FB561MB561TB5620B5645B564CB564JB564RB
831374,55ZBB561FB561MB561SG561TB5620B5645B564CB564IG
1044678,55ZBB561FB561MB561TB5620B5645B564CB564JB564RB
934515,55ZBB561FB561MB561TB5620B5645B564CB564JB564RB
934525,55ZBB561FB561MB561TB5620B5645B564CB564JB564RB
893020,55ZBB561FB561MB561TB5620B5645B564CB564JB564RB
893025,55ZBB561FB561MB561TB5620B5645B564CB564JB564RB
936641,55ZBB561FB561MB561TB5620B5645B564CB564JB564RB
936647,55ZBB561FB561MB561TB5620B5645B564CB564JB564RB
936643,55ZBB561FB561MB561SG561TB5620B5645B564CB564IG
936591,55ZBB561FB561MB561SG561TB5620B5645B564CB564IG
887714,55ZBB561FB561MB561SG561TB5620B5645B564CB564IG
936602,55ZBB561FB561MB561TB5620B5645B564CB564JB564RB
888041,55ZBB561FB561MB561TB5620B5645B564CB564JB564RB
936597,55ZBB561FB561MB561TB5620B5645B564CB564JB564RB
1019175,55ZBB561FB561MB561SG561TB5620B5645B564CB564IG
900889,55ZBB561FB561MB561TB5620B5645B564CB564JB564RB
653886,55ZBB561FB561MB561TB5620B5645B564CB564JB564RB
653887,55ZBB561FB561MB561TB5620B5645B564CB564JB564RB
886514,55ZBB561FB561MB561TB5620B5645B564CB564JB564RB
893090,55ZBB561FB561MB561SG561TB5620B5645B564CB564IG
936584,55ZBB561FB561MB561TB5620B5645B564CB564JB564RB
936580,55ZBB561FB561MB561TB5620B5645B564CB564JB564RB
783819,55ZBB561FB561MB561TB5620B5645B564CB564JB564RB
936571,55ZBB561FB561MB561TB5620B5645B564CB564JB564RB
936577,55ZBB561FB561MB561TB5620B5645B564CB564JB564RB
742158,55ZBB561FB561MB561SG561TB5620B5645B564CB564IG
783817,55ZBB561FB561MB561TB5620B5645B564CB564JB564RB
936547,55ZBB561FB561MB561TB5620B5645B564CB564JB564RB
900877,55ZBB561FB561MB561TB5620B5645B564CB564JB564RB
900876,55ZBB561FB561MB561TB5620B5645B564CB564JB564RB
936556,55ZBB561FB561MB561SG561TB5620B5645B564CB564IG
785364,55ZBB561FB561MB561TB5620B5645B564CB564JB564RB
860112,55ZBB561FB561MB561SG561TB5620B5645B564CB564IG
936539,55ZBB561FB561MB561TB5620B5645B564CB564JB564RB
891992,55ZBB561FB561MB561SG561TB5620B5645B564CB564IG
891990,55ZBB561FB561MB561SG561TB5620B5645B564CB564IG
936557,55ZBB561FB561MB561TB5620B5645B564CB564JB564RB
886827,55Z9B561DB561HG561KB561RB561YB5643B5647G564AB
886829,55Z9B561DB561HG561KB561RB561YB5643B5647G564AB
886811,55Z9B561DB561HG561KB561RB561YB5643B5647G564AB
1005028,55Z9B561DB561HG561KB561RB561YB5643B5647G564AB
886815,55Z9B561DB561HG561KB561RB561YB5643B5647G564AB
785365,55Z9B561DB561HG561KB561RB561YB5643B5647G564AB
888062,55Z9B561DB561HG561KB561RB561YB5643B5647G564AB
886747,55Z9B561DB561HG561KB561RB561YB5643B5647G564AB
737696,55Z9B55Z9B561DB561DB561HG561KB561KB561RB561RB
737697,55Z9B55Z9B561DB561DB561HG561KB561KB561RB561RB
886750,55Z9B561DB561HG561KB561RB561YB5643B5647G564AB
889475,55Z8B55Z9B561CB561DB561HG561JB561KB561QB561RB
952274,55Z8B55Z9B561CB561DB561HG561JB561KB561QB561RB
737698,55Z9B55Z9B561DB561DB561HG561KB561KB561RB561RB
737699,55Z9B55Z9B561DB561DB561HG561KB561KB561RB561RB
888050,55Z9B561DB561HG561KB561RB561YB5643B5647G564AB
737700,55Z9B55Z9B561DB561DB561HG561KB561KB561RB561RB
990017,55Z9B55Z9B561DB561DB561HG561KB561KB561RB561RB
737701,55Z9B55Z9B561DB561DB561HG561KB561KB561RB561RB
737702,55Z9B55Z9B561DB561DB561HG561KB561KB561RB561RB
737703,55Z9B55Z9B561DB561DB561HG561KB561KB561RB561RB
1029840,55Z9B55Z9B561DB561DB561HG561KB561KB561RB561RB
701652,55Z9B55Z9B561DB561DB561HG561KB561KB561RB561RB
737704,55Z9B55Z9B561DB561DB561HG561KB561KB561RB561RB
737705,55Z9B55Z9B561DB561DB561HG561KB561KB561RB561RB
737706,55Z9B55Z9B561DB561DB561HG561KB561KB561RB561RB
990018,55Z9B55Z9B561DB561DB561HG561KB561KB561RB561RB
737707,55Z9B55Z9B561DB561DB561HG561KB561KB561RB561RB
737708,55Z9B55Z9B561DB561DB561HG561KB561KB561RB561RB
886806,55Z8B55Z9B561CB561DB561HG561JB561KB561QB561RB
886784,55Z8B55Z9B561CB561DB561HG561JB561KB561QB561RB
886787,55Z9B561DB561HG561KB561RB561YB5643B5647G564AB
886783,55Z8B55Z9B561CB561DB561HG561JB561KB561QB561RB
705266,55Z9B561DB561HG561KB561RB561YB5643B5647G564AB
886819,55Z9B561DB561HG561KB561RB561YB5643B5647G564AB
886756,55Z9B561DB561HG561KB561RB561YB5643B5647G564AB
886752,5619B561GB561HG561NB561UB5621B5646B5647G564DB
886798,5619B561GB561HG561NB561UB5621B5646B5647G564DB
890323,5619B561GB561HG561NB561UB5621B5646B5647G564DB
890320,5619B561GB561HG561NB561UB5621B5646B5647G564DB
888049,5619B561GB561HG561NB561UB5621B5646B5647G564DB
891679,5619B561GB561HG561NB561UB5621B5646B5647G564DB
996879,55Z9B561DB561HG561KB561RB561YB5643B5647G564AB
891687,55Z9B561DB561HG561KB561RB561YB5643B5647G564AB
984318,55Z9B561DB561HG561KB561RB561YB5643B5647G564AB
891671,55Z9B561DB561HG561KB561RB561YB5643B5647G564AB
891670,55Z9B561DB561HG561KB561RB561YB5643B5647G564AB
888053,5619B561GB561HG561NB561UB5621B5646B5647G564DB
888056,55Z9B561DB561HG561KB561RB561YB5643B5647G564AB
886772,55Z9B561DB561HG561KB561RB561YB5643B5647G564AB
853831,55Z9B561DB561HG561KB561RB561YB5643B5647G564AB
886766,55Z9B561DB561HG561KB561RB561YB5643B5647G564AB
785362,55Z9B561DB561HG561KB561RB561YB5643B5647G564AB
886760,5619B561GB561HG561NB561UB5621B5646B5647G564DB
1024765,55Z9B561DB561HG561KB561RB561YB5643B5647G564AB
1112227,55Z9B561DB561KB561RB561YB5643B564AB564HB564NB
1003939,55Z9B5619B561DB561GB561HG561HG561KB561NB561RB
1059570,55Z9B561DB561HG561KB561RB561YB5643B5647G564AB
661020,5619B561GB561HG561NB561UB5621B5646B5647G564DB
853832,55Z9B561DB561HG561KB561RB561YB5643B5647G564AB
1009535,55Z9B561DB561HG561KB561RB561YB5643B5647G564AB
1036749,5619B561GB561HG561NB561UB5621B5646B5647G564DB
784910,5619B561GB561HG561NB561UB5621B5646B5647G564DB
700074,55Z9B561DB561HG561KB561RB561YB5643B5647G564AB
853834,55Z9B561DB561HG561KB561RB561YB5643B5647G564AB
1047229,5619B561GB561HG561NB561UB5621B5646B5647G564DB
701347,5619B561GB561HG561NB561UB5621B5646B5647G564DB
853833,55Z9B561DB561HG561KB561RB561YB5643B5647G564AB
853835,55Z9B561DB561HG561KB561RB561YB5643B5647G564AB
952524,5619B561GB561HG561NB561UB5621B5646B5647G564DB
658970,5619B561GB561HG561NB561UB5621B5646B5647G564DB
905724,55Z9B561DB561HG561KB561RB561YB5643B5647G564AB
853836,55Z9B561DB561HG561KB561RB561YB5643B5647G564AB
1040168,5619B561GB561HG561NB561UB5621B5646B5647G564DB
1032342,5619B561GB561HG561NB561UB5621B5646B5647G564DB
905725,55Z9B561DB561HG561KB561RB561YB5643B5647G564AB
658971,5619B561GB561HG561NB561UB5621B5646B5647G564DB
658972,5619B561GB561HG561NB561UB5621B5646B5647G564DB
658973,5619B561GB561HG561NB561UB5621B5646B5647G564DB
1121936,5619B561GB561HG561NB561UB5621B5646B5647G564DB
1121942,55Z9B561DB561HG561KB561RB561YB5643B5647G564AB
953034,55Z9B561DB561HG561KB561RB561YB5643B5647G564AB
1121937,5619B561GB561HG561NB561UB5621B5646B5647G564DB
1121943,55Z9B561DB561HG561KB561RB561YB5643B5647G564AB
953035,55Z9B561DB561HG561KB561RB561YB5643B5647G564AB
1121938,5619B561GB561HG561NB561UB5621B5646B5647G564DB
1121944,55Z9B561DB561HG561KB561RB561YB5643B5647G564AB
911935,55Z9B561DB561HG561KB561RB561YB5643B5647G564AB
1121939,5619B561GB561HG561NB561UB5621B5646B5647G564DB
1121945,55Z9B561DB561HG561KB561RB561YB5643B5647G564AB
953036,55Z9B561DB561HG561KB561RB561YB5643B5647G564AB
1121940,5619B561GB561HG561NB561UB5621B5646B5647G564DB
1121946,55Z9B561DB561HG561KB561RB561YB5643B5647G564AB
953037,55Z9B561DB561HG561KB561RB561YB5643B5647G564AB
1121941,5619B561GB561HG561NB561UB5621B5646B5647G564DB
1023880,55Z9B561DB561HG561KB561RB561YB5643B5647G564AB
787297,55Z9B561DB561HG561KB561RB561YB5643B5647G564AB
862740,55Z9B561DB561HG561KB561RB561YB5643B5647G564AB
862739,55Z9B561DB561HG561KB561RB561YB5643B5647G564AB
889966,55Z9B561DB561HG561KB561RB561YB5643B5647G564AB
889969,55Z9B561DB561HG561KB561RB561YB5643B5647G564AB
704050,55Z9B561DB561HG561KB561RB561YB5643B5647G564AB
996861,55Z9B561DB561HG561KB561RB561YB5643B5647G564AB
862738,55Z9B561DB561HG561KB561RB561YB5643B5647G564AB
891640,55Z9B561DB561HG561KB561RB561YB5643B5647G564AB
891643,55Z9B561DB561HG561KB561RB561YB5643B5647G564AB
891639,55Z9B561DB561HG561KB561RB561YB5643B5647G564AB
891647,55Z9B561DB561HG561KB561RB561YB5643B5647G564AB
984319,55Z9B561DB561HG561KB561RB561YB5643B5647G564AB
891677,55Z9B561DB561HG561KB561RB561YB5643B5647G564AB
891673,55Z9B561DB561HG561KB561RB561YB5643B5647G564AB
891675,55Z9B561DB561HG561KB561RB561YB5643B5647G564AB
1004757,55Z9B561DB561HG561KB561RB561YB5643B5647G564AB
889950,55Z9B561DB561HG561KB561RB561YB5643B5647G564AB
889956,55Z9B561DB561HG561KB561RB561YB5643B5647G564AB
938413,55Z9B561DB561HG561KB561RB561YB5643B5647G564AB
980020,55ZBG561FB561GR561MG561TB561UR5620G5645B564CG
980023,55ZBG561FB561GR561MG561TB561UR5620G5645B564CG
743666,55ZBG561FB561GR561MG561TB561UR5620G5645B564CG
901279,55ZBG561FB561GR561MG561TB561UR5620G5645B564CG
977757,55ZBG561FB561GR561MG561TB561UR5620G5645B564CG
977755,55ZBG561FB561GR561MG561TB561UR5620G5645B564CG
1000316,55ZBG561FB561GR561MG561TB561UR5620G5645B564CG
977749,55ZBG561FB561GR561MG561TB561UR5620G5645B564CG
1019177,55ZBG561FB561GR561MG561TB561UR5620G5645B564CG
901277,55ZBG561FB561GR561MG561TB561UR5620G5645B564CG
979999,55ZBG561FB561GR561MG561TB561UR5620G5645B564CG
977743,55ZBG561FB561GR561MG561TB561UR5620G5645B564CG
979991,55ZBG561FB561GR561MG561TB561UR5620G5645B564CG
979996,55ZBG561FB561GR561MG561TB561UR5620G5645B564CG
980005,55ZBG561FB561GR561MG561TB561UR5620G5645B564CG
980011,55ZBG561FB561GR561MG561TB561UR5620G5645B564CG
981307,55ZBG561FB561GR561MG561TB561UR5620G5645B564CG
981303,55ZBG561FB561GR561MG561TB561UR5620G5645B564CG
981312,55ZBG561FB561MG561TB5620G5645B564CG564JB564RG
864362,55ZBG561FB561GR561MG561TB561UR5620G5645B564CG
864361,55ZBG561FB561GR561MG561TB561UR5620G5645B564CG
891655,5619B561GB561HG561NB561UB5621B5646B5647G564DB
891662,55Z9B561DB561HG561KB561RB561YB5643B5647G564AB
891663,5619B561GB561HG561NB561UB5621B5646B5647G564DB
944820,55Z9B561DB561HG561KB561RB561YB5643B5647G564AB
1022785,55Z9B561DB561HG561KB561RB561YB5643B5647G564AB
944824,55Z9B561DB561HG561KB561RB561YB5643B5647G564AB
891691,5619B561GB561HG561NB561UB5621B5646B5647G564DB
781064,5619B561GB561HG561NB561UB5621B5646B5647G564DB
891629,55Z9B561DB561HG561KB561RB561YB5643B5647G564AB
891615,5619B561GB561HG561NB561UB5621B5646B5647G564DB
891618,55Z9B561DB561HG561KB561RB561YB5643B5647G564AB
890270,5619B561GB561HG561NB561UB5621B5646B5647G564DB
862723,5619B561GB561HG561NB561UB5621B5646B5647G564DB
891624,5619B561GB561HG561NB561UB5621B5646B5647G564DB
704049,5619B561GB561HG561NB561UB5621B5646B5647G564DB
889882,5619B561GB561HG561NB561UB5621B5646B5647G564DB
889520,5619B561GB561HG561NB561UB5621B5646B5647G564DB
886743,5619B561GB561HG561NB561UB5621B5646B5647G564DB
1004751,5619B561GB561HG561NB561UB5621B5646B5647G564DB
889480,5619B561GB561HG561NB561UB5621B5646B5647G564DB
891635,5619B561GB561HG561NB561UB5621B5646B5647G564DB
891622,55Z9B561DB561HG561KB561RB561YB5643B5647G564AB
891981,5619B561GB561HG561NB561UB5621B5646B5647G564DB
891651,55Z9B561DB561HG561KB561RB561YB5643B5647G564AB
695341,5619B561GB561HG561NB561UB5621B5646B5647G564DB
1057886,55Z9B561DB561HG561KB561RB561YB5643B5647G564AB
1044661,5619B561GB561HG561NB561UB5621B5646B5647G564DB
1093611,5619B561GB561HG561NB561UB5621B5646B5647G564DB
1093612,5619B561GB561HG561NB561UB5621B5646B5647G564DB
1097121,55Z9B561DB561HG561KB561RB561YB5643B5647G564AB
695342,55Z9B561DB561HG561KB561RB561YB5643B5647G564AB
1153601,5619B561GB561HG561NB561UB5621B5646B5647G564DB
1096179,55Z9B561DB561HG561KB561RB561YB5643B5647G564AB
853841,55Z9B561DB561HG561KB561RB561YB5643B5647G564AB
1032775,5619B561GB561HG561NB561UB5621B5646B5647G564DB
1034128,55Z9B561DB561HG561KB561RB561YB5643B5647G564AB
1117458,55Z9B561DB561HG561KB561RB561YB5643B5647G564AB
853837,5619B561GB561HG561NB561UB5621B5646B5647G564DB
1097122,55Z9B561DB561HG561KB561RB561YB5643B5647G564AB
695343,55Z9B561DB561HG561KB561RB561YB5643B5647G564AB
1153602,5619B561GB561HG561NB561UB5621B5646B5647G564DB
1096180,55Z9B561DB561HG561KB561RB561YB5643B5647G564AB
853842,55Z9B561DB561HG561KB561RB561YB5643B5647G564AB
1026949,5619B561GB561HG561NB561UB5621B5646B5647G564DB
695338,55Z9B561DB561HG561KB561RB561YB5643B5647G564AB
1117459,55Z9B561DB561HG561KB561RB561YB5643B5647G564AB
853838,5619B561GB561HG561NB561UB5621B5646B5647G564DB
1097123,55Z9B561DB561HG561KB561RB561YB5643B5647G564AB
695344,55Z9B561DB561HG561KB561RB561YB5643B5647G564AB
1153603,5619B561GB561HG561NB561UB5621B5646B5647G564DB
1096181,55Z9B561DB561HG561KB561RB561YB5643B5647G564AB
954894,5619B561GB561HG561NB561UB5621B5646B5647G564DB
1017565,55Z9B561DB561HG561KB561RB561YB5643B5647G564AB
905726,5619B561GB561HG561NB561UB5621B5646B5647G564DB
1096182,55Z9B561DB561HG561KB561RB561YB5643B5647G564AB
695339,55Z9B561DB561HG561KB561RB561YB5643B5647G564AB
853839,5619B561GB561HG561NB561UB5621B5646B5647G564DB
1096183,55Z9B561DB561HG561KB561RB561YB5643B5647G564AB
695340,55Z9B561DB561HG561KB561RB561YB5643B5647G564AB
954303,5619B561GB561HG561NB561UB5621B5646B5647G564DB
700075,5619B561GB561HG561NB561UB5621B5646B5647G564DB
954304,5619B561GB561HG561NB561UB5621B5646B5647G564DB
954305,5619B561GB561HG561NB561UB5621B5646B5647G564DB
1059475,5619B561GB561HG561NB561UB5621B5646B5647G564DB
853840,5619B561GB561HG561NB561UB5621B5646B5647G564DB
1093609,5619B561GB561HG561NB561UB5621B5646B5647G564DB
1093610,5619B561GB561HG561NB561UB5621B5646B5647G564DB
889526,5619B561GB561HG561NB561UB5621B5646B5647G564DB
1121947,5619B561GB561HG561NB561UB5621B5646B5647G564DB
889529,5619B561GB561HG561NB561UB5621B5646B5647G564DB
1121948,5619B561GB561HG561NB561UB5621B5646B5647G564DB
889524,5619B561GB561HG561NB561UB5621B5646B5647G564DB
1121949,5619B561GB561HG561NB561UB5621B5646B5647G564DB
829145,5619B561GB561HG561NB561UB5621B5646B5647G564DB
1121950,5619B561GB561HG561NB561UB5621B5646B5647G564DB
1121951,5619B561GB561HG561NB561UB5621B5646B5647G564DB
1121952,5619B561GB561HG561NB561UB5621B5646B5647G564DB
990723,5619B561GB561HG561NB561UB5621B5646B5647G564DB
889492,55Z9B561DB561HG561KB561RB561YB5643B5647G564AB
889495,55Z9B561DB561HG561KB561RB561YB5643B5647G564AB
892687,55Z9B561DB561HG561KB561RB561YB5643B5647G564AB
887733,55Z9B561DB561HG561KB561RB561YB5643B5647G564AB
887734,55Z9B561DB561KB561RB561YB5643B564AB564HB564NB
998414,55Z9B561DB561HG561KB561RB561YB5643B5647G564AB
889036,55Z9B561DB561HG561KB561RB561YB5643B5647G564AB
887726,55Z9B561DB561HG561KB561RB561YB5643B5647G564AB
887728,55Z9B561DB561HG561KB561RB561YB5643B5647G564AB
889053,55Z9B561DB561HG561KB561RB561YB5643B5647G564AB
952281,55Z9B561DB561HG561KB561RB561YB5643B5647G564AB
1004745,55Z9B561DB561HG561KB561RB561YB5643B5647G564AB
889060,55Z9B561DB561HG561KB561RB561YB5643B5647G564AB
889057,55Z9B561DB561HG561KB561RB561YB5643B5647G564AB
853843,55Z9B561DB561HG561KB561RB561YB5643B5647G564AB
892686,55Z9B561DB561HG561KB561RB561YB5643B5647G564AB
892682,55Z9B561DB561HG561KB561RB561YB5643B5647G564AB
862732,55Z9B561DB561HG561KB561RB561YB5643B5647G564AB
704048,55Z9B561DB561HG561KB561RB561YB5643B5647G564AB
889502,55Z9B561DB561HG561KB561RB561YB5643B5647G564AB
889509,55Z9B561DB561HG561KB561RB561YB5643B5647G564AB
889485,55Z9B561DB561HG561KB561RB561YB5643B5647G564AB
1020953,55ZBB561AR561FG561MB561OR561TG5620B5622R5645G
896153,55ZBB561AR561FG561MB561OR561TG5620B5622R5645G
1020952,55ZBB561AR561FG561MB561OR561TG5620B5622R5645G
896154,55ZBB561AR561FG561MB561OR561TG5620B5622R5645G
1020950,55ZBB561AR561FG561MB561OR561TG5620B5622R5645G
896155,55ZBB561AR561FG561MB561OR561TG5620B5622R5645G
1022203,55ZBB561AR561FG561MB561OR561TG5620B5622R5645G
896156,55ZBB561AR561FG561MB561OR561TG5620B5622R5645G
895331,55ZBB561AR561FG561MB561OR561TG5620B5622R5645G
1022181,55ZBB561AR561FG561MB561OR561TG5620B5622R5645G
896157,55ZBB561AR561FG561MB561OR561TG5620B5622R5645G
1022182,55ZBB561AR561FG561MB561OR561TG5620B5622R5645G
896158,55ZBB561AR561FG561MB561OR561TG5620B5622R5645G
1022183,55ZBB561AR561FG561MB561OR561TG5620B5622R5645G
896159,55ZBB561AR561FG561MB561OR561TG5620B5622R5645G
1022184,55ZBB561AR561FG561MB561OR561TG5620B5622R5645G
896160,55ZBB561AR561FG561MB561OR561TG5620B5622R5645G
1022185,55ZBB561AR561FG561MB561OR561TG5620B5622R5645G
896161,55ZBB561AR561FG561MB561OR561TG5620B5622R5645G
1020955,55ZBB561AR561FG561MB561OR561TG5620B5622R5645G
1022186,55ZBB561AR561FG561MB561OR561TG5620B5622R5645G
1022461,55ZBB561AR561FG561MB561OR561TG5620B5622R5645G
1022462,55ZBB561AR561FG561MB561OR561TG5620B5622R5645G
1022463,55ZBB561AR561FG561MB561OR561TG5620B5622R5645G
1022464,55ZBB561FG561MB561TG5620B5645G564CB564JG564RB
1022465,55ZBB561AR561FG561MB561OR561TG5620B5622R5645G
784721,55ZBB561AR561FG561MB561OR561TG5620B5622R5645G
1022201,55ZBB561AR561FG561MB561OR561TG5620B5622R5645G
1022200,55ZBB561AR561FG561MB561OR561TG5620B5622R5645G
1022199,55ZBB561AR561FG561MB561OR561TG5620B5622R5645G
1022198,55ZBB561AR561FG561MB561OR561TG5620B5622R5645G
1022197,55ZBB561AR561FG561MB561OR561TG5620B5622R5645G
1020956,55ZBB561AR561FG561MB561OR561TG5620B5622R5645G
1022196,55ZBB561FG561MB561TG5620B5645G564CB564JG564RB
1022195,55ZBB561AR561FG561MB561OR561TG5620B5622R5645G
1022194,55ZBB561AR561FG561MB561OR561TG5620B5622R5645G
1022193,55ZBB561AR561FG561MB561OR561TG5620B5622R5645G
1022192,55ZBB561AR561FG561MB561OR561TG5620B5622R5645G
895648,55ZBB561AR561FG561MB561OR561TG5620B5622R5645G
1022191,55ZBB561AR561FG561MB561OR561TG5620B5622R5645G
1022190,55ZBB561AR561FG561MB561OR561TG5620B5622R5645G
1022189,55ZBB561AR561FG561MB561OR561TG5620B5622R5645G
1022188,55ZBB561AR561FG561MB561OR561TG5620B5622R5645G
1022187,55ZBB561AR561FG561MB561OR561TG5620B5622R5645G
1020957,55ZBB561AR561FG561MB561OR561TG5620B5622R5645G
895649,55ZBB561AR561FG561MB561OR561TG5620B5622R5645G
1020954,55ZBB561AR561FG561MB561OR561TG5620B5622R5645G
895650,55ZBB561AR561FG561MB561OR561TG5620B5622R5645G
1008363,55ZBB561FG561MB561TG5620B5645G564CB564JG564RB
1009878,55ZBB561FG561MB561TG5620B5645G564CB564JG564RB
1009879,55ZBB561FG561MB561TG5620B5645G564CB564JG564RB
1009880,55ZBB561FG561MB561TG5620B5645G564CB564JG564RB
1009881,55ZBB561FG561MB561TG5620B5645G564CB564JG564RB
1009882,55ZBB561FG561MB561TG5620B5645G564CB564JG564RB
1009883,55ZBB561FG561MB561TG5620B5645G564CB564JG564RB
1008364,55ZBB561FG561MB561TG5620B5645G564CB564JG564RB
1008365,55ZBB561FG561MB561TG5620B5645G564CB564JG564RB
1008366,55ZBB561FG561MB561TG5620B5645G564CB564JG564RB
1009873,55ZBB561FG561MB561TG5620B5645G564CB564JG564RB
1009874,55ZBB561FG561MB561TG5620B5645G564CB564JG564RB
1009875,55ZBB561FG561MB561TG5620B5645G564CB564JG564RB
1009876,55ZBB561FG561MB561TG5620B5645G564CB564JG564RB
1009877,55ZBB561FG561MB561TG5620B5645G564CB564JG564RB
1020951,55ZBB561AR561FG561MB561OR561TG5620B5622R5645G
786267,561AB561HG561OB561VG5622B5647G564EB564LG564TB
786262,561AB561HG561OB561VG5622B5647G564EB564LG564TB
786261,561AB561DR561HG561OB561RR561VG5622B5647G564EB
786260,561AB561DR561HG561OB561RR561VG5622B5647G564EB
786259,561AB561DR561HG561OB561RR561VG5622B5647G564EB
786258,561AB561DR561HG561OB561RR561VG5622B5647G564EB
786263,561AB561DR561HG561OB561RR561VG5622B5647G564EB
786264,561AB561DR561HG561OB561RR561VG5622B5647G564EB
786265,561AB561DR561HG561OB561RR561VG5622B5647G564EB
786266,561AB561HG561OB561VG5622B5647G564EB564LG564TB
