1005714,4Y10G4Y11R4Y17B4Y3BG4Y3CR4Y3IB4Y3PG4Y3QR4Y3WB
829731,4Y10G4Y11R4Y17B4Y3BG4Y3CR4Y3IB4Y3PG4Y3QR4Y3WB
834219,4Y10G4Y11R4Y17B4Y3BG4Y3CR4Y3IB4Y3PG4Y3QR4Y3WB
834217,4Y10G4Y11R4Y17B4Y3BG4Y3CR4Y3IB4Y3PG4Y3QR4Y3WB
776405,4Y10G4Y11R4Y17B4Y3BG4Y3CR4Y3IB4Y3PG4Y3QR4Y3WB
776407,4Y10G4Y11R4Y17B4Y3BG4Y3CR4Y3IB4Y3PG4Y3QR4Y3WB
875763,4Y10G4Y11R4Y17B4Y3BG4Y3CR4Y3IB4Y3PG4Y3QR4Y3WB
875762,4Y10G4Y11R4Y17B4Y3BG4Y3CR4Y3IB4Y3PG4Y3QR4Y3WB
875761,4Y10G4Y11R4Y17B4Y3BG4Y3CR4Y3IB4Y3PG4Y3QR4Y3WB
969218,4Y10G4Y11R4Y17B4Y3BG4Y3CR4Y3IB4Y3PG4Y3QR4Y3WB
835645,4Y14B4Y38G4Y38R4Y3FB4Y3MG4Y3MR4Y3TB4Y5XG4Y5XR
832828,4Y14B4Y38G4Y38R4Y3FB4Y3MG4Y3MR4Y3TB4Y5XG4Y5XR
779121,4Y14B4Y38G4Y38R4Y3FB4Y3MG4Y3MR4Y3TB4Y5XG4Y5XR
835649,4Y14B4Y38G4Y38R4Y3FB4Y3MG4Y3MR4Y3TB4Y5XG4Y5XR
835648,4Y14B4Y38G4Y3FB4Y3MG4Y3TB4Y5XG4Y64B4Y6BG4Y6IB
779120,4Y14B4Y38G4Y38R4Y3FB4Y3MG4Y3MR4Y3TB4Y5XG4Y5XR
835646,4Y14B4Y38G4Y3FB4Y3MG4Y3TB4Y5XG4Y64B4Y6BG4Y6IB
835624,4Y14B4Y38G4Y38R4Y3FB4Y3MG4Y3MR4Y3TB4Y5XG4Y5XR
832475,4Y14B4Y38G4Y3FB4Y3MG4Y3TB4Y5XG4Y64B4Y6BG4Y6IB
835613,4Y14B4Y38G4Y38R4Y3FB4Y3MG4Y3MR4Y3TB4Y5XG4Y5XR
779117,4Y14B4Y38G4Y38R4Y3FB4Y3MG4Y3MR4Y3TB4Y5XG4Y5XR
835612,4Y14B4Y38G4Y38R4Y3FB4Y3MG4Y3MR4Y3TB4Y5XG4Y5XR
835610,4Y14B4Y38G4Y38R4Y3FB4Y3MG4Y3MR4Y3TB4Y5XG4Y5XR
1043735,4Y14B4Y38G4Y3FB4Y3MG4Y3TB4Y5XG4Y64B4Y6BG4Y6IB
1003387,4Y14B4Y38G4Y38R4Y3FB4Y3MG4Y3MR4Y3TB4Y5XG4Y5XR
832474,4Y14B4Y38G4Y38R4Y3FB4Y3MG4Y3MR4Y3TB4Y5XG4Y5XR
835615,4Y14B4Y38G4Y38R4Y3FB4Y3MG4Y3MR4Y3TB4Y5XG4Y5XR
835605,4Y14B4Y38G4Y3FB4Y3MG4Y3TB4Y5XG4Y64B4Y6BG4Y6IB
1023930,4Y14B4Y38G4Y38R4Y3FB4Y3MG4Y3MR4Y3TB4Y5XG4Y5XR
1048140,4Y14B4Y38G4Y3FB4Y3MG4Y3TB4Y5XG4Y64B4Y6BG4Y6IB
832477,4Y14B4Y38G4Y38R4Y3FB4Y3MG4Y3MR4Y3TB4Y5XG4Y5XR
1003388,4Y14B4Y38G4Y38R4Y3FB4Y3MG4Y3MR4Y3TB4Y5XG4Y5XR
832476,4Y14B4Y38G4Y3FB4Y3MG4Y3TB4Y5XG4Y64B4Y6BG4Y6IB
835606,4Y14B4Y38G4Y38R4Y3FB4Y3MG4Y3MR4Y3TB4Y5XG4Y5XR
835608,4Y14B4Y38G4Y3FB4Y3MG4Y3TB4Y5XG4Y64B4Y6BG4Y6IB
835629,4Y14B4Y38G4Y38R4Y3FB4Y3MG4Y3MR4Y3TB4Y5XG4Y5XR
835628,4Y14B4Y38G4Y3FB4Y3MG4Y3TB4Y5XG4Y64B4Y6BG4Y6IB
778799,4Y14B4Y38G4Y38R4Y3FB4Y3MG4Y3MR4Y3TB4Y5XG4Y5XR
835626,4Y14B4Y38G4Y3FB4Y3MG4Y3TB4Y5XG4Y64B4Y6BG4Y6IB
835625,4Y14B4Y38G4Y38R4Y3FB4Y3MG4Y3MR4Y3TB4Y5XG4Y5XR
835616,4Y14B4Y14B4Y38G4Y3FB4Y3FB4Y3MG4Y3TB4Y3TB4Y5XG
1043737,4Y14B4Y38G4Y38R4Y3FB4Y3MG4Y3MR4Y3TB4Y5XG4Y5XR
835636,4Y14B4Y38G4Y38R4Y3FB4Y3MG4Y3MR4Y3TB4Y5XG4Y5XR
835622,4Y14B4Y38G4Y3FB4Y3MG4Y3TB4Y5XG4Y64B4Y6BG4Y6IB
835621,4Y14B4Y38G4Y38R4Y3FB4Y3MG4Y3MR4Y3TB4Y5XG4Y5XR
1043736,4Y14B4Y38G4Y3FB4Y3MG4Y3TB4Y5XG4Y64B4Y6BG4Y6IB
835619,4Y14B4Y38G4Y38R4Y3FB4Y3MG4Y3MR4Y3TB4Y5XG4Y5XR
835618,4Y14B4Y38G4Y3FB4Y3MG4Y3TB4Y5XG4Y64B4Y6BG4Y6IB
837419,4Y14B4Y38G4Y38R4Y3FB4Y3MG4Y3MR4Y3TB4Y5XG4Y5XR
1000854,4Y14B4Y38G4Y38R4Y3FB4Y3MG4Y3MR4Y3TB4Y5XG4Y5XR
1110696,4Y14B4Y38G4Y3FB4Y3MG4Y3TB4Y5XG4Y64B4Y6BG4Y6IB
837452,4Y14B4Y38G4Y38R4Y3FB4Y3MG4Y3MR4Y3TB4Y5XG4Y5XR
835638,4Y14B4Y38G4Y38R4Y3FB4Y3MG4Y3MR4Y3TB4Y5XG4Y5XR
837447,4Y14B4Y38G4Y38R4Y3FB4Y3MG4Y3MR4Y3TB4Y5XG4Y5XR
837446,4Y14B4Y38G4Y38R4Y3FB4Y3MG4Y3MR4Y3TB4Y5XG4Y5XR
837445,4Y14B4Y38G4Y38R4Y3FB4Y3MG4Y3MR4Y3TB4Y5XG4Y5XR
837443,4Y14B4Y38G4Y38R4Y3FB4Y3MG4Y3MR4Y3TB4Y5XG4Y5XR
837442,4Y14B4Y38G4Y38R4Y3FB4Y3MG4Y3MR4Y3TB4Y5XG4Y5XR
832827,4Y14B4Y38G4Y38R4Y3FB4Y3MG4Y3MR4Y3TB4Y5XG4Y5XR
1000853,4Y14B4Y38G4Y38R4Y3FB4Y3MG4Y3MR4Y3TB4Y5XG4Y5XR
837402,4Y14B4Y38G4Y38R4Y3FB4Y3MG4Y3MR4Y3TB4Y5XG4Y5XR
1045187,4Y14B4Y38G4Y38R4Y3FB4Y3MG4Y3MR4Y3TB4Y5XG4Y5XR
837415,4Y14B4Y38G4Y38R4Y3FB4Y3MG4Y3MR4Y3TB4Y5XG4Y5XR
837413,4Y14B4Y38G4Y38R4Y3FB4Y3MG4Y3MR4Y3TB4Y5XG4Y5XR
832826,4Y14B4Y38G4Y38R4Y3FB4Y3MG4Y3MR4Y3TB4Y5XG4Y5XR
1000852,4Y14B4Y38G4Y38R4Y3FB4Y3MG4Y3MR4Y3TB4Y5XG4Y5XR
837411,4Y14B4Y38G4Y38R4Y3FB4Y3MG4Y3MR4Y3TB4Y5XG4Y5XR
837401,4Y14B4Y38G4Y38R4Y3FB4Y3MG4Y3MR4Y3TB4Y5XG4Y5XR
832824,4Y14B4Y38G4Y38R4Y3FB4Y3MG4Y3MR4Y3TB4Y5XG4Y5XR
788706,4Y14B4Y38G4Y38R4Y3FB4Y3MG4Y3MR4Y3TB4Y5XG4Y5XR
832823,4Y14B4Y38G4Y38R4Y3FB4Y3MG4Y3MR4Y3TB4Y5XG4Y5XR
935504,4Y14B4Y38G4Y38R4Y3FB4Y3MG4Y3MR4Y3TB4Y5XG4Y5XR
935486,4Y14B4Y38G4Y38R4Y3FB4Y3MG4Y3MR4Y3TB4Y5XG4Y5XR
935459,4Y14B4Y38G4Y38R4Y3FB4Y3MG4Y3MR4Y3TB4Y5XG4Y5XR
843338,4Y10B4Y17G4Y3BB4Y3IG4Y3PB4Y3WG4Y60B4Y67G4Y6EB
844633,4Y10B4Y10R4Y17G4Y3BB4Y3BR4Y3IG4Y3PB4Y3PR4Y3WG
844629,4Y10B4Y10R4Y17G4Y3BB4Y3BR4Y3IG4Y3PB4Y3PR4Y3WG
844625,4Y10B4Y10R4Y17G4Y3BB4Y3BR4Y3IG4Y3PB4Y3PR4Y3WG
1027340,4Y10B4Y10R4Y17G4Y3BB4Y3BR4Y3IG4Y3PB4Y3PR4Y3WG
991109,4Y10B4Y10R4Y17G4Y3BB4Y3BR4Y3IG4Y3PB4Y3PR4Y3WG
844235,4Y10B4Y10R4Y17G4Y3BB4Y3BR4Y3IG4Y3PB4Y3PR4Y3WG
844231,4Y10B4Y10R4Y17G4Y3BB4Y3BR4Y3IG4Y3PB4Y3PR4Y3WG
844227,4Y10B4Y10R4Y17G4Y3BB4Y3BR4Y3IG4Y3PB4Y3PR4Y3WG
844230,4Y10B4Y10R4Y17G4Y3BB4Y3BR4Y3IG4Y3PB4Y3PR4Y3WG
844656,4Y10B4Y10R4Y17G4Y3BB4Y3BR4Y3IG4Y3PB4Y3PR4Y3WG
823196,4Y10B4Y10R4Y17G4Y3BB4Y3BR4Y3IG4Y3PB4Y3PR4Y3WG
844238,4Y10B4Y10R4Y17G4Y3BB4Y3BR4Y3IG4Y3PB4Y3PR4Y3WG
844242,4Y10B4Y10R4Y17G4Y3BB4Y3BR4Y3IG4Y3PB4Y3PR4Y3WG
844239,4Y10B4Y10R4Y17G4Y3BB4Y3BR4Y3IG4Y3PB4Y3PR4Y3WG
879980,4Y10B4Y10R4Y17G4Y3BB4Y3BR4Y3IG4Y3PB4Y3PR4Y3WG
879978,4Y10B4Y10R4Y17G4Y3BB4Y3BR4Y3IG4Y3PB4Y3PR4Y3WG
879975,4Y10B4Y10R4Y17G4Y3BB4Y3BR4Y3IG4Y3PB4Y3PR4Y3WG
879971,4Y10B4Y10R4Y17G4Y3BB4Y3BR4Y3IG4Y3PB4Y3PR4Y3WG
879974,4Y10B4Y10R4Y17G4Y3BB4Y3BR4Y3IG4Y3PB4Y3PR4Y3WG
844220,4Y10B4Y10R4Y17G4Y3BB4Y3BR4Y3IG4Y3PB4Y3PR4Y3WG
844662,4Y10B4Y17G4Y3BB4Y3IG4Y3PB4Y3WG4Y60B4Y67G4Y6EB
879983,4Y10B4Y17G4Y3BB4Y3IG4Y3PB4Y3WG4Y60B4Y67G4Y6EB
910553,4Y10B4Y10R4Y17G4Y3BB4Y3BR4Y3IG4Y3PB4Y3PR4Y3WG
844612,4Y10B4Y10R4Y17G4Y3BB4Y3BR4Y3IG4Y3PB4Y3PR4Y3WG
844602,4Y10B4Y10R4Y17G4Y3BB4Y3BR4Y3IG4Y3PB4Y3PR4Y3WG
991113,4Y10B4Y10R4Y17G4Y3BB4Y3BR4Y3IG4Y3PB4Y3PR4Y3WG
844621,4Y10B4Y10R4Y17G4Y3BB4Y3BR4Y3IG4Y3PB4Y3PR4Y3WG
830435,4Y10B4Y10R4Y17G4Y3BB4Y3BR4Y3IG4Y3PB4Y3PR4Y3WG
844617,4Y10B4Y10R4Y17G4Y3BB4Y3BR4Y3IG4Y3PB4Y3PR4Y3WG
844615,4Y10B4Y10R4Y17G4Y3BB4Y3BR4Y3IG4Y3PB4Y3PR4Y3WG
823206,4Y10B4Y10R4Y17G4Y3BB4Y3BR4Y3IG4Y3PB4Y3PR4Y3WG
823199,4Y10B4Y17G4Y3BB4Y3IG4Y3PB4Y3WG4Y60B4Y67G4Y6EB
844257,4Y10B4Y10R4Y17G4Y3BB4Y3BR4Y3IG4Y3PB4Y3PR4Y3WG
844655,4Y10B4Y10R4Y17G4Y3BB4Y3BR4Y3IG4Y3PB4Y3PR4Y3WG
844652,4Y10B4Y10R4Y17G4Y3BB4Y3BR4Y3IG4Y3PB4Y3PR4Y3WG
844638,4Y10B4Y10R4Y17G4Y3BB4Y3BR4Y3IG4Y3PB4Y3PR4Y3WG
821940,4Y10B4Y10R4Y17G4Y3BB4Y3BR4Y3IG4Y3PB4Y3PR4Y3WG
843334,4Y10B4Y10R4Y17G4Y3BB4Y3BR4Y3IG4Y3PB4Y3PR4Y3WG
843336,4Y10B4Y10R4Y17G4Y3BB4Y3BR4Y3IG4Y3PB4Y3PR4Y3WG
1094653,4Y12B4Y36G4Y37R4Y3DB4Y3KG4Y3LR4Y3RB4Y3YG4Y3ZR
1094766,4Y12B4Y36G4Y37R4Y3DB4Y3KG4Y3LR4Y3RB4Y3YG4Y3ZR
1094654,4Y12B4Y36G4Y37R4Y3DB4Y3KG4Y3LR4Y3RB4Y3YG4Y3ZR
1094655,4Y12B4Y36G4Y37R4Y3DB4Y3KG4Y3LR4Y3RB4Y3YG4Y3ZR
1094696,4Y12B4Y36G4Y37R4Y3DB4Y3KG4Y3LR4Y3RB4Y3YG4Y3ZR
1094697,4Y12B4Y36G4Y37R4Y3DB4Y3KG4Y3LR4Y3RB4Y3YG4Y3ZR
1094783,4Y12B4Y36G4Y37R4Y3DB4Y3KG4Y3LR4Y3RB4Y3YG4Y3ZR
1094698,4Y12B4Y36G4Y37R4Y3DB4Y3KG4Y3LR4Y3RB4Y3YG4Y3ZR
1094699,4Y12B4Y36G4Y37R4Y3DB4Y3KG4Y3LR4Y3RB4Y3YG4Y3ZR
1094700,4Y12B4Y36G4Y37R4Y3DB4Y3KG4Y3LR4Y3RB4Y3YG4Y3ZR
1094701,4Y12B4Y36G4Y37R4Y3DB4Y3KG4Y3LR4Y3RB4Y3YG4Y3ZR
1094702,4Y12B4Y36G4Y37R4Y3DB4Y3KG4Y3LR4Y3RB4Y3YG4Y3ZR
1094650,4Y12B4Y36G4Y37R4Y3DB4Y3KG4Y3LR4Y3RB4Y3YG4Y3ZR
1094703,4Y12B4Y36G4Y37R4Y3DB4Y3KG4Y3LR4Y3RB4Y3YG4Y3ZR
1094782,4Y12B4Y36G4Y37R4Y3DB4Y3KG4Y3LR4Y3RB4Y3YG4Y3ZR
1094651,4Y12B4Y36G4Y37R4Y3DB4Y3KG4Y3LR4Y3RB4Y3YG4Y3ZR
1094781,4Y12B4Y36G4Y37R4Y3DB4Y3KG4Y3LR4Y3RB4Y3YG4Y3ZR
1094652,4Y12B4Y36G4Y3DB4Y3KG4Y3RB4Y3YG4Y62B4Y69G4Y6GB
1094780,4Y12B4Y36G4Y37R4Y3DB4Y3KG4Y3LR4Y3RB4Y3YG4Y3ZR
1057885,4Y12B4Y36G4Y3DB4Y3KG4Y3RB4Y3YG4Y62B4Y69G4Y6GB
1094779,4Y12B4Y36G4Y37R4Y3DB4Y3KG4Y3LR4Y3RB4Y3YG4Y3ZR
894453,4Y15G4Y36R4Y39B4Y3GG4Y3KR4Y3NB4Y3UG4Y3YR4Y5YB
894454,4Y15G4Y36R4Y39B4Y3GG4Y3KR4Y3NB4Y3UG4Y3YR4Y5YB
894455,4Y15G4Y36R4Y39B4Y3GG4Y3KR4Y3NB4Y3UG4Y3YR4Y5YB
661875,4Y15G4Y36R4Y39B4Y3GG4Y3KR4Y3NB4Y3UG4Y3YR4Y5YB
854776,4Y15G4Y36R4Y39B4Y3GG4Y3KR4Y3NB4Y3UG4Y3YR4Y5YB
854777,4Y15G4Y36R4Y39B4Y3GG4Y3KR4Y3NB4Y3UG4Y3YR4Y5YB
1034601,4Y15G4Y36R4Y39B4Y3GG4Y3KR4Y3NB4Y3UG4Y3YR4Y5YB
854778,4Y15G4Y36R4Y39B4Y3GG4Y3KR4Y3NB4Y3UG4Y3YR4Y5YB
854780,4Y15G4Y36R4Y39B4Y3GG4Y3KR4Y3NB4Y3UG4Y3YR4Y5YB
894450,4Y15G4Y36R4Y39B4Y3GG4Y3KR4Y3NB4Y3UG4Y3YR4Y5YB
894451,4Y15G4Y36R4Y39B4Y3GG4Y3KR4Y3NB4Y3UG4Y3YR4Y5YB
894452,4Y15G4Y36R4Y39B4Y3GG4Y3KR4Y3NB4Y3UG4Y3YR4Y5YB
854779,4Y15G4Y36R4Y39B4Y3GG4Y3KR4Y3NB4Y3UG4Y3YR4Y5YB
1117983,4Y10G4Y17B4Y3BG4Y3IB4Y3PG4Y3WB4Y60G4Y67B4Y6EG
1117965,4Y10G4Y15R4Y17B4Y3BG4Y3GR4Y3IB4Y3PG4Y3UR4Y3WB
1117982,4Y10G4Y17B4Y3BG4Y3IB4Y3PG4Y3WB4Y60G4Y67B4Y6EG
1117966,4Y10G4Y17B4Y3BG4Y3IB4Y3PG4Y3WB4Y60G4Y67B4Y6EG
1117981,4Y10G4Y15R4Y17B4Y3BG4Y3GR4Y3IB4Y3PG4Y3UR4Y3WB
1117967,4Y10G4Y15R4Y17B4Y3BG4Y3GR4Y3IB4Y3PG4Y3UR4Y3WB
1117972,4Y10G4Y17B4Y3BG4Y3IB4Y3PG4Y3WB4Y60G4Y67B4Y6EG
1117968,4Y10G4Y15R4Y17B4Y3BG4Y3GR4Y3IB4Y3PG4Y3UR4Y3WB
1117971,4Y10G4Y17B4Y3BG4Y3IB4Y3PG4Y3WB4Y60G4Y67B4Y6EG
1117960,4Y10G4Y15R4Y17B4Y3BG4Y3GR4Y3IB4Y3PG4Y3UR4Y3WB
1117970,4Y10G4Y17B4Y3BG4Y3IB4Y3PG4Y3WB4Y60G4Y67B4Y6EG
1117969,4Y10G4Y17B4Y3BG4Y3IB4Y3PG4Y3WB4Y60G4Y67B4Y6EG
1117975,4Y10G4Y17B4Y3BG4Y3IB4Y3PG4Y3WB4Y60G4Y67B4Y6EG
1117976,4Y10G4Y17B4Y3BG4Y3IB4Y3PG4Y3WB4Y60G4Y67B4Y6EG
1117974,4Y10G4Y17B4Y3BG4Y3IB4Y3PG4Y3WB4Y60G4Y67B4Y6EG
1117987,4Y10G4Y15R4Y17B4Y3BG4Y3GR4Y3IB4Y3PG4Y3UR4Y3WB
1117973,4Y10G4Y17B4Y3BG4Y3IB4Y3PG4Y3WB4Y60G4Y67B4Y6EG
1117979,4Y10G4Y17B4Y3BG4Y3IB4Y3PG4Y3WB4Y60G4Y67B4Y6EG
1117980,4Y10G4Y17B4Y3BG4Y3IB4Y3PG4Y3WB4Y60G4Y67B4Y6EG
1117978,4Y10G4Y17B4Y3BG4Y3IB4Y3PG4Y3WB4Y60G4Y67B4Y6EG
1117977,4Y10G4Y17B4Y3BG4Y3IB4Y3PG4Y3WB4Y60G4Y67B4Y6EG
1117961,4Y10G4Y15R4Y17B4Y3BG4Y3GR4Y3IB4Y3PG4Y3UR4Y3WB
1117986,4Y10G4Y15R4Y17B4Y3BG4Y3GR4Y3IB4Y3PG4Y3UR4Y3WB
1117962,4Y10G4Y15R4Y17B4Y3BG4Y3GR4Y3IB4Y3PG4Y3UR4Y3WB
1117985,4Y10G4Y15R4Y17B4Y3BG4Y3GR4Y3IB4Y3PG4Y3UR4Y3WB
1117963,4Y10G4Y15R4Y17B4Y3BG4Y3GR4Y3IB4Y3PG4Y3UR4Y3WB
1117984,4Y10G4Y15R4Y17B4Y3BG4Y3GR4Y3IB4Y3PG4Y3UR4Y3WB
1117964,4Y10G4Y15R4Y17B4Y3BG4Y3GR4Y3IB4Y3PG4Y3UR4Y3WB
1094037,4Y11B4Y35B4Y3CB4Y3JB4Y3QB4Y3XB4Y61B4Y68B4Y6FB
1094038,4Y11B4Y35B4Y3CB4Y3JB4Y3QB4Y3XB4Y61B4Y68B4Y6FB
1092028,4Y14B4Y38G4Y3FB4Y3MG4Y3TB4Y5XG4Y64B4Y6BG4Y6IB
1092029,4Y14B4Y38G4Y3FB4Y3MG4Y3TB4Y5XG4Y64B4Y6BG4Y6IB
687287,4Y11B4Y13R4Y35G4Y3CB4Y3ER4Y3JG4Y3QB4Y3SR4Y3XG
687284,4Y11B4Y13R4Y35G4Y3CB4Y3ER4Y3JG4Y3QB4Y3SR4Y3XG
687282,4Y11B4Y13R4Y35G4Y3CB4Y3ER4Y3JG4Y3QB4Y3SR4Y3XG
687280,4Y11B4Y13R4Y35G4Y3CB4Y3ER4Y3JG4Y3QB4Y3SR4Y3XG
687279,4Y11B4Y13R4Y35G4Y3CB4Y3ER4Y3JG4Y3QB4Y3SR4Y3XG
687277,4Y11B4Y13R4Y35G4Y3CB4Y3ER4Y3JG4Y3QB4Y3SR4Y3XG
1000371,4Y11B4Y13R4Y35G4Y3CB4Y3ER4Y3JG4Y3QB4Y3SR4Y3XG
692923,4Y11B4Y13R4Y35G4Y3CB4Y3ER4Y3JG4Y3QB4Y3SR4Y3XG
692906,4Y11B4Y13R4Y35G4Y3CB4Y3ER4Y3JG4Y3QB4Y3SR4Y3XG
692926,4Y11B4Y13R4Y35G4Y3CB4Y3ER4Y3JG4Y3QB4Y3SR4Y3XG
905796,4Y11B4Y13R4Y35G4Y3CB4Y3ER4Y3JG4Y3QB4Y3SR4Y3XG
692903,4Y11B4Y13R4Y35G4Y3CB4Y3ER4Y3JG4Y3QB4Y3SR4Y3XG
1000369,4Y11B4Y13R4Y35G4Y3CB4Y3ER4Y3JG4Y3QB4Y3SR4Y3XG
692900,4Y11B4Y13R4Y35G4Y3CB4Y3ER4Y3JG4Y3QB4Y3SR4Y3XG
692898,4Y11B4Y13R4Y35G4Y3CB4Y3ER4Y3JG4Y3QB4Y3SR4Y3XG
905794,4Y11B4Y13R4Y35G4Y3CB4Y3ER4Y3JG4Y3QB4Y3SR4Y3XG
660261,4Y11B4Y13R4Y35G4Y3CB4Y3ER4Y3JG4Y3QB4Y3SR4Y3XG
692901,4Y11B4Y13R4Y35G4Y3CB4Y3ER4Y3JG4Y3QB4Y3SR4Y3XG
905800,4Y11B4Y13R4Y35G4Y3CB4Y3ER4Y3JG4Y3QB4Y3SR4Y3XG
692916,4Y11B4Y13R4Y35G4Y3CB4Y3ER4Y3JG4Y3QB4Y3SR4Y3XG
897608,4Y11B4Y35G4Y3CB4Y3JG4Y3QB4Y3XG4Y61B4Y68G4Y6FB
692907,4Y11B4Y13R4Y35G4Y3CB4Y3ER4Y3JG4Y3QB4Y3SR4Y3XG
905801,4Y11B4Y13R4Y35G4Y3CB4Y3ER4Y3JG4Y3QB4Y3SR4Y3XG
905803,4Y11B4Y13R4Y35G4Y3CB4Y3ER4Y3JG4Y3QB4Y3SR4Y3XG
692922,4Y11B4Y13R4Y35G4Y3CB4Y3ER4Y3JG4Y3QB4Y3SR4Y3XG
692921,4Y11B4Y13R4Y35G4Y3CB4Y3ER4Y3JG4Y3QB4Y3SR4Y3XG
687281,4Y11B4Y13R4Y35G4Y3CB4Y3ER4Y3JG4Y3QB4Y3SR4Y3XG
687283,4Y11B4Y13R4Y35G4Y3CB4Y3ER4Y3JG4Y3QB4Y3SR4Y3XG
687288,4Y11B4Y13R4Y35G4Y3CB4Y3ER4Y3JG4Y3QB4Y3SR4Y3XG
646716,4Y11B4Y13R4Y35G4Y3CB4Y3ER4Y3JG4Y3QB4Y3SR4Y3XG
646748,4Y11B4Y13R4Y35G4Y3CB4Y3ER4Y3JG4Y3QB4Y3SR4Y3XG
665268,4Y11B4Y13R4Y35G4Y3CB4Y3ER4Y3JG4Y3QB4Y3SR4Y3XG
652060,4Y11B4Y13R4Y35G4Y3CB4Y3ER4Y3JG4Y3QB4Y3SR4Y3XG
904196,4Y11B4Y35G4Y3CB4Y3JG4Y3QB4Y3XG4Y61B4Y68G4Y6FB
652057,4Y11B4Y13R4Y35G4Y3CB4Y3ER4Y3JG4Y3QB4Y3SR4Y3XG
652056,4Y11B4Y13R4Y35G4Y3CB4Y3ER4Y3JG4Y3QB4Y3SR4Y3XG
652054,4Y11B4Y13R4Y35G4Y3CB4Y3ER4Y3JG4Y3QB4Y3SR4Y3XG
652052,4Y11B4Y13R4Y35G4Y3CB4Y3ER4Y3JG4Y3QB4Y3SR4Y3XG
860724,4Y11B4Y13R4Y35G4Y3CB4Y3ER4Y3JG4Y3QB4Y3SR4Y3XG
652067,4Y11B4Y35G4Y3CB4Y3JG4Y3QB4Y3XG4Y61B4Y68G4Y6FB
904201,4Y11B4Y13R4Y35G4Y3CB4Y3ER4Y3JG4Y3QB4Y3SR4Y3XG
652073,4Y11B4Y13R4Y35G4Y3CB4Y3ER4Y3JG4Y3QB4Y3SR4Y3XG
652070,4Y11B4Y13R4Y35G4Y3CB4Y3ER4Y3JG4Y3QB4Y3SR4Y3XG
904200,4Y11B4Y13R4Y35G4Y3CB4Y3ER4Y3JG4Y3QB4Y3SR4Y3XG
652075,4Y11B4Y13R4Y35G4Y3CB4Y3ER4Y3JG4Y3QB4Y3SR4Y3XG
646722,4Y11B4Y13R4Y35G4Y3CB4Y3ER4Y3JG4Y3QB4Y3SR4Y3XG
646735,4Y11B4Y13R4Y35G4Y3CB4Y3ER4Y3JG4Y3QB4Y3SR4Y3XG
860728,4Y11B4Y13R4Y35G4Y3CB4Y3ER4Y3JG4Y3QB4Y3SR4Y3XG
646733,4Y11B4Y13R4Y35G4Y3CB4Y3ER4Y3JG4Y3QB4Y3SR4Y3XG
646728,4Y11B4Y13R4Y35G4Y3CB4Y3ER4Y3JG4Y3QB4Y3SR4Y3XG
646736,4Y11B4Y13R4Y35G4Y3CB4Y3ER4Y3JG4Y3QB4Y3SR4Y3XG
646731,4Y11B4Y13R4Y35G4Y3CB4Y3ER4Y3JG4Y3QB4Y3SR4Y3XG
646730,4Y11B4Y13R4Y35G4Y3CB4Y3ER4Y3JG4Y3QB4Y3SR4Y3XG
843280,4Y13B4Y14R4Y37G4Y3EB4Y3FR4Y3LG4Y3SB4Y3TR4Y3ZG
843264,4Y13B4Y14R4Y37G4Y3EB4Y3FR4Y3LG4Y3SB4Y3TR4Y3ZG
843266,4Y13B4Y14R4Y37G4Y3EB4Y3FR4Y3LG4Y3SB4Y3TR4Y3ZG
827037,4Y13B4Y37G4Y3EB4Y3LG4Y3SB4Y3ZG4Y63B4Y6AG4Y6HB
827036,4Y13B4Y14R4Y37G4Y3EB4Y3FR4Y3LG4Y3SB4Y3TR4Y3ZG
705394,4Y13B4Y14R4Y37G4Y3EB4Y3FR4Y3LG4Y3SB4Y3TR4Y3ZG
880876,4Y13B4Y14R4Y37G4Y3EB4Y3FR4Y3LG4Y3SB4Y3TR4Y3ZG
880877,4Y13B4Y14R4Y37G4Y3EB4Y3FR4Y3LG4Y3SB4Y3TR4Y3ZG
880878,4Y13B4Y14R4Y37G4Y3EB4Y3FR4Y3LG4Y3SB4Y3TR4Y3ZG
818881,4Y13B4Y14R4Y37G4Y3EB4Y3FR4Y3LG4Y3SB4Y3TR4Y3ZG
843251,4Y13B4Y37G4Y3EB4Y3LG4Y3SB4Y3ZG4Y63B4Y6AG4Y6HB
818890,4Y13B4Y14R4Y37G4Y3EB4Y3FR4Y3LG4Y3SB4Y3TR4Y3ZG
843284,4Y13B4Y37G4Y3EB4Y3LG4Y3SB4Y3ZG4Y63B4Y6AG4Y6HB
900290,4Y11B4Y13R4Y35G4Y3CB4Y3ER4Y3JG4Y3QB4Y3SR4Y3XG
687272,4Y11B4Y13R4Y35G4Y3CB4Y3ER4Y3JG4Y3QB4Y3SR4Y3XG
688614,4Y11B4Y13R4Y35G4Y3CB4Y3ER4Y3JG4Y3QB4Y3SR4Y3XG
688634,4Y11B4Y13R4Y35G4Y3CB4Y3ER4Y3JG4Y3QB4Y3SR4Y3XG
688632,4Y11B4Y13R4Y35G4Y3CB4Y3ER4Y3JG4Y3QB4Y3SR4Y3XG
688658,4Y11B4Y13R4Y35G4Y3CB4Y3ER4Y3JG4Y3QB4Y3SR4Y3XG
1006818,4Y11B4Y13R4Y35G4Y3CB4Y3ER4Y3JG4Y3QB4Y3SR4Y3XG
688612,4Y11B4Y13R4Y35G4Y3CB4Y3ER4Y3JG4Y3QB4Y3SR4Y3XG
688620,4Y11B4Y13R4Y35G4Y3CB4Y3ER4Y3JG4Y3QB4Y3SR4Y3XG
688618,4Y11B4Y13R4Y35G4Y3CB4Y3ER4Y3JG4Y3QB4Y3SR4Y3XG
688616,4Y11B4Y13R4Y35G4Y3CB4Y3ER4Y3JG4Y3QB4Y3SR4Y3XG
687271,4Y11B4Y13R4Y35G4Y3CB4Y3ER4Y3JG4Y3QB4Y3SR4Y3XG
687276,4Y11B4Y13R4Y35G4Y3CB4Y3ER4Y3JG4Y3QB4Y3SR4Y3XG
687275,4Y11B4Y13R4Y35G4Y3CB4Y3ER4Y3JG4Y3QB4Y3SR4Y3XG
730352,4Y11B4Y13R4Y35G4Y3CB4Y3ER4Y3JG4Y3QB4Y3SR4Y3XG
730356,4Y11B4Y35G4Y3CB4Y3JG4Y3QB4Y3XG4Y61B4Y68G4Y6FB
661548,4Y11B4Y13R4Y35G4Y3CB4Y3ER4Y3JG4Y3QB4Y3SR4Y3XG
730363,4Y11B4Y13R4Y35G4Y3CB4Y3ER4Y3JG4Y3QB4Y3SR4Y3XG
864816,4Y11B4Y13R4Y35G4Y3CB4Y3ER4Y3JG4Y3QB4Y3SR4Y3XG
864821,4Y11B4Y35G4Y3CB4Y3JG4Y3QB4Y3XG4Y61B4Y68G4Y6FB
646827,4Y11B4Y13R4Y35G4Y3CB4Y3ER4Y3JG4Y3QB4Y3SR4Y3XG
690109,4Y11B4Y13R4Y35G4Y3CB4Y3ER4Y3JG4Y3QB4Y3SR4Y3XG
1011541,4Y11B4Y13R4Y35G4Y3CB4Y3ER4Y3JG4Y3QB4Y3SR4Y3XG
690108,4Y11B4Y11B4Y13R4Y35G4Y35G4Y3CB4Y3CB4Y3ER4Y3JG
689751,4Y11B4Y13R4Y35G4Y3CB4Y3ER4Y3JG4Y3QB4Y3SR4Y3XG
665649,4Y11B4Y13R4Y35G4Y3CB4Y3ER4Y3JG4Y3QB4Y3SR4Y3XG
904206,4Y11B4Y13R4Y35G4Y3CB4Y3ER4Y3JG4Y3QB4Y3SR4Y3XG
689755,4Y11B4Y13R4Y35G4Y3CB4Y3ER4Y3JG4Y3QB4Y3SR4Y3XG
689758,4Y11B4Y13R4Y35G4Y3CB4Y3ER4Y3JG4Y3QB4Y3SR4Y3XG
652428,4Y11B4Y13R4Y35G4Y3CB4Y3ER4Y3JG4Y3QB4Y3SR4Y3XG
652431,4Y11B4Y13R4Y35G4Y3CB4Y3ER4Y3JG4Y3QB4Y3SR4Y3XG
686997,4Y11B4Y13R4Y35G4Y3CB4Y3ER4Y3JG4Y3QB4Y3SR4Y3XG
730369,4Y11B4Y13R4Y35G4Y3CB4Y3ER4Y3JG4Y3QB4Y3SR4Y3XG
730372,4Y11B4Y13R4Y35G4Y3CB4Y3ER4Y3JG4Y3QB4Y3SR4Y3XG
730374,4Y11B4Y13R4Y35G4Y3CB4Y3ER4Y3JG4Y3QB4Y3SR4Y3XG
689747,4Y11B4Y13R4Y35G4Y3CB4Y3ER4Y3JG4Y3QB4Y3SR4Y3XG
1000392,4Y11B4Y13R4Y35G4Y3CB4Y3ER4Y3JG4Y3QB4Y3SR4Y3XG
687268,4Y11B4Y13R4Y35G4Y3CB4Y3ER4Y3JG4Y3QB4Y3SR4Y3XG
687251,4Y11B4Y13R4Y35G4Y3CB4Y3ER4Y3JG4Y3QB4Y3SR4Y3XG
687250,4Y11B4Y13R4Y35G4Y3CB4Y3ER4Y3JG4Y3QB4Y3SR4Y3XG
687259,4Y11B4Y13R4Y35G4Y3CB4Y3ER4Y3JG4Y3QB4Y3SR4Y3XG
660267,4Y11B4Y13R4Y35G4Y3CB4Y3ER4Y3JG4Y3QB4Y3SR4Y3XG
687247,4Y11B4Y13R4Y35G4Y3CB4Y3ER4Y3JG4Y3QB4Y3SR4Y3XG
687265,4Y11B4Y13R4Y35G4Y3CB4Y3ER4Y3JG4Y3QB4Y3SR4Y3XG
897609,4Y11B4Y13R4Y35G4Y3CB4Y3ER4Y3JG4Y3QB4Y3SR4Y3XG
900289,4Y11B4Y13R4Y35G4Y3CB4Y3ER4Y3JG4Y3QB4Y3SR4Y3XG
689019,4Y11B4Y13R4Y35G4Y3CB4Y3ER4Y3JG4Y3QB4Y3SR4Y3XG
689018,4Y11B4Y13R4Y35G4Y3CB4Y3ER4Y3JG4Y3QB4Y3SR4Y3XG
689016,4Y11B4Y13R4Y35G4Y3CB4Y3ER4Y3JG4Y3QB4Y3SR4Y3XG
660284,4Y11B4Y13R4Y35G4Y3CB4Y3ER4Y3JG4Y3QB4Y3SR4Y3XG
660268,4Y11B4Y13R4Y35G4Y3CB4Y3ER4Y3JG4Y3QB4Y3SR4Y3XG
1000368,4Y11B4Y13R4Y35G4Y3CB4Y3ER4Y3JG4Y3QB4Y3SR4Y3XG
828531,4Y11B4Y13R4Y35G4Y3CB4Y3ER4Y3JG4Y3QB4Y3SR4Y3XG
689003,4Y11B4Y13R4Y35G4Y3CB4Y3ER4Y3JG4Y3QB4Y3SR4Y3XG
689007,4Y11B4Y13R4Y35G4Y3CB4Y3ER4Y3JG4Y3QB4Y3SR4Y3XG
689006,4Y11B4Y13R4Y35G4Y3CB4Y3ER4Y3JG4Y3QB4Y3SR4Y3XG
689004,4Y11B4Y13R4Y35G4Y3CB4Y3ER4Y3JG4Y3QB4Y3SR4Y3XG
787980,4Y11B4Y13R4Y35G4Y3CB4Y3ER4Y3JG4Y3QB4Y3SR4Y3XG
660260,4Y11B4Y13R4Y35G4Y3CB4Y3ER4Y3JG4Y3QB4Y3SR4Y3XG
689022,4Y11B4Y13R4Y35G4Y3CB4Y3ER4Y3JG4Y3QB4Y3SR4Y3XG
689021,4Y11B4Y35G4Y3CB4Y3JG4Y3QB4Y3XG4Y61B4Y68G4Y6FB
689020,4Y11B4Y13R4Y35G4Y3CB4Y3ER4Y3JG4Y3QB4Y3SR4Y3XG
652022,4Y11B4Y13R4Y35G4Y3CB4Y3ER4Y3JG4Y3QB4Y3SR4Y3XG
652020,4Y11B4Y13R4Y35G4Y3CB4Y3ER4Y3JG4Y3QB4Y3SR4Y3XG
652041,4Y11B4Y13R4Y35G4Y3CB4Y3ER4Y3JG4Y3QB4Y3SR4Y3XG
652026,4Y11B4Y13R4Y35G4Y3CB4Y3ER4Y3JG4Y3QB4Y3SR4Y3XG
652047,4Y11B4Y13R4Y35G4Y3CB4Y3ER4Y3JG4Y3QB4Y3SR4Y3XG
652045,4Y11B4Y13R4Y35G4Y3CB4Y3ER4Y3JG4Y3QB4Y3SR4Y3XG
652042,4Y11B4Y13R4Y35G4Y3CB4Y3ER4Y3JG4Y3QB4Y3SR4Y3XG
665267,4Y11B4Y13R4Y35G4Y3CB4Y3ER4Y3JG4Y3QB4Y3SR4Y3XG
652040,4Y11B4Y13R4Y35G4Y3CB4Y3ER4Y3JG4Y3QB4Y3SR4Y3XG
904199,4Y11B4Y13R4Y35G4Y3CB4Y3ER4Y3JG4Y3QB4Y3SR4Y3XG
652039,4Y11B4Y13R4Y35G4Y3CB4Y3ER4Y3JG4Y3QB4Y3SR4Y3XG
652036,4Y11B4Y13R4Y35G4Y3CB4Y3ER4Y3JG4Y3QB4Y3SR4Y3XG
1024314,4Y11B4Y13R4Y35G4Y3CB4Y3ER4Y3JG4Y3QB4Y3SR4Y3XG
689031,4Y11B4Y13R4Y35G4Y3CB4Y3ER4Y3JG4Y3QB4Y3SR4Y3XG
689068,4Y11B4Y13R4Y35G4Y3CB4Y3ER4Y3JG4Y3QB4Y3SR4Y3XG
689066,4Y11B4Y13R4Y35G4Y3CB4Y3ER4Y3JG4Y3QB4Y3SR4Y3XG
689064,4Y11B4Y13R4Y35G4Y3CB4Y3ER4Y3JG4Y3QB4Y3SR4Y3XG
689071,4Y11B4Y13R4Y35G4Y3CB4Y3ER4Y3JG4Y3QB4Y3SR4Y3XG
1000415,4Y11B4Y13R4Y35G4Y3CB4Y3ER4Y3JG4Y3QB4Y3SR4Y3XG
660286,4Y11B4Y13R4Y35G4Y3CB4Y3ER4Y3JG4Y3QB4Y3SR4Y3XG
652065,4Y11B4Y13R4Y35G4Y3CB4Y3ER4Y3JG4Y3QB4Y3SR4Y3XG
689059,4Y11B4Y13R4Y35G4Y3CB4Y3ER4Y3JG4Y3QB4Y3SR4Y3XG
904198,4Y11B4Y13R4Y35G4Y3CB4Y3ER4Y3JG4Y3QB4Y3SR4Y3XG
652074,4Y11B4Y13R4Y35G4Y3CB4Y3ER4Y3JG4Y3QB4Y3SR4Y3XG
652033,4Y11B4Y13R4Y35G4Y3CB4Y3ER4Y3JG4Y3QB4Y3SR4Y3XG
652030,4Y11B4Y35G4Y3CB4Y3JG4Y3QB4Y3XG4Y61B4Y68G4Y6FB
652029,4Y11B4Y13R4Y35G4Y3CB4Y3ER4Y3JG4Y3QB4Y3SR4Y3XG
652018,4Y11B4Y13R4Y35G4Y3CB4Y3ER4Y3JG4Y3QB4Y3SR4Y3XG
652025,4Y11B4Y13R4Y35G4Y3CB4Y3ER4Y3JG4Y3QB4Y3SR4Y3XG
660265,4Y11B4Y13R4Y35G4Y3CB4Y3ER4Y3JG4Y3QB4Y3SR4Y3XG
686839,4Y11B4Y13R4Y35G4Y3CB4Y3ER4Y3JG4Y3QB4Y3SR4Y3XG
686837,4Y11B4Y13R4Y35G4Y3CB4Y3ER4Y3JG4Y3QB4Y3SR4Y3XG
686835,4Y11B4Y13R4Y35G4Y3CB4Y3ER4Y3JG4Y3QB4Y3SR4Y3XG
686856,4Y11B4Y13R4Y35G4Y3CB4Y3ER4Y3JG4Y3QB4Y3SR4Y3XG
905799,4Y11B4Y13R4Y35G4Y3CB4Y3ER4Y3JG4Y3QB4Y3SR4Y3XG
692912,4Y11B4Y13R4Y35G4Y3CB4Y3ER4Y3JG4Y3QB4Y3SR4Y3XG
905798,4Y11B4Y13R4Y35G4Y3CB4Y3ER4Y3JG4Y3QB4Y3SR4Y3XG
692909,4Y11B4Y13R4Y35G4Y3CB4Y3ER4Y3JG4Y3QB4Y3SR4Y3XG
651873,4Y11B4Y13R4Y35G4Y3CB4Y3ER4Y3JG4Y3QB4Y3SR4Y3XG
649995,4Y11B4Y13R4Y35G4Y3CB4Y3ER4Y3JG4Y3QB4Y3SR4Y3XG
686847,4Y11B4Y13R4Y35G4Y3CB4Y3ER4Y3JG4Y3QB4Y3SR4Y3XG
686844,4Y11B4Y13R4Y35G4Y3CB4Y3ER4Y3JG4Y3QB4Y3SR4Y3XG
686843,4Y11B4Y13R4Y35G4Y3CB4Y3ER4Y3JG4Y3QB4Y3SR4Y3XG
650355,4Y11B4Y13R4Y35G4Y3CB4Y3ER4Y3JG4Y3QB4Y3SR4Y3XG
1006817,4Y11B4Y13R4Y35G4Y3CB4Y3ER4Y3JG4Y3QB4Y3SR4Y3XG
688631,4Y11B4Y13R4Y35G4Y3CB4Y3ER4Y3JG4Y3QB4Y3SR4Y3XG
688629,4Y11B4Y13R4Y35G4Y3CB4Y3ER4Y3JG4Y3QB4Y3SR4Y3XG
660281,4Y11B4Y13R4Y35G4Y3CB4Y3ER4Y3JG4Y3QB4Y3SR4Y3XG
688626,4Y11B4Y13R4Y35G4Y3CB4Y3ER4Y3JG4Y3QB4Y3SR4Y3XG
688653,4Y11B4Y13R4Y35G4Y3CB4Y3ER4Y3JG4Y3QB4Y3SR4Y3XG
650422,4Y11B4Y13R4Y35G4Y3CB4Y3ER4Y3JG4Y3QB4Y3SR4Y3XG
650359,4Y11B4Y13R4Y35G4Y3CB4Y3ER4Y3JG4Y3QB4Y3SR4Y3XG
650357,4Y11B4Y13R4Y35G4Y3CB4Y3ER4Y3JG4Y3QB4Y3SR4Y3XG
730338,4Y11B4Y13R4Y35G4Y3CB4Y3ER4Y3JG4Y3QB4Y3SR4Y3XG
730342,4Y11B4Y13R4Y35G4Y3CB4Y3ER4Y3JG4Y3QB4Y3SR4Y3XG
730345,4Y11B4Y13R4Y35G4Y3CB4Y3ER4Y3JG4Y3QB4Y3SR4Y3XG
730366,4Y11B4Y13R4Y35G4Y3CB4Y3ER4Y3JG4Y3QB4Y3SR4Y3XG
729042,4Y11B4Y13R4Y35G4Y3CB4Y3ER4Y3JG4Y3QB4Y3SR4Y3XG
729040,4Y11B4Y13R4Y35G4Y3CB4Y3ER4Y3JG4Y3QB4Y3SR4Y3XG
729047,4Y11B4Y13R4Y35G4Y3CB4Y3ER4Y3JG4Y3QB4Y3SR4Y3XG
950543,4Y11B4Y35G4Y3CB4Y3JG4Y3QB4Y3XG4Y61B4Y68G4Y6FB
688379,4Y11B4Y13R4Y35G4Y3CB4Y3ER4Y3JG4Y3QB4Y3SR4Y3XG
729034,4Y11B4Y13R4Y35G4Y3CB4Y3ER4Y3JG4Y3QB4Y3SR4Y3XG
729036,4Y11B4Y13R4Y35G4Y3CB4Y3ER4Y3JG4Y3QB4Y3SR4Y3XG
729038,4Y11B4Y13R4Y35G4Y3CB4Y3ER4Y3JG4Y3QB4Y3SR4Y3XG
730348,4Y11B4Y13R4Y35G4Y3CB4Y3ER4Y3JG4Y3QB4Y3SR4Y3XG
730344,4Y11B4Y35G4Y3CB4Y3JG4Y3QB4Y3XG4Y61B4Y68G4Y6FB
729051,4Y11B4Y13R4Y35G4Y3CB4Y3ER4Y3JG4Y3QB4Y3SR4Y3XG
950550,4Y11B4Y13R4Y35G4Y3CB4Y3ER4Y3JG4Y3QB4Y3SR4Y3XG
689084,4Y11B4Y13R4Y35G4Y3CB4Y3ER4Y3JG4Y3QB4Y3SR4Y3XG
687717,4Y11B4Y13R4Y35G4Y3CB4Y3ER4Y3JG4Y3QB4Y3SR4Y3XG
687716,4Y11B4Y13R4Y35G4Y3CB4Y3ER4Y3JG4Y3QB4Y3SR4Y3XG
687715,4Y11B4Y13R4Y35G4Y3CB4Y3ER4Y3JG4Y3QB4Y3SR4Y3XG
687708,4Y11B4Y13R4Y35G4Y3CB4Y3ER4Y3JG4Y3QB4Y3SR4Y3XG
687719,4Y11B4Y13R4Y35G4Y3CB4Y3ER4Y3JG4Y3QB4Y3SR4Y3XG
689079,4Y11B4Y13R4Y35G4Y3CB4Y3ER4Y3JG4Y3QB4Y3SR4Y3XG
660287,4Y11B4Y13R4Y35G4Y3CB4Y3ER4Y3JG4Y3QB4Y3SR4Y3XG
689082,4Y11B4Y13R4Y35G4Y3CB4Y3ER4Y3JG4Y3QB4Y3SR4Y3XG
689081,4Y11B4Y13R4Y35G4Y3CB4Y3ER4Y3JG4Y3QB4Y3SR4Y3XG
689072,4Y11B4Y13R4Y35G4Y3CB4Y3ER4Y3JG4Y3QB4Y3SR4Y3XG
689085,4Y13R4Y35G4Y3ER4Y3JG4Y3SR4Y3XG4Y63R4Y68G4Y6HR
689076,4Y11B4Y13R4Y35G4Y3CB4Y3ER4Y3JG4Y3QB4Y3SR4Y3XG
689075,4Y11B4Y13R4Y35G4Y3CB4Y3ER4Y3JG4Y3QB4Y3SR4Y3XG
660269,4Y11B4Y13R4Y35G4Y3CB4Y3ER4Y3JG4Y3QB4Y3SR4Y3XG
900078,4Y11B4Y13R4Y35G4Y3CB4Y3ER4Y3JG4Y3QB4Y3SR4Y3XG
650424,4Y11B4Y13R4Y35G4Y3CB4Y3ER4Y3JG4Y3QB4Y3SR4Y3XG
687242,4Y11B4Y13R4Y35G4Y3CB4Y3ER4Y3JG4Y3QB4Y3SR4Y3XG
665620,4Y11B4Y13R4Y35G4Y3CB4Y3ER4Y3JG4Y3QB4Y3SR4Y3XG
687245,4Y11B4Y13R4Y35G4Y3CB4Y3ER4Y3JG4Y3QB4Y3SR4Y3XG
906158,4Y11B4Y35G4Y3CB4Y3JG4Y3QB4Y3XG4Y61B4Y68G4Y6FB
660266,4Y11B4Y13R4Y35G4Y3CB4Y3ER4Y3JG4Y3QB4Y3SR4Y3XG
687237,4Y11B4Y13R4Y35G4Y3CB4Y3ER4Y3JG4Y3QB4Y3SR4Y3XG
1000390,4Y11B4Y13R4Y35G4Y3CB4Y3ER4Y3JG4Y3QB4Y3SR4Y3XG
687264,4Y11B4Y13R4Y35G4Y3CB4Y3ER4Y3JG4Y3QB4Y3SR4Y3XG
906156,4Y11B4Y13R4Y35G4Y3CB4Y3ER4Y3JG4Y3QB4Y3SR4Y3XG
687239,4Y11B4Y13R4Y35G4Y3CB4Y3ER4Y3JG4Y3QB4Y3SR4Y3XG
688621,4Y11B4Y13R4Y35G4Y3CB4Y3ER4Y3JG4Y3QB4Y3SR4Y3XG
687260,4Y11B4Y13R4Y35G4Y3CB4Y3ER4Y3JG4Y3QB4Y3SR4Y3XG
688651,4Y11B4Y13R4Y35G4Y3CB4Y3ER4Y3JG4Y3QB4Y3SR4Y3XG
688648,4Y11B4Y13R4Y35G4Y3CB4Y3ER4Y3JG4Y3QB4Y3SR4Y3XG
688647,4Y11B4Y35G4Y3CB4Y3JG4Y3QB4Y3XG4Y61B4Y68G4Y6FB
688654,4Y11B4Y13R4Y35G4Y3CB4Y3ER4Y3JG4Y3QB4Y3SR4Y3XG
688644,4Y11B4Y13R4Y35G4Y3CB4Y3ER4Y3JG4Y3QB4Y3SR4Y3XG
688641,4Y11B4Y13R4Y35G4Y3CB4Y3ER4Y3JG4Y3QB4Y3SR4Y3XG
687262,4Y11B4Y13R4Y35G4Y3CB4Y3ER4Y3JG4Y3QB4Y3SR4Y3XG
688639,4Y11B4Y13R4Y35G4Y3CB4Y3ER4Y3JG4Y3QB4Y3SR4Y3XG
660283,4Y11B4Y13R4Y35G4Y3CB4Y3ER4Y3JG4Y3QB4Y3SR4Y3XG
688668,4Y11B4Y13R4Y35G4Y3CB4Y3ER4Y3JG4Y3QB4Y3SR4Y3XG
688666,4Y11B4Y13R4Y35G4Y3CB4Y3ER4Y3JG4Y3QB4Y3SR4Y3XG
688664,4Y11B4Y13R4Y35G4Y3CB4Y3ER4Y3JG4Y3QB4Y3SR4Y3XG
688663,4Y11B4Y13R4Y35G4Y3CB4Y3ER4Y3JG4Y3QB4Y3SR4Y3XG
906162,4Y11B4Y13R4Y35G4Y3CB4Y3ER4Y3JG4Y3QB4Y3SR4Y3XG
689002,4Y11B4Y13R4Y35G4Y3CB4Y3ER4Y3JG4Y3QB4Y3SR4Y3XG
688659,4Y11B4Y13R4Y35G4Y3CB4Y3ER4Y3JG4Y3QB4Y3SR4Y3XG
687252,4Y11B4Y13R4Y35G4Y3CB4Y3ER4Y3JG4Y3QB4Y3SR4Y3XG
830231,4Y11B4Y13R4Y35G4Y3CB4Y3ER4Y3JG4Y3QB4Y3SR4Y3XG
650431,4Y11B4Y13R4Y35G4Y3CB4Y3ER4Y3JG4Y3QB4Y3SR4Y3XG
650430,4Y11B4Y13R4Y35G4Y3CB4Y3ER4Y3JG4Y3QB4Y3SR4Y3XG
900077,4Y11B4Y13R4Y35G4Y3CB4Y3ER4Y3JG4Y3QB4Y3SR4Y3XG
906155,4Y11B4Y13R4Y35G4Y3CB4Y3ER4Y3JG4Y3QB4Y3SR4Y3XG
1034628,4Y11G4Y35B4Y37R4Y3CG4Y3JB4Y3LR4Y3QG4Y3XB4Y3ZR
681380,4Y11G4Y35B4Y37R4Y3CG4Y3JB4Y3LR4Y3QG4Y3XB4Y3ZR
819272,4Y11G4Y35B4Y37R4Y3CG4Y3JB4Y3LR4Y3QG4Y3XB4Y3ZR
681382,4Y11G4Y35B4Y37R4Y3CG4Y3JB4Y3LR4Y3QG4Y3XB4Y3ZR
681383,4Y11G4Y35B4Y37R4Y3CG4Y3JB4Y3LR4Y3QG4Y3XB4Y3ZR
681329,4Y11G4Y35B4Y37R4Y3CG4Y3JB4Y3LR4Y3QG4Y3XB4Y3ZR
681330,4Y11G4Y35B4Y37R4Y3CG4Y3JB4Y3LR4Y3QG4Y3XB4Y3ZR
681332,4Y11G4Y35B4Y37R4Y3CG4Y3JB4Y3LR4Y3QG4Y3XB4Y3ZR
681364,4Y11G4Y35B4Y37R4Y3CG4Y3JB4Y3LR4Y3QG4Y3XB4Y3ZR
681354,4Y11G4Y35B4Y37R4Y3CG4Y3JB4Y3LR4Y3QG4Y3XB4Y3ZR
681374,4Y11G4Y35B4Y37R4Y3CG4Y3JB4Y3LR4Y3QG4Y3XB4Y3ZR
681375,4Y11G4Y35B4Y37R4Y3CG4Y3JB4Y3LR4Y3QG4Y3XB4Y3ZR
681377,4Y11G4Y35B4Y37R4Y3CG4Y3JB4Y3LR4Y3QG4Y3XB4Y3ZR
819271,4Y11G4Y35B4Y37R4Y3CG4Y3JB4Y3LR4Y3QG4Y3XB4Y3ZR
681363,4Y11G4Y35B4Y37R4Y3CG4Y3JB4Y3LR4Y3QG4Y3XB4Y3ZR
1008655,4Y11G4Y35B4Y37R4Y3CG4Y3JB4Y3LR4Y3QG4Y3XB4Y3ZR
1034627,4Y11G4Y35B4Y37R4Y3CG4Y3JB4Y3LR4Y3QG4Y3XB4Y3ZR
681366,4Y11G4Y35B4Y3CG4Y3JB4Y3QG4Y3XB4Y61G4Y68B4Y6FG
1001359,4Y11G4Y35B4Y37R4Y3CG4Y3JB4Y3LR4Y3QG4Y3XB4Y3ZR
681368,4Y11G4Y35B4Y37R4Y3CG4Y3JB4Y3LR4Y3QG4Y3XB4Y3ZR
681370,4Y11G4Y35B4Y37R4Y3CG4Y3JB4Y3LR4Y3QG4Y3XB4Y3ZR
819269,4Y11G4Y35B4Y37R4Y3CG4Y3JB4Y3LR4Y3QG4Y3XB4Y3ZR
681315,4Y11G4Y35B4Y37R4Y3CG4Y3JB4Y3LR4Y3QG4Y3XB4Y3ZR
819273,4Y11G4Y35B4Y37R4Y3CG4Y3JB4Y3LR4Y3QG4Y3XB4Y3ZR
681334,4Y11G4Y35B4Y37R4Y3CG4Y3JB4Y3LR4Y3QG4Y3XB4Y3ZR
686080,4Y11G4Y35B4Y37R4Y3CG4Y3JB4Y3LR4Y3QG4Y3XB4Y3ZR
686081,4Y11G4Y35B4Y37R4Y3CG4Y3JB4Y3LR4Y3QG4Y3XB4Y3ZR
686082,4Y11G4Y35B4Y37R4Y3CG4Y3JB4Y3LR4Y3QG4Y3XB4Y3ZR
681386,4Y11G4Y35B4Y37R4Y3CG4Y3JB4Y3LR4Y3QG4Y3XB4Y3ZR
681388,4Y11G4Y35B4Y37R4Y3CG4Y3JB4Y3LR4Y3QG4Y3XB4Y3ZR
819274,4Y11G4Y35B4Y37R4Y3CG4Y3JB4Y3LR4Y3QG4Y3XB4Y3ZR
681355,4Y11G4Y35B4Y37R4Y3CG4Y3JB4Y3LR4Y3QG4Y3XB4Y3ZR
681357,4Y11G4Y35B4Y37R4Y3CG4Y3JB4Y3LR4Y3QG4Y3XB4Y3ZR
681358,4Y11G4Y35B4Y37R4Y3CG4Y3JB4Y3LR4Y3QG4Y3XB4Y3ZR
681360,4Y11G4Y35B4Y37R4Y3CG4Y3JB4Y3LR4Y3QG4Y3XB4Y3ZR
681361,4Y11G4Y35B4Y37R4Y3CG4Y3JB4Y3LR4Y3QG4Y3XB4Y3ZR
685375,4Y11G4Y35B4Y37R4Y3CG4Y3JB4Y3LR4Y3QG4Y3XB4Y3ZR
1034623,4Y11G4Y35B4Y37R4Y3CG4Y3JB4Y3LR4Y3QG4Y3XB4Y3ZR
686065,4Y11G4Y35B4Y37R4Y3CG4Y3JB4Y3LR4Y3QG4Y3XB4Y3ZR
686066,4Y11G4Y35B4Y37R4Y3CG4Y3JB4Y3LR4Y3QG4Y3XB4Y3ZR
686068,4Y11G4Y35B4Y37R4Y3CG4Y3JB4Y3LR4Y3QG4Y3XB4Y3ZR
1034611,4Y11G4Y35B4Y37R4Y3CG4Y3JB4Y3LR4Y3QG4Y3XB4Y3ZR
686069,4Y11G4Y35B4Y37R4Y3CG4Y3JB4Y3LR4Y3QG4Y3XB4Y3ZR
686071,4Y11G4Y35B4Y37R4Y3CG4Y3JB4Y3LR4Y3QG4Y3XB4Y3ZR
686072,4Y11G4Y35B4Y37R4Y3CG4Y3JB4Y3LR4Y3QG4Y3XB4Y3ZR
686084,4Y11G4Y35B4Y37R4Y3CG4Y3JB4Y3LR4Y3QG4Y3XB4Y3ZR
686073,4Y11G4Y35B4Y37R4Y3CG4Y3JB4Y3LR4Y3QG4Y3XB4Y3ZR
686075,4Y11G4Y35B4Y37R4Y3CG4Y3JB4Y3LR4Y3QG4Y3XB4Y3ZR
686076,4Y11G4Y35B4Y37R4Y3CG4Y3JB4Y3LR4Y3QG4Y3XB4Y3ZR
686070,4Y11G4Y35B4Y37R4Y3CG4Y3JB4Y3LR4Y3QG4Y3XB4Y3ZR
680512,4Y11G4Y35B4Y37R4Y3CG4Y3JB4Y3LR4Y3QG4Y3XB4Y3ZR
1006392,4Y11G4Y35B4Y37R4Y3CG4Y3JB4Y3LR4Y3QG4Y3XB4Y3ZR
824732,4Y11G4Y35B4Y37R4Y3CG4Y3JB4Y3LR4Y3QG4Y3XB4Y3ZR
865530,4Y11G4Y35B4Y37R4Y3CG4Y3JB4Y3LR4Y3QG4Y3XB4Y3ZR
830939,4Y11G4Y35B4Y37R4Y3CG4Y3JB4Y3LR4Y3QG4Y3XB4Y3ZR
685377,4Y11G4Y35B4Y37R4Y3CG4Y3JB4Y3LR4Y3QG4Y3XB4Y3ZR
865531,4Y11G4Y35B4Y37R4Y3CG4Y3JB4Y3LR4Y3QG4Y3XB4Y3ZR
685380,4Y11G4Y35B4Y37R4Y3CG4Y3JB4Y3LR4Y3QG4Y3XB4Y3ZR
778843,4Y10B4Y17B4Y35G4Y3BB4Y3IB4Y3JG4Y3PB4Y3WB4Y3XG
747563,4Y10B4Y17B4Y35G4Y3BB4Y3IB4Y3JG4Y3PB4Y3WB4Y3XG
744312,4Y10B4Y17B4Y35G4Y3BB4Y3IB4Y3JG4Y3PB4Y3WB4Y3XG
747576,4Y10B4Y17B4Y35G4Y3BB4Y3IB4Y3JG4Y3PB4Y3WB4Y3XG
752971,4Y10B4Y17B4Y35G4Y3BB4Y3IB4Y3JG4Y3PB4Y3WB4Y3XG
1123706,4Y10B4Y17B4Y35G4Y3BB4Y3IB4Y3JG4Y3PB4Y3WB4Y3XG
1123712,4Y10B4Y17B4Y35G4Y3BB4Y3IB4Y3JG4Y3PB4Y3WB4Y3XG
1123707,4Y10B4Y17B4Y35G4Y3BB4Y3IB4Y3JG4Y3PB4Y3WB4Y3XG
1123713,4Y10B4Y17B4Y35G4Y3BB4Y3IB4Y3JG4Y3PB4Y3WB4Y3XG
1123708,4Y10B4Y17B4Y35G4Y3BB4Y3IB4Y3JG4Y3PB4Y3WB4Y3XG
1123714,4Y10B4Y17B4Y35G4Y3BB4Y3IB4Y3JG4Y3PB4Y3WB4Y3XG
1123709,4Y10B4Y17B4Y35G4Y3BB4Y3IB4Y3JG4Y3PB4Y3WB4Y3XG
1123715,4Y10B4Y17B4Y35G4Y3BB4Y3IB4Y3JG4Y3PB4Y3WB4Y3XG
1123710,4Y10B4Y17B4Y35G4Y3BB4Y3IB4Y3JG4Y3PB4Y3WB4Y3XG
1123716,4Y10B4Y17B4Y35G4Y3BB4Y3IB4Y3JG4Y3PB4Y3WB4Y3XG
1123711,4Y10B4Y17B4Y35G4Y3BB4Y3IB4Y3JG4Y3PB4Y3WB4Y3XG
1123717,4Y10B4Y17B4Y35G4Y3BB4Y3IB4Y3JG4Y3PB4Y3WB4Y3XG
745680,4Y12R4Y14G4Y38B4Y3DR4Y3FG4Y3MB4Y3RR4Y3TG4Y5XB
747619,4Y12R4Y14G4Y38B4Y3DR4Y3FG4Y3MB4Y3RR4Y3TG4Y5XB
708535,4Y12R4Y14G4Y38B4Y3DR4Y3FG4Y3MB4Y3RR4Y3TG4Y5XB
708518,4Y12R4Y14G4Y38B4Y3DR4Y3FG4Y3MB4Y3RR4Y3TG4Y5XB
708501,4Y12R4Y14G4Y38B4Y3DR4Y3FG4Y3MB4Y3RR4Y3TG4Y5XB
1132119,4Y14G4Y38B4Y3FG4Y3MB4Y3TG4Y5XB4Y64G4Y6BB4Y6IG
1132120,4Y14G4Y38B4Y3FG4Y3MB4Y3TG4Y5XB4Y64G4Y6BB4Y6IG
1132121,4Y14G4Y38B4Y3FG4Y3MB4Y3TG4Y5XB4Y64G4Y6BB4Y6IG
1011463,4Y14G4Y38B4Y3FG4Y3MB4Y3TG4Y5XB4Y64G4Y6BB4Y6IG
860596,4Y11B4Y14R4Y35G4Y3CB4Y3FR4Y3JG4Y3QB4Y3TR4Y3XG
978397,4Y11B4Y14R4Y35G4Y3CB4Y3FR4Y3JG4Y3QB4Y3TR4Y3XG
980308,4Y11B4Y14R4Y35G4Y3CB4Y3FR4Y3JG4Y3QB4Y3TR4Y3XG
980296,4Y11B4Y14R4Y35G4Y3CB4Y3FR4Y3JG4Y3QB4Y3TR4Y3XG
649974,4Y11B4Y14R4Y35G4Y3CB4Y3FR4Y3JG4Y3QB4Y3TR4Y3XG
648829,4Y11B4Y14R4Y35G4Y3CB4Y3FR4Y3JG4Y3QB4Y3TR4Y3XG
649978,4Y11B4Y14R4Y35G4Y3CB4Y3FR4Y3JG4Y3QB4Y3TR4Y3XG
901320,4Y11B4Y14R4Y35G4Y3CB4Y3FR4Y3JG4Y3QB4Y3TR4Y3XG
979929,4Y11B4Y35G4Y3CB4Y3JG4Y3QB4Y3XG4Y61B4Y68G4Y6FB
650224,4Y11B4Y14R4Y35G4Y3CB4Y3FR4Y3JG4Y3QB4Y3TR4Y3XG
650215,4Y11B4Y14R4Y35G4Y3CB4Y3FR4Y3JG4Y3QB4Y3TR4Y3XG
650217,4Y11B4Y14R4Y35G4Y3CB4Y3FR4Y3JG4Y3QB4Y3TR4Y3XG
781131,4Y11B4Y14R4Y35G4Y3CB4Y3FR4Y3JG4Y3QB4Y3TR4Y3XG
1117047,4Y11B4Y14R4Y35G4Y3CB4Y3FR4Y3JG4Y3QB4Y3TR4Y3XG
978424,4Y11B4Y35G4Y3CB4Y3JG4Y3QB4Y3XG4Y61B4Y68G4Y6FB
650849,4Y11B4Y35G4Y3CB4Y3JG4Y3QB4Y3XG4Y61B4Y68G4Y6FB
978421,4Y11B4Y35G4Y3CB4Y3JG4Y3QB4Y3XG4Y61B4Y68G4Y6FB
650869,4Y11B4Y35G4Y3CB4Y3JG4Y3QB4Y3XG4Y61B4Y68G4Y6FB
650855,4Y11B4Y35G4Y3CB4Y3JG4Y3QB4Y3XG4Y61B4Y68G4Y6FB
978386,4Y11B4Y35G4Y3CB4Y3JG4Y3QB4Y3XG4Y61B4Y68G4Y6FB
978372,4Y11B4Y35G4Y3CB4Y3JG4Y3QB4Y3XG4Y61B4Y68G4Y6FB
662638,4Y11B4Y35G4Y3CB4Y3JG4Y3QB4Y3XG4Y61B4Y68G4Y6FB
833669,4Y15G4Y15R4Y39B4Y3GG4Y3GR4Y3NB4Y3UG4Y3UR4Y5YB
833315,4Y15G4Y39B4Y3GG4Y3NB4Y3UG4Y5YB4Y65G4Y6CB4Y6JG
833321,4Y15G4Y15R4Y39B4Y3GG4Y3GR4Y3NB4Y3UG4Y3UR4Y5YB
796880,4Y15G4Y15R4Y39B4Y3GG4Y3GR4Y3NB4Y3UG4Y3UR4Y5YB
796901,4Y15G4Y39B4Y3GG4Y3NB4Y3UG4Y5YB4Y65G4Y6CB4Y6JG
830420,4Y15G4Y39B4Y3GG4Y3NB4Y3UG4Y5YB4Y65G4Y6CB4Y6JG
796870,4Y15G4Y15R4Y39B4Y3GG4Y3GR4Y3NB4Y3UG4Y3UR4Y5YB
796869,4Y15G4Y15R4Y39B4Y3GG4Y3GR4Y3NB4Y3UG4Y3UR4Y5YB
752993,4Y15G4Y15R4Y39B4Y3GG4Y3GR4Y3NB4Y3UG4Y3UR4Y5YB
1038951,4Y15G4Y15R4Y39B4Y3GG4Y3GR4Y3NB4Y3UG4Y3UR4Y5YB
897610,4Y15G4Y39B4Y3GG4Y3NB4Y3UG4Y5YB4Y65G4Y6CB4Y6JG
752996,4Y15G4Y15R4Y39B4Y3GG4Y3GR4Y3NB4Y3UG4Y3UR4Y5YB
752972,4Y15G4Y15R4Y39B4Y3GG4Y3GR4Y3NB4Y3UG4Y3UR4Y5YB
752976,4Y15G4Y15R4Y39B4Y3GG4Y3GR4Y3NB4Y3UG4Y3UR4Y5YB
747914,4Y15G4Y15R4Y39B4Y3GG4Y3GR4Y3NB4Y3UG4Y3UR4Y5YB
747572,4Y15G4Y15R4Y39B4Y3GG4Y3GR4Y3NB4Y3UG4Y3UR4Y5YB
995504,4Y15G4Y39B4Y3GG4Y3NB4Y3UG4Y5YB4Y65G4Y6CB4Y6JG
747556,4Y15G4Y15R4Y39B4Y3GG4Y3GR4Y3NB4Y3UG4Y3UR4Y5YB
747564,4Y15G4Y39B4Y3GG4Y3NB4Y3UG4Y5YB4Y65G4Y6CB4Y6JG
838011,4Y15G4Y39B4Y3GG4Y3NB4Y3UG4Y5YB4Y65G4Y6CB4Y6JG
837999,4Y15G4Y39B4Y3GG4Y3NB4Y3UG4Y5YB4Y65G4Y6CB4Y6JG
838016,4Y15G4Y39B4Y3GG4Y3NB4Y3UG4Y5YB4Y65G4Y6CB4Y6JG
777427,4Y15G4Y39B4Y3GG4Y3NB4Y3UG4Y5YB4Y65G4Y6CB4Y6JG
777432,4Y15G4Y15R4Y39B4Y3GG4Y3GR4Y3NB4Y3UG4Y3UR4Y5YB
752994,4Y15G4Y39B4Y3GG4Y3NB4Y3UG4Y5YB4Y65G4Y6CB4Y6JG
832060,4Y15G4Y39B4Y3GG4Y3NB4Y3UG4Y5YB4Y65G4Y6CB4Y6JG
778842,4Y15G4Y15R4Y39B4Y3GG4Y3GR4Y3NB4Y3UG4Y3UR4Y5YB
832064,4Y15G4Y39B4Y3GG4Y3NB4Y3UG4Y5YB4Y65G4Y6CB4Y6JG
796907,4Y15G4Y39B4Y3GG4Y3NB4Y3UG4Y5YB4Y65G4Y6CB4Y6JG
796864,4Y15G4Y39B4Y3GG4Y3NB4Y3UG4Y5YB4Y65G4Y6CB4Y6JG
830419,4Y15G4Y15R4Y39B4Y3GG4Y3GR4Y3NB4Y3UG4Y3UR4Y5YB
778885,4Y15G4Y39B4Y3GG4Y3NB4Y3UG4Y5YB4Y65G4Y6CB4Y6JG
833663,4Y15G4Y15R4Y39B4Y3GG4Y3GR4Y3NB4Y3UG4Y3UR4Y5YB
833658,4Y15G4Y39B4Y3GG4Y3NB4Y3UG4Y5YB4Y65G4Y6CB4Y6JG
1114674,4Y15G4Y39B4Y3GG4Y3NB4Y3UG4Y5YB4Y65G4Y6CB4Y6JG
1114673,4Y15G4Y39B4Y3GG4Y3NB4Y3UG4Y5YB4Y65G4Y6CB4Y6JG
1114675,4Y15G4Y39B4Y3GG4Y3NB4Y3UG4Y5YB4Y65G4Y6CB4Y6JG
1114676,4Y15G4Y39B4Y3GG4Y3NB4Y3UG4Y5YB4Y65G4Y6CB4Y6JG
1114677,4Y15G4Y39B4Y3GG4Y3NB4Y3UG4Y5YB4Y65G4Y6CB4Y6JG
1114678,4Y15G4Y39B4Y3GG4Y3NB4Y3UG4Y5YB4Y65G4Y6CB4Y6JG
1114680,4Y15G4Y39B4Y3GG4Y3NB4Y3UG4Y5YB4Y65G4Y6CB4Y6JG
1114679,4Y15G4Y39B4Y3GG4Y3NB4Y3UG4Y5YB4Y65G4Y6CB4Y6JG
1017704,4Y11B4Y35B4Y3CB4Y3JB4Y3NG4Y3QB4Y3XB4Y61B4Y68B
830305,4Y11B4Y35B4Y3CB4Y3JB4Y3NG4Y3QB4Y3XB4Y61B4Y68B
692795,4Y11B4Y35B4Y3CB4Y3JB4Y3NG4Y3QB4Y3XB4Y61B4Y68B
690088,4Y11B4Y35B4Y3CB4Y3JB4Y3NG4Y3QB4Y3XB4Y61B4Y68B
692796,4Y11B4Y35B4Y3CB4Y3JB4Y3NG4Y3QB4Y3XB4Y61B4Y68B
649155,4Y11B4Y35B4Y3CB4Y3JB4Y3NG4Y3QB4Y3XB4Y61B4Y68B
705288,4Y11B4Y35B4Y3CB4Y3JB4Y3NG4Y3QB4Y3XB4Y61B4Y68B
830303,4Y11B4Y35B4Y3CB4Y3JB4Y3NG4Y3QB4Y3XB4Y61B4Y68B
751046,4Y10R4Y13B4Y37G4Y3BR4Y3EB4Y3LG4Y3PR4Y3SB4Y3ZG
751041,4Y10R4Y13B4Y37G4Y3BR4Y3EB4Y3LG4Y3PR4Y3SB4Y3ZG
751019,4Y10R4Y13B4Y37G4Y3BR4Y3EB4Y3LG4Y3PR4Y3SB4Y3ZG
751021,4Y10R4Y13B4Y37G4Y3BR4Y3EB4Y3LG4Y3PR4Y3SB4Y3ZG
751042,4Y10R4Y13B4Y37G4Y3BR4Y3EB4Y3LG4Y3PR4Y3SB4Y3ZG
751022,4Y10R4Y13B4Y37G4Y3BR4Y3EB4Y3LG4Y3PR4Y3SB4Y3ZG
992131,4Y10R4Y13B4Y37G4Y3BR4Y3EB4Y3LG4Y3PR4Y3SB4Y3ZG
751025,4Y10R4Y13B4Y37G4Y3BR4Y3EB4Y3LG4Y3PR4Y3SB4Y3ZG
751031,4Y10R4Y13B4Y37G4Y3BR4Y3EB4Y3LG4Y3PR4Y3SB4Y3ZG
751029,4Y10R4Y13B4Y37G4Y3BR4Y3EB4Y3LG4Y3PR4Y3SB4Y3ZG
751043,4Y10R4Y13B4Y37G4Y3BR4Y3EB4Y3LG4Y3PR4Y3SB4Y3ZG
751044,4Y10R4Y13B4Y37G4Y3BR4Y3EB4Y3LG4Y3PR4Y3SB4Y3ZG
911017,4Y10R4Y13B4Y37G4Y3BR4Y3EB4Y3LG4Y3PR4Y3SB4Y3ZG
740347,4Y10R4Y13B4Y37G4Y3BR4Y3EB4Y3LG4Y3PR4Y3SB4Y3ZG
766036,4Y10R4Y13B4Y37G4Y3BR4Y3EB4Y3LG4Y3PR4Y3SB4Y3ZG
766037,4Y10R4Y13B4Y37G4Y3BR4Y3EB4Y3LG4Y3PR4Y3SB4Y3ZG
664104,4Y10R4Y13B4Y37G4Y3BR4Y3EB4Y3LG4Y3PR4Y3SB4Y3ZG
827871,4Y10R4Y13B4Y37G4Y3BR4Y3EB4Y3LG4Y3PR4Y3SB4Y3ZG
1022579,4Y10R4Y13B4Y37G4Y3BR4Y3EB4Y3LG4Y3PR4Y3SB4Y3ZG
992132,4Y10R4Y13B4Y37G4Y3BR4Y3EB4Y3LG4Y3PR4Y3SB4Y3ZG
747699,4Y10R4Y13B4Y37G4Y3BR4Y3EB4Y3LG4Y3PR4Y3SB4Y3ZG
747701,4Y10R4Y13B4Y37G4Y3BR4Y3EB4Y3LG4Y3PR4Y3SB4Y3ZG
747703,4Y13B4Y37G4Y3EB4Y3LG4Y3SB4Y3ZG4Y63B4Y6AG4Y6HB
747705,4Y10R4Y13B4Y37G4Y3BR4Y3EB4Y3LG4Y3PR4Y3SB4Y3ZG
1016223,4Y10R4Y13B4Y37G4Y3BR4Y3EB4Y3LG4Y3PR4Y3SB4Y3ZG
993149,4Y10R4Y13B4Y37G4Y3BR4Y3EB4Y3LG4Y3PR4Y3SB4Y3ZG
747689,4Y10R4Y13B4Y37G4Y3BR4Y3EB4Y3LG4Y3PR4Y3SB4Y3ZG
747713,4Y10R4Y13B4Y37G4Y3BR4Y3EB4Y3LG4Y3PR4Y3SB4Y3ZG
747709,4Y10R4Y13B4Y37G4Y3BR4Y3EB4Y3LG4Y3PR4Y3SB4Y3ZG
747711,4Y10R4Y13B4Y37G4Y3BR4Y3EB4Y3LG4Y3PR4Y3SB4Y3ZG
1144190,4Y12G4Y36B4Y3DG4Y3KB4Y3RG4Y3YB4Y62G4Y69B4Y6GG
1144189,4Y12G4Y36B4Y3DG4Y3KB4Y3RG4Y3YB4Y62G4Y69B4Y6GG
1144188,4Y12G4Y36B4Y3DG4Y3KB4Y3RG4Y3YB4Y62G4Y69B4Y6GG
1144186,4Y12G4Y36B4Y3DG4Y3KB4Y3RG4Y3YB4Y62G4Y69B4Y6GG
853988,4Y14B4Y14R4Y38G4Y3FB4Y3FR4Y3MG4Y3TB4Y3TR4Y5XG
855694,4Y14B4Y38G4Y3FB4Y3MG4Y3TB4Y5XG4Y64B4Y6BG4Y6IB
1019640,4Y14B4Y14R4Y38G4Y3FB4Y3FR4Y3MG4Y3TB4Y3TR4Y5XG
855699,4Y14B4Y14R4Y38G4Y3FB4Y3FR4Y3MG4Y3TB4Y3TR4Y5XG
855701,4Y14B4Y38G4Y3FB4Y3MG4Y3TB4Y5XG4Y64B4Y6BG4Y6IB
854420,4Y14B4Y14R4Y38G4Y3FB4Y3FR4Y3MG4Y3TB4Y3TR4Y5XG
855692,4Y14B4Y14R4Y38G4Y3FB4Y3FR4Y3MG4Y3TB4Y3TR4Y5XG
1014937,4Y14B4Y14R4Y38G4Y3FB4Y3FR4Y3MG4Y3TB4Y3TR4Y5XG
855691,4Y14B4Y14R4Y38G4Y3FB4Y3FR4Y3MG4Y3TB4Y3TR4Y5XG
856044,4Y14B4Y14R4Y38G4Y3FB4Y3FR4Y3MG4Y3TB4Y3TR4Y5XG
1014940,4Y14B4Y14R4Y38G4Y3FB4Y3FR4Y3MG4Y3TB4Y3TR4Y5XG
855704,4Y14B4Y14R4Y38G4Y3FB4Y3FR4Y3MG4Y3TB4Y3TR4Y5XG
856041,4Y14B4Y14R4Y38G4Y3FB4Y3FR4Y3MG4Y3TB4Y3TR4Y5XG
856038,4Y14B4Y14R4Y38G4Y3FB4Y3FR4Y3MG4Y3TB4Y3TR4Y5XG
700655,4Y14B4Y14R4Y38G4Y3FB4Y3FR4Y3MG4Y3TB4Y3TR4Y5XG
852817,4Y14B4Y14R4Y38G4Y3FB4Y3FR4Y3MG4Y3TB4Y3TR4Y5XG
852821,4Y14B4Y14R4Y38G4Y3FB4Y3FR4Y3MG4Y3TB4Y3TR4Y5XG
854397,4Y14B4Y14R4Y38G4Y3FB4Y3FR4Y3MG4Y3TB4Y3TR4Y5XG
858403,4Y14B4Y38G4Y3FB4Y3MG4Y3TB4Y5XG4Y64B4Y6BG4Y6IB
858400,4Y14B4Y14R4Y38G4Y3FB4Y3FR4Y3MG4Y3TB4Y3TR4Y5XG
700652,4Y14B4Y14R4Y38G4Y3FB4Y3FR4Y3MG4Y3TB4Y3TR4Y5XG
948737,4Y14B4Y14R4Y38G4Y3FB4Y3FR4Y3MG4Y3TB4Y3TR4Y5XG
1007166,4Y14B4Y14R4Y38G4Y3FB4Y3FR4Y3MG4Y3TB4Y3TR4Y5XG
852822,4Y14B4Y14R4Y38G4Y3FB4Y3FR4Y3MG4Y3TB4Y3TR4Y5XG
1014915,4Y14B4Y14R4Y38G4Y3FB4Y3FR4Y3MG4Y3TB4Y3TR4Y5XG
854415,4Y14B4Y14R4Y38G4Y3FB4Y3FR4Y3MG4Y3TB4Y3TR4Y5XG
854417,4Y14B4Y14R4Y38G4Y3FB4Y3FR4Y3MG4Y3TB4Y3TR4Y5XG
854401,4Y14B4Y14R4Y38G4Y3FB4Y3FR4Y3MG4Y3TB4Y3TR4Y5XG
853259,4Y14B4Y14R4Y38G4Y3FB4Y3FR4Y3MG4Y3TB4Y3TR4Y5XG
907821,4Y14B4Y14R4Y38G4Y3FB4Y3FR4Y3MG4Y3TB4Y3TR4Y5XG
853267,4Y14B4Y14R4Y38G4Y3FB4Y3FR4Y3MG4Y3TB4Y3TR4Y5XG
853279,4Y14B4Y38G4Y3FB4Y3MG4Y3TB4Y5XG4Y64B4Y6BG4Y6IB
1007172,4Y14B4Y14R4Y38G4Y3FB4Y3FR4Y3MG4Y3TB4Y3TR4Y5XG
853299,4Y14B4Y14R4Y38G4Y3FB4Y3FR4Y3MG4Y3TB4Y3TR4Y5XG
700663,4Y14B4Y14R4Y38G4Y3FB4Y3FR4Y3MG4Y3TB4Y3TR4Y5XG
817660,4Y14B4Y14R4Y38G4Y3FB4Y3FR4Y3MG4Y3TB4Y3TR4Y5XG
853297,4Y14B4Y14R4Y38G4Y3FB4Y3FR4Y3MG4Y3TB4Y3TR4Y5XG
853283,4Y14B4Y14R4Y38G4Y3FB4Y3FR4Y3MG4Y3TB4Y3TR4Y5XG
1002537,4Y14B4Y14R4Y38G4Y3FB4Y3FR4Y3MG4Y3TB4Y3TR4Y5XG
1002515,4Y14B4Y14R4Y38G4Y3FB4Y3FR4Y3MG4Y3TB4Y3TR4Y5XG
1002194,4Y14B4Y14R4Y38G4Y3FB4Y3FR4Y3MG4Y3TB4Y3TR4Y5XG
858824,4Y14B4Y14R4Y38G4Y3FB4Y3FR4Y3MG4Y3TB4Y3TR4Y5XG
858821,4Y14B4Y14R4Y38G4Y3FB4Y3FR4Y3MG4Y3TB4Y3TR4Y5XG
700646,4Y14B4Y14R4Y38G4Y3FB4Y3FR4Y3MG4Y3TB4Y3TR4Y5XG
815636,4Y14B4Y14R4Y38G4Y3FB4Y3FR4Y3MG4Y3TB4Y3TR4Y5XG
815638,4Y14B4Y14R4Y38G4Y3FB4Y3FR4Y3MG4Y3TB4Y3TR4Y5XG
854320,4Y14B4Y14R4Y38G4Y3FB4Y3FR4Y3MG4Y3TB4Y3TR4Y5XG
815642,4Y14B4Y14R4Y38G4Y3FB4Y3FR4Y3MG4Y3TB4Y3TR4Y5XG
700662,4Y14R4Y3FR4Y3TR4Y64R4Y6IR4Y8UR4Y98R
901383,4Y14B4Y14R4Y38G4Y3FB4Y3FR4Y3MG4Y3TB4Y3TR4Y5XG
901382,4Y14B4Y14R4Y38G4Y3FB4Y3FR4Y3MG4Y3TB4Y3TR4Y5XG
858837,4Y14B4Y14R4Y38G4Y3FB4Y3FR4Y3MG4Y3TB4Y3TR4Y5XG
858825,4Y14B4Y14R4Y38G4Y3FB4Y3FR4Y3MG4Y3TB4Y3TR4Y5XG
858831,4Y14B4Y14R4Y38G4Y3FB4Y3FR4Y3MG4Y3TB4Y3TR4Y5XG
901381,4Y14B4Y14R4Y38G4Y3FB4Y3FR4Y3MG4Y3TB4Y3TR4Y5XG
854324,4Y14B4Y14R4Y38G4Y3FB4Y3FR4Y3MG4Y3TB4Y3TR4Y5XG
854328,4Y14B4Y14R4Y38G4Y3FB4Y3FR4Y3MG4Y3TB4Y3TR4Y5XG
853984,4Y14B4Y14R4Y38G4Y3FB4Y3FR4Y3MG4Y3TB4Y3TR4Y5XG
853982,4Y14B4Y14R4Y38G4Y3FB4Y3FR4Y3MG4Y3TB4Y3TR4Y5XG
902091,4Y14B4Y14R4Y38G4Y3FB4Y3FR4Y3MG4Y3TB4Y3TR4Y5XG
852659,4Y14B4Y14R4Y38G4Y3FB4Y3FR4Y3MG4Y3TB4Y3TR4Y5XG
823638,4Y15B4Y39G4Y3GB4Y3NG4Y3UB4Y5YG4Y65B4Y6CG4Y6JB
823639,4Y15B4Y39G4Y3GB4Y3NG4Y3UB4Y5YG4Y65B4Y6CG4Y6JB
946502,4Y15B4Y39G4Y3GB4Y3NG4Y3UB4Y5YG4Y65B4Y6CG4Y6JB
765276,4Y10G4Y17B4Y3BG4Y3IB4Y3PG4Y3WB4Y60G4Y67B4Y6EG
700457,4Y10G4Y17B4Y3BG4Y3IB4Y3PG4Y3WB4Y60G4Y67B4Y6EG
806464,4Y10G4Y17B4Y3BG4Y3IB4Y3PG4Y3WB4Y60G4Y67B4Y6EG
806465,4Y10G4Y17B4Y3BG4Y3IB4Y3PG4Y3WB4Y60G4Y67B4Y6EG
806467,4Y10G4Y17B4Y37R4Y3BG4Y3IB4Y3LR4Y3PG4Y3WB4Y3ZR
806471,4Y10G4Y17B4Y37R4Y3BG4Y3IB4Y3LR4Y3PG4Y3WB4Y3ZR
765277,4Y10G4Y17B4Y37R4Y3BG4Y3IB4Y3LR4Y3PG4Y3WB4Y3ZR
765291,4Y10G4Y17B4Y3BG4Y3IB4Y3PG4Y3WB4Y60G4Y67B4Y6EG
765293,4Y10G4Y17B4Y37R4Y3BG4Y3IB4Y3LR4Y3PG4Y3WB4Y3ZR
1016093,4Y10G4Y17B4Y37R4Y3BG4Y3IB4Y3LR4Y3PG4Y3WB4Y3ZR
765297,4Y10G4Y17B4Y37R4Y3BG4Y3IB4Y3LR4Y3PG4Y3WB4Y3ZR
1033041,4Y10G4Y17B4Y3BG4Y3IB4Y3PG4Y3WB4Y60G4Y67B4Y6EG
765300,4Y10G4Y17B4Y37R4Y3BG4Y3IB4Y3LR4Y3PG4Y3WB4Y3ZR
765303,4Y10G4Y17B4Y3BG4Y3IB4Y3PG4Y3WB4Y60G4Y67B4Y6EG
765296,4Y10G4Y17B4Y37R4Y3BG4Y3IB4Y3LR4Y3PG4Y3WB4Y3ZR
831281,4Y10G4Y17B4Y37R4Y3BG4Y3IB4Y3LR4Y3PG4Y3WB4Y3ZR
764004,4Y10G4Y17B4Y3BG4Y3IB4Y3PG4Y3WB4Y60G4Y67B4Y6EG
765280,4Y10G4Y17B4Y3BG4Y3IB4Y3PG4Y3WB4Y60G4Y67B4Y6EG
765282,4Y10G4Y17B4Y37R4Y3BG4Y3IB4Y3LR4Y3PG4Y3WB4Y3ZR
700459,4Y10G4Y17B4Y3BG4Y3IB4Y3PG4Y3WB4Y60G4Y67B4Y6EG
765285,4Y10G4Y17B4Y37R4Y3BG4Y3IB4Y3LR4Y3PG4Y3WB4Y3ZR
764546,4Y10G4Y17B4Y3BG4Y3IB4Y3PG4Y3WB4Y60G4Y67B4Y6EG
861283,4Y10G4Y17B4Y37R4Y3BG4Y3IB4Y3LR4Y3PG4Y3WB4Y3ZR
721460,4Y10G4Y17B4Y3BG4Y3IB4Y3PG4Y3WB4Y60G4Y67B4Y6EG
721462,4Y10G4Y17B4Y37R4Y3BG4Y3IB4Y3LR4Y3PG4Y3WB4Y3ZR
721464,4Y10G4Y17B4Y3BG4Y3IB4Y3PG4Y3WB4Y60G4Y67B4Y6EG
1008977,4Y10G4Y17B4Y37R4Y3BG4Y3IB4Y3LR4Y3PG4Y3WB4Y3ZR
861286,4Y10G4Y17B4Y3BG4Y3IB4Y3PG4Y3WB4Y60G4Y67B4Y6EG
1027217,4Y10G4Y17B4Y37R4Y3BG4Y3IB4Y3LR4Y3PG4Y3WB4Y3ZR
704409,4Y10G4Y17B4Y3BG4Y3IB4Y3PG4Y3WB4Y60G4Y67B4Y6EG
721448,4Y10G4Y17B4Y37R4Y3BG4Y3IB4Y3LR4Y3PG4Y3WB4Y3ZR
721451,4Y10G4Y17B4Y3BG4Y3IB4Y3PG4Y3WB4Y60G4Y67B4Y6EG
783370,4Y10G4Y17B4Y37R4Y3BG4Y3IB4Y3LR4Y3PG4Y3WB4Y3ZR
721454,4Y10G4Y17B4Y3BG4Y3IB4Y3PG4Y3WB4Y60G4Y67B4Y6EG
704408,4Y10G4Y17B4Y37R4Y3BG4Y3IB4Y3LR4Y3PG4Y3WB4Y3ZR
721469,4Y10G4Y17B4Y3BG4Y3IB4Y3PG4Y3WB4Y60G4Y67B4Y6EG
721479,4Y10G4Y17B4Y37R4Y3BG4Y3IB4Y3LR4Y3PG4Y3WB4Y3ZR
765272,4Y10G4Y17B4Y3BG4Y3IB4Y3PG4Y3WB4Y60G4Y67B4Y6EG
721480,4Y10G4Y3BG4Y3PG4Y60G4Y6EG4Y8QG4Y94G
1128800,4Y10G4Y17B4Y37R4Y3BG4Y3IB4Y3LR4Y3PG4Y3WB4Y3ZR
721481,4Y10G4Y17B4Y37R4Y3BG4Y3IB4Y3LR4Y3PG4Y3WB4Y3ZR
721482,4Y10G4Y17B4Y37R4Y3BG4Y3IB4Y3LR4Y3PG4Y3WB4Y3ZR
721484,4Y10G4Y17B4Y37R4Y3BG4Y3IB4Y3LR4Y3PG4Y3WB4Y3ZR
720140,4Y10G4Y17B4Y37R4Y3BG4Y3IB4Y3LR4Y3PG4Y3WB4Y3ZR
720141,4Y10G4Y17B4Y37R4Y3BG4Y3IB4Y3LR4Y3PG4Y3WB4Y3ZR
861609,4Y10G4Y17B4Y37R4Y3BG4Y3IB4Y3LR4Y3PG4Y3WB4Y3ZR
721470,4Y10G4Y17B4Y37R4Y3BG4Y3IB4Y3LR4Y3PG4Y3WB4Y3ZR
861288,4Y10G4Y17B4Y37R4Y3BG4Y3IB4Y3LR4Y3PG4Y3WB4Y3ZR
721473,4Y10G4Y17B4Y37R4Y3BG4Y3IB4Y3LR4Y3PG4Y3WB4Y3ZR
721474,4Y10G4Y17B4Y37R4Y3BG4Y3IB4Y3LR4Y3PG4Y3WB4Y3ZR
721476,4Y17B4Y37R4Y3IB4Y3LR4Y3WB4Y3ZR4Y67B4Y6AR4Y6LB
721432,4Y10G4Y17B4Y37R4Y3BG4Y3IB4Y3LR4Y3PG4Y3WB4Y3ZR
721455,4Y10G4Y17B4Y37R4Y3BG4Y3IB4Y3LR4Y3PG4Y3WB4Y3ZR
722604,4Y10G4Y17B4Y37R4Y3BG4Y3IB4Y3LR4Y3PG4Y3WB4Y3ZR
722607,4Y10G4Y17B4Y37R4Y3BG4Y3IB4Y3LR4Y3PG4Y3WB4Y3ZR
1031617,4Y10G4Y17B4Y37R4Y3BG4Y3IB4Y3LR4Y3PG4Y3WB4Y3ZR
863058,4Y10G4Y17B4Y37R4Y3BG4Y3IB4Y3LR4Y3PG4Y3WB4Y3ZR
763612,4Y10G4Y17B4Y37R4Y3BG4Y3IB4Y3LR4Y3PG4Y3WB4Y3ZR
765274,4Y10G4Y17B4Y3BG4Y3IB4Y3PG4Y3WB4Y60G4Y67B4Y6EG
765275,4Y10G4Y17B4Y3BG4Y3IB4Y3PG4Y3WB4Y60G4Y67B4Y6EG
1119078,4Y12G4Y36B4Y38R4Y3DG4Y3KB4Y3MR4Y3RG4Y3YB4Y5XR
1119049,4Y12G4Y36B4Y3DG4Y3KB4Y3RG4Y3YB4Y62G4Y69B4Y6GG
1119077,4Y12G4Y36B4Y3DG4Y3KB4Y3RG4Y3YB4Y62G4Y69B4Y6GG
1119048,4Y12G4Y36B4Y3DG4Y3KB4Y3RG4Y3YB4Y62G4Y69B4Y6GG
1119051,4Y12G4Y36B4Y3DG4Y3KB4Y3RG4Y3YB4Y62G4Y69B4Y6GG
1119050,4Y12G4Y36B4Y3DG4Y3KB4Y3RG4Y3YB4Y62G4Y69B4Y6GG
1119052,4Y12G4Y36B4Y3DG4Y3KB4Y3RG4Y3YB4Y62G4Y69B4Y6GG
1119032,4Y12G4Y36B4Y3DG4Y3KB4Y3RG4Y3YB4Y62G4Y69B4Y6GG
1119068,4Y12G4Y36B4Y3DG4Y3KB4Y3RG4Y3YB4Y62G4Y69B4Y6GG
1119069,4Y12G4Y36B4Y3DG4Y3KB4Y3RG4Y3YB4Y62G4Y69B4Y6GG
1119070,4Y12G4Y36B4Y3DG4Y3KB4Y3RG4Y3YB4Y62G4Y69B4Y6GG
1119071,4Y12G4Y36B4Y3DG4Y3KB4Y3RG4Y3YB4Y62G4Y69B4Y6GG
1119072,4Y12G4Y36B4Y38R4Y3DG4Y3KB4Y3MR4Y3RG4Y3YB4Y5XR
1119041,4Y12G4Y36B4Y38R4Y3DG4Y3KB4Y3MR4Y3RG4Y3YB4Y5XR
1119073,4Y12G4Y36B4Y3DG4Y3KB4Y3RG4Y3YB4Y62G4Y69B4Y6GG
1119074,4Y12G4Y36B4Y3DG4Y3KB4Y3RG4Y3YB4Y62G4Y69B4Y6GG
1119075,4Y12G4Y36B4Y3DG4Y3KB4Y3RG4Y3YB4Y62G4Y69B4Y6GG
1119076,4Y12G4Y36B4Y3DG4Y3KB4Y3RG4Y3YB4Y62G4Y69B4Y6GG
1119042,4Y12G4Y36B4Y38R4Y3DG4Y3KB4Y3MR4Y3RG4Y3YB4Y5XR
1119043,4Y12G4Y36B4Y3DG4Y3KB4Y3RG4Y3YB4Y62G4Y69B4Y6GG
1119036,4Y12G4Y36B4Y38R4Y3DG4Y3KB4Y3MR4Y3RG4Y3YB4Y5XR
1119037,4Y12G4Y36B4Y38R4Y3DG4Y3KB4Y3MR4Y3RG4Y3YB4Y5XR
750043,4Y12G4Y36B4Y3DG4Y3KB4Y3RG4Y3YB4Y62G4Y69B4Y6GG
750042,4Y12G4Y36B4Y3DG4Y3KB4Y3RG4Y3YB4Y62G4Y69B4Y6GG
1119029,4Y12G4Y36B4Y3DG4Y3KB4Y3RG4Y3YB4Y62G4Y69B4Y6GG
709085,4Y12G4Y36B4Y3DG4Y3KB4Y3RG4Y3YB4Y62G4Y69B4Y6GG
709083,4Y12G4Y36B4Y3DG4Y3KB4Y3RG4Y3YB4Y62G4Y69B4Y6GG
710603,4Y12G4Y36B4Y38R4Y3DG4Y3KB4Y3MR4Y3RG4Y3YB4Y5XR
782783,4Y12G4Y36B4Y3DG4Y3KB4Y3RG4Y3YB4Y62G4Y69B4Y6GG
710605,4Y12G4Y36B4Y38R4Y3DG4Y3KB4Y3MR4Y3RG4Y3YB4Y5XR
709078,4Y12G4Y36B4Y3DG4Y3KB4Y3RG4Y3YB4Y62G4Y69B4Y6GG
710606,4Y12G4Y36B4Y38R4Y3DG4Y3KB4Y3MR4Y3RG4Y3YB4Y5XR
709073,4Y12G4Y36B4Y3DG4Y3KB4Y3RG4Y3YB4Y62G4Y69B4Y6GG
1119038,4Y12G4Y36B4Y38R4Y3DG4Y3KB4Y3MR4Y3RG4Y3YB4Y5XR
784319,4Y12G4Y36B4Y38R4Y3DG4Y3KB4Y3MR4Y3RG4Y3YB4Y5XR
659566,4Y12G4Y36B4Y3DG4Y3KB4Y3RG4Y3YB4Y62G4Y69B4Y6GG
711030,4Y12G4Y36B4Y38R4Y3DG4Y3KB4Y3MR4Y3RG4Y3YB4Y5XR
709067,4Y12G4Y36B4Y3DG4Y3KB4Y3RG4Y3YB4Y62G4Y69B4Y6GG
784326,4Y12G4Y36B4Y38R4Y3DG4Y3KB4Y3MR4Y3RG4Y3YB4Y5XR
709065,4Y12G4Y36B4Y3DG4Y3KB4Y3RG4Y3YB4Y62G4Y69B4Y6GG
711046,4Y12G4Y36B4Y38R4Y3DG4Y3KB4Y3MR4Y3RG4Y3YB4Y5XR
709063,4Y12G4Y36B4Y3DG4Y3KB4Y3RG4Y3YB4Y62G4Y69B4Y6GG
749164,4Y12G4Y36B4Y38R4Y3DG4Y3KB4Y3MR4Y3RG4Y3YB4Y5XR
709062,4Y12G4Y36B4Y3DG4Y3KB4Y3RG4Y3YB4Y62G4Y69B4Y6GG
1119030,4Y12G4Y36B4Y3DG4Y3KB4Y3RG4Y3YB4Y62G4Y69B4Y6GG
749182,4Y12G4Y36B4Y38R4Y3DG4Y3KB4Y3MR4Y3RG4Y3YB4Y5XR
709057,4Y12G4Y36B4Y3DG4Y3KB4Y3RG4Y3YB4Y62G4Y69B4Y6GG
749200,4Y12G4Y36B4Y38R4Y3DG4Y3KB4Y3MR4Y3RG4Y3YB4Y5XR
709054,4Y12G4Y36B4Y3DG4Y3KB4Y3RG4Y3YB4Y62G4Y69B4Y6GG
749201,4Y12G4Y36B4Y38R4Y3DG4Y3KB4Y3MR4Y3RG4Y3YB4Y5XR
709050,4Y12G4Y36B4Y3DG4Y3KB4Y3RG4Y3YB4Y62G4Y69B4Y6GG
735971,4Y12G4Y36B4Y38R4Y3DG4Y3KB4Y3MR4Y3RG4Y3YB4Y5XR
709049,4Y12G4Y36B4Y3DG4Y3KB4Y3RG4Y3YB4Y62G4Y69B4Y6GG
749518,4Y12G4Y36B4Y38R4Y3DG4Y3KB4Y3MR4Y3RG4Y3YB4Y5XR
708191,4Y12G4Y36B4Y3DG4Y3KB4Y3RG4Y3YB4Y62G4Y69B4Y6GG
1119039,4Y12G4Y36B4Y38R4Y3DG4Y3KB4Y3MR4Y3RG4Y3YB4Y5XR
749520,4Y12G4Y36B4Y38R4Y3DG4Y3KB4Y3MR4Y3RG4Y3YB4Y5XR
711439,4Y12G4Y36B4Y3DG4Y3KB4Y3RG4Y3YB4Y62G4Y69B4Y6GG
828849,4Y12G4Y36B4Y38R4Y3DG4Y3KB4Y3MR4Y3RG4Y3YB4Y5XR
1119053,4Y12G4Y36B4Y3DG4Y3KB4Y3RG4Y3YB4Y62G4Y69B4Y6GG
749521,4Y12G4Y36B4Y38R4Y3DG4Y3KB4Y3MR4Y3RG4Y3YB4Y5XR
1119054,4Y12G4Y36B4Y3DG4Y3KB4Y3RG4Y3YB4Y62G4Y69B4Y6GG
660788,4Y12G4Y36B4Y38R4Y3DG4Y3KB4Y3MR4Y3RG4Y3YB4Y5XR
1119055,4Y12G4Y36B4Y3DG4Y3KB4Y3RG4Y3YB4Y62G4Y69B4Y6GG
711095,4Y12G4Y36B4Y38R4Y3DG4Y3KB4Y3MR4Y3RG4Y3YB4Y5XR
1119056,4Y12G4Y36B4Y3DG4Y3KB4Y3RG4Y3YB4Y62G4Y69B4Y6GG
1119031,4Y12G4Y36B4Y38R4Y3DG4Y3KB4Y3MR4Y3RG4Y3YB4Y5XR
711429,4Y12G4Y36B4Y38R4Y3DG4Y3KB4Y3MR4Y3RG4Y3YB4Y5XR
1119057,4Y12G4Y36B4Y3DG4Y3KB4Y3RG4Y3YB4Y62G4Y69B4Y6GG
659563,4Y12G4Y36B4Y38R4Y3DG4Y3KB4Y3MR4Y3RG4Y3YB4Y5XR
1119058,4Y12G4Y36B4Y3DG4Y3KB4Y3RG4Y3YB4Y62G4Y69B4Y6GG
1119081,4Y12G4Y36B4Y38R4Y3DG4Y3KB4Y3MR4Y3RG4Y3YB4Y5XR
1119059,4Y12G4Y36B4Y3DG4Y3KB4Y3RG4Y3YB4Y62G4Y69B4Y6GG
1119080,4Y12G4Y36B4Y3DG4Y3KB4Y3RG4Y3YB4Y62G4Y69B4Y6GG
1119047,4Y12G4Y36B4Y3DG4Y3KB4Y3RG4Y3YB4Y62G4Y69B4Y6GG
1119079,4Y12G4Y36B4Y3DG4Y3KB4Y3RG4Y3YB4Y62G4Y69B4Y6GG
1119046,4Y12G4Y36B4Y3DG4Y3KB4Y3RG4Y3YB4Y62G4Y69B4Y6GG
1119040,4Y12G4Y36B4Y38R4Y3DG4Y3KB4Y3MR4Y3RG4Y3YB4Y5XR
1119023,4Y12G4Y36B4Y3DG4Y3KB4Y3RG4Y3YB4Y62G4Y69B4Y6GG
1119024,4Y12G4Y36B4Y3DG4Y3KB4Y3RG4Y3YB4Y62G4Y69B4Y6GG
1119025,4Y12G4Y36B4Y3DG4Y3KB4Y3RG4Y3YB4Y62G4Y69B4Y6GG
1119026,4Y12G4Y36B4Y3DG4Y3KB4Y3RG4Y3YB4Y62G4Y69B4Y6GG
1119027,4Y12G4Y36B4Y3DG4Y3KB4Y3RG4Y3YB4Y62G4Y69B4Y6GG
1119028,4Y12G4Y36B4Y3DG4Y3KB4Y3RG4Y3YB4Y62G4Y69B4Y6GG
1054100,4Y12G4Y36B4Y3DG4Y3KB4Y3RG4Y3YB4Y62G4Y69B4Y6GG
707637,4Y12G4Y17R4Y36B4Y3DG4Y3IR4Y3KB4Y3RG4Y3WR4Y3YB
733573,4Y12G4Y17R4Y36B4Y3DG4Y3IR4Y3KB4Y3RG4Y3WR4Y3YB
708272,4Y12G4Y17R4Y36B4Y3DG4Y3IR4Y3KB4Y3RG4Y3WR4Y3YB
706966,4Y12G4Y17R4Y36B4Y3DG4Y3IR4Y3KB4Y3RG4Y3WR4Y3YB
968941,4Y10G4Y17B4Y3BG4Y3IB4Y3PG4Y3WB4Y60G4Y67B4Y6EG
779690,4Y10G4Y17B4Y36R4Y3BG4Y3IB4Y3KR4Y3PG4Y3WB4Y3YR
968943,4Y10G4Y17B4Y36R4Y3BG4Y3IB4Y3KR4Y3PG4Y3WB4Y3YR
968944,4Y10G4Y17B4Y36R4Y3BG4Y3IB4Y3KR4Y3PG4Y3WB4Y3YR
968946,4Y10G4Y17B4Y36R4Y3BG4Y3IB4Y3KR4Y3PG4Y3WB4Y3YR
968947,4Y10G4Y17B4Y36R4Y3BG4Y3IB4Y3KR4Y3PG4Y3WB4Y3YR
968668,4Y10G4Y17B4Y36R4Y3BG4Y3IB4Y3KR4Y3PG4Y3WB4Y3YR
967248,4Y10G4Y17B4Y36R4Y3BG4Y3IB4Y3KR4Y3PG4Y3WB4Y3YR
664487,4Y10G4Y17B4Y36R4Y3BG4Y3IB4Y3KR4Y3PG4Y3WB4Y3YR
968940,4Y10G4Y17B4Y36R4Y3BG4Y3IB4Y3KR4Y3PG4Y3WB4Y3YR
964117,4Y10G4Y17B4Y36R4Y3BG4Y3IB4Y3KR4Y3PG4Y3WB4Y3YR
779689,4Y10G4Y17B4Y36R4Y3BG4Y3IB4Y3KR4Y3PG4Y3WB4Y3YR
968932,4Y10G4Y17B4Y36R4Y3BG4Y3IB4Y3KR4Y3PG4Y3WB4Y3YR
968934,4Y10G4Y17B4Y36R4Y3BG4Y3IB4Y3KR4Y3PG4Y3WB4Y3YR
968936,4Y10G4Y17B4Y36R4Y3BG4Y3IB4Y3KR4Y3PG4Y3WB4Y3YR
786763,4Y10G4Y17B4Y36R4Y3BG4Y3IB4Y3KR4Y3PG4Y3WB4Y3YR
968937,4Y10G4Y17B4Y36R4Y3BG4Y3IB4Y3KR4Y3PG4Y3WB4Y3YR
968938,4Y10G4Y17B4Y36R4Y3BG4Y3IB4Y3KR4Y3PG4Y3WB4Y3YR
968939,4Y10G4Y17B4Y36R4Y3BG4Y3IB4Y3KR4Y3PG4Y3WB4Y3YR
664488,4Y12G4Y36B4Y36R4Y3DG4Y3KB4Y3KR4Y3RG4Y3YB4Y3YR
1010957,4Y12G4Y36B4Y36R4Y3DG4Y3KB4Y3KR4Y3RG4Y3YB4Y3YR
964106,4Y12G4Y36B4Y36R4Y3DG4Y3KB4Y3KR4Y3RG4Y3YB4Y3YR
964107,4Y12G4Y36B4Y36R4Y3DG4Y3KB4Y3KR4Y3RG4Y3YB4Y3YR
964109,4Y12G4Y36B4Y36R4Y3DG4Y3KB4Y3KR4Y3RG4Y3YB4Y3YR
964111,4Y12G4Y36B4Y36R4Y3DG4Y3KB4Y3KR4Y3RG4Y3YB4Y3YR
964113,4Y12G4Y36B4Y36R4Y3DG4Y3KB4Y3KR4Y3RG4Y3YB4Y3YR
964133,4Y12G4Y36B4Y36R4Y3DG4Y3KB4Y3KR4Y3RG4Y3YB4Y3YR
776732,4Y12G4Y36B4Y36R4Y3DG4Y3KB4Y3KR4Y3RG4Y3YB4Y3YR
776738,4Y12G4Y36B4Y36R4Y3DG4Y3KB4Y3KR4Y3RG4Y3YB4Y3YR
964128,4Y12G4Y36B4Y36R4Y3DG4Y3KB4Y3KR4Y3RG4Y3YB4Y3YR
788251,4Y12G4Y36B4Y36R4Y3DG4Y3KB4Y3KR4Y3RG4Y3YB4Y3YR
964130,4Y12G4Y36B4Y36R4Y3DG4Y3KB4Y3KR4Y3RG4Y3YB4Y3YR
781691,4Y12G4Y36B4Y36R4Y3DG4Y3KB4Y3KR4Y3RG4Y3YB4Y3YR
964118,4Y12G4Y36B4Y36R4Y3DG4Y3KB4Y3KR4Y3RG4Y3YB4Y3YR
964125,4Y12G4Y36B4Y36R4Y3DG4Y3KB4Y3KR4Y3RG4Y3YB4Y3YR
963761,4Y12G4Y36B4Y36R4Y3DG4Y3KB4Y3KR4Y3RG4Y3YB4Y3YR
963762,4Y12G4Y36B4Y36R4Y3DG4Y3KB4Y3KR4Y3RG4Y3YB4Y3YR
664486,4Y12G4Y36B4Y36R4Y3DG4Y3KB4Y3KR4Y3RG4Y3YB4Y3YR
963765,4Y12G4Y36B4Y36R4Y3DG4Y3KB4Y3KR4Y3RG4Y3YB4Y3YR
964120,4Y12G4Y36B4Y36R4Y3DG4Y3KB4Y3KR4Y3RG4Y3YB4Y3YR
964102,4Y12G4Y36B4Y36R4Y3DG4Y3KB4Y3KR4Y3RG4Y3YB4Y3YR
781689,4Y12G4Y36B4Y36R4Y3DG4Y3KB4Y3KR4Y3RG4Y3YB4Y3YR
964103,4Y12G4Y36B4Y36R4Y3DG4Y3KB4Y3KR4Y3RG4Y3YB4Y3YR
964122,4Y12G4Y36B4Y36R4Y3DG4Y3KB4Y3KR4Y3RG4Y3YB4Y3YR
964124,4Y12G4Y36B4Y36R4Y3DG4Y3KB4Y3KR4Y3RG4Y3YB4Y3YR
964115,4Y12G4Y36B4Y36R4Y3DG4Y3KB4Y3KR4Y3RG4Y3YB4Y3YR
964127,4Y12G4Y36B4Y36R4Y3DG4Y3KB4Y3KR4Y3RG4Y3YB4Y3YR
833495,4Y12B4Y36G4Y38R4Y3DB4Y3KG4Y3MR4Y3RB4Y3YG4Y5XR
833451,4Y13B4Y35R4Y37G4Y3EB4Y3JR4Y3LG4Y3SB4Y3XR4Y3ZG
833449,4Y13B4Y35R4Y37G4Y3EB4Y3JR4Y3LG4Y3SB4Y3XR4Y3ZG
777493,4Y13B4Y35R4Y37G4Y3EB4Y3JR4Y3LG4Y3SB4Y3XR4Y3ZG
777492,4Y13B4Y35R4Y37G4Y3EB4Y3JR4Y3LG4Y3SB4Y3XR4Y3ZG
833442,4Y13B4Y35R4Y37G4Y3EB4Y3JR4Y3LG4Y3SB4Y3XR4Y3ZG
833106,4Y13B4Y35R4Y37G4Y3EB4Y3JR4Y3LG4Y3SB4Y3XR4Y3ZG
777490,4Y13B4Y35R4Y37G4Y3EB4Y3JR4Y3LG4Y3SB4Y3XR4Y3ZG
828170,4Y13B4Y35R4Y37G4Y3EB4Y3JR4Y3LG4Y3SB4Y3XR4Y3ZG
833122,4Y13B4Y35R4Y37G4Y3EB4Y3JR4Y3LG4Y3SB4Y3XR4Y3ZG
777497,4Y13B4Y35R4Y37G4Y3EB4Y3JR4Y3LG4Y3SB4Y3XR4Y3ZG
777494,4Y13B4Y35R4Y37G4Y3EB4Y3JR4Y3LG4Y3SB4Y3XR4Y3ZG
831749,4Y13B4Y35R4Y37G4Y3EB4Y3JR4Y3LG4Y3SB4Y3XR4Y3ZG
831767,4Y13B4Y35R4Y37G4Y3EB4Y3JR4Y3LG4Y3SB4Y3XR4Y3ZG
831771,4Y13B4Y37G4Y3EB4Y3LG4Y3SB4Y3ZG4Y63B4Y6AG4Y6HB
777441,4Y13B4Y35R4Y37G4Y3EB4Y3JR4Y3LG4Y3SB4Y3XR4Y3ZG
659152,4Y13B4Y35R4Y37G4Y3EB4Y3JR4Y3LG4Y3SB4Y3XR4Y3ZG
659151,4Y13B4Y35R4Y37G4Y3EB4Y3JR4Y3LG4Y3SB4Y3XR4Y3ZG
831782,4Y13B4Y35R4Y37G4Y3EB4Y3JR4Y3LG4Y3SB4Y3XR4Y3ZG
829236,4Y13B4Y37G4Y3EB4Y3LG4Y3SB4Y3ZG4Y63B4Y6AG4Y6HB
831762,4Y13B4Y35R4Y37G4Y3EB4Y3JR4Y3LG4Y3SB4Y3XR4Y3ZG
794767,4Y13B4Y35R4Y37G4Y3EB4Y3JR4Y3LG4Y3SB4Y3XR4Y3ZG
833125,4Y13B4Y35R4Y37G4Y3EB4Y3JR4Y3LG4Y3SB4Y3XR4Y3ZG
833458,4Y13B4Y35R4Y37G4Y3EB4Y3JR4Y3LG4Y3SB4Y3XR4Y3ZG
833455,4Y13B4Y35R4Y37G4Y3EB4Y3JR4Y3LG4Y3SB4Y3XR4Y3ZG
705310,4Y13B4Y35R4Y37G4Y3EB4Y3JR4Y3LG4Y3SB4Y3XR4Y3ZG
898239,4Y13B4Y35R4Y37G4Y3EB4Y3JR4Y3LG4Y3SB4Y3XR4Y3ZG
732952,4Y13B4Y35R4Y37G4Y3EB4Y3JR4Y3LG4Y3SB4Y3XR4Y3ZG
903182,4Y13B4Y35R4Y37G4Y3EB4Y3JR4Y3LG4Y3SB4Y3XR4Y3ZG
732957,4Y13B4Y35R4Y37G4Y3EB4Y3JR4Y3LG4Y3SB4Y3XR4Y3ZG
732956,4Y13B4Y35R4Y37G4Y3EB4Y3JR4Y3LG4Y3SB4Y3XR4Y3ZG
732944,4Y13B4Y35R4Y37G4Y3EB4Y3JR4Y3LG4Y3SB4Y3XR4Y3ZG
732943,4Y13B4Y35R4Y37G4Y3EB4Y3JR4Y3LG4Y3SB4Y3XR4Y3ZG
732942,4Y13B4Y37G4Y3EB4Y3LG4Y3SB4Y3ZG4Y63B4Y6AG4Y6HB
732959,4Y13B4Y35R4Y37G4Y3EB4Y3JR4Y3LG4Y3SB4Y3XR4Y3ZG
903179,4Y13B4Y35R4Y37G4Y3EB4Y3JR4Y3LG4Y3SB4Y3XR4Y3ZG
732963,4Y13B4Y35R4Y37G4Y3EB4Y3JR4Y3LG4Y3SB4Y3XR4Y3ZG
732962,4Y13B4Y35R4Y37G4Y3EB4Y3JR4Y3LG4Y3SB4Y3XR4Y3ZG
732961,4Y13B4Y35R4Y37G4Y3EB4Y3JR4Y3LG4Y3SB4Y3XR4Y3ZG
898238,4Y13B4Y35R4Y37G4Y3EB4Y3JR4Y3LG4Y3SB4Y3XR4Y3ZG
828167,4Y13B4Y35R4Y37G4Y3EB4Y3JR4Y3LG4Y3SB4Y3XR4Y3ZG
833055,4Y13B4Y35R4Y37G4Y3EB4Y3JR4Y3LG4Y3SB4Y3XR4Y3ZG
831791,4Y13B4Y35R4Y37G4Y3EB4Y3JR4Y3LG4Y3SB4Y3XR4Y3ZG
831788,4Y13B4Y37G4Y3EB4Y3LG4Y3SB4Y3ZG4Y63B4Y6AG4Y6HB
831785,4Y13B4Y37G4Y3EB4Y3LG4Y3SB4Y3ZG4Y63B4Y6AG4Y6HB
794763,4Y13B4Y35R4Y37G4Y3EB4Y3JR4Y3LG4Y3SB4Y3XR4Y3ZG
831784,4Y13B4Y35R4Y37G4Y3EB4Y3JR4Y3LG4Y3SB4Y3XR4Y3ZG
1011149,4Y13B4Y35R4Y37G4Y3EB4Y3JR4Y3LG4Y3SB4Y3XR4Y3ZG
830386,4Y13B4Y35R4Y37G4Y3EB4Y3JR4Y3LG4Y3SB4Y3XR4Y3ZG
777440,4Y13B4Y35R4Y37G4Y3EB4Y3JR4Y3LG4Y3SB4Y3XR4Y3ZG
831800,4Y13B4Y37G4Y3EB4Y3LG4Y3SB4Y3ZG4Y63B4Y6AG4Y6HB
833481,4Y13B4Y35R4Y37G4Y3EB4Y3JR4Y3LG4Y3SB4Y3XR4Y3ZG
833477,4Y13B4Y35R4Y37G4Y3EB4Y3JR4Y3LG4Y3SB4Y3XR4Y3ZG
836398,4Y13B4Y37G4Y39R4Y3EB4Y3LG4Y3NR4Y3SB4Y3ZG4Y5YR
827266,4Y13B4Y37G4Y39R4Y3EB4Y3LG4Y3NR4Y3SB4Y3ZG4Y5YR
836400,4Y13B4Y37G4Y39R4Y3EB4Y3LG4Y3NR4Y3SB4Y3ZG4Y5YR
834845,4Y13B4Y37G4Y3EB4Y3LG4Y3SB4Y3ZG4Y63B4Y6AG4Y6HB
827251,4Y13B4Y37G4Y3EB4Y3LG4Y3SB4Y3ZG4Y63B4Y6AG4Y6HB
659153,4Y13B4Y37G4Y3EB4Y3LG4Y3SB4Y3ZG4Y63B4Y6AG4Y6HB
835185,4Y13B4Y37G4Y39R4Y3EB4Y3LG4Y3NR4Y3SB4Y3ZG4Y5YR
836071,4Y13B4Y37G4Y39R4Y3EB4Y3LG4Y3NR4Y3SB4Y3ZG4Y5YR
835178,4Y13B4Y37G4Y39R4Y3EB4Y3LG4Y3NR4Y3SB4Y3ZG4Y5YR
1003394,4Y13B4Y37G4Y39R4Y3EB4Y3LG4Y3NR4Y3SB4Y3ZG4Y5YR
831792,4Y13B4Y37G4Y39R4Y3EB4Y3LG4Y3NR4Y3SB4Y3ZG4Y5YR
831795,4Y13B4Y37G4Y39R4Y3EB4Y3LG4Y3NR4Y3SB4Y3ZG4Y5YR
777449,4Y13B4Y37G4Y39R4Y3EB4Y3LG4Y3NR4Y3SB4Y3ZG4Y5YR
836394,4Y13B4Y37G4Y39R4Y3EB4Y3LG4Y3NR4Y3SB4Y3ZG4Y5YR
836079,4Y13B4Y37G4Y39R4Y3EB4Y3LG4Y3NR4Y3SB4Y3ZG4Y5YR
1003393,4Y13B4Y37G4Y39R4Y3EB4Y3LG4Y3NR4Y3SB4Y3ZG4Y5YR
836073,4Y13B4Y37G4Y39R4Y3EB4Y3LG4Y3NR4Y3SB4Y3ZG4Y5YR
836406,4Y13B4Y37G4Y39R4Y3EB4Y3LG4Y3NR4Y3SB4Y3ZG4Y5YR
836413,4Y13B4Y35R4Y37G4Y3EB4Y3JR4Y3LG4Y3SB4Y3XR4Y3ZG
836426,4Y13B4Y35R4Y37G4Y3EB4Y3JR4Y3LG4Y3SB4Y3XR4Y3ZG
836431,4Y13B4Y35R4Y37G4Y3EB4Y3JR4Y3LG4Y3SB4Y3XR4Y3ZG
836427,4Y13B4Y35R4Y37G4Y3EB4Y3JR4Y3LG4Y3SB4Y3XR4Y3ZG
659154,4Y13B4Y35R4Y37G4Y3EB4Y3JR4Y3LG4Y3SB4Y3XR4Y3ZG
834829,4Y13B4Y35R4Y37G4Y3EB4Y3JR4Y3LG4Y3SB4Y3XR4Y3ZG
836433,4Y13B4Y35R4Y37G4Y3EB4Y3JR4Y3LG4Y3SB4Y3XR4Y3ZG
836436,4Y13B4Y35R4Y37G4Y3EB4Y3JR4Y3LG4Y3SB4Y3XR4Y3ZG
836434,4Y13B4Y37G4Y3EB4Y3LG4Y3SB4Y3ZG4Y63B4Y6AG4Y6HB
836453,4Y13B4Y35R4Y37G4Y3EB4Y3JR4Y3LG4Y3SB4Y3XR4Y3ZG
1003396,4Y13B4Y35R4Y37G4Y3EB4Y3JR4Y3LG4Y3SB4Y3XR4Y3ZG
836450,4Y13B4Y35R4Y37G4Y3EB4Y3JR4Y3LG4Y3SB4Y3XR4Y3ZG
780052,4Y13B4Y35R4Y37G4Y3EB4Y3JR4Y3LG4Y3SB4Y3XR4Y3ZG
836420,4Y13B4Y35R4Y37G4Y3EB4Y3JR4Y3LG4Y3SB4Y3XR4Y3ZG
836417,4Y13B4Y35R4Y37G4Y3EB4Y3JR4Y3LG4Y3SB4Y3XR4Y3ZG
834830,4Y13B4Y37G4Y39R4Y3EB4Y3LG4Y3NR4Y3SB4Y3ZG4Y5YR
834833,4Y13B4Y37G4Y39R4Y3EB4Y3LG4Y3NR4Y3SB4Y3ZG4Y5YR
834839,4Y13B4Y37G4Y3EB4Y3LG4Y3SB4Y3ZG4Y63B4Y6AG4Y6HB
834806,4Y13B4Y37G4Y39R4Y3EB4Y3LG4Y3NR4Y3SB4Y3ZG4Y5YR
834793,4Y13B4Y37G4Y39R4Y3EB4Y3LG4Y3NR4Y3SB4Y3ZG4Y5YR
834796,4Y13B4Y37G4Y39R4Y3EB4Y3LG4Y3NR4Y3SB4Y3ZG4Y5YR
834800,4Y13B4Y37G4Y39R4Y3EB4Y3LG4Y3NR4Y3SB4Y3ZG4Y5YR
834814,4Y13B4Y37G4Y39R4Y3EB4Y3LG4Y3NR4Y3SB4Y3ZG4Y5YR
834817,4Y13B4Y37G4Y39R4Y3EB4Y3LG4Y3NR4Y3SB4Y3ZG4Y5YR
834763,4Y13B4Y37G4Y39R4Y3EB4Y3LG4Y3NR4Y3SB4Y3ZG4Y5YR
834808,4Y13B4Y37G4Y39R4Y3EB4Y3LG4Y3NR4Y3SB4Y3ZG4Y5YR
836759,4Y13B4Y37G4Y39R4Y3EB4Y3LG4Y3NR4Y3SB4Y3ZG4Y5YR
836802,4Y13B4Y37G4Y39R4Y3EB4Y3LG4Y3NR4Y3SB4Y3ZG4Y5YR
1009668,4Y13B4Y13B4Y37G4Y39R4Y3EB4Y3EB4Y3LG4Y3NR4Y3SB
834785,4Y13B4Y37G4Y39R4Y3EB4Y3LG4Y3NR4Y3SB4Y3ZG4Y5YR
778776,4Y13B4Y37G4Y39R4Y3EB4Y3LG4Y3NR4Y3SB4Y3ZG4Y5YR
834824,4Y13B4Y37G4Y39R4Y3EB4Y3LG4Y3NR4Y3SB4Y3ZG4Y5YR
834819,4Y13B4Y37G4Y39R4Y3EB4Y3LG4Y3NR4Y3SB4Y3ZG4Y5YR
834825,4Y13B4Y37G4Y39R4Y3EB4Y3LG4Y3NR4Y3SB4Y3ZG4Y5YR
834837,4Y13B4Y37G4Y39R4Y3EB4Y3LG4Y3NR4Y3SB4Y3ZG4Y5YR
897611,4Y13B4Y35R4Y37G4Y3EB4Y3JR4Y3LG4Y3SB4Y3XR4Y3ZG
793557,4Y13B4Y35R4Y37G4Y3EB4Y3JR4Y3LG4Y3SB4Y3XR4Y3ZG
792645,4Y13B4Y35R4Y37G4Y3EB4Y3JR4Y3LG4Y3SB4Y3XR4Y3ZG
733872,4Y13B4Y35R4Y37G4Y3EB4Y3JR4Y3LG4Y3SB4Y3XR4Y3ZG
792638,4Y13B4Y37G4Y3EB4Y3LG4Y3SB4Y3ZG4Y63B4Y6AG4Y6HB
792642,4Y13B4Y37G4Y3EB4Y3LG4Y3SB4Y3ZG4Y63B4Y6AG4Y6HB
792655,4Y13B4Y35R4Y37G4Y3EB4Y3JR4Y3LG4Y3SB4Y3XR4Y3ZG
792658,4Y13B4Y35R4Y37G4Y3EB4Y3JR4Y3LG4Y3SB4Y3XR4Y3ZG
733873,4Y13B4Y37G4Y3EB4Y3LG4Y3SB4Y3ZG4Y63B4Y6AG4Y6HB
793561,4Y13B4Y35R4Y37G4Y3EB4Y3JR4Y3LG4Y3SB4Y3XR4Y3ZG
739222,4Y13B4Y35R4Y37G4Y3EB4Y3JR4Y3LG4Y3SB4Y3XR4Y3ZG
791351,4Y13B4Y35R4Y37G4Y3EB4Y3JR4Y3LG4Y3SB4Y3XR4Y3ZG
791346,4Y13B4Y37G4Y3EB4Y3LG4Y3SB4Y3ZG4Y63B4Y6AG4Y6HB
791354,4Y13B4Y35R4Y37G4Y3EB4Y3JR4Y3LG4Y3SB4Y3XR4Y3ZG
791323,4Y13B4Y37G4Y3EB4Y3LG4Y3SB4Y3ZG4Y63B4Y6AG4Y6HB
791339,4Y13B4Y37G4Y3EB4Y3LG4Y3SB4Y3ZG4Y63B4Y6AG4Y6HB
739217,4Y13B4Y35R4Y37G4Y3EB4Y3JR4Y3LG4Y3SB4Y3XR4Y3ZG
792226,4Y13B4Y35R4Y37G4Y3EB4Y3JR4Y3LG4Y3SB4Y3XR4Y3ZG
792222,4Y13B4Y35R4Y37G4Y3EB4Y3JR4Y3LG4Y3SB4Y3XR4Y3ZG
792220,4Y13B4Y37G4Y3EB4Y3LG4Y3SB4Y3ZG4Y63B4Y6AG4Y6HB
659148,4Y13B4Y35R4Y37G4Y3EB4Y3JR4Y3LG4Y3SB4Y3XR4Y3ZG
796499,4Y13B4Y35R4Y37G4Y3EB4Y3JR4Y3LG4Y3SB4Y3XR4Y3ZG
796491,4Y13B4Y35R4Y37G4Y3EB4Y3JR4Y3LG4Y3SB4Y3XR4Y3ZG
796495,4Y13B4Y35R4Y37G4Y3EB4Y3JR4Y3LG4Y3SB4Y3XR4Y3ZG
796492,4Y13B4Y37G4Y3EB4Y3LG4Y3SB4Y3ZG4Y63B4Y6AG4Y6HB
796512,4Y13B4Y35R4Y37G4Y3EB4Y3JR4Y3LG4Y3SB4Y3XR4Y3ZG
796502,4Y13B4Y35R4Y37G4Y3EB4Y3JR4Y3LG4Y3SB4Y3XR4Y3ZG
796507,4Y13B4Y35R4Y37G4Y3EB4Y3JR4Y3LG4Y3SB4Y3XR4Y3ZG
739167,4Y13B4Y35R4Y37G4Y3EB4Y3JR4Y3LG4Y3SB4Y3XR4Y3ZG
1010386,4Y13B4Y35R4Y37G4Y3EB4Y3JR4Y3LG4Y3SB4Y3XR4Y3ZG
659147,4Y13B4Y35R4Y37G4Y3EB4Y3JR4Y3LG4Y3SB4Y3XR4Y3ZG
796473,4Y13B4Y35R4Y37G4Y3EB4Y3JR4Y3LG4Y3SB4Y3XR4Y3ZG
796471,4Y13B4Y35R4Y37G4Y3EB4Y3JR4Y3LG4Y3SB4Y3XR4Y3ZG
796489,4Y13B4Y37G4Y3EB4Y3LG4Y3SB4Y3ZG4Y63B4Y6AG4Y6HB
796485,4Y13B4Y35R4Y37G4Y3EB4Y3JR4Y3LG4Y3SB4Y3XR4Y3ZG
796482,4Y13B4Y35R4Y37G4Y3EB4Y3JR4Y3LG4Y3SB4Y3XR4Y3ZG
1145071,4Y13B4Y35R4Y37G4Y3EB4Y3JR4Y3LG4Y3SB4Y3XR4Y3ZG
791343,4Y13B4Y35R4Y37G4Y3EB4Y3JR4Y3LG4Y3SB4Y3XR4Y3ZG
659149,4Y13B4Y35R4Y37G4Y3EB4Y3JR4Y3LG4Y3SB4Y3XR4Y3ZG
791334,4Y13B4Y37G4Y3EB4Y3LG4Y3SB4Y3ZG4Y63B4Y6AG4Y6HB
796461,4Y13B4Y37G4Y3EB4Y3LG4Y3SB4Y3ZG4Y63B4Y6AG4Y6HB
791329,4Y13B4Y37G4Y3EB4Y3LG4Y3SB4Y3ZG4Y63B4Y6AG4Y6HB
830758,4Y13B4Y37G4Y3EB4Y3LG4Y3SB4Y3ZG4Y63B4Y6AG4Y6HB
792579,4Y13B4Y37G4Y3EB4Y3LG4Y3SB4Y3ZG4Y63B4Y6AG4Y6HB
792577,4Y13B4Y37G4Y3EB4Y3LG4Y3SB4Y3ZG4Y63B4Y6AG4Y6HB
792572,4Y13B4Y37G4Y3EB4Y3LG4Y3SB4Y3ZG4Y63B4Y6AG4Y6HB
792230,4Y13B4Y37G4Y3EB4Y3LG4Y3SB4Y3ZG4Y63B4Y6AG4Y6HB
796469,4Y13B4Y37G4Y3EB4Y3LG4Y3SB4Y3ZG4Y63B4Y6AG4Y6HB
796465,4Y13B4Y37G4Y3EB4Y3LG4Y3SB4Y3ZG4Y63B4Y6AG4Y6HB
791360,4Y13B4Y35R4Y37G4Y3EB4Y3JR4Y3LG4Y3SB4Y3XR4Y3ZG
946759,4Y13B4Y37G4Y3EB4Y3LG4Y3SB4Y3ZG4Y63B4Y6AG4Y6HB
737954,4Y15B4Y39G4Y3GB4Y3NG4Y3UB4Y5YG4Y65B4Y6CG4Y6JB
736341,4Y15B4Y39G4Y39R4Y3GB4Y3NG4Y3NR4Y3UB4Y5YG4Y5YR
836753,4Y15B4Y39G4Y39R4Y3GB4Y3NG4Y3NR4Y3UB4Y5YG4Y5YR
736338,4Y15B4Y39G4Y39R4Y3GB4Y3NG4Y3NR4Y3UB4Y5YG4Y5YR
836766,4Y15B4Y39G4Y3GB4Y3NG4Y3UB4Y5YG4Y65B4Y6CG4Y6JB
836768,4Y15B4Y39G4Y3GB4Y3NG4Y3UB4Y5YG4Y65B4Y6CG4Y6JB
836772,4Y15B4Y39G4Y3GB4Y3NG4Y3UB4Y5YG4Y65B4Y6CG4Y6JB
1136895,4Y15B4Y39G4Y39R4Y3GB4Y3NG4Y3NR4Y3UB4Y5YG4Y5YR
1136896,4Y15B4Y39G4Y3GB4Y3NG4Y3UB4Y5YG4Y65B4Y6CG4Y6JB
1136897,4Y15B4Y39G4Y39R4Y3GB4Y3NG4Y3NR4Y3UB4Y5YG4Y5YR
793920,4Y15B4Y39G4Y3GB4Y3NG4Y3UB4Y5YG4Y65B4Y6CG4Y6JB
825817,4Y15B4Y35R4Y39G4Y3GB4Y3JR4Y3NG4Y3UB4Y3XR4Y5YG
897612,4Y15B4Y35R4Y39G4Y3GB4Y3JR4Y3NG4Y3UB4Y3XR4Y5YG
794760,4Y15B4Y39G4Y39R4Y3GB4Y3NG4Y3NR4Y3UB4Y5YG4Y5YR
1011145,4Y11B4Y35G4Y3CB4Y3JG4Y3QB4Y3XG4Y61B4Y68G4Y6FB
838044,4Y15B4Y39G4Y3GB4Y3NG4Y3UB4Y5YG4Y65B4Y6CG4Y6JB
835135,4Y11B4Y35G4Y3CB4Y3JG4Y3QB4Y3XG4Y61B4Y68G4Y6FB
835132,4Y15B4Y39G4Y39R4Y3GB4Y3NG4Y3NR4Y3UB4Y5YG4Y5YR
829207,4Y11B4Y35G4Y3CB4Y3JG4Y3QB4Y3XG4Y61B4Y68G4Y6FB
836357,4Y15B4Y39G4Y39R4Y3GB4Y3NG4Y3NR4Y3UB4Y5YG4Y5YR
734239,4Y11B4Y35G4Y3CB4Y3JG4Y3QB4Y3XG4Y61B4Y68G4Y6FB
660799,4Y15B4Y39G4Y3GB4Y3NG4Y3UB4Y5YG4Y65B4Y6CG4Y6JB
835124,4Y11B4Y35G4Y3CB4Y3JG4Y3QB4Y3XG4Y61B4Y68G4Y6FB
1037868,4Y15B4Y39G4Y3GB4Y3NG4Y3UB4Y5YG4Y65B4Y6CG4Y6JB
793925,4Y11B4Y35G4Y3CB4Y3JG4Y3QB4Y3XG4Y61B4Y68G4Y6FB
793915,4Y15B4Y39G4Y39R4Y3GB4Y3NG4Y3NR4Y3UB4Y5YG4Y5YR
733877,4Y11B4Y35G4Y3CB4Y3JG4Y3QB4Y3XG4Y61B4Y68G4Y6FB
793935,4Y15B4Y39G4Y39R4Y3GB4Y3NG4Y3NR4Y3UB4Y5YG4Y5YR
836376,4Y11B4Y35G4Y3CB4Y3JG4Y3QB4Y3XG4Y61B4Y68G4Y6FB
836373,4Y15B4Y39G4Y39R4Y3GB4Y3NG4Y3NR4Y3UB4Y5YG4Y5YR
836369,4Y11B4Y35G4Y3CB4Y3JG4Y3QB4Y3XG4Y61B4Y68G4Y6FB
836371,4Y15B4Y39G4Y39R4Y3GB4Y3NG4Y3NR4Y3UB4Y5YG4Y5YR
793910,4Y11B4Y35G4Y3CB4Y3JG4Y3QB4Y3XG4Y61B4Y68G4Y6FB
660801,4Y15B4Y39G4Y39R4Y3GB4Y3NG4Y3NR4Y3UB4Y5YG4Y5YR
660808,4Y15B4Y39G4Y39R4Y3GB4Y3NG4Y3NR4Y3UB4Y5YG4Y5YR
837981,4Y15B4Y39G4Y39R4Y3GB4Y3NG4Y3NR4Y3UB4Y5YG4Y5YR
780183,4Y15B4Y39G4Y39R4Y3GB4Y3NG4Y3NR4Y3UB4Y5YG4Y5YR
835391,4Y15B4Y39G4Y39R4Y3GB4Y3NG4Y3NR4Y3UB4Y5YG4Y5YR
835393,4Y15B4Y39G4Y3GB4Y3NG4Y3UB4Y5YG4Y65B4Y6CG4Y6JB
793944,4Y15B4Y39G4Y39R4Y3GB4Y3NG4Y3NR4Y3UB4Y5YG4Y5YR
837989,4Y15B4Y39G4Y39R4Y3GB4Y3NG4Y3NR4Y3UB4Y5YG4Y5YR
1097538,4Y15B4Y39G4Y39R4Y3GB4Y3NG4Y3NR4Y3UB4Y5YG4Y5YR
1027816,4Y11B4Y35G4Y3CB4Y3JG4Y3QB4Y3XG4Y61B4Y68G4Y6FB
992256,4Y11B4Y35G4Y3CB4Y3JG4Y3QB4Y3XG4Y61B4Y68G4Y6FB
835055,4Y15B4Y39G4Y3GB4Y3NG4Y3UB4Y5YG4Y65B4Y6CG4Y6JB
835050,4Y11B4Y35G4Y3CB4Y3JG4Y3QB4Y3XG4Y61B4Y68G4Y6FB
660817,4Y15B4Y39G4Y3GB4Y3NG4Y3UB4Y5YG4Y65B4Y6CG4Y6JB
835053,4Y11B4Y35G4Y3CB4Y3JG4Y3QB4Y3XG4Y61B4Y68G4Y6FB
835066,4Y15B4Y39G4Y3GB4Y3NG4Y3UB4Y5YG4Y65B4Y6CG4Y6JB
1000923,4Y15B4Y39G4Y3GB4Y3NG4Y3UB4Y5YG4Y65B4Y6CG4Y6JB
835061,4Y15B4Y39G4Y3GB4Y3NG4Y3UB4Y5YG4Y65B4Y6CG4Y6JB
793946,4Y11B4Y35G4Y3CB4Y3JG4Y3QB4Y3XG4Y61B4Y68G4Y6FB
793972,4Y15B4Y39G4Y3GB4Y3NG4Y3UB4Y5YG4Y65B4Y6CG4Y6JB
830763,4Y15B4Y39G4Y3GB4Y3NG4Y3UB4Y5YG4Y65B4Y6CG4Y6JB
793969,4Y15B4Y39G4Y3GB4Y3NG4Y3UB4Y5YG4Y65B4Y6CG4Y6JB
793966,4Y11B4Y35G4Y3CB4Y3JG4Y3QB4Y3XG4Y61B4Y68G4Y6FB
835150,4Y15B4Y39G4Y3GB4Y3NG4Y3UB4Y5YG4Y65B4Y6CG4Y6JB
793975,4Y15B4Y39G4Y3GB4Y3NG4Y3UB4Y5YG4Y65B4Y6CG4Y6JB
1097537,4Y15B4Y39G4Y39R4Y3GB4Y3NG4Y3NR4Y3UB4Y5YG4Y5YR
835143,4Y11B4Y35G4Y3CB4Y3JG4Y3QB4Y3XG4Y61B4Y68G4Y6FB
1004158,4Y15B4Y39G4Y3GB4Y3NG4Y3UB4Y5YG4Y65B4Y6CG4Y6JB
660798,4Y11B4Y35G4Y3CB4Y3JG4Y3QB4Y3XG4Y61B4Y68G4Y6FB
830762,4Y15B4Y39G4Y3GB4Y3NG4Y3UB4Y5YG4Y65B4Y6CG4Y6JB
793894,4Y11B4Y35G4Y3CB4Y3JG4Y3QB4Y3XG4Y61B4Y68G4Y6FB
791368,4Y11B4Y35G4Y3CB4Y3JG4Y3QB4Y3XG4Y61B4Y68G4Y6FB
836689,4Y15B4Y39G4Y3GB4Y3NG4Y3UB4Y5YG4Y65B4Y6CG4Y6JB
774685,4Y11B4Y35G4Y3CB4Y3JG4Y3QB4Y3XG4Y61B4Y68G4Y6FB
774684,4Y15B4Y39G4Y3GB4Y3NG4Y3UB4Y5YG4Y65B4Y6CG4Y6JB
1097536,4Y15B4Y39G4Y39R4Y3GB4Y3NG4Y3NR4Y3UB4Y5YG4Y5YR
834990,4Y15B4Y39G4Y39R4Y3GB4Y3NG4Y3NR4Y3UB4Y5YG4Y5YR
834987,4Y11B4Y35G4Y3CB4Y3JG4Y3QB4Y3XG4Y61B4Y68G4Y6FB
929760,4Y15B4Y39G4Y3GB4Y3NG4Y3UB4Y5YG4Y65B4Y6CG4Y6JB
844791,4Y15B4Y39G4Y3GB4Y3NG4Y3UB4Y5YG4Y65B4Y6CG4Y6JB
990290,4Y15B4Y39G4Y3GB4Y3NG4Y3UB4Y5YG4Y65B4Y6CG4Y6JB
793893,4Y11B4Y35G4Y3CB4Y3JG4Y3QB4Y3XG4Y61B4Y68G4Y6FB
792676,4Y11B4Y35G4Y3CB4Y3JG4Y3QB4Y3XG4Y61B4Y68G4Y6FB
792671,4Y11B4Y35G4Y3CB4Y3JG4Y3QB4Y3XG4Y61B4Y68G4Y6FB
1010417,4Y11B4Y35G4Y3CB4Y3JG4Y3QB4Y3XG4Y61B4Y68G4Y6FB
1000922,4Y11B4Y35G4Y3CB4Y3JG4Y3QB4Y3XG4Y61B4Y68G4Y6FB
731744,4Y11B4Y35G4Y3CB4Y3JG4Y3QB4Y3XG4Y61B4Y68G4Y6FB
1098010,4Y11B4Y35G4Y3CB4Y3JG4Y3QB4Y3XG4Y61B4Y68G4Y6FB
834994,4Y15B4Y39G4Y3GB4Y3NG4Y3UB4Y5YG4Y65B4Y6CG4Y6JB
1037864,4Y15B4Y39G4Y3GB4Y3NG4Y3UB4Y5YG4Y65B4Y6CG4Y6JB
660816,4Y15B4Y39G4Y3GB4Y3NG4Y3UB4Y5YG4Y65B4Y6CG4Y6JB
834998,4Y15B4Y39G4Y3GB4Y3NG4Y3UB4Y5YG4Y65B4Y6CG4Y6JB
1037866,4Y15B4Y39G4Y3GB4Y3NG4Y3UB4Y5YG4Y65B4Y6CG4Y6JB
1013406,4Y15B4Y39G4Y3GB4Y3NG4Y3UB4Y5YG4Y65B4Y6CG4Y6JB
1023981,4Y11B4Y35G4Y3CB4Y3JG4Y3QB4Y3XG4Y61B4Y68G4Y6FB
1025932,4Y15B4Y39G4Y39R4Y3GB4Y3NG4Y3NR4Y3UB4Y5YG4Y5YR
1098009,4Y11B4Y35G4Y3CB4Y3JG4Y3QB4Y3XG4Y61B4Y68G4Y6FB
1138841,4Y15B4Y39G4Y3GB4Y3NG4Y3UB4Y5YG4Y65B4Y6CG4Y6JB
1138842,4Y15B4Y39G4Y3GB4Y3NG4Y3UB4Y5YG4Y65B4Y6CG4Y6JB
1138843,4Y15B4Y39G4Y3GB4Y3NG4Y3UB4Y5YG4Y65B4Y6CG4Y6JB
1138844,4Y15B4Y39G4Y3GB4Y3NG4Y3UB4Y5YG4Y65B4Y6CG4Y6JB
1138845,4Y15B4Y39G4Y3GB4Y3NG4Y3UB4Y5YG4Y65B4Y6CG4Y6JB
897613,4Y15B4Y39G4Y39R4Y3GB4Y3NG4Y3NR4Y3UB4Y5YG4Y5YR
798362,4Y15B4Y39G4Y3GB4Y3NG4Y3UB4Y5YG4Y65B4Y6CG4Y6JB
876128,4Y12B4Y12R4Y36G4Y3DB4Y3DR4Y3KG4Y3RB4Y3RR4Y3YG
876120,4Y12B4Y12R4Y36G4Y3DB4Y3DR4Y3KG4Y3RB4Y3RR4Y3YG
876121,4Y12B4Y12R4Y36G4Y3DB4Y3DR4Y3KG4Y3RB4Y3RR4Y3YG
829736,4Y12B4Y36G4Y3DB4Y3KG4Y3RB4Y3YG4Y62B4Y69G4Y6GB
830735,4Y12B4Y12R4Y36G4Y3DB4Y3DR4Y3KG4Y3RB4Y3RR4Y3YG
876138,4Y12B4Y12R4Y36G4Y3DB4Y3DR4Y3KG4Y3RB4Y3RR4Y3YG
876136,4Y12B4Y12R4Y36G4Y3DB4Y3DR4Y3KG4Y3RB4Y3RR4Y3YG
791370,4Y12B4Y36G4Y3DB4Y3KG4Y3RB4Y3YG4Y62B4Y69G4Y6GB
791374,4Y12B4Y12R4Y36G4Y3DB4Y3DR4Y3KG4Y3RB4Y3RR4Y3YG
791376,4Y12B4Y12R4Y36G4Y3DB4Y3DR4Y3KG4Y3RB4Y3RR4Y3YG
1042018,4Y12B4Y12R4Y36G4Y3DB4Y3DR4Y3KG4Y3RB4Y3RR4Y3YG
792659,4Y12B4Y12R4Y36G4Y3DB4Y3DR4Y3KG4Y3RB4Y3RR4Y3YG
791385,4Y12B4Y12R4Y36G4Y3DB4Y3DR4Y3KG4Y3RB4Y3RR4Y3YG
950674,4Y12B4Y12R4Y36G4Y3DB4Y3DR4Y3KG4Y3RB4Y3RR4Y3YG
833509,4Y12B4Y12R4Y36G4Y3DB4Y3DR4Y3KG4Y3RB4Y3RR4Y3YG
1042020,4Y12B4Y12R4Y36G4Y3DB4Y3DR4Y3KG4Y3RB4Y3RR4Y3YG
831714,4Y12B4Y12R4Y36G4Y3DB4Y3DR4Y3KG4Y3RB4Y3RR4Y3YG
831711,4Y12B4Y12R4Y36G4Y3DB4Y3DR4Y3KG4Y3RB4Y3RR4Y3YG
833530,4Y12B4Y12R4Y36G4Y3DB4Y3DR4Y3KG4Y3RB4Y3RR4Y3YG
827231,4Y12B4Y36G4Y3DB4Y3KG4Y3RB4Y3YG4Y62B4Y69G4Y6GB
833523,4Y12B4Y12R4Y36G4Y3DB4Y3DR4Y3KG4Y3RB4Y3RR4Y3YG
833544,4Y12B4Y36G4Y3DB4Y3KG4Y3RB4Y3YG4Y62B4Y69G4Y6GB
876139,4Y12B4Y12R4Y36G4Y3DB4Y3DR4Y3KG4Y3RB4Y3RR4Y3YG
833540,4Y12B4Y12R4Y36G4Y3DB4Y3DR4Y3KG4Y3RB4Y3RR4Y3YG
1036737,4Y12B4Y12R4Y36G4Y3DB4Y3DR4Y3KG4Y3RB4Y3RR4Y3YG
796449,4Y12B4Y12R4Y36G4Y3DB4Y3DR4Y3KG4Y3RB4Y3RR4Y3YG
833537,4Y12B4Y12R4Y36G4Y3DB4Y3DR4Y3KG4Y3RB4Y3RR4Y3YG
833535,4Y12B4Y12R4Y36G4Y3DB4Y3DR4Y3KG4Y3RB4Y3RR4Y3YG
796448,4Y12B4Y36G4Y3DB4Y3KG4Y3RB4Y3YG4Y62B4Y69G4Y6GB
833505,4Y12B4Y36G4Y3DB4Y3KG4Y3RB4Y3YG4Y62B4Y69G4Y6GB
796445,4Y12B4Y12R4Y36G4Y3DB4Y3DR4Y3KG4Y3RB4Y3RR4Y3YG
796446,4Y12B4Y12R4Y36G4Y3DB4Y3DR4Y3KG4Y3RB4Y3RR4Y3YG
776422,4Y12B4Y12R4Y36G4Y3DB4Y3DR4Y3KG4Y3RB4Y3RR4Y3YG
997771,4Y12B4Y12R4Y36G4Y3DB4Y3DR4Y3KG4Y3RB4Y3RR4Y3YG
833501,4Y12B4Y12R4Y36G4Y3DB4Y3DR4Y3KG4Y3RB4Y3RR4Y3YG
833515,4Y12B4Y12R4Y36G4Y3DB4Y3DR4Y3KG4Y3RB4Y3RR4Y3YG
833521,4Y12B4Y12R4Y36G4Y3DB4Y3DR4Y3KG4Y3RB4Y3RR4Y3YG
796457,4Y12B4Y36G4Y3DB4Y3KG4Y3RB4Y3YG4Y62B4Y69G4Y6GB
833518,4Y12B4Y12R4Y36G4Y3DB4Y3DR4Y3KG4Y3RB4Y3RR4Y3YG
833513,4Y12B4Y12R4Y36G4Y3DB4Y3DR4Y3KG4Y3RB4Y3RR4Y3YG
796426,4Y12B4Y12R4Y36G4Y3DB4Y3DR4Y3KG4Y3RB4Y3RR4Y3YG
796443,4Y12B4Y12R4Y36G4Y3DB4Y3DR4Y3KG4Y3RB4Y3RR4Y3YG
1052856,4Y12B4Y12R4Y36G4Y3DB4Y3DR4Y3KG4Y3RB4Y3RR4Y3YG
843991,4Y12B4Y12R4Y36G4Y3DB4Y3DR4Y3KG4Y3RB4Y3RR4Y3YG
1032171,4Y12B4Y12R4Y36G4Y3DB4Y3DR4Y3KG4Y3RB4Y3RR4Y3YG
948512,4Y12B4Y12R4Y36G4Y3DB4Y3DR4Y3KG4Y3RB4Y3RR4Y3YG
875757,4Y12B4Y36G4Y36G4Y3DB4Y3KG4Y3KG4Y3RB4Y3YG4Y3YG
783591,4Y12B4Y36G4Y36G4Y3DB4Y3KG4Y3KG4Y3RB4Y3YG4Y3YG
796433,4Y12B4Y36G4Y3DB4Y3KG4Y3RB4Y3YG4Y62B4Y69G4Y6GB
997765,4Y12B4Y36G4Y36G4Y3DB4Y3KG4Y3KG4Y3RB4Y3YG4Y3YG
833867,4Y12B4Y36G4Y36G4Y3DB4Y3KG4Y3KG4Y3RB4Y3YG4Y3YG
836475,4Y12B4Y12R4Y36G4Y3DB4Y3DR4Y3KG4Y3RB4Y3RR4Y3YG
796438,4Y12B4Y36G4Y3DB4Y3KG4Y3RB4Y3YG4Y62B4Y69G4Y6GB
1042021,4Y12B4Y12R4Y36G4Y3DB4Y3DR4Y3KG4Y3RB4Y3RR4Y3YG
837763,4Y12B4Y12R4Y36G4Y3DB4Y3DR4Y3KG4Y3RB4Y3RR4Y3YG
780061,4Y12B4Y12R4Y36G4Y3DB4Y3DR4Y3KG4Y3RB4Y3RR4Y3YG
780055,4Y12B4Y12R4Y36G4Y3DB4Y3DR4Y3KG4Y3RB4Y3RR4Y3YG
836462,4Y12B4Y12R4Y36G4Y3DB4Y3DR4Y3KG4Y3RB4Y3RR4Y3YG
833866,4Y12B4Y36G4Y36G4Y3DB4Y3KG4Y3KG4Y3RB4Y3YG4Y3YG
836458,4Y12B4Y36G4Y3DB4Y3KG4Y3RB4Y3YG4Y62B4Y69G4Y6GB
836469,4Y12B4Y12R4Y36G4Y3DB4Y3DR4Y3KG4Y3RB4Y3RR4Y3YG
835161,4Y12B4Y12R4Y36G4Y3DB4Y3DR4Y3KG4Y3RB4Y3RR4Y3YG
836465,4Y12B4Y12R4Y36G4Y3DB4Y3DR4Y3KG4Y3RB4Y3RR4Y3YG
796428,4Y12B4Y36G4Y3DB4Y3KG4Y3RB4Y3YG4Y62B4Y69G4Y6GB
783592,4Y12B4Y36G4Y36G4Y3DB4Y3KG4Y3KG4Y3RB4Y3YG4Y3YG
836467,4Y12B4Y12R4Y36G4Y3DB4Y3DR4Y3KG4Y3RB4Y3RR4Y3YG
952888,4Y12B4Y12R4Y36G4Y3DB4Y3DR4Y3KG4Y3RB4Y3RR4Y3YG
837765,4Y12B4Y12R4Y36G4Y3DB4Y3DR4Y3KG4Y3RB4Y3RR4Y3YG
827289,4Y12B4Y12R4Y36G4Y3DB4Y3DR4Y3KG4Y3RB4Y3RR4Y3YG
796431,4Y12B4Y36G4Y3DB4Y3KG4Y3RB4Y3YG4Y62B4Y69G4Y6GB
833863,4Y12B4Y36G4Y36G4Y3DB4Y3KG4Y3KG4Y3RB4Y3YG4Y3YG
838111,4Y12B4Y36G4Y3DB4Y3KG4Y3RB4Y3YG4Y62B4Y69G4Y6GB
780422,4Y12B4Y12R4Y36G4Y3DB4Y3DR4Y3KG4Y3RB4Y3RR4Y3YG
837774,4Y12B4Y12R4Y36G4Y3DB4Y3DR4Y3KG4Y3RB4Y3RR4Y3YG
795110,4Y12B4Y36G4Y3DB4Y3KG4Y3RB4Y3YG4Y62B4Y69G4Y6GB
829730,4Y12B4Y36G4Y36G4Y3DB4Y3KG4Y3KG4Y3RB4Y3YG4Y3YG
837766,4Y12B4Y12R4Y36G4Y3DB4Y3DR4Y3KG4Y3RB4Y3RR4Y3YG
795100,4Y12B4Y36G4Y3DB4Y3KG4Y3RB4Y3YG4Y62B4Y69G4Y6GB
833861,4Y12B4Y36G4Y36G4Y3DB4Y3KG4Y3KG4Y3RB4Y3YG4Y3YG
795098,4Y12B4Y36G4Y3DB4Y3KG4Y3RB4Y3YG4Y62B4Y69G4Y6GB
1042051,4Y12B4Y36G4Y36G4Y3DB4Y3KG4Y3KG4Y3RB4Y3YG4Y3YG
830387,4Y12B4Y12R4Y36G4Y3DB4Y3DR4Y3KG4Y3RB4Y3RR4Y3YG
831707,4Y12B4Y12R4Y36G4Y3DB4Y3DR4Y3KG4Y3RB4Y3RR4Y3YG
831704,4Y12B4Y12R4Y36G4Y3DB4Y3DR4Y3KG4Y3RB4Y3RR4Y3YG
875756,4Y12B4Y36G4Y36G4Y3DB4Y3KG4Y3KG4Y3RB4Y3YG4Y3YG
783593,4Y12B4Y36G4Y36G4Y3DB4Y3KG4Y3KG4Y3RB4Y3YG4Y3YG
794774,4Y12B4Y36G4Y3DB4Y3KG4Y3RB4Y3YG4Y62B4Y69G4Y6GB
833857,4Y12B4Y36G4Y36G4Y3DB4Y3KG4Y3KG4Y3RB4Y3YG4Y3YG
795113,4Y12B4Y12R4Y36G4Y3DB4Y3DR4Y3KG4Y3RB4Y3RR4Y3YG
833855,4Y12B4Y36G4Y36G4Y3DB4Y3KG4Y3KG4Y3RB4Y3YG4Y3YG
737903,4Y12B4Y12R4Y36G4Y3DB4Y3DR4Y3KG4Y3RB4Y3RR4Y3YG
878652,4Y12B4Y36G4Y36G4Y3DB4Y3KG4Y3KG4Y3RB4Y3YG4Y3YG
795108,4Y12B4Y12R4Y36G4Y3DB4Y3DR4Y3KG4Y3RB4Y3RR4Y3YG
878651,4Y12B4Y36G4Y36G4Y3DB4Y3KG4Y3KG4Y3RB4Y3YG4Y3YG
795106,4Y12B4Y36G4Y3DB4Y3KG4Y3RB4Y3YG4Y62B4Y69G4Y6GB
878649,4Y12B4Y36G4Y36G4Y3DB4Y3KG4Y3KG4Y3RB4Y3YG4Y3YG
780526,4Y12B4Y12R4Y36G4Y3DB4Y3DR4Y3KG4Y3RB4Y3RR4Y3YG
878648,4Y12B4Y36G4Y36G4Y3DB4Y3KG4Y3KG4Y3RB4Y3YG4Y3YG
829379,4Y12B4Y36G4Y3DB4Y3KG4Y3RB4Y3YG4Y62B4Y69G4Y6GB
834205,4Y12B4Y36G4Y36G4Y3DB4Y3KG4Y3KG4Y3RB4Y3YG4Y3YG
838162,4Y12B4Y12R4Y36G4Y3DB4Y3DR4Y3KG4Y3RB4Y3RR4Y3YG
833860,4Y12B4Y36G4Y36G4Y3DB4Y3KG4Y3KG4Y3RB4Y3YG4Y3YG
838160,4Y12B4Y36G4Y3DB4Y3KG4Y3RB4Y3YG4Y62B4Y69G4Y6GB
945140,4Y12B4Y36G4Y36G4Y3DB4Y3KG4Y3KG4Y3RB4Y3YG4Y3YG
838173,4Y12B4Y12R4Y36G4Y3DB4Y3DR4Y3KG4Y3RB4Y3RR4Y3YG
1033050,4Y12B4Y36G4Y36G4Y3DB4Y3KG4Y3KG4Y3RB4Y3YG4Y3YG
945141,4Y12B4Y36G4Y36G4Y3DB4Y3KG4Y3KG4Y3RB4Y3YG4Y3YG
738990,4Y12B4Y36G4Y3DB4Y3KG4Y3RB4Y3YG4Y62B4Y69G4Y6GB
945142,4Y12B4Y36G4Y36G4Y3DB4Y3KG4Y3KG4Y3RB4Y3YG4Y3YG
838169,4Y12B4Y12R4Y36G4Y3DB4Y3DR4Y3KG4Y3RB4Y3RR4Y3YG
945143,4Y12B4Y36G4Y36G4Y3DB4Y3KG4Y3KG4Y3RB4Y3YG4Y3YG
945144,4Y12B4Y36G4Y36G4Y3DB4Y3KG4Y3KG4Y3RB4Y3YG4Y3YG
838167,4Y12B4Y12R4Y36G4Y3DB4Y3DR4Y3KG4Y3RB4Y3RR4Y3YG
838135,4Y12B4Y12R4Y36G4Y3DB4Y3DR4Y3KG4Y3RB4Y3RR4Y3YG
945145,4Y12B4Y36G4Y36G4Y3DB4Y3KG4Y3KG4Y3RB4Y3YG4Y3YG
945146,4Y12B4Y36G4Y36G4Y3DB4Y3KG4Y3KG4Y3RB4Y3YG4Y3YG
838144,4Y12B4Y12R4Y36G4Y3DB4Y3DR4Y3KG4Y3RB4Y3RR4Y3YG
838137,4Y12B4Y12R4Y36G4Y3DB4Y3DR4Y3KG4Y3RB4Y3RR4Y3YG
945147,4Y12B4Y36G4Y36G4Y3DB4Y3KG4Y3KG4Y3RB4Y3YG4Y3YG
783594,4Y12B4Y36G4Y36G4Y3DB4Y3KG4Y3KG4Y3RB4Y3YG4Y3YG
780424,4Y12B4Y12R4Y36G4Y3DB4Y3DR4Y3KG4Y3RB4Y3RR4Y3YG
995518,4Y12B4Y12R4Y36G4Y3DB4Y3DR4Y3KG4Y3RB4Y3RR4Y3YG
945148,4Y12B4Y36G4Y36G4Y3DB4Y3KG4Y3KG4Y3RB4Y3YG4Y3YG
838147,4Y12B4Y12R4Y36G4Y3DB4Y3DR4Y3KG4Y3RB4Y3RR4Y3YG
1042039,4Y12B4Y12R4Y36G4Y3DB4Y3DR4Y3KG4Y3RB4Y3RR4Y3YG
835153,4Y12B4Y12R4Y36G4Y3DB4Y3DR4Y3KG4Y3RB4Y3RR4Y3YG
875754,4Y12B4Y36G4Y36G4Y3DB4Y3KG4Y3KG4Y3RB4Y3YG4Y3YG
838152,4Y12B4Y12R4Y36G4Y3DB4Y3DR4Y3KG4Y3RB4Y3RR4Y3YG
838176,4Y12B4Y12R4Y36G4Y3DB4Y3DR4Y3KG4Y3RB4Y3RR4Y3YG
833137,4Y12B4Y12R4Y36G4Y3DB4Y3DR4Y3KG4Y3RB4Y3RR4Y3YG
1042023,4Y12B4Y12R4Y36G4Y3DB4Y3DR4Y3KG4Y3RB4Y3RR4Y3YG
832815,4Y12B4Y12R4Y36G4Y3DB4Y3DR4Y3KG4Y3RB4Y3RR4Y3YG
833149,4Y12B4Y12R4Y36G4Y3DB4Y3DR4Y3KG4Y3RB4Y3RR4Y3YG
833153,4Y12B4Y12R4Y36G4Y3DB4Y3DR4Y3KG4Y3RB4Y3RR4Y3YG
832797,4Y12B4Y36G4Y3DB4Y3KG4Y3RB4Y3YG4Y62B4Y69G4Y6GB
832792,4Y12B4Y12R4Y36G4Y3DB4Y3DR4Y3KG4Y3RB4Y3RR4Y3YG
831702,4Y12B4Y36G4Y3DB4Y3KG4Y3RB4Y3YG4Y62B4Y69G4Y6GB
875752,4Y12B4Y36G4Y36G4Y3DB4Y3KG4Y3KG4Y3RB4Y3YG4Y3YG
1042022,4Y12B4Y12R4Y36G4Y3DB4Y3DR4Y3KG4Y3RB4Y3RR4Y3YG
832807,4Y12B4Y12R4Y36G4Y3DB4Y3DR4Y3KG4Y3RB4Y3RR4Y3YG
832800,4Y12B4Y12R4Y36G4Y3DB4Y3DR4Y3KG4Y3RB4Y3RR4Y3YG
997767,4Y12B4Y36G4Y36G4Y3DB4Y3KG4Y3KG4Y3RB4Y3YG4Y3YG
940588,4Y12B4Y12R4Y36G4Y3DB4Y3DR4Y3KG4Y3RB4Y3RR4Y3YG
831699,4Y12B4Y36G4Y3DB4Y3KG4Y3RB4Y3YG4Y62B4Y69G4Y6GB
783589,4Y12B4Y36G4Y36G4Y3DB4Y3KG4Y3KG4Y3RB4Y3YG4Y3YG
780058,4Y12B4Y12R4Y36G4Y3DB4Y3DR4Y3KG4Y3RB4Y3RR4Y3YG
1042052,4Y12B4Y36G4Y36G4Y3DB4Y3KG4Y3KG4Y3RB4Y3YG4Y3YG
775063,4Y12B4Y36G4Y3DB4Y3KG4Y3RB4Y3YG4Y62B4Y69G4Y6GB
834214,4Y12B4Y36G4Y36G4Y3DB4Y3KG4Y3KG4Y3RB4Y3YG4Y3YG
1030634,4Y12B4Y12R4Y36G4Y3DB4Y3DR4Y3KG4Y3RB4Y3RR4Y3YG
1007147,4Y12B4Y12R4Y36G4Y3DB4Y3DR4Y3KG4Y3RB4Y3RR4Y3YG
940589,4Y12B4Y12R4Y36G4Y3DB4Y3DR4Y3KG4Y3RB4Y3RR4Y3YG
940590,4Y12B4Y12R4Y36G4Y3DB4Y3DR4Y3KG4Y3RB4Y3RR4Y3YG
652841,4Y12B4Y12R4Y36G4Y3DB4Y3DR4Y3KG4Y3RB4Y3RR4Y3YG
720697,4Y12B4Y12R4Y36G4Y3DB4Y3DR4Y3KG4Y3RB4Y3RR4Y3YG
835165,4Y12B4Y36G4Y3DB4Y3KG4Y3RB4Y3YG4Y62B4Y69G4Y6GB
838146,4Y12B4Y36G4Y3DB4Y3KG4Y3RB4Y3YG4Y62B4Y69G4Y6GB
837019,4Y15B4Y39G4Y3GB4Y3NG4Y3UB4Y5YG4Y65B4Y6CG4Y6JB
838103,4Y15B4Y39G4Y3GB4Y3NG4Y3UB4Y5YG4Y65B4Y6CG4Y6JB
838100,4Y15B4Y39G4Y3GB4Y3NG4Y3UB4Y5YG4Y65B4Y6CG4Y6JB
735308,4Y15B4Y39G4Y3GB4Y3NG4Y3UB4Y5YG4Y65B4Y6CG4Y6JB
1000848,4Y15B4Y39G4Y3GB4Y3NG4Y3UB4Y5YG4Y65B4Y6CG4Y6JB
833173,4Y12B4Y12R4Y36G4Y3DB4Y3DR4Y3KG4Y3RB4Y3RR4Y3YG
1042024,4Y12B4Y12R4Y36G4Y3DB4Y3DR4Y3KG4Y3RB4Y3RR4Y3YG
1042036,4Y12B4Y12R4Y36G4Y3DB4Y3DR4Y3KG4Y3RB4Y3RR4Y3YG
1042034,4Y12B4Y12R4Y36G4Y3DB4Y3DR4Y3KG4Y3RB4Y3RR4Y3YG
735678,4Y12B4Y12R4Y36G4Y3DB4Y3DR4Y3KG4Y3RB4Y3RR4Y3YG
735677,4Y12B4Y12R4Y36G4Y3DB4Y3DR4Y3KG4Y3RB4Y3RR4Y3YG
739368,4Y12B4Y12R4Y36G4Y3DB4Y3DR4Y3KG4Y3RB4Y3RR4Y3YG
833161,4Y12B4Y12R4Y36G4Y3DB4Y3DR4Y3KG4Y3RB4Y3RR4Y3YG
796849,4Y12B4Y12R4Y36G4Y3DB4Y3DR4Y3KG4Y3RB4Y3RR4Y3YG
739168,4Y12B4Y12R4Y36G4Y3DB4Y3DR4Y3KG4Y3RB4Y3RR4Y3YG
739170,4Y12B4Y12R4Y36G4Y3DB4Y3DR4Y3KG4Y3RB4Y3RR4Y3YG
1000847,4Y12B4Y12R4Y36G4Y3DB4Y3DR4Y3KG4Y3RB4Y3RR4Y3YG
1042028,4Y12B4Y12R4Y36G4Y3DB4Y3DR4Y3KG4Y3RB4Y3RR4Y3YG
946760,4Y12B4Y12R4Y36G4Y3DB4Y3DR4Y3KG4Y3RB4Y3RR4Y3YG
837010,4Y12B4Y12R4Y36G4Y3DB4Y3DR4Y3KG4Y3RB4Y3RR4Y3YG
833307,4Y12B4Y12R4Y36G4Y3DB4Y3DR4Y3KG4Y3RB4Y3RR4Y3YG
1042016,4Y12B4Y12R4Y36G4Y3DB4Y3DR4Y3KG4Y3RB4Y3RR4Y3YG
836676,4Y12B4Y12R4Y36G4Y3DB4Y3DR4Y3KG4Y3RB4Y3RR4Y3YG
791317,4Y12B4Y12R4Y36G4Y3DB4Y3DR4Y3KG4Y3RB4Y3RR4Y3YG
791314,4Y12B4Y12R4Y36G4Y3DB4Y3DR4Y3KG4Y3RB4Y3RR4Y3YG
791312,4Y12B4Y12R4Y36G4Y3DB4Y3DR4Y3KG4Y3RB4Y3RR4Y3YG
1042017,4Y12B4Y12R4Y36G4Y3DB4Y3DR4Y3KG4Y3RB4Y3RR4Y3YG
968961,4Y12B4Y12R4Y36G4Y3DB4Y3DR4Y3KG4Y3RB4Y3RR4Y3YG
654468,4Y12B4Y12R4Y36G4Y3DB4Y3DR4Y3KG4Y3RB4Y3RR4Y3YG
796850,4Y12B4Y12R4Y36G4Y3DB4Y3DR4Y3KG4Y3RB4Y3RR4Y3YG
833285,4Y12B4Y12R4Y36G4Y3DB4Y3DR4Y3KG4Y3RB4Y3RR4Y3YG
833282,4Y12B4Y12R4Y36G4Y3DB4Y3DR4Y3KG4Y3RB4Y3RR4Y3YG
1010388,4Y12B4Y12B4Y12R4Y36G4Y3DB4Y3DB4Y3DR4Y3KG4Y3RB
1042038,4Y12B4Y36G4Y3DB4Y3KG4Y3RB4Y3YG4Y62B4Y69G4Y6GB
833289,4Y12B4Y12R4Y36G4Y3DB4Y3DR4Y3KG4Y3RB4Y3RR4Y3YG
774682,4Y12B4Y12R4Y36G4Y3DB4Y3DR4Y3KG4Y3RB4Y3RR4Y3YG
833164,4Y12B4Y12R4Y36G4Y3DB4Y3DR4Y3KG4Y3RB4Y3RR4Y3YG
791292,4Y12B4Y36G4Y3DB4Y3KG4Y3RB4Y3YG4Y62B4Y69G4Y6GB
833165,4Y12B4Y12R4Y36G4Y3DB4Y3DR4Y3KG4Y3RB4Y3RR4Y3YG
791291,4Y12B4Y12R4Y36G4Y3DB4Y3DR4Y3KG4Y3RB4Y3RR4Y3YG
833167,4Y12B4Y12R4Y36G4Y3DB4Y3DR4Y3KG4Y3RB4Y3RR4Y3YG
790959,4Y12B4Y12R4Y36G4Y3DB4Y3DR4Y3KG4Y3RB4Y3RR4Y3YG
833169,4Y12B4Y12R4Y36G4Y3DB4Y3DR4Y3KG4Y3RB4Y3RR4Y3YG
790957,4Y12B4Y12R4Y36G4Y3DB4Y3DR4Y3KG4Y3RB4Y3RR4Y3YG
833156,4Y12B4Y12R4Y36G4Y3DB4Y3DR4Y3KG4Y3RB4Y3RR4Y3YG
790961,4Y12B4Y12R4Y36G4Y3DB4Y3DR4Y3KG4Y3RB4Y3RR4Y3YG
791307,4Y12B4Y12R4Y36G4Y3DB4Y3DR4Y3KG4Y3RB4Y3RR4Y3YG
791295,4Y12B4Y12R4Y36G4Y3DB4Y3DR4Y3KG4Y3RB4Y3RR4Y3YG
863637,4Y12B4Y12R4Y36G4Y3DB4Y3DR4Y3KG4Y3RB4Y3RR4Y3YG
791300,4Y12B4Y36G4Y3DB4Y3KG4Y3RB4Y3YG4Y62B4Y69G4Y6GB
791297,4Y12B4Y12R4Y36G4Y3DB4Y3DR4Y3KG4Y3RB4Y3RR4Y3YG
831998,4Y12B4Y12R4Y36G4Y3DB4Y3DR4Y3KG4Y3RB4Y3RR4Y3YG
833176,4Y12B4Y12R4Y36G4Y3DB4Y3DR4Y3KG4Y3RB4Y3RR4Y3YG
837361,4Y12B4Y12R4Y36G4Y3DB4Y3DR4Y3KG4Y3RB4Y3RR4Y3YG
1027997,4Y12B4Y12R4Y36G4Y3DB4Y3DR4Y3KG4Y3RB4Y3RR4Y3YG
833283,4Y12B4Y12R4Y36G4Y3DB4Y3DR4Y3KG4Y3RB4Y3RR4Y3YG
833266,4Y12B4Y12R4Y36G4Y3DB4Y3DR4Y3KG4Y3RB4Y3RR4Y3YG
833264,4Y12B4Y12R4Y36G4Y3DB4Y3DR4Y3KG4Y3RB4Y3RR4Y3YG
833260,4Y12B4Y12R4Y36G4Y3DB4Y3DR4Y3KG4Y3RB4Y3RR4Y3YG
833258,4Y12B4Y36G4Y3DB4Y3KG4Y3RB4Y3YG4Y62B4Y69G4Y6GB
833281,4Y12B4Y12R4Y36G4Y3DB4Y3DR4Y3KG4Y3RB4Y3RR4Y3YG
833278,4Y12B4Y12R4Y36G4Y3DB4Y3DR4Y3KG4Y3RB4Y3RR4Y3YG
833273,4Y11G4Y12R4Y35B4Y3CG4Y3DR4Y3JB4Y3QG4Y3RR4Y3XB
833270,4Y11G4Y12R4Y35B4Y3CG4Y3DR4Y3JB4Y3QG4Y3RR4Y3XB
833274,4Y11G4Y12R4Y35B4Y3CG4Y3DR4Y3JB4Y3QG4Y3RR4Y3XB
833279,4Y11G4Y12R4Y35B4Y3CG4Y3DR4Y3JB4Y3QG4Y3RR4Y3XB
833275,4Y11G4Y12R4Y35B4Y3CG4Y3DR4Y3JB4Y3QG4Y3RR4Y3XB
833256,4Y11G4Y12R4Y35B4Y3CG4Y3DR4Y3JB4Y3QG4Y3RR4Y3XB
833294,4Y11G4Y12R4Y35B4Y3CG4Y3DR4Y3JB4Y3QG4Y3RR4Y3XB
791313,4Y11G4Y35B4Y37R4Y3CG4Y3JB4Y3LR4Y3QG4Y3XB4Y3ZR
791316,4Y11G4Y35B4Y37R4Y3CG4Y3JB4Y3LR4Y3QG4Y3XB4Y3ZR
836678,4Y11G4Y35B4Y3CG4Y3JB4Y3QG4Y3XB4Y61G4Y68B4Y6FG
837008,4Y11G4Y35B4Y3CG4Y3JB4Y3QG4Y3XB4Y61G4Y68B4Y6FG
837013,4Y11G4Y35B4Y37R4Y3CG4Y3JB4Y3LR4Y3QG4Y3XB4Y3ZR
659159,4Y11G4Y35B4Y37R4Y3CG4Y3JB4Y3LR4Y3QG4Y3XB4Y3ZR
833301,4Y11G4Y35B4Y37R4Y3CG4Y3JB4Y3LR4Y3QG4Y3XB4Y3ZR
778882,4Y11G4Y35B4Y37R4Y3CG4Y3JB4Y3LR4Y3QG4Y3XB4Y3ZR
796847,4Y11G4Y35B4Y37R4Y3CG4Y3JB4Y3LR4Y3QG4Y3XB4Y3ZR
790401,4Y11G4Y35B4Y37R4Y3CG4Y3JB4Y3LR4Y3QG4Y3XB4Y3ZR
796851,4Y11G4Y35B4Y37R4Y3CG4Y3JB4Y3LR4Y3QG4Y3XB4Y3ZR
796854,4Y11G4Y35B4Y37R4Y3CG4Y3JB4Y3LR4Y3QG4Y3XB4Y3ZR
837020,4Y11G4Y35B4Y37R4Y3CG4Y3JB4Y3LR4Y3QG4Y3XB4Y3ZR
837025,4Y11G4Y35B4Y37R4Y3CG4Y3JB4Y3LR4Y3QG4Y3XB4Y3ZR
833139,4Y11G4Y35B4Y37R4Y3CG4Y3JB4Y3LR4Y3QG4Y3XB4Y3ZR
838101,4Y11G4Y35B4Y37R4Y3CG4Y3JB4Y3LR4Y3QG4Y3XB4Y3ZR
838107,4Y11G4Y35B4Y37R4Y3CG4Y3JB4Y3LR4Y3QG4Y3XB4Y3ZR
837772,4Y11G4Y35B4Y3CG4Y3JB4Y3QG4Y3XB4Y61G4Y68B4Y6FG
837768,4Y11G4Y35B4Y37R4Y3CG4Y3JB4Y3LR4Y3QG4Y3XB4Y3ZR
836464,4Y11G4Y35B4Y37R4Y3CG4Y3JB4Y3LR4Y3QG4Y3XB4Y3ZR
735359,4Y11G4Y35B4Y37R4Y3CG4Y3JB4Y3LR4Y3QG4Y3XB4Y3ZR
832813,4Y11G4Y35B4Y37R4Y3CG4Y3JB4Y3LR4Y3QG4Y3XB4Y3ZR
832812,4Y11G4Y35B4Y37R4Y3CG4Y3JB4Y3LR4Y3QG4Y3XB4Y3ZR
832787,4Y11G4Y35B4Y37R4Y3CG4Y3JB4Y3LR4Y3QG4Y3XB4Y3ZR
832796,4Y11G4Y35B4Y37R4Y3CG4Y3JB4Y3LR4Y3QG4Y3XB4Y3ZR
659156,4Y11G4Y35B4Y37R4Y3CG4Y3JB4Y3LR4Y3QG4Y3XB4Y3ZR
791301,4Y11G4Y35B4Y37R4Y3CG4Y3JB4Y3LR4Y3QG4Y3XB4Y3ZR
791306,4Y11G4Y35B4Y37R4Y3CG4Y3JB4Y3LR4Y3QG4Y3XB4Y3ZR
791302,4Y11G4Y35B4Y37R4Y3CG4Y3JB4Y3LR4Y3QG4Y3XB4Y3ZR
796856,4Y11G4Y35B4Y37R4Y3CG4Y3JB4Y3LR4Y3QG4Y3XB4Y3ZR
791315,4Y11G4Y35B4Y37R4Y3CG4Y3JB4Y3LR4Y3QG4Y3XB4Y3ZR
999321,4Y11G4Y35B4Y37R4Y3CG4Y3JB4Y3LR4Y3QG4Y3XB4Y3ZR
836685,4Y11G4Y35B4Y37R4Y3CG4Y3JB4Y3LR4Y3QG4Y3XB4Y3ZR
838165,4Y12R4Y14G4Y38B4Y3DR4Y3FG4Y3MB4Y3RR4Y3TG4Y5XB
738988,4Y12R4Y14G4Y38B4Y3DR4Y3FG4Y3MB4Y3RR4Y3TG4Y5XB
780525,4Y12R4Y14G4Y38B4Y3DR4Y3FG4Y3MB4Y3RR4Y3TG4Y5XB
693747,4Y12R4Y14G4Y38B4Y3DR4Y3FG4Y3MB4Y3RR4Y3TG4Y5XB
795107,4Y12R4Y14G4Y38B4Y3DR4Y3FG4Y3MB4Y3RR4Y3TG4Y5XB
833141,4Y12R4Y14G4Y38B4Y3DR4Y3FG4Y3MB4Y3RR4Y3TG4Y5XB
832814,4Y12R4Y14G4Y38B4Y3DR4Y3FG4Y3MB4Y3RR4Y3TG4Y5XB
832816,4Y12R4Y14G4Y38B4Y3DR4Y3FG4Y3MB4Y3RR4Y3TG4Y5XB
833133,4Y12R4Y14G4Y38B4Y3DR4Y3FG4Y3MB4Y3RR4Y3TG4Y5XB
838150,4Y12R4Y14G4Y38B4Y3DR4Y3FG4Y3MB4Y3RR4Y3TG4Y5XB
838153,4Y12R4Y14G4Y38B4Y3DR4Y3FG4Y3MB4Y3RR4Y3TG4Y5XB
1004893,4Y12R4Y14G4Y38B4Y3DR4Y3FG4Y3MB4Y3RR4Y3TG4Y5XB
838140,4Y12R4Y14G4Y38B4Y3DR4Y3FG4Y3MB4Y3RR4Y3TG4Y5XB
995517,4Y12R4Y14G4Y38B4Y3DR4Y3FG4Y3MB4Y3RR4Y3TG4Y5XB
1037780,4Y14B4Y38G4Y3FB4Y3MG4Y3TB4Y5XG4Y64B4Y6BG4Y6IB
835159,4Y11G4Y35B4Y37R4Y3CG4Y3JB4Y3LR4Y3QG4Y3XB4Y3ZR
1008892,4Y11G4Y35B4Y37R4Y3CG4Y3JB4Y3LR4Y3QG4Y3XB4Y3ZR
775070,4Y11G4Y35B4Y37R4Y3CG4Y3JB4Y3LR4Y3QG4Y3XB4Y3ZR
795099,4Y11G4Y35B4Y37R4Y3CG4Y3JB4Y3LR4Y3QG4Y3XB4Y3ZR
796436,4Y11G4Y35B4Y37R4Y3CG4Y3JB4Y3LR4Y3QG4Y3XB4Y3ZR
796439,4Y11G4Y35B4Y37R4Y3CG4Y3JB4Y3LR4Y3QG4Y3XB4Y3ZR
795119,4Y11G4Y35B4Y37R4Y3CG4Y3JB4Y3LR4Y3QG4Y3XB4Y3ZR
1037781,4Y10R4Y14B4Y38G4Y3BR4Y3FB4Y3MG4Y3PR4Y3TB4Y5XG
796459,4Y14B4Y38G4Y3FB4Y3MG4Y3TB4Y5XG4Y64B4Y6BG4Y6IB
833498,4Y14B4Y38G4Y3FB4Y3MG4Y3TB4Y5XG4Y64B4Y6BG4Y6IB
833504,4Y14B4Y38G4Y3FB4Y3MG4Y3TB4Y5XG4Y64B4Y6BG4Y6IB
1045548,4Y14B4Y38G4Y3FB4Y3MG4Y3TB4Y5XG4Y64B4Y6BG4Y6IB
778725,4Y14B4Y38G4Y3FB4Y3MG4Y3TB4Y5XG4Y64B4Y6BG4Y6IB
833525,4Y10R4Y14B4Y38G4Y3BR4Y3FB4Y3MG4Y3PR4Y3TB4Y5XG
876118,4Y14B4Y38G4Y3FB4Y3MG4Y3TB4Y5XG4Y64B4Y6BG4Y6IB
899305,4Y14B4Y38G4Y3FB4Y3MG4Y3TB4Y5XG4Y64B4Y6BG4Y6IB
833528,4Y14B4Y38G4Y3FB4Y3MG4Y3TB4Y5XG4Y64B4Y6BG4Y6IB
778728,4Y14B4Y38G4Y3FB4Y3MG4Y3TB4Y5XG4Y64B4Y6BG4Y6IB
997773,4Y14B4Y38G4Y3FB4Y3MG4Y3TB4Y5XG4Y64B4Y6BG4Y6IB
833510,4Y14B4Y38G4Y3FB4Y3MG4Y3TB4Y5XG4Y64B4Y6BG4Y6IB
795115,4Y10R4Y11B4Y35G4Y3BR4Y3CB4Y3JG4Y3PR4Y3QB4Y3XG
734234,4Y11G4Y12R4Y35B4Y3CG4Y3DR4Y3JB4Y3QG4Y3RR4Y3XB
836374,4Y11G4Y12R4Y35B4Y3CG4Y3DR4Y3JB4Y3QG4Y3RR4Y3XB
793927,4Y11G4Y12R4Y35B4Y3CG4Y3DR4Y3JB4Y3QG4Y3RR4Y3XB
793929,4Y11G4Y12R4Y35B4Y3CG4Y3DR4Y3JB4Y3QG4Y3RR4Y3XB
830760,4Y11G4Y12R4Y35B4Y3CG4Y3DR4Y3JB4Y3QG4Y3RR4Y3XB
793917,4Y11G4Y12R4Y35B4Y3CG4Y3DR4Y3JB4Y3QG4Y3RR4Y3XB
830759,4Y11G4Y12R4Y35B4Y3CG4Y3DR4Y3JB4Y3QG4Y3RR4Y3XB
793924,4Y11G4Y12R4Y35B4Y3CG4Y3DR4Y3JB4Y3QG4Y3RR4Y3XB
835129,4Y11G4Y12R4Y35B4Y3CG4Y3DR4Y3JB4Y3QG4Y3RR4Y3XB
835126,4Y11G4Y12R4Y35B4Y3CG4Y3DR4Y3JB4Y3QG4Y3RR4Y3XB
838058,4Y11G4Y12R4Y35B4Y3CG4Y3DR4Y3JB4Y3QG4Y3RR4Y3XB
838070,4Y11G4Y12R4Y35B4Y3CG4Y3DR4Y3JB4Y3QG4Y3RR4Y3XB
838050,4Y11G4Y12R4Y35B4Y3CG4Y3DR4Y3JB4Y3QG4Y3RR4Y3XB
838056,4Y11G4Y12R4Y35B4Y3CG4Y3DR4Y3JB4Y3QG4Y3RR4Y3XB
838065,4Y11G4Y12R4Y35B4Y3CG4Y3DR4Y3JB4Y3QG4Y3RR4Y3XB
794755,4Y11G4Y12R4Y35B4Y3CG4Y3DR4Y3JB4Y3QG4Y3RR4Y3XB
794752,4Y11G4Y12R4Y35B4Y3CG4Y3DR4Y3JB4Y3QG4Y3RR4Y3XB
