873574,55CUG55D1B55F7G55FEB55FLG55FSB55HTR55HWG55I3B
873572,55CUG55D1B55F7G55FEB55FLG55FSB55HTR55HWG55I3B
873578,55CUG55D1B55F7G55FEB55FLG55FSB55HTR55HWG55I3B
834260,55CUG55D1B55F7G55FEB55FLG55FSB55HTR55HWG55I3B
834259,55CUG55D1B55F7G55FEB55FLG55FSB55HTR55HWG55I3B
834258,55CUG55D1B55F7G55FEB55FLG55FSB55HTR55HWG55I3B
834257,55CUG55D1B55F7G55FEB55FLG55FSB55HTR55HWG55I3B
834256,55CUG55D1B55F7G55FEB55FLG55FSB55HTR55HWG55I3B
834261,55CUG55D1B55F7G55FEB55FLG55FSB55HTR55HWG55I3B
743863,55CUG55D1B55F7G55FEB55FLG55FSB55HTR55HWG55I3B
996238,55CUG55D1B55F7G55FEB55FLG55FSB55HTR55HWG55I3B
873612,55CUG55D1B55F7G55FEB55FLG55FSB55HTR55HWG55I3B
743861,55CUG55D1B55F7G55FEB55FLG55FSB55HTR55HWG55I3B
873594,55CUG55D1B55F7G55FEB55FLG55FSB55HTR55HWG55I3B
873576,55CUG55D1B55F7G55FEB55FLG55FSB55HTR55HWG55I3B
873575,55CUG55D1B55F7G55FEB55FLG55FSB55HTR55HWG55I3B
743860,55CUG55D1B55F7G55FEB55FLG55FSB55HTR55HWG55I3B
996235,55CUG55D1B55F7G55FEB55FLG55FSB55HTR55HWG55I3B
809651,55CWB55F2G55F9B55FGG55FNB55FUG55HYB55I5G55ICB
809649,55CWB55F2G55F9B55FGG55FNB55FUG55HYB55I5G55ICB
809648,55CWB55F2G55F9B55FGG55FNB55FUG55HYB55I5G55ICB
809646,55CWB55F2G55F9B55FGG55FNB55FUG55HYB55I5G55ICB
809982,55CWB55F2G55F9B55FGG55FNB55FUG55HYB55I5G55ICB
809642,55CWB55F2G55F9B55FGG55FNB55FUG55HYB55I5G55ICB
661891,55CTG55D0B55F6G55FDB55FKG55FRB55HVG55HYR55I2B
937969,55CTG55D0B55F6G55FDB55FKG55FRB55HVG55HYR55I2B
937966,55CTG55D0B55F6G55FDB55FKG55FRB55HVG55HYR55I2B
863945,55CTG55D0B55F6G55FDB55FKG55FRB55HVG55HYR55I2B
937643,55CTG55D0B55F6G55FDB55FKG55FRB55HVG55HYR55I2B
937642,55CTG55D0B55F6G55FDB55FKG55FRB55HVG55HYR55I2B
937641,55CTG55D0B55F6G55FDB55FKG55FRB55HVG55HYR55I2B
863942,55CTG55D0B55F6G55FDB55FKG55FRB55HVG55HYR55I2B
937640,55CTG55D0B55F6G55FDB55FKG55FRB55HVG55HYR55I2B
963424,55CSG55CZB55F5G55FCB55FJG55FQB55HUG55I1B55I3R
642011,55CSG55CZB55F5G55FCB55FJG55FQB55HUG55I1B55I8G
963425,55CSG55CZB55F5G55FCB55FJG55FQB55HUG55I1B55I3R
658013,55CSG55CZB55F5G55FCB55FJG55FQB55HUG55I1B55I8G
642014,55CSG55CZB55F5G55FCB55FJG55FQB55HUG55I1B55I8G
784876,55CSG55CZB55F5G55FCB55FJG55FQB55HUG55I1B55I8G
643990,55CSG55CZB55F5G55FCB55FJG55FQB55HUG55I1B55I8G
642019,55CSG55CZB55F5G55FCB55FJG55FQB55HUG55I1B55I8G
642364,55CSG55CZB55F5G55FCB55FJG55FQB55HUG55I1B55I8G
658014,55CSG55CZB55F5G55FCB55FJG55FQB55HUG55I1B55I8G
703164,55CSG55CZB55F5G55FCB55FJG55FQB55HUG55I1B55I8G
1046345,55CSG55CZB55F5G55FCB55FJG55FQB55HUG55I1B55I8G
695892,55CSG55CZB55F5G55FCB55FJG55FQB55HUG55I1B55I3R
1008924,55CSG55CZB55F5G55FCB55FJG55FQB55HUG55I1B55I8G
642377,55CSG55CZB55F5G55FCB55FJG55FQB55HUG55I1B55I8G
784879,55CSG55CZB55F5G55FCB55FJG55FQB55HUG55I1B55I8G
623333,55CSG55CZB55F5G55FCB55FJG55FQB55HUG55I1B55I8G
641999,55CSG55CZB55F5G55FCB55FJG55FQB55HUG55I1B55I8G
963421,55CSG55CZB55F5G55FCB55FJG55FQB55HUG55I1B55I3R
642003,55CSG55CZB55F5G55FCB55FJG55FQB55HUG55I1B55I8G
963422,55CSG55CZB55F5G55FCB55FJG55FQB55HUG55I1B55I3R
642005,55CSG55CZB55F5G55FCB55FJG55FQB55HUG55I1B55I8G
963423,55CSG55CZB55F5G55FCB55FJG55FQB55HUG55I1B55I3R
642009,55CSG55CZB55F5G55FCB55FJG55FQB55HUG55I1B55I8G
788860,55CWB55CWG55F2B55F2G55F9B55F9G55FGB55FGG55FNB
829387,55CWB55CWG55F2B55F2G55F9B55F9G55FGB55FGG55FNB
921813,55CWB55CWG55F2B55F2G55F9B55F9G55FGB55FGG55FNB
923704,55CWB55CWG55F2B55F2G55F9B55F9G55FGB55FGG55FNB
923338,55CWB55CWG55F2B55F2G55F9B55F9G55FGB55FGG55FNB
921784,55CWB55CWG55F2B55F2G55F9B55F9G55FGB55FGG55FNB
923720,55CWB55CWG55F2B55F2G55F9B55F9G55FGB55FGG55FNB
827364,55CWB55CWG55F2B55F2G55F9B55F9G55FGB55FGG55FNB
1024436,55CWB55CWG55F2B55F2G55F9B55F9G55FGB55FGG55FNB
774265,55CWB55CWG55F2B55F2G55F9B55F9G55FGB55FGG55FNB
923713,55CWB55CWG55F2B55F2G55F9B55F9G55FGB55FGG55FNB
925040,55CWB55CWG55F2B55F2G55F9B55F9G55FGB55FGG55FNB
951928,55CVG55CWB55F2B55F9B55FGB55FMG55FNB55FUB55HYB
951929,55CVG55CWB55CWG55F2B55F2G55F9B55F9G55FGB55FGG
951930,55CVG55CWB55CWG55F2B55F2G55F9B55F9G55FGB55FGG
951931,55CVG55CWB55CWG55F2B55F2G55F9B55F9G55FGB55FGG
951932,55CVG55CWB55CWG55F2B55F2G55F9B55F9G55FGB55FGG
951933,55CVG55CWB55CWG55F2B55F2G55F9B55F9G55FGB55FGG
951934,55CVG55CWB55CWG55F2B55F2G55F9B55F9G55FGB55FGG
951935,55CVG55CWB55CWG55F2B55F2G55F9B55F9G55FGB55FGG
878602,55CWB55CWG55F2B55F2G55F9B55F9G55FGB55FGG55FNB
923844,55CWB55CWG55F2B55F2G55F9B55F9G55FGB55FGG55FNB
923834,55CWB55CWG55F2B55F2G55F9B55F9G55FGB55FGG55FNB
835879,55CWB55CWG55F2B55F2G55F9B55F9G55FGB55FGG55FNB
837031,55CWB55CWG55F2B55F2G55F9B55F9G55FGB55FGG55FNB
780528,55CWB55CWG55F2B55F2G55F9B55F9G55FGB55FGG55FNB
835867,55CWB55CWG55F2B55F2G55F9B55F9G55FGB55FGG55FNB
872715,55CWB55CWG55F2B55F2G55F9B55F9G55FGB55FGG55FNB
1093398,55CVG55CWB55F2B55F9B55FGB55FMG55FNB55FUB55HYB
1055646,55CWG55F2G55F9G55FGG55FNG55FUG55HYG55I5G55ICG
873584,55CUG55D1B55F7G55FEB55FLG55FSB55HTR55HWG55I3B
873573,55CUG55D1B55F7G55FEB55FLG55FSB55HTR55HWG55I3B
873591,55CUG55D1B55F7G55FEB55FLG55FSB55HTR55HWG55I3B
1010930,55CUG55D1B55F7G55FEB55FLG55FSB55HTR55HWG55I3B
873589,55CUG55D1B55F7G55FEB55FLG55FSB55HTR55HWG55I3B
873588,55CUG55D1B55F7G55FEB55FLG55FSB55HTR55HWG55I3B
996236,55CUG55D1B55F7G55FEB55FLG55FSB55HTR55HWG55I3B
873579,55CUG55D1B55F7G55FEB55FLG55FSB55HTR55HWG55I3B
873592,55CUG55D1B55F7G55FEB55FLG55FSB55HTR55HWG55I3B
873585,55CUG55D1B55F7G55FEB55FLG55FSB55HTR55HWG55I3B
829791,55CSG55CZB55F5G55FCB55FJG55FQB55HUG55I1B55I8G
876569,55CSG55CZB55F5G55FCB55FJG55FQB55HUG55I1B55I3R
994546,55CSG55CZB55F5G55FCB55FJG55FQB55HUG55I1B55I8G
967053,55CSG55CZB55F5G55FCB55FJG55FQB55HUG55I1B55I8G
876568,55CSG55CZB55F5G55FCB55FJG55FQB55HUG55I1B55I3R
967056,55CSG55CZB55F5G55FCB55FJG55FQB55HUG55I1B55I8G
967071,55CSG55CZB55F5G55FCB55FJG55FQB55HUG55I1B55I8G
876581,55CSG55CZB55F5G55FCB55FJG55FQB55HUG55I1B55I3R
1041868,55CSG55CZB55F5G55FCB55FJG55FQB55HUG55I1B55I8G
952294,55CSG55CZB55F5G55FCB55FJG55FQB55HUG55I1B55I8G
967075,55CSG55CZB55F5G55FCB55FJG55FQB55HUG55I1B55I8G
1036568,55CSG55CZB55F5G55FCB55FJG55FQB55HUG55I1B55I8G
876580,55CSG55CZB55F5G55FCB55FJG55FQB55HUG55I1B55I3R
1036569,55CSG55CZB55F5G55FCB55FJG55FQB55HUG55I1B55I8G
876579,55CSG55CZB55F5G55FCB55FJG55FQB55HUG55I1B55I3R
967045,55CSG55CZB55F5G55FCB55FJG55FQB55HUG55I1B55I8G
876577,55CSG55CZB55F5G55FCB55FJG55FQB55HUG55I1B55I3R
967047,55CSG55CZB55F5G55FCB55FJG55FQB55HUG55I1B55I8G
876571,55CSG55CZB55F5G55FCB55FJG55FQB55HUG55I1B55I3R
991910,55CSG55CZB55F5G55FCB55FJG55FQB55HUG55I1B55I3R
800371,55CSG55CZB55F5G55FCB55FJG55FQB55HUG55I1B55I3R
775770,55CSG55CZB55F5G55FCB55FJG55FQB55HUG55I1B55I3R
800387,55CSG55CZB55F5G55FCB55FJG55FQB55HUG55I1B55I3R
928762,55CSG55CZB55F5G55FCB55FJG55FQB55HUG55I1B55I3R
663142,55CSG55CZB55F5G55FCB55FJG55FQB55HUG55I1B55I3R
632003,55CSG55CZB55F5G55FCB55FJG55FQB55HUG55I1B55I3R
632004,55CSG55CZB55F5G55FCB55FJG55FQB55HUG55I1B55I3R
632005,55CSG55CZB55F5G55FCB55FJG55FQB55HUG55I1B55I8G
632007,55CSG55CZB55F5G55FCB55FJG55FQB55HUG55I1B55I3R
632008,55CSG55CZB55F5G55FCB55FJG55FQB55HUG55I1B55I8G
632013,55CSG55CZB55F5G55FCB55FJG55FQB55HUG55I1B55I3R
632014,55CSG55CZB55F5G55FCB55FJG55FQB55HUG55I1B55I3R
632016,55CSG55CZB55F5G55FCB55FJG55FQB55HUG55I1B55I3R
809639,55CWB55F2G55F9B55FGG55FNB55FUG55HYB55I5G55ICB
846687,55CWB55F2G55F9B55FGG55FNB55FUG55HYB55I5G55ICB
1022721,55CWB55F2G55F9B55FGG55FNB55FUG55HYB55I5G55ICB
846710,55CWB55F2G55F9B55FGG55FNB55FUG55HYB55I5G55I5R
1004002,55CWB55F2G55F9B55FGG55FNB55FUG55HYB55I5G55I5R
905927,55CWB55F2G55F9B55FGG55FNB55FUG55HYB55I5G55ICB
846709,55CWB55F2G55F9B55FGG55FNB55FUG55HYB55I5G55ICB
836754,55CWB55F2G55F9B55FGG55FNB55FUG55HYB55I5G55I5R
744539,55CVG55F1B55F8G55FFB55FMG55FTB55HXG55I3R55I4B
726739,55CVG55F1B55F8G55FFB55FMG55FTB55HXG55I3R55I4B
726741,55CVG55F1B55F8G55FFB55FMG55FTB55HXG55I3R55I4B
723747,55CVG55F1B55F8G55FFB55FMG55FTB55HXG55I3R55I4B
720246,55CVG55F1B55F8G55FFB55FMG55FTB55HXG55I3R55I4B
720249,55CVG55F1B55F8G55FFB55FMG55FTB55HXG55I3R55I4B
826662,55CUB55D1G55F7B55FEG55FLB55FSG55HWB55I2R55I3G
841464,55CUB55D1G55F7B55FEG55FLB55FSG55HWB55I3G55IAB
841467,55CUB55D1G55F7B55FEG55FLB55FSG55HWB55I3G55IAB
841462,55CUB55D1G55F7B55FEG55FLB55FSG55HWB55I2R55I3G
910534,55CUB55D1G55F7B55FEG55FLB55FSG55HWB55I3G55IAB
724400,55CSB55CZG55F5B55FCG55FJB55FQG55HUB55I1G55I1R
762510,55CSB55CZG55F5B55FCG55FJB55FQG55HUB55I1G55I1R
762508,55CSB55CZG55F5B55FCG55FJB55FQG55HUB55I1G55I8B
762507,55CSB55CZG55F5B55FCG55FJB55FQG55HUB55I1G55I1R
762506,55CSB55CZG55F5B55FCG55FJB55FQG55HUB55I1G55I1R
724434,55CSB55CZG55F5B55FCG55FJB55FQG55HUB55I1G55I8B
724433,55CSB55CZG55F5B55FCG55FJB55FQG55HUB55I1G55I1R
724432,55CSB55CZG55F5B55FCG55FJB55FQG55HUB55I1G55I1R
740102,55CSB55CZG55F5B55FCG55FJB55FQG55HUB55I1G55I1R
724420,55CSB55CZG55F5B55FCG55FJB55FQG55HUB55I1G55I1R
724398,55CSB55CZG55F5B55FCG55FJB55FQG55HUB55I1G55I1R
724396,55CSB55CZG55F5B55FCG55FJB55FQG55HUB55I1G55I1R
1015152,55CSB55CZG55F5B55FCG55FJB55FQG55HUB55I1G55I1R
724393,55CSB55CZG55F5B55FCG55FJB55FQG55HUB55I1G55I1R
874773,55CWG55F2B55F9G55FGB55FNG55FUB55HYG55I5B55I5R
874759,55CWG55F2B55F9G55FGB55FNG55FUB55HYG55I5B55I5R
874766,55CWG55F2B55F9G55FGB55FNG55FUB55HYG55I5B55I5R
707626,55CSG55CZB55F5G55FCB55FJG55FQB55HUG55I1B55I8G
708278,55CSG55CZB55F5G55FCB55FJG55FQB55HUG55I1B55I4R
707688,55CZB55FCB55FQB55I1B55I4R55IFB55IIR55KRB55KUR
733572,55CSG55CZB55F5G55FCB55FJG55FQB55HUG55I1B55I4R
706582,55CSG55CZB55F5G55FCB55FJG55FQB55HUG55I1B55I4R
707653,55CSG55CZB55F5G55FCB55FJG55FQB55HUG55I1B55I4R
707644,55CSG55CZB55F5G55FCB55FJG55FQB55HUG55I1B55I4R
707662,55CSG55CZB55F5G55FCB55FJG55FQB55HUG55I1B55I4R
711576,55CSG55CZB55F5G55FCB55FJG55FQB55HUG55I1B55I4R
711568,55CSG55CZB55F5G55FCB55FJG55FQB55HUG55I1B55I4R
711571,55CSG55CZB55F5G55FCB55FJG55FQB55HUG55I1B55I4R
711570,55CSG55CZB55F5G55FCB55FJG55FQB55HUG55I1B55I4R
738755,55CSG55CZB55F5G55FCB55FJG55FQB55HUG55I1B55I4R
711586,55CSG55CZB55F5G55FCB55FJG55FQB55HUG55I1B55I8G
711584,55CSG55CZB55F5G55FCB55FJG55FQB55HUG55I1B55I4R
711589,55CSG55CZB55F5G55FCB55FJG55FQB55HUG55I1B55I4R
708033,55CSG55CZB55F5G55FCB55FJG55FQB55HUG55I1B55I8G
711580,55CSG55CZB55F5G55FCB55FJG55FQB55HUG55I1B55I4R
711578,55CSG55CZB55F5G55FCB55FJG55FQB55HUG55I1B55I4R
710118,55CSG55CZB55F5G55FCB55FJG55FQB55HUG55I1B55I4R
738510,55CSG55CZB55F5G55FCB55FJG55FQB55HUG55I1B55I4R
710114,55CSG55CZB55F5G55FCB55FJG55FQB55HUG55I1B55I4R
738509,55CSG55CZB55F5G55FCB55FJG55FQB55HUG55I1B55I4R
1007855,55CSG55CZB55F5G55FCB55FJG55FQB55HUG55I1B55I8G
1017774,55CSG55CZB55F5G55FCB55FJG55FQB55HUG55I1B55I4R
711565,55CSG55CZB55F5G55FCB55FJG55FQB55HUG55I1B55I4R
699934,55CSG55CZB55F5G55FCB55FJG55FQB55HUG55I1B55I4R
787519,55CSG55CZB55F5G55FCB55FJG55FQB55HUG55I1B55I8G
701181,55CSG55CZB55F5G55FCB55FJG55FQB55HUG55I1B55I4R
711761,55CSG55CZB55F5G55FCB55FJG55FQB55HUG55I1B55I8G
774404,55CSG55CZB55F5G55FCB55FJG55FQB55HUG55I1B55I1R
706986,55CSG55CZB55F5G55FCB55FJG55FQB55HUG55I1B55I4R
706959,55CSG55CZB55F5G55FCB55FJG55FQB55HUG55I1B55I4R
706978,55CSG55CZB55F5G55FCB55FJG55FQB55HUG55I1B55I4R
709565,55CSG55CZB55F5G55FCB55FJG55FQB55HUG55I1B55I4R
716857,55CUG55D1B55F7G55FEB55FLG55FSB55HWG55I3B55IAG
716853,55CUG55D1B55F7G55FEB55FLG55FSB55HWG55I3B55IAG
768540,55CUG55D1B55F7G55FEB55FLG55FSB55HWG55HWR55I3B
716858,55CUG55D1B55F7G55FEB55FLG55FSB55HWG55HWR55I3B
716844,55CUG55D1B55F7G55FEB55FLG55FSB55HWG55HWR55I3B
716871,55CUG55D1B55F7G55FEB55FLG55FSB55HWG55HWR55I3B
716875,55CUG55D1B55F7G55FEB55FLG55FSB55HWG55I3B55IAG
819731,55CUG55D1B55F7G55FEB55FLG55FSB55HWG55I3B55IAG
716895,55D1B55D1B55FEB55FEB55FSB55FSB55I3B55I3B55IHB
819728,55CUG55D1B55F7G55FEB55FLG55FSB55HWG55I3B55IAG
743295,55CUG55D1B55F7G55FEB55FLG55FSB55HWG55HWR55I3B
716900,55CUG55D1B55F7G55FEB55FLG55FSB55HWG55HWR55I3B
716869,55CUG55D1B55F7G55FEB55FLG55FSB55HWG55HWR55I3B
846707,55CWB55F2G55F9B55FGG55FNB55FUG55HYB55I5G55ICB
846706,55CWB55F2G55F9B55FGG55FNB55FUG55HYB55I5G55ICB
846705,55CWB55F2G55F9B55FGG55FNB55FUG55HYB55I5G55ICB
846711,55CWB55F2G55F9B55FGG55FNB55FUG55HYB55I5G55ICB
1019159,55CWB55F2G55F9B55FGG55FNB55FUG55HYB55I5G55ICB
846702,55CWB55F2G55F9B55FGG55FNB55FUG55HYB55I5G55ICB
738561,55CSG55CZB55F5G55FCB55FJG55FQB55HUG55I1B55I4R
711759,55CSG55CZB55F5G55FCB55FJG55FQB55HUG55I1B55I4R
711757,55CSG55CZB55F5G55FCB55FJG55FQB55HUG55I1B55I4R
707879,55CSG55CZB55F5G55FCB55FJG55FQB55HUG55I1B55I4R
700812,55CSG55CZB55F5G55FCB55FJG55FQB55HUG55I1B55I4R
711769,55CSG55CZB55F5G55FCB55FJG55FQB55HUG55I1B55I4R
711774,55CSG55CZB55F5G55FCB55FJG55FQB55HUG55I1B55I4R
711771,55CSG55CZB55F5G55FCB55FJG55FQB55HUG55I1B55I4R
711768,55CSG55CZB55F5G55FCB55FJG55FQB55HUG55I1B55I4R
701206,55CSG55CZB55F5G55FCB55FJG55FQB55HUG55I1B55I4R
968071,55CSB55CZG55F5B55FCG55FJB55FQG55HUB55I1G55I4R
968080,55CSB55CZG55F5B55FCG55FJB55FQG55HUB55I1G55I8B
786747,55CSB55CZG55F5B55FCG55FJB55FQG55HUB55I1G55I8B
968060,55CSB55CZG55F5B55FCG55FJB55FQG55HUB55I1G55I4R
968063,55CSB55CZG55F5B55FCG55FJB55FQG55HUB55I1G55I4R
968058,55CSB55CZG55F5B55FCG55FJB55FQG55HUB55I1G55I8B
968068,55CSB55CZG55F5B55FCG55FJB55FQG55HUB55I1G55I8B
939611,55CWG55F2B55F9G55FGB55FNG55FUB55HYG55I2R55I5B
939607,55CWG55F2B55F9G55FGB55FNG55FUB55HYG55I5B55ICG
939615,55CWG55F2B55F9G55FGB55FNG55FUB55HYG55I5B55ICG
661834,55CWG55F2B55F9G55FGB55FNG55FUB55HYG55I2R55I5B
937095,55CWG55F2B55F9G55FGB55FNG55FUB55HYG55I5B55ICG
905191,55CWG55F2B55F9G55FGB55FNG55FUB55HYG55I2R55I5B
938429,55CWG55F2B55F9G55FGB55FNG55FUB55HYG55I5B55ICG
937113,55CWG55F2B55F9G55FGB55FNG55FUB55HYG55I2R55I5B
933917,55CWG55F2B55F9G55FGB55FNG55FUB55HYG55I2R55I5B
933920,55CWG55F2B55F9G55FGB55FNG55FUB55HYG55I5B55ICG
937093,55CWG55F2B55F9G55FGB55FNG55FUB55HYG55I2R55I5B
661497,55CWG55F2B55F9G55FGB55FNG55FUB55HYG55I5B55ICG
905187,55CWG55F2B55F9G55FGB55FNG55FUB55HYG55I2R55I5B
933958,55CWG55F2B55F9G55FGB55FNG55FUB55HYG55I2R55I5B
933954,55CWG55F2B55F9G55FGB55FNG55FUB55HYG55I2R55I5B
661838,55CWG55F2B55F9G55FGB55FNG55FUB55HYG55I2R55I5B
937091,55CWG55F2B55F9G55FGB55FNG55FUB55HYG55I2R55I5B
937097,55CWG55F2B55F9G55FGB55FNG55FUB55HYG55I5B55ICG
937100,55CWG55F2B55F9G55FGB55FNG55FUB55HYG55I2R55I5B
939612,55CWG55F2B55F9G55FGB55FNG55FUB55HYG55I5B55ICG
939609,55CWG55F2B55F9G55FGB55FNG55FUB55HYG55I5B55ICG
668224,55CTG55D0B55F6G55FDB55FKG55FRB55HVG55I0R55I2B
846717,55CTG55D0B55F6G55FDB55FKG55FRB55HVG55I0R55I2B
835844,55CTG55D0B55F6G55FDB55FKG55FRB55HVG55I0R55I2B
905928,55CTG55D0B55F6G55FDB55FKG55FRB55HVG55I0R55I2B
838164,55CTG55D0B55F6G55FDB55FKG55FRB55HVG55I0R55I2B
905931,55CTG55D0B55F6G55FDB55FKG55FRB55HVG55I0R55I2B
668225,55CTG55D0B55F6G55FDB55FKG55FRB55HVG55I0R55I2B
740994,55CTG55D0B55F6G55FDB55FKG55FRB55HVG55I0R55I2B
1003896,55CUB55D1G55F7B55FEG55FLB55FSG55HWB55I3G55IAB
623796,55CUB55D1G55F7B55FEG55FLB55FSG55HWB55I3G55IAB
794219,55CUB55D1G55F7B55FEG55FLB55FSG55HWB55I2R55I3G
1034968,55CUB55D1G55F7B55FEG55FLB55FSG55HWB55I2R55I3G
794557,55CUB55D1G55F7B55FEG55FLB55FSG55HWB55I2R55I3G
837440,55CUB55D1G55F7B55FEG55FLB55FSG55HWB55I2R55I3G
846682,55CWB55F2G55F9B55FGG55FNB55FUG55HYB55I5G55ICB
846680,55CWB55F2G55F9B55FGG55FNB55FUG55HYB55I5G55ICB
846694,55CWB55F2G55F9B55FGG55FNB55FUG55HYB55I5G55I5R
846681,55CWB55F2G55F9B55FGG55FNB55FUG55HYB55I5G55ICB
1038769,55CWB55F2G55F9B55FGG55FNB55FUG55HYB55I5G55ICB
700788,55CWB55F2G55F9B55FGG55FNB55FUG55HYB55I5G55I5R
846693,55CWB55F2G55F9B55FGG55FNB55FUG55HYB55I5G55ICB
846692,55CWB55F2G55F9B55FGG55FNB55FUG55HYB55I5G55I5R
846684,55CWB55F2G55F9B55FGG55FNB55FUG55HYB55I5G55ICB
846699,55CWB55F2G55F9B55FGG55FNB55FUG55HYB55I5G55ICB
846691,55CWB55F2G55F9B55FGG55FNB55FUG55HYB55I5G55I5R
846698,55CWB55F2G55F9B55FGG55FNB55FUG55HYB55I5G55ICB
992170,55CWB55CWB55F2G55F9B55F9B55FGG55FNB55FNB55FUG
846689,55CWB55F2G55F9B55FGG55FNB55FUG55HYB55I5G55I5R
846715,55CWB55F2G55F9B55FGG55FNB55FUG55HYB55I5G55ICB
1038770,55CWB55F2G55F9B55FGG55FNB55FUG55HYB55I5G55ICB
1004001,55CWB55F2G55F9B55FGG55FNB55FUG55HYB55I5G55ICB
906072,55CWB55F2G55F9B55FGG55FNB55FUG55HYB55I5G55ICB
849754,55CWB55F2G55F9B55FGG55FNB55FUG55HYB55I5G55ICB
848555,55CWB55F2G55F9B55FGG55FNB55FUG55HYB55I5G55ICB
848553,55CWB55F2G55F9B55FGG55FNB55FUG55HYB55I5G55I5R
846713,55CWB55F2G55F9B55FGG55FNB55FUG55HYB55I5G55I5R
826395,55CWB55F2G55F9B55FGG55FNB55FUG55HYB55I5G55ICB
905929,55CWB55F2G55F9B55FGG55FNB55FUG55HYB55I5G55I5R
846686,55CWB55F2G55F9B55FGG55FNB55FUG55HYB55I5G55ICB
700789,55CWB55F2G55F9B55FGG55FNB55FUG55HYB55I5G55ICB
846685,55CWB55F2G55F9B55FGG55FNB55FUG55HYB55I5G55ICB
846712,55CWB55F2G55F9B55FGG55FNB55FUG55HYB55I5G55ICB
992171,55CWB55F2G55F9B55FGG55FNB55FUG55HYB55I5G55ICB
846696,55CWB55F2G55F9B55FGG55FNB55FUG55HYB55I5G55I5R
846677,55CWB55F2G55F9B55FGG55FNB55FUG55HYB55I5G55ICB
846683,55CWB55F2G55F9B55FGG55FNB55FUG55HYB55I5G55ICB
846695,55CWB55F2G55F9B55FGG55FNB55FUG55HYB55I5G55I5R
942705,55CWB55F2G55F9B55FGG55FNB55FUG55HYB55I5G55ICB
709258,55CSB55CZG55F5B55FCG55FJB55FQG55HUB55I1G55I1R
779594,55CSB55CZG55F5B55FCG55FJB55FQG55HUB55I1G55I1R
1003138,55CSB55CZG55F5B55FCG55FJB55FQG55HUB55I1G55I1R
709257,55CSB55CZG55F5B55FCG55FJB55FQG55HUB55I1G55I1R
779595,55CSB55CZG55F5B55FCG55FJB55FQG55HUB55I1G55I1R
709255,55CSB55CZG55F5B55FCG55FJB55FQG55HUB55I1G55I1R
709254,55CSB55CZG55F5B55FCG55FJB55FQG55HUB55I1G55I1R
848520,55CTG55D0B55F6G55FDB55FKG55FRB55HVG55I2B55I9G
1023047,55CTG55D0B55F6G55FDB55FKG55FRB55HVG55I1R55I2B
848527,55CTG55D0B55F6G55FDB55FKG55FRB55HVG55I1R55I2B
848526,55CTG55D0B55F6G55FDB55FKG55FRB55HVG55I1R55I2B
848524,55CTG55D0B55F6G55FDB55FKG55FRB55HVG55I1R55I2B
848523,55CTG55D0B55F6G55FDB55FKG55FRB55HVG55I1R55I2B
848512,55CTG55D0B55F6G55FDB55FKG55FRB55HVG55I2B55I9G
848519,55CTG55D0B55F6G55FDB55FKG55FRB55HVG55I2B55I9G
702719,55CTG55D0B55F6G55FDB55FKG55FRB55HVG55I2B55I9G
863536,55CTG55D0B55F6G55FDB55FKG55FRB55HVG55I2B55I9G
848518,55CTG55D0B55F6G55FDB55FKG55FRB55HVG55I1R55I2B
848516,55CTG55D0B55F6G55FDB55FKG55FRB55HVG55I1R55I2B
848515,55CTG55D0B55F6G55FDB55FKG55FRB55HVG55I1R55I2B
848513,55CTG55D0B55F6G55FDB55FKG55FRB55HVG55I1R55I2B
848533,55CTG55D0B55F6G55FDB55FKG55FRB55HVG55I2B55I9G
848521,55CTG55D0B55F6G55FDB55FKG55FRB55HVG55I2B55I9G
848540,55CTG55D0B55F6G55FDB55FKG55FRB55HVG55I1R55I2B
848556,55CTG55D0B55F6G55FDB55FKG55FRB55HVG55I1R55I2B
848539,55CTG55D0B55F6G55FDB55FKG55FRB55HVG55I1R55I2B
808281,55CTG55D0B55F6G55FDB55FKG55FRB55HVG55I2B55I9G
808275,55CTG55D0B55F6G55FDB55FKG55FRB55HVG55I1R55I2B
808274,55CTG55D0B55F6G55FDB55FKG55FRB55HVG55I1R55I2B
808273,55CTG55D0B55F6G55FDB55FKG55FRB55HVG55I1R55I2B
808272,55CTG55D0B55F6G55FDB55FKG55FRB55HVG55I1R55I2B
848558,55CTG55D0B55F6G55FDB55FKG55FRB55HVG55I2B55I9G
848541,55CTG55D0B55F6G55FDB55FKG55FRB55HVG55I2B55I9G
1095486,55CUG55D1B55F7G55FEB55FLG55FSB55HWG55I3B55I3R
1095487,55CUG55D1B55F7G55FEB55FLG55FSB55HWG55I3B55I3R
1095488,55CUG55D1B55F7G55FEB55FLG55FSB55HWG55I3B55I3R
1095489,55CUG55D1B55F7G55FEB55FLG55FSB55HWG55I3B55I3R
1095490,55CUG55D1B55F7G55FEB55FLG55FSB55HWG55I3B55I3R
1095491,55CUG55D1B55F7G55FEB55FLG55FSB55HWG55I3B55I3R
1095492,55CUG55D1B55F7G55FEB55FLG55FSB55HWG55I3B55I3R
1095493,55CUG55D1B55F7G55FEB55FLG55FSB55HWG55I3B55I3R
808299,55CRB55CYB55D0G55F4B55FBB55FDG55FIB55FPB55FRG
745633,55CRB55CYB55D0G55F4B55FBB55FDG55FIB55FPB55FRG
786900,55CRB55CYB55D0G55F4B55FBB55FDG55FIB55FPB55FRG
808285,55CRB55CYB55D0G55F4B55FBB55FDG55FIB55FPB55FRG
908690,55CRB55CYB55D0G55F4B55FBB55FDG55FIB55FPB55FRG
808283,55CRB55CYB55D0G55F4B55FBB55FDG55FIB55FPB55FRG
848538,55CRB55CYB55D0G55F4B55FBB55FDG55FIB55FPB55FRG
848536,55CRB55CYB55D0G55F4B55FBB55FDG55FIB55FPB55FRG
863860,55CRB55CYB55D0G55F4B55FBB55FDG55FIB55FPB55FRG
822554,55CRB55CYB55D0G55F4B55FBB55FDG55FIB55FPB55FRG
808291,55CRB55CYB55D0G55F4B55FBB55FDG55FIB55FPB55FRG
942723,55CRB55CYB55D0G55F4B55FBB55FDG55FIB55FPB55FRG
942724,55CRB55CYB55D0G55F4B55FBB55FDG55FIB55FPB55FRG
822553,55CRB55CYB55D0G55F4B55FBB55FDG55FIB55FPB55FRG
951407,55CRB55CYB55D0G55F4B55FBB55FDG55FIB55FPB55FRG
848530,55CRB55CYB55D0G55F4B55FBB55FDG55FIB55FPB55FRG
808306,55CRB55CYB55D0G55F4B55FBB55FDG55FIB55FPB55FRG
942715,55CRB55CYB55D0G55F4B55FBB55FDG55FIB55FPB55FRG
942717,55CRB55CYB55D0G55F4B55FBB55FDG55FIB55FPB55FRG
942719,55CRB55CYB55D0G55F4B55FBB55FDG55FIB55FPB55FRG
848531,55CRB55CYB55D0G55F4B55FBB55FDG55FIB55FPB55FRG
951402,55CRB55CYB55D0G55F4B55FBB55FDG55FIB55FPB55FRG
951403,55CRB55CYB55D0G55F4B55FBB55FDG55FIB55FPB55FRG
942713,55CRB55CYB55D0G55F4B55FBB55FDG55FIB55FPB55FRG
822559,55CRB55CYB55D0G55F4B55FBB55FDG55FIB55FPB55FRG
942708,55CRB55CYB55D0G55F4B55FBB55FDG55FIB55FPB55FRG
1100579,55CRB55CYB55D0G55F4B55FBB55FDG55FIB55FPB55FRG
942714,55CRB55CYB55D0G55F4B55FBB55FDG55FIB55FPB55FRG
808307,55CRB55CYB55D0G55F4B55FBB55FDG55FIB55FPB55FRG
942721,55CRB55CYB55D0G55F4B55FBB55FDG55FIB55FPB55FRG
744487,55CRB55CYB55D0G55F4B55FBB55FDG55FIB55FPB55FRG
1100580,55CRB55CYB55D0G55F4B55FBB55FDG55FIB55FPB55FRG
994355,55CRB55CYB55D0G55F4B55FBB55FDG55FIB55FPB55FRG
1100581,55CRB55CYB55D0G55F4B55FBB55FDG55FIB55FPB55FRG
951406,55CRB55CYB55D0G55F4B55FBB55FDG55FIB55FPB55FRG
745929,55CRB55CYB55D0G55F4B55FBB55FDG55FIB55FPB55FRG
992197,55CRB55CYB55D0G55F4B55FBB55FDG55FIB55FPB55FRG
808296,55CRB55CYB55D0G55F4B55FBB55FDG55FIB55FPB55FRG
942722,55CRB55CYB55D0G55F4B55FBB55FDG55FIB55FPB55FRG
808295,55CRB55CYB55D0G55F4B55FBB55FDG55FIB55FPB55FRG
1100578,55CRB55CYB55D0G55F4B55FBB55FDG55FIB55FPB55FRG
942712,55CRB55CYB55D0G55F4B55FBB55FDG55FIB55FPB55FRG
951404,55CRB55CYB55D0G55F4B55FBB55FDG55FIB55FPB55FRG
744488,55CRB55CYB55D0G55F4B55FBB55FDG55FIB55FPB55FRG
1046174,55CRB55CYB55D0G55F4B55FBB55FDG55FIB55FPB55FRG
951401,55CRB55CYB55D0G55F4B55FBB55FDG55FIB55FPB55FRG
990886,55CRB55CYB55D0G55F4B55FBB55FDG55FIB55FPB55FRG
948382,55CRB55CYB55D0G55F4B55FBB55FDG55FIB55FPB55FRG
1046173,55CRB55CYB55D0G55F4B55FBB55FDG55FIB55FPB55FRG
992196,55CRB55CYB55D0G55F4B55FBB55FDG55FIB55FPB55FRG
942718,55CRB55CYB55D0G55F4B55FBB55FDG55FIB55FPB55FRG
848542,55CRB55CYB55D0G55F4B55FBB55FDG55FIB55FPB55FRG
942709,55CRB55CYB55D0G55F4B55FBB55FDG55FIB55FPB55FRG
942711,55CRB55CYB55D0G55F4B55FBB55FDG55FIB55FPB55FRG
942706,55CRB55CYB55D0G55F4B55FBB55FDG55FIB55FPB55FRG
826169,55CRB55CYB55D0G55F4B55FBB55FDG55FIB55FPB55FRG
1032763,55CRB55CYB55D0G55F4B55FBB55FDG55FIB55FPB55FRG
942716,55CRB55CYB55D0G55F4B55FBB55FDG55FIB55FPB55FRG
942707,55CRB55CYB55D0G55F4B55FBB55FDG55FIB55FPB55FRG
951405,55CRB55CYB55D0G55F4B55FBB55FDG55FIB55FPB55FRG
942720,55CRB55CYB55D0G55F4B55FBB55FDG55FIB55FPB55FRG
942710,55CRB55CYB55D0G55F4B55FBB55FDG55FIB55FPB55FRG
692497,55CRG55CYB55F4G55FBB55FIG55FPB55HTG55I0B55I3R
728676,55CRG55CYB55F4G55FBB55FIG55FPB55HTG55I0B55I3R
728678,55CRG55CYB55F4G55FBB55FIG55FPB55HTG55I0B55I3R
646729,55CRG55CYB55F4G55FBB55FIG55FPB55HTG55I0B55I3R
692509,55CRG55CYB55F4G55FBB55FIG55FPB55HTG55I0B55I3R
1040556,55CRG55CYB55F4G55FBB55FIG55FPB55HTG55I0B55I3R
692518,55CRG55CYB55F4G55FBB55FIG55FPB55HTG55I0B55I3R
692513,55CRG55CYB55F4G55FBB55FIG55FPB55HTG55I0B55I3R
703295,55CRG55CYB55F4G55FBB55FIG55FPB55HTG55I0B55I3R
692499,55CRG55CYB55F4G55FBB55FIG55FPB55HTG55I0B55I3R
907513,55CRG55CYB55F4G55FBB55FIG55FPB55HTG55I0B55I7G
700472,55CRG55CYB55F4G55FBB55FIG55FPB55HTG55I0B55I7G
760567,55CRG55CYB55F4G55FBB55FIG55FPB55HTG55I0B55I7G
760215,55CRG55CYB55F4G55FBB55FIG55FPB55HTG55I0B55I7G
760222,55CRG55CYB55F4G55FBB55FIG55FPB55HTG55I0B55I7G
760218,55CRG55CYB55F4G55FBB55FIG55FPB55HTG55I0B55I7G
760219,55CRG55CYB55F4G55FBB55FIG55FPB55HTG55I0B55I7G
1097782,55CSG55CZB55F5G55FCB55FJG55FQB55HUG55I1B55I8G
1039345,55CSG55CZB55F5G55FCB55FJG55FQB55HUG55I1B55I8G
1112217,55CSG55CZB55F5G55FCB55FJG55FQB55HUG55I1B55I8G
876891,55CWG55F2B55F9G55FGB55FNG55FUB55HUR55HYG55I5B
876889,55CWG55F2B55F9G55FGB55FNG55FUB55HUR55HYG55I5B
919640,55CWG55F2B55F9G55FGB55FNG55FUB55HUR55HYG55I5B
876539,55CWG55F2B55F9G55FGB55FNG55FUB55HUR55HYG55I5B
660137,55CVG55F1B55F8G55FFB55FMG55FTB55HXG55I2R55I4B
980315,55CVG55F1B55F8G55FFB55FMG55FTB55HXG55I2R55I4B
980311,55CVG55F1B55F8G55FFB55FMG55FTB55HXG55I2R55I4B
650287,55CVG55F1B55F8G55FFB55FMG55FTB55HXG55I2R55I4B
860593,55CVG55F1B55F8G55FFB55FMG55FTB55HXG55I4B55IBG
978399,55CVG55F1B55F8G55FFB55FMG55FTB55HXG55I2R55I4B
695126,55CTB55D0G55F6B55FDG55FKB55FRG55HVB55I2G55I9B
942725,55CTB55CTB55D0G55F6B55F6B55FDG55FKB55FKB55FRG
870446,55CTB55D0G55F6B55FDG55FKB55FRG55HVB55I2G55I9B
1046175,55CTB55D0G55F6B55FDG55FKB55FRG55HVB55I2G55I9B
706113,55CTB55D0G55F6B55FDG55FKB55FRG55HVB55I2G55I9B
660102,55CTB55D0G55F6B55FDG55FKB55FRG55HVB55I2G55I9B
942726,55CTB55D0G55F6B55FDG55FKB55FRG55HVB55I2G55I9B
697445,55CTB55D0G55F6B55FDG55FKB55FRG55HVB55I2G55I9B
942727,55CTB55D0G55F6B55FDG55FKB55FRG55HVB55I2G55I9B
870445,55CTB55D0G55F6B55FDG55FKB55FRG55HVB55I2G55I9B
989813,55CTB55CTB55D0G55F6B55F6B55FDG55FKB55FKB55FRG
697446,55CTB55D0G55F6B55FDG55FKB55FRG55HVB55I2G55I9B
951408,55CTB55D0G55F6B55FDG55FKB55FRG55HVB55I2G55I9B
870443,55CTB55D0G55F6B55FDG55FKB55FRG55HVB55I2G55I9B
942728,55CTB55D0G55F6B55FDG55FKB55FRG55HVB55I2G55I9B
704421,55CTB55D0G55F6B55FDG55FKB55FRG55HVB55I2G55I9B
910535,55CTB55D0G55F6B55FDG55FKB55FRG55HVB55I2G55I9B
1028332,55CTB55D0G55F6B55FDG55FKB55FRG55HVB55I2G55I9B
942729,55CTB55D0G55F6B55FDG55FKB55FRG55HVB55I2G55I9B
1019677,55CTB55D0G55F6B55FDG55FKB55FRG55HVB55I2G55I9B
951409,55CTB55D0G55F6B55FDG55FKB55FRG55HVB55I2G55I9B
979582,55CVG55F1B55F8G55FFB55FMG55FTB55HXG55I3R55I4B
978520,55CVG55F1B55F8G55FFB55FMG55FTB55HXG55I3R55I4B
979585,55CVG55F1B55F8G55FFB55FMG55FTB55HXG55I3R55I4B
790324,55CVG55F1B55F8G55FFB55FMG55FTB55HXG55I3R55I4B
873583,55CUB55D1G55F7B55FEG55FLB55FSG55HWB55I3G55IAB
955692,55CUB55D1G55F7B55FEG55FLB55FSG55HWB55I3G55IAB
873581,55CUB55D1G55F7B55FEG55FLB55FSG55HWB55I3G55IAB
873619,55CUB55D1G55F7B55FEG55FLB55FSG55HWB55I3G55IAB
873005,55CUB55D1G55F7B55FEG55FLB55FSG55HWB55I3G55IAB
785115,55CUB55D1G55F7B55FEG55FLB55FSG55HWB55I3G55IAB
745978,55CRB55CYB55D0G55F4B55FBB55FDG55FIB55FPB55FRG
845153,55CRB55CYB55D0G55F4B55FBB55FDG55FIB55FPB55FRG
845152,55CRB55CYB55D0G55F4B55FBB55FDG55FIB55FPB55FRG
808288,55CRB55CYB55D0G55F4B55FBB55FDG55FIB55FPB55FRG
808287,55CRB55CYB55D0G55F4B55FBB55FDG55FIB55FPB55FRG
850321,55CRB55CYB55D0G55F4B55FBB55FDG55FIB55FPB55FRG
845155,55CRB55CYB55D0G55F4B55FBB55FDG55FIB55FPB55FRG
707862,55CSB55CZG55F5B55FCG55FJB55FQG55HUB55I1G55I8B
738560,55CSB55CZG55F5B55FCG55FJB55FQG55HUB55I1G55I8B
711163,55CSB55CZG55F5B55FCG55FJB55FQG55HUB55I1G55I8B
706564,55CSB55CZG55F5B55FCG55FJB55FQG55HUB55I1G55I8B
995800,55CSB55CZG55F5B55FCG55FJB55FQG55HUB55I1G55I8B
706561,55CSB55CZG55F5B55FCG55FJB55FQG55HUB55I1G55I8B
711172,55CSB55CZG55F5B55FCG55FJB55FQG55HUB55I1G55I8B
711180,55CSB55CZG55F5B55FCG55FJB55FQG55HUB55I1G55I8B
711177,55CSB55CZG55F5B55FCG55FJB55FQG55HUB55I1G55I8B
711167,55CSB55CZG55F5B55FCG55FJB55FQG55HUB55I1G55I8B
707856,55CSB55CZG55F5B55FCG55FJB55FQG55HUB55I1G55I8B
711171,55CSB55CZG55F5B55FCG55FJB55FQG55HUB55I1G55I8B
779568,55CSB55CZG55F5B55FCG55FJB55FQG55HUB55I1G55I8B
708428,55CSB55CZG55CZG55F5B55FCG55FCG55FJB55FQG55FQG
707859,55CSB55CZG55F5B55FCG55FJB55FQG55HUB55I1G55I8B
709688,55CSB55CZG55F5B55FCG55FJB55FQG55HUB55I1G55I8B
779571,55CSB55CZG55F5B55FCG55FJB55FQG55HUB55I1G55I8B
710093,55CSB55CZG55F5B55FCG55FJB55FQG55HUB55I1G55I8B
710092,55CSB55CZG55F5B55FCG55FJB55FQG55HUB55I1G55I1R
1009392,55CSB55CZG55F5B55FCG55FJB55FQG55HUB55I1G55I8B
707872,55CSB55CZG55F5B55FCG55FJB55FQG55HUB55I1G55I8B
707860,55CSB55CZG55F5B55FCG55FJB55FQG55HUB55I1G55I8B
707866,55CSB55CZG55F5B55FCG55FJB55FQG55HUB55I1G55I8B
707222,55CSB55CZG55F5B55FCG55FJB55FQG55HUB55I1G55I8B
865840,55CVB55F1G55F8B55FFG55FMB55FTG55HXB55I4G55IBB
697018,55CVB55F1G55F8B55FFG55FMB55FTG55HXB55I4G55IBB
1022103,55CVB55F1G55F8B55FFG55FMB55FTG55HXB55HYR55I4G
739452,55CTB55D0G55F6B55FDG55FKB55FRG55HVB55HVR55I2G
851656,55CTB55D0G55F6B55FDG55FKB55FRG55HVB55I2G55I5R
846857,55CTB55D0G55F6B55FDG55FKB55FRG55HVB55I2G55I5R
846858,55CTB55D0G55F6B55FDG55FKB55FRG55HVB55I2G55I5R
846864,55CTB55D0G55F6B55FDG55FKB55FRG55HVB55I2G55I5R
903411,55CTB55D0G55F6B55FDG55FKB55FRG55HVB55I2G55I5R
846862,55CTB55D0G55F6B55FDG55FKB55FRG55HVB55I2G55I5R
846860,55CTB55D0G55F6B55FDG55FKB55FRG55HVB55I2G55I5R
846859,55CTB55D0G55F6B55FDG55FKB55FRG55HVB55I2G55I5R
903410,55CTB55D0G55F6B55FDG55FKB55FRG55HVB55I2G55I9B
846865,55CTB55D0G55F6B55FDG55FKB55FRG55HVB55I2G55I5R
846856,55CTB55D0G55F6B55FDG55FKB55FRG55HVB55I2G55I9B
903409,55CTB55D0G55F6B55FDG55FKB55FRG55HVB55I2G55I5R
846855,55CTB55D0G55F6B55FDG55FKB55FRG55HVB55I2G55I5R
846854,55CTB55D0G55F6B55FDG55FKB55FRG55HVB55I2G55I5R
903408,55CTB55D0G55F6B55FDG55FKB55FRG55HVB55I2G55I5R
851654,55CTB55D0G55F6B55FDG55FKB55FRG55HVB55I2G55I9B
851659,55CTB55D0G55F6B55FDG55FKB55FRG55HVB55I2G55I5R
904777,55CTB55D0G55F6B55FDG55FKB55FRG55HVB55I2G55I9B
999905,55CTB55D0G55F6B55FDG55FKB55FRG55HVB55I2G55I5R
850319,55CTB55D0G55F6B55FDG55FKB55FRG55HVB55I2G55I5R
904776,55CTB55D0G55F6B55FDG55FKB55FRG55HVB55I2G55I5R
904774,55CTB55D0G55F6B55FDG55FKB55FRG55HVB55I2G55I5R
1048661,55CTB55D0G55F6B55FDG55FKB55FRG55HVB55I2G55I9B
851652,55CTB55D0G55F6B55FDG55FKB55FRG55HVB55I0R55I2G
743010,55CTB55D0G55F6B55FDG55FKB55FRG55HVB55I0R55I2G
848500,55CTB55D0G55F6B55FDG55FKB55FRG55HVB55I0R55I2G
848501,55CTB55D0G55F6B55FDG55FKB55FRG55HVB55I0R55I2G
847203,55CTB55D0G55F6B55FDG55FKB55FRG55HVB55I0R55I2G
743005,55CTB55D0G55F6B55FDG55FKB55FRG55HVB55I2G55I9B
825195,55CTB55D0G55F6B55FDG55FKB55FRG55HVB55I2G55I9B
847202,55CTB55D0G55F6B55FDG55FKB55FRG55HVB55I0R55I2G
848504,55CTB55D0G55F6B55FDG55FKB55FRG55HVB55I2G55I9B
743006,55CTB55D0G55F6B55FDG55FKB55FRG55HVB55I2G55I9B
848509,55CTB55D0G55F6B55FDG55FKB55FRG55HVB55I2G55I9B
848508,55CTB55D0G55F6B55FDG55FKB55FRG55HVB55I2G55I9B
848507,55CTB55D0G55F6B55FDG55FKB55FRG55HVB55I2G55I9B
826841,55CTB55D0G55F6B55FDG55FKB55FRG55HVB55HVR55I2G
848506,55CTB55D0G55F6B55FDG55FKB55FRG55HVB55I2G55I9B
848502,55CTB55CTB55D0G55F6B55F6B55FDG55FKB55FKB55FRG
1023046,55CTB55D0G55F6B55FDG55FKB55FRG55HVB55I2G55I9B
848503,55CSG55CZB55F5G55FCB55FJG55FQB55HUG55I0R55I1B
847201,55CTB55D0G55F6B55FDG55FKB55FRG55HVB55I2G55I9B
847184,55CSG55CZB55F5G55FCB55FJG55FQB55HUG55I0R55I1B
847189,55CTB55D0G55F6B55FDG55FKB55FRG55HVB55I2G55I9B
825194,55CSG55CZB55F5G55FCB55FJG55FQB55HUG55I0R55I1B
847188,55CTB55D0G55F6B55FDG55FKB55FRG55HVB55I2G55I9B
847187,55CSG55CZB55F5G55FCB55FJG55FQB55HUG55I0R55I1B
847185,55CTB55D0G55F6B55FDG55FKB55FRG55HVB55I2G55I9B
903412,55CSG55CZB55F5G55FCB55FJG55FQB55HUG55I0R55I1B
847190,55CTB55D0G55F6B55FDG55FKB55FRG55HVB55I2G55I9B
1023031,55CSG55CZB55F5G55FCB55FJG55FQB55HUG55I0R55I1B
903413,55CTB55CTB55D0G55F6B55F6B55FDG55FKB55FKB55FRG
846867,55CSG55CZB55F5G55FCB55FJG55FQB55HUG55I0R55I1B
846866,55CTB55D0G55F6B55FDG55FKB55FRG55HVB55I2G55I9B
955980,55CSG55CZB55F5G55FCB55FJG55FQB55HUG55I0R55I1B
743003,55CTB55D0G55F6B55FDG55FKB55FRG55HVB55I2G55I9B
903417,55CTB55D0G55F6B55FDG55FKB55FRG55HVB55I2G55I9B
903414,55CTB55D0G55F6B55FDG55FKB55FRG55HVB55I2G55I5R
847200,55CTB55D0G55F6B55FDG55FKB55FRG55HVB55I2G55I9B
787367,55CTB55D0G55F6B55FDG55FKB55FRG55HVB55I2G55I9B
847199,55CTB55CTB55D0G55F6B55F6B55FDG55FKB55FKB55FRG
847198,55CTB55D0G55F6B55FDG55FKB55FRG55HVB55I2G55I5R
847191,55CTB55D0G55F6B55FDG55FKB55FRG55HVB55I2G55I5R
847197,55CTB55D0G55F6B55FDG55FKB55FRG55HVB55I2G55I5R
847196,55CTB55D0G55F6B55FDG55FKB55FRG55HVB55I2G55I5R
847195,55CTB55D0G55F6B55FDG55FKB55FRG55HVB55I2G55I5R
1050460,55CSG55CZB55F5G55FCB55FJG55FQB55HUG55I1B55I8G
1050461,55CSG55CZB55F5G55FCB55FJG55FQB55HUG55I1B55I8G
1050462,55CSG55CZB55F5G55FCB55FJG55FQB55HUG55I1B55I8G
1050463,55CSG55CZB55F5G55FCB55FJG55FQB55HUG55I1B55I8G
1050464,55CSG55CZB55F5G55FCB55FJG55FQB55HUG55I1B55I8G
847193,55CSG55CZB55F5G55FCB55FJG55FQB55HUG55I0R55I1B
808313,55CSG55CZB55F5G55FCB55FJG55FQB55HUG55I0R55I1B
850066,55CSG55CZB55F5G55FCB55FJG55FQB55HUG55I0R55I1B
903319,55CSG55CZB55F5G55FCB55FJG55FQB55HUG55I0R55I1B
903318,55CTB55D0G55F6B55FDG55FKB55FRG55HVB55HVR55I2G
850063,55CTB55D0G55F6B55FDG55FKB55FRG55HVB55HVR55I2G
850062,55CTB55D0G55F6B55FDG55FKB55FRG55HVB55HVR55I2G
1035035,55CTB55D0G55F6B55FDG55FKB55FRG55HVB55HVR55I2G
850061,55CTB55D0G55F6B55FDG55FKB55FRG55HVB55HVR55I2G
845158,55CTB55D0G55F6B55FDG55FKB55FRG55HVB55HVR55I2G
850065,55CTB55F6B55FKB55HVB55HVR55I9B55I9R55KLB55KLR
845163,55CTB55D0G55F6B55FDG55FKB55FRG55HVB55HVR55I2G
1035039,55CTB55D0G55F6B55FDG55FKB55FRG55HVB55HVR55I2G
1032823,55CTB55D0G55F6B55FDG55FKB55FRG55HVB55HVR55I2G
845162,55CTB55D0G55F6B55FDG55FKB55FRG55HVB55I2G55I9B
845161,55CTB55D0G55F6B55FDG55FKB55FRG55HVB55HVR55I2G
845160,55CTB55D0G55F6B55FDG55FKB55FRG55HVB55HVR55I2G
845159,55CTB55D0G55F6B55FDG55FKB55FRG55HVB55HVR55I2G
1016671,55CTB55D0G55F6B55FDG55FKB55FRG55HVB55HVR55I2G
845157,55CTB55D0G55F6B55FDG55FKB55FRG55HVB55HVR55I2G
845156,55CTB55D0G55F6B55FDG55FKB55FRG55HVB55HVR55I2G
665423,55CTB55D0G55F6B55FDG55FKB55FRG55HVB55HVR55I2G
850046,55CTB55D0G55F6B55FDG55FKB55FRG55HVB55HVR55I2G
850044,55CTB55D0G55F6B55FDG55FKB55FRG55HVB55HVR55I2G
827966,55CTB55D0G55F6B55FDG55FKB55FRG55HVB55I2G55I9B
850041,55CTB55D0G55F6B55FDG55FKB55FRG55HVB55HVR55I2G
850045,55CTB55D0G55F6B55FDG55FKB55FRG55HVB55HVR55I2G
850059,55CTB55D0G55F6B55FDG55FKB55FRG55HVB55HVR55I2G
850058,55CTB55D0G55F6B55FDG55FKB55FRG55HVB55HVR55I2G
850057,55CTB55D0G55F6B55FDG55FKB55FRG55HVB55I2G55I9B
850056,55CTB55D0G55F6B55FDG55FKB55FRG55HVB55I2G55I9B
1035034,55CTB55D0G55F6B55FDG55FKB55FRG55HVB55HVR55I2G
850055,55CTB55D0G55F6B55FDG55FKB55FRG55HVB55HVR55I2G
850054,55CTB55D0G55F6B55FDG55FKB55FRG55HVB55HVR55I2G
850053,55CTB55D0G55F6B55FDG55FKB55FRG55HVB55HVR55I2G
850052,55CTB55D0G55F6B55FDG55FKB55FRG55HVB55HVR55I2G
850051,55CTB55D0G55F6B55FDG55FKB55FRG55HVB55HVR55I2G
850049,55CTB55D0G55F6B55FDG55FKB55FRG55HVB55HVR55I2G
845178,55CTB55D0G55F6B55FDG55FKB55FRG55HVB55HVR55I2G
845164,55CTB55D0G55F6B55FDG55FKB55FRG55HVB55HVR55I2G
845200,55CTB55D0G55F6B55FDG55FKB55FRG55HVB55HVR55I2G
845199,55CTB55D0G55F6B55FDG55FKB55FRG55HVB55HVR55I2G
790404,55CTB55D0G55F6B55FDG55FKB55FRG55HVB55HVR55I2G
656882,55CSG55CZB55F5G55FCB55FJG55FQB55HUG55I1B55I8G
656883,55CSG55CZB55F5G55FCB55FJG55FQB55HUG55I1B55I8G
656884,55CSG55CZB55F5G55FCB55FJG55FQB55HUG55I1B55I8G
827967,55CTB55D0G55F6B55FDG55FKB55FRG55HVB55I2G55I9B
656885,55CSG55CZB55F5G55FCB55FJG55FQB55HUG55I1B55I8G
991391,55CTB55D0G55F6B55FDG55FKB55FRG55HVB55I2G55I9B
1050347,55CTB55D0G55F6B55FDG55FKB55FRG55HVB55I2G55I9B
656886,55CSG55CZB55F5G55FCB55FJG55FQB55HUG55I1B55I8G
1050348,55CTB55D0G55F6B55FDG55FKB55FRG55HVB55I2G55I9B
656887,55CSG55CZB55F5G55FCB55FJG55FQB55HUG55I1B55I8G
789163,55CSG55CZB55F5G55FCB55FJG55FQB55HUG55I0R55I1B
1005089,55CSG55CZB55F5G55FCB55FJG55FQB55HUG55I1B55I8G
850068,55CTB55D0G55F6B55FDG55FKB55FRG55HVB55I2G55I9B
1003965,55CTB55D0G55F6B55FDG55FKB55FRG55HVB55I2G55I9B
992060,55CTB55D0G55F6B55FDG55FKB55FRG55HVB55HVR55I2G
1003964,55CTB55D0G55F6B55FDG55FKB55FRG55HVB55HVR55I2G
1104897,55CVG55F1B55F8G55FFB55FMG55FTB55HXG55HYR55I4B
1104867,55CVG55F1B55F8G55FFB55FMG55FTB55HXG55HYR55I4B
1104898,55CVG55F1B55F8G55FFB55FMG55FTB55HXG55HYR55I4B
1104866,55CVG55F1B55F8G55FFB55FMG55FTB55HXG55I4B55IBG
1104865,55CVG55F1B55F8G55FFB55FMG55FTB55HXG55HYR55I4B
1104864,55CVG55F1B55F8G55FFB55FMG55FTB55HXG55HYR55I4B
1104873,55CVG55F1B55F8G55FFB55FMG55FTB55HXG55HYR55I4B
1104863,55CVG55F1B55F8G55FFB55FMG55FTB55HXG55HYR55I4B
1104862,55CVG55F1B55F8G55FFB55FMG55FTB55HXG55HYR55I4B
1104874,55CVG55F1B55F8G55FFB55FMG55FTB55HXG55HYR55I4B
1104871,55CVG55F1B55F8G55FFB55FMG55FTB55HXG55HYR55I4B
1104891,55CVG55F1B55F8G55FFB55FMG55FTB55HXG55HYR55I4B
1104870,55CVG55F1B55F8G55FFB55FMG55FTB55HXG55HYR55I4B
1104892,55CVG55F1B55F8G55FFB55FMG55FTB55HXG55HYR55I4B
1104869,55CVG55F1B55F8G55FFB55FMG55FTB55HXG55HYR55I4B
1104893,55CVG55F1B55F8G55FFB55FMG55FTB55HXG55HYR55I4B
1104868,55CVG55F1B55F8G55FFB55FMG55FTB55HXG55I4B55IBG
989794,55CTG55D0B55F6G55FDB55FKG55FRB55HVG55I2B55I9G
846996,55CTG55D0B55F6G55FDB55FKG55FRB55HVG55I2B55I9G
1010273,55CTG55D0B55F6G55FDB55FKG55FRB55HVG55I2B55I9G
1031273,55CTG55D0B55F6G55FDB55FKG55FRB55HVG55I2B55I9G
846993,55CTG55D0B55F6G55FDB55FKG55FRB55HVG55I2B55I9G
846991,55CTG55D0B55F6G55FDB55FKG55FRB55HVG55I2B55I9G
862013,55CTG55D0B55F6G55FDB55FKG55FRB55HVG55I2B55I9G
920427,55CTG55D0B55F6G55FDB55FKG55FRB55HVG55I2B55I9G
920423,55CTG55D0B55F6G55FDB55FKG55FRB55HVG55I2B55I9G
948110,55CTG55D0B55F6G55FDB55FKG55FRB55HVG55I2B55I9G
806919,55CTG55D0B55F6G55FDB55FKG55FRB55HVG55I2B55I9G
993527,55CTG55D0B55F6G55FDB55FKG55FRB55HVG55I2B55I9G
923323,55CTG55D0B55F6G55FDB55FKG55FRB55HVG55I2B55I9G
1035652,55CTG55D0B55F6G55FDB55FKG55FRB55HVG55I2B55I9G
776298,55CTG55D0B55F6G55FDB55FKG55FRB55HVG55I2B55I9G
923325,55CTG55D0B55F6G55FDB55FKG55FRB55HVG55I2B55I9G
920048,55CTG55D0B55F6G55FDB55FKG55FRB55HVG55I2B55I9G
948111,55CTG55D0B55F6G55FDB55FKG55FRB55HVG55I2B55I9G
873093,55CTG55D0B55F6G55FDB55FKG55FRB55HVG55I2B55I9G
1040468,55CTG55D0B55F6G55FDB55FKG55FRB55HVG55I2B55I9G
1011672,55CTG55D0B55F6G55FDB55FKG55FRB55HVG55I2B55I9G
1038755,55CTG55D0B55F6G55FDB55FKG55FRB55HVG55I2B55I9G
920071,55CTG55D0B55F6G55FDB55FKG55FRB55HVG55I2B55I9G
920418,55CTG55D0B55F6G55FDB55FKG55FRB55HVG55I2B55I9G
1033396,55CTG55D0B55F6G55FDB55FKG55FRB55HVG55I2B55I9G
920062,55CTG55D0B55F6G55FDB55FKG55FRB55HVG55I2B55I9G
993528,55CTG55D0B55F6G55FDB55FKG55FRB55HVG55I2B55I9G
775293,55CTG55D0B55F6G55FDB55FKG55FRB55HVG55I2B55I9G
878239,55CTG55D0B55F6G55FDB55FKG55FRB55HVG55I2B55I9G
875617,55CTG55D0B55F6G55FDB55FKG55FRB55HVG55I2B55I9G
875614,55CTG55D0B55F6G55FDB55FKG55FRB55HVG55I2B55I9G
946963,55CTG55D0B55F6G55FDB55FKG55FRB55HVG55I2B55I9G
810352,55CTG55D0B55F6G55FDB55FKG55FRB55HVG55I2B55I9G
878588,55CTG55D0B55F6G55FDB55FKG55FRB55HVG55I2B55I9G
878592,55CTG55D0B55F6G55FDB55FKG55FRB55HVG55I2B55I9G
878246,55CTG55D0B55F6G55FDB55FKG55FRB55HVG55I2B55I9G
954535,55CTG55D0B55F6G55FDB55FKG55FRB55HVG55I2B55I9G
878254,55CTG55D0B55F6G55FDB55FKG55FRB55HVG55I2B55I9G
954527,55CTG55D0B55F6G55FDB55FKG55FRB55HVG55I2B55I9G
875586,55CTG55D0B55F6G55FDB55FKG55FRB55HVG55I2B55I9G
875568,55CTG55D0B55F6G55FDB55FKG55FRB55HVG55I2B55I9G
875160,55CTG55D0B55F6G55FDB55FKG55FRB55HVG55I2B55I9G
875595,55CTG55D0B55F6G55FDB55FKG55FRB55HVG55I2B55I9G
989795,55CTG55D0B55F6G55FDB55FKG55FRB55HVG55I2B55I9G
846999,55CTG55D0B55F6G55FDB55FKG55FRB55HVG55I2B55I9G
701718,55CTG55D0B55F6G55FDB55FKG55FRB55HVG55I2B55I9G
1038754,55CTG55D0B55F6G55FDB55FKG55FRB55HVG55I2B55I9G
846997,55CTG55D0B55F6G55FDB55FKG55FRB55HVG55I2B55I9G
1055875,55CTG55D0B55F6G55FDB55FKG55FRB55HVG55I2B55I9G
1055876,55CTG55D0B55F6G55FDB55FKG55FRB55HVG55I2B55I9G
1094771,55CTB55D0G55F6B55FDG55FKB55FRG55HVB55I2G55I3R
1094772,55CTB55D0G55F6B55FDG55FKB55FRG55HVB55I2G55I3R
1094773,55CTB55D0G55F6B55FDG55FKB55FRG55HVB55I2G55I3R
1094774,55CTB55D0G55F6B55FDG55FKB55FRG55HVB55I2G55I3R
1094775,55CTB55D0G55F6B55FDG55FKB55FRG55HVB55I2G55I3R
1094776,55CTB55D0G55F6B55FDG55FKB55FRG55HVB55I2G55I3R
1094777,55CTB55D0G55F6B55FDG55FKB55FRG55HVB55I2G55I3R
1094778,55CTB55D0G55F6B55FDG55FKB55FRG55HVB55I2G55I3R
1094767,55CTB55D0G55F6B55FDG55FKB55FRG55HVB55I2G55I3R
1094768,55CTB55D0G55F6B55FDG55FKB55FRG55HVB55I2G55I3R
1094769,55CTB55D0G55F6B55FDG55FKB55FRG55HVB55I2G55I3R
1094770,55CTB55D0G55F6B55FDG55FKB55FRG55HVB55I2G55I3R
720056,55CTG55D0B55F6G55FDB55FKG55FRB55HVG55I0R55I2B
720055,55CTG55D0B55F6G55FDB55FKG55FRB55HVG55I0R55I2B
682533,55CTG55D0B55F6G55FDB55FKG55FRB55HVG55I0R55I2B
746380,55CTG55D0B55F6G55FDB55FKG55FRB55HVG55I0R55I2B
682523,55CTG55D0B55F6G55FDB55FKG55FRB55HVG55I0R55I2B
682531,55CTG55D0B55F6G55FDB55FKG55FRB55HVG55I0R55I2B
682529,55CTG55D0B55F6G55FDB55FKG55FRB55HVG55I0R55I2B
682528,55CTG55D0B55F6G55FDB55FKG55FRB55HVG55I0R55I2B
682526,55CTG55D0B55F6G55FDB55FKG55FRB55HVG55I0R55I2B
682525,55CTG55D0B55F6G55FDB55FKG55FRB55HVG55I0R55I2B
681227,55CTG55D0B55F6G55FDB55FKG55FRB55HVG55I0R55I2B
682524,55CTG55D0B55F6G55FDB55FKG55FRB55HVG55I0R55I2B
721327,55CTG55D0B55F6G55FDB55FKG55FRB55HVG55I0R55I2B
720068,55CTG55D0B55F6G55FDB55FKG55FRB55HVG55I0R55I2B
721358,55CTG55D0B55F6G55FDB55FKG55FRB55HVG55I0R55I2B
721356,55CTG55D0B55F6G55FDB55FKG55FRB55HVG55I0R55I2B
721355,55CTG55D0B55F6G55FDB55FKG55FRB55HVG55I0R55I2B
721353,55CTG55D0B55F6G55FDB55FKG55FRB55HVG55I0R55I2B
721352,55CTG55D0B55F6G55FDB55FKG55FRB55HVG55I0R55I2B
721343,55CTG55D0B55F6G55FDB55FKG55FRB55HVG55I0R55I2B
721351,55CTG55D0B55F6G55FDB55FKG55FRB55HVG55I0R55I2B
681226,55CTG55D0B55F6G55FDB55FKG55FRB55HVG55I0R55I2B
624020,55CTG55D0B55F6G55FDB55FKG55FRB55HVG55I0R55I2B
721350,55CTG55D0B55F6G55FDB55FKG55FRB55HVG55I0R55I2B
721348,55CTG55D0B55F6G55FDB55FKG55FRB55HVG55I0R55I2B
721347,55CTG55D0B55F6G55FDB55FKG55FRB55HVG55I0R55I2B
681225,55CTG55D0B55F6G55FDB55FKG55FRB55HVG55I0R55I2B
681224,55CTG55D0B55F6G55FDB55FKG55FRB55HVG55I0R55I2B
681223,55CTG55D0B55F6G55FDB55FKG55FRB55HVG55I0R55I2B
681222,55CTG55D0B55F6G55FDB55FKG55FRB55HVG55I0R55I2B
682530,55CTG55D0B55F6G55FDB55FKG55FRB55HVG55I2B55I9G
746379,55CTG55D0B55F6G55FDB55FKG55FRB55HVG55I0R55I2B
720057,55CTG55D0B55F6G55FDB55FKG55FRB55HVG55I0R55I2B
917989,55CRB55CYG55F4B55FBG55FIB55FPG55HTB55I0G55I5R
917991,55CRB55CYG55F4B55FBG55FIB55FPG55HTB55I0G55I5R
917993,55CRB55CYG55F4B55FBG55FIB55FPG55HTB55I0G55I5R
1007279,55CRB55CYG55F4B55FBG55FIB55FPG55HTB55I0G55I5R
893367,55CRB55CYG55F4B55FBG55FIB55FPG55HTB55I0G55I7B
893368,55CRB55CYG55F4B55FBG55FIB55FPG55HTB55I0G55I5R
843584,55CRB55CYG55F4B55FBG55FIB55FPG55HTB55I0G55I1R
689297,55CRB55CYG55F4B55FBG55FIB55FPG55HTB55I0G55I1R
1030481,55CRB55CYG55F4B55FBG55FIB55FPG55HTB55I0G55I1R
807704,55CRB55CYG55F4B55FBG55FIB55FPG55HTB55I0G55I1R
943341,55CRB55CYG55F4B55FBG55FIB55FPG55HTB55I0G55I7B
879648,55CRB55CYG55F4B55FBG55FIB55FPG55HTB55I0G55I1R
840779,55CRB55CYG55F4B55FBG55FIB55FPG55HTB55I0G55I1R
879645,55CRB55CYG55F4B55FBG55FIB55FPG55HTB55I0G55I1R
840794,55CRB55CYG55F4B55FBG55FIB55FPG55HTB55I0G55I1R
689290,55CRB55CYG55F4B55FBG55FIB55FPG55HTB55I0G55I1R
879646,55CRB55CYG55F4B55FBG55FIB55FPG55HTB55I0G55I1R
840797,55CRB55CYG55F4B55FBG55FIB55FPG55HTB55I0G55I1R
884868,55CRB55CYG55F4B55FBG55FIB55FPG55HTB55I0G55I1R
886065,55CRB55CYG55F4B55FBG55FIB55FPG55HTB55I0G55I1R
753720,55CRB55CYG55F4B55FBG55FIB55FPG55HTB55I0G55I7B
886064,55CRB55CYG55F4B55FBG55FIB55FPG55HTB55I0G55I1R
879690,55CRB55CYG55F4B55FBG55FIB55FPG55HTB55I0G55I1R
886061,55CRB55CYG55F4B55FBG55FIB55FPG55HTB55I0G55I1R
884871,55CRB55CYG55F4B55FBG55FIB55FPG55HTB55I0G55I1R
886060,55CRB55CYG55F4B55FBG55FIB55FPG55HTB55I0G55I1R
689277,55CRB55CYG55F4B55FBG55FIB55FPG55HTB55I0G55I1R
803021,55CRB55CYG55F4B55FBG55FIB55FPG55HTB55I0G55I1R
1008305,55CRB55CYG55F4B55FBG55FIB55FPG55HTB55I0G55I1R
884867,55CRB55CYG55F4B55FBG55FIB55FPG55HTB55I0G55I1R
753723,55CRB55CYG55F4B55FBG55FIB55FPG55HTB55I0G55I1R
931490,55CRB55CYG55F4B55FBG55FIB55FPG55HTB55I0G55I1R
928466,55CRB55CYG55F4B55FBG55FIB55FPG55HTB55I0G55I1R
928456,55CRB55CYG55F4B55FBG55FIB55FPG55HTB55I0G55I1R
689292,55CRB55CYG55F4B55FBG55FIB55FPG55HTB55I0G55I1R
880918,55CRB55CYG55F4B55FBG55FIB55FPG55HTB55I0G55I1R
753724,55CRB55CYG55F4B55FBG55FIB55FPG55HTB55I0G55I1R
886086,55CRB55CYG55F4B55FBG55FIB55FPG55HTB55I0G55I1R
943340,55CRB55CYG55F4B55FBG55FIB55FPG55HTB55I0G55I1R
1011535,55CRB55CYG55F4B55FBG55FIB55FPG55HTB55I0G55I1R
1025993,55CRB55CYG55F4B55FBG55FIB55FPG55HTB55I0G55I1R
689294,55CRB55CYG55F4B55FBG55FIB55FPG55HTB55I0G55I1R
843982,55CRB55CYG55F4B55FBG55FIB55FPG55HTB55I0G55I1R
864797,55CRB55CYG55F4B55FBG55FIB55FPG55HTB55I0G55I1R
1048172,55CRB55CYG55F4B55FBG55FIB55FPG55HTB55I0G55I7B
1048171,55CRB55CYG55F4B55FBG55FIB55FPG55HTB55I0G55I1R
651706,55CRB55CYG55F4B55FBG55FIB55FPG55HTB55I0G55I1R
1034945,55CRB55CYG55F4B55FBG55FIB55FPG55HTB55I0G55I1R
827172,55CRB55CYG55F4B55FBG55FIB55FPG55HTB55I0G55I1R
651694,55CRB55CYG55F4B55FBG55FIB55FPG55HTB55I0G55I1R
689288,55CRB55CYG55F4B55FBG55FIB55FPG55HTB55I0G55I1R
651696,55CRB55CYG55F4B55FBG55FIB55FPG55HTB55I0G55I7B
689286,55CRB55CYG55F4B55FBG55FIB55FPG55HTB55I0G55I1R
900427,55CRB55CYG55F4B55FBG55FIB55FPG55HTB55I0G55I1R
689285,55CRB55CYG55F4B55FBG55FIB55FPG55HTB55I0G55I1R
1018964,55CRB55CYG55F4B55FBG55FIB55FPG55HTB55I0G55I7B
960772,55CTG55D0B55F6G55FDB55FKG55FRB55HVG55I2B55I3R
1000024,55CTG55D0B55F6G55FDB55FKG55FRB55HVG55I2B55I3R
745228,55CTG55D0B55F6G55FDB55FKG55FRB55HVG55I2B55I3R
962366,55CTG55D0B55F6G55FDB55FKG55FRB55HVG55I2B55I3R
699002,55CTG55D0B55F6G55FDB55FKG55FRB55HVG55I2B55I3R
960756,55CTG55D0B55F6G55FDB55FKG55FRB55HVG55I2B55I9G
962363,55CTG55D0B55F6G55FDB55FKG55FRB55HVG55I2B55I3R
1000023,55CTG55D0B55F6G55FDB55FKG55FRB55HVG55I2B55I3R
801249,55CVG55F1B55F8G55FFB55FMG55FTB55HXG55I2R55I4B
962042,55CTG55D0B55F6G55FDB55FKG55FRB55HVG55I2B55I3R
746413,55CTG55D0B55F6G55FDB55FKG55FRB55HVG55I2B55I3R
942730,55CTG55D0B55F6G55FDB55FKG55FRB55HVG55I2B55I3R
962044,55CTG55D0B55F6G55FDB55FKG55FRB55HVG55I2B55I3R
845172,55CUB55D1G55F7B55FEG55FLB55FSG55HTR55HWB55I3G
845165,55CUB55D1G55F7B55FEG55FLB55FSG55HTR55HWB55I3G
845171,55CUB55D1G55F7B55FEG55FLB55FSG55HTR55HWB55I3G
845170,55CUB55D1G55F7B55FEG55FLB55FSG55HTR55HWB55I3G
845168,55CUB55D1G55F7B55FEG55FLB55FSG55HTR55HWB55I3G
845203,55CUB55D1G55F7B55FEG55FLB55FSG55HTR55HWB55I3G
845202,55D1G55FEG55FSG55HTR55I3G55I7R55IHG55ILR55KTG
845201,55CUB55D1G55F7B55FEG55FLB55FSG55HTR55HWB55I3G
845192,55CUB55D1G55F7B55FEG55FLB55FSG55HWB55I3G55IAB
906071,55CUB55D1G55F7B55FEG55FLB55FSG55HWB55I3G55IAB
845177,55CUB55D1G55F7B55FEG55FLB55FSG55HWB55I3G55IAB
845176,55CUB55D1G55F7B55FEG55FLB55FSG55HWB55I3G55IAB
845174,55CUB55D1G55F7B55FEG55FLB55FSG55HTR55HWB55I3G
845173,55CUB55D1G55F7B55FEG55FLB55FSG55HTR55HWB55I3G
1141946,55CVG55F1B55F8G55FFB55FMG55FTB55HXG55I2R55I4B
1141927,55CVG55F1B55F8G55FFB55FMG55FTB55HXG55I2R55I4B
1141947,55CVG55F1B55F8G55FFB55FMG55FTB55HXG55I2R55I4B
1141948,55CVG55F1B55F8G55FFB55FMG55FTB55HXG55I2R55I4B
1141949,55CVG55F1B55F8G55FFB55FMG55FTB55HXG55I2R55I4B
845188,55CVB55F1G55F8B55FFG55FMB55FTG55HTR55HXB55I4G
845193,55CVB55F1G55F8B55FFG55FMB55FTG55HTR55HXB55I4G
845186,55CVB55F1G55F8B55FFG55FMB55FTG55HXB55I4G55IBB
845185,55CVB55F1G55F8B55FFG55FMB55FTG55HTR55HXB55I4G
845184,55CVB55F1G55F8B55FFG55FMB55FTG55HTR55HXB55I4G
845181,55CVB55F1G55F8B55FFG55FMB55FTG55HTR55HXB55I4G
845167,55CVB55F1G55F8B55FFG55FMB55FTG55HTR55HXB55I4G
850038,55CVB55F1G55F8B55FFG55FMB55FTG55HTR55HXB55I4G
806239,55CVB55F1G55F8B55FFG55FMB55FTG55HTR55HXB55I4G
806265,55CVB55F1G55F8B55FFG55FMB55FTG55HTR55HXB55I4G
806264,55CVB55F1G55F8B55FFG55FMB55FTG55HTR55HXB55I4G
1043649,55CVB55F1G55F8B55FFG55FMB55FTG55HTR55HXB55I4G
845187,55CVB55F1G55F8B55FFG55FMB55FTG55HTR55HXB55I4G
806262,55CVB55F1G55F8B55FFG55FMB55FTG55HTR55HXB55I4G
806261,55CVB55F1G55F8B55FFG55FMB55FTG55HTR55HXB55I4G
806253,55CVB55F1G55F8B55FFG55FMB55FTG55HTR55HXB55I4G
785687,55CVB55F1G55F8B55FFG55FMB55FTG55HTR55HXB55I4G
806258,55CVB55F1G55F8B55FFG55FMB55FTG55HTR55HXB55I4G
906069,55CVB55F1G55F8B55FFG55FMB55FTG55HTR55HXB55I4G
806257,55CVB55F1G55F8B55FFG55FMB55FTG55HTR55HXB55I4G
845191,55CVB55F1G55F8B55FFG55FMB55FTG55HTR55HXB55I4G
845190,55CVB55F1G55F8B55FFG55FMB55FTG55HTR55HXB55I4G
845189,55CVB55F1G55F8B55FFG55FMB55FTG55HTR55HXB55I4G
1045087,55CVB55F1G55F8B55FFG55FMB55FTG55HTR55HXB55I4G
845180,55CVB55F1G55F8B55FFG55FMB55FTG55HTR55HXB55I4G
1019218,55CVB55F1G55F8B55FFG55FMB55FTG55HXB55I4G55IBB
687909,55CRB55CRB55CYG55F4B55F4B55FBG55FIB55FIB55FPG
687910,55CRB55CRB55CYG55F4B55F4B55FBG55FIB55FIB55FPG
1029201,55CRB55CRB55CYG55F4B55F4B55FBG55FIB55FIB55FPG
863556,55CRB55CYG55F4B55FBG55FIB55FPG55HTB55HTR55I0G
646205,55CRB55CYG55F4B55FBG55FIB55FPG55HTB55HTR55I0G
646207,55CRB55CYG55F4B55FBG55FIB55FPG55HTB55HTR55I0G
863557,55CRB55CYG55F4B55FBG55FIB55FPG55HTB55HTR55I0G
646209,55CRB55CYG55F4B55FBG55FIB55FPG55HTB55HTR55I0G
650275,55CRB55CYG55F4B55FBG55FIB55FPG55HTB55HTR55I0G
905694,55CRB55CRB55CYG55F4B55F4B55FBG55FIB55FIB55FPG
650274,55CRB55CYG55F4B55FBG55FIB55FPG55HTB55HTR55I0G
1029200,55CRB55CYG55F4B55FBG55FIB55FPG55HTB55HTR55I0G
687520,55CRB55CYG55F4B55FBG55FIB55FPG55HTB55HTR55I0G
689247,55CRB55CYG55F4B55FBG55FIB55FPG55HTB55HTR55I0G
905695,55CRB55CRB55CYG55F4B55F4B55FBG55FIB55FIB55FPG
905690,55CRB55CRB55CYG55F4B55F4B55FBG55FIB55FIB55FPG
687899,55CRB55CRB55CYG55F4B55F4B55FBG55FIB55FIB55FPG
687901,55CRB55CRB55CYG55F4B55F4B55FBG55FIB55FIB55FPG
687902,55CRB55CRB55CYG55F4B55F4B55FBG55FIB55FIB55FPG
687904,55CRB55CRB55CYG55F4B55F4B55FBG55FIB55FIB55FPG
687906,55CRB55CRB55CYG55F4B55F4B55FBG55FIB55FIB55FPG
687907,55CRB55CRB55CYG55F4B55F4B55FBG55FIB55FIB55FPG
1055352,55CRB55CRB55CYG55F4B55F4B55FBG55FIB55FIB55FPG
886945,55CRB55CYG55F4B55FBG55FIB55FPG55HTB55HTR55I0G
886947,55CRB55CYG55F4B55FBG55FIB55FPG55HTB55HTR55I0G
995262,55CRB55CYG55F4B55FBG55FIB55FPG55HTB55HTR55I0G
638792,55CRB55CYG55F4B55FBG55FIB55FPG55HTB55I0G55I2R
676660,55CRB55CYG55F4B55FBG55FIB55FPG55HTB55I0G55I2R
638447,55CRB55CYG55F4B55FBG55FIB55FPG55HTB55I0G55I2R
633280,55CRB55CYG55F4B55FBG55FIB55FPG55HTB55I0G55I2R
638794,55CRB55CYG55F4B55FBG55FIB55FPG55HTB55I0G55I2R
676676,55CRB55CYG55F4B55FBG55FIB55FPG55HTB55I0G55I2R
676663,55CRB55CYG55F4B55FBG55FIB55FPG55HTB55I0G55I2R
827695,55CRB55CYG55F4B55FBG55FIB55FPG55HTB55I0G55I2R
676674,55CRB55CYG55F4B55FBG55FIB55FPG55HTB55I0G55I2R
659602,55CRB55CYG55F4B55FBG55FIB55FPG55HTB55I0G55I2R
664004,55CRB55CYG55F4B55FBG55FIB55FPG55HTB55I0G55I2R
659618,55CRB55CYG55F4B55FBG55FIB55FPG55HTB55I0G55I2R
659991,55CRB55CYG55F4B55FBG55FIB55FPG55HTB55I0G55I2R
638439,55CRB55CYG55F4B55FBG55FIB55FPG55HTB55I0G55I2R
1024237,55CVG55F1B55F8G55FFB55FMG55FTB55HXG55HYR55I4B
806255,55CVG55F1B55F8G55FFB55FMG55FTB55HXG55HYR55I4B
806254,55CVG55F1B55F8G55FFB55FMG55FTB55HXG55HYR55I4B
887292,55CVG55F1B55F8G55FFB55FMG55FTB55HXG55HYR55I4B
806260,55CVG55F1B55F8G55FFB55FMG55FTB55HXG55HYR55I4B
887298,55CVG55F1B55F8G55FFB55FMG55FTB55HXG55HYR55I4B
887297,55CVG55F1B55F8G55FFB55FMG55FTB55HXG55HYR55I4B
887296,55CVG55F1B55F8G55FFB55FMG55FTB55HXG55HYR55I4B
887295,55CVG55F1B55F8G55FFB55FMG55FTB55HXG55HYR55I4B
1136463,55CRB55CVG55CYB55F1G55F4B55F8G55FBB55FFG55FIB
1136222,55CRB55CVG55CYB55F1G55F4B55F8G55FBB55FFG55FIB
1136464,55CRB55CVG55CYB55F1G55F4B55F8G55FBB55FFG55FIB
1136221,55CRB55CVG55CYB55F1G55F4B55F8G55FBB55FFG55FIB
1136465,55CRB55CVG55CYB55F1G55F4B55F8G55FBB55FFG55FIB
1136220,55CRB55CVG55CYB55F1G55F4B55F8G55FBB55FFG55FIB
1136452,55CRB55CVG55CYB55F1G55F4B55F8G55FBB55FFG55FIB
1136219,55CRB55CVG55CYB55F1G55F4B55F8G55FBB55FFG55FIB
1136453,55CRB55CVG55CYB55F1G55F4B55F8G55FBB55FFG55FIB
1136218,55CRB55CVG55CYB55F1G55F4B55F8G55FBB55FFG55FIB
1136454,55CRB55CVG55CYB55F1G55F4B55F8G55FBB55FFG55FIB
1136217,55CRB55CVG55CYB55F1G55F4B55F8G55FBB55FFG55FIB
1136455,55CRB55CVG55CYB55F1G55F4B55F8G55FBB55FFG55FIB
1136216,55CRB55CVG55CYB55F1G55F4B55F8G55FBB55FFG55FIB
1136456,55CRB55CVG55CYB55F1G55F4B55F8G55FBB55FFG55FIB
1136215,55CRB55CVG55CYB55F1G55F4B55F8G55FBB55FFG55FIB
1136457,55CRB55CVG55CYB55F1G55F4B55F8G55FBB55FFG55FIB
1136214,55CRB55CVG55CYB55F1G55F4B55F8G55FBB55FFG55FIB
1136289,55CRB55CVG55CYB55F1G55F4B55F8G55FBB55FFG55FIB
1136018,55CRB55CVG55CYB55F1G55F4B55F8G55FBB55FFG55FIB
1136458,55CRB55CVG55CYB55F1G55F4B55F8G55FBB55FFG55FIB
1136213,55CRB55CVG55CYB55F1G55F4B55F8G55FBB55FFG55FIB
1136459,55CRB55CVG55CYB55F1G55F4B55F8G55FBB55FFG55FIB
1136212,55CRB55CVG55CYB55F1G55F4B55F8G55FBB55FFG55FIB
1136460,55CRB55CVG55CYB55F1G55F4B55F8G55FBB55FFG55FIB
1136211,55CRB55CVG55CYB55F1G55F4B55F8G55FBB55FFG55FIB
1136461,55CRB55CVG55CYB55F1G55F4B55F8G55FBB55FFG55FIB
1136226,55CRB55CVG55CYB55F1G55F4B55F8G55FBB55FFG55FIB
1136462,55CRB55CVG55CYB55F1G55F4B55F8G55FBB55FFG55FIB
1136225,55CRB55CVG55CYB55F1G55F4B55F8G55FBB55FFG55FIB
1136224,55CRB55CVG55CYB55F1G55F4B55F8G55FBB55FFG55FIB
1136223,55CRB55CVG55CYB55F1G55F4B55F8G55FBB55FFG55FIB
1136290,55CRB55CVG55CYB55F1G55F4B55F8G55FBB55FFG55FIB
1136017,55CRB55CVG55CYB55F1G55F4B55F8G55FBB55FFG55FIB
1136279,55CRB55CVG55CYB55F1G55F4B55F8G55FBB55FFG55FIB
1136016,55CRB55CVG55CYB55F1G55F4B55F8G55FBB55FFG55FIB
1136280,55CRB55CVG55CYB55F1G55F4B55F8G55FBB55FFG55FIB
1136015,55CRB55CVG55CYB55F1G55F4B55F8G55FBB55FFG55FIB
1136281,55CRB55CVG55CYB55F1G55F4B55F8G55FBB55FFG55FIB
1136014,55CRB55CVG55CYB55F1G55F4B55F8G55FBB55FFG55FIB
1136282,55CRB55CVG55CYB55F1G55F4B55F8G55FBB55FFG55FIB
1136013,55CRB55CVG55CYB55F1G55F4B55F8G55FBB55FFG55FIB
1136283,55CRB55CVG55CYB55F1G55F4B55F8G55FBB55FFG55FIB
1136012,55CRB55CVG55CYB55F1G55F4B55F8G55FBB55FFG55FIB
1136284,55CRB55CVG55CYB55F1G55F4B55F8G55FBB55FFG55FIB
1136011,55CRB55CVG55CYB55F1G55F4B55F8G55FBB55FFG55FIB
1136285,55CRB55CVG55CYB55F1G55F4B55F8G55FBB55FFG55FIB
1136010,55CRB55CVG55CYB55F1G55F4B55F8G55FBB55FFG55FIB
1136286,55CRB55CVG55CYB55F1G55F4B55F8G55FBB55FFG55FIB
1136009,55CRB55CVG55CYB55F1G55F4B55F8G55FBB55FFG55FIB
1136477,55CRB55CVG55CYB55F1G55F4B55F8G55FBB55FFG55FIB
1136238,55CRB55CVG55CYB55F1G55F4B55F8G55FBB55FFG55FIB
1136478,55CRB55CVG55CYB55F1G55F4B55F8G55FBB55FFG55FIB
1136237,55CRB55CVG55CYB55F1G55F4B55F8G55FBB55FFG55FIB
1136479,55CRB55CVG55CYB55F1G55F4B55F8G55FBB55FFG55FIB
1136236,55CRB55CVG55CYB55F1G55F4B55F8G55FBB55FFG55FIB
1136466,55CRB55CVG55CYB55F1G55F4B55F8G55FBB55FFG55FIB
1136235,55CRB55CVG55CYB55F1G55F4B55F8G55FBB55FFG55FIB
1136467,55CRB55CVG55CYB55F1G55F4B55F8G55FBB55FFG55FIB
1136234,55CRB55CVG55CYB55F1G55F4B55F8G55FBB55FFG55FIB
1136468,55CRB55CVG55CYB55F1G55F4B55F8G55FBB55FFG55FIB
1136233,55CRB55CVG55CYB55F1G55F4B55F8G55FBB55FFG55FIB
1136469,55CRB55CVG55CYB55F1G55F4B55F8G55FBB55FFG55FIB
1136232,55CRB55CVG55CYB55F1G55F4B55F8G55FBB55FFG55FIB
1136470,55CRB55CVG55CYB55F1G55F4B55F8G55FBB55FFG55FIB
1136231,55CRB55CVG55CYB55F1G55F4B55F8G55FBB55FFG55FIB
1136471,55CRB55CVG55CYB55F1G55F4B55F8G55FBB55FFG55FIB
1136230,55CRB55CVG55CYB55F1G55F4B55F8G55FBB55FFG55FIB
1136287,55CRB55CVG55CYB55F1G55F4B55F8G55FBB55FFG55FIB
1136008,55CRB55CVG55CYB55F1G55F4B55F8G55FBB55FFG55FIB
1136472,55CRB55CVG55CYB55F1G55F4B55F8G55FBB55FFG55FIB
1136229,55CRB55CVG55CYB55F1G55F4B55F8G55FBB55FFG55FIB
1136473,55CRB55CVG55CYB55F1G55F4B55F8G55FBB55FFG55FIB
1136228,55CRB55CVG55CYB55F1G55F4B55F8G55FBB55FFG55FIB
1136474,55CRB55CVG55CYB55F1G55F4B55F8G55FBB55FFG55FIB
1136227,55CRB55CVG55CYB55F1G55F4B55F8G55FBB55FFG55FIB
1136475,55CRB55CVG55CYB55F1G55F4B55F8G55FBB55FFG55FIB
1136242,55CRB55CVG55CYB55F1G55F4B55F8G55FBB55FFG55FIB
1136476,55CRB55CVG55CYB55F1G55F4B55F8G55FBB55FFG55FIB
1136241,55CRB55CVG55CYB55F1G55F4B55F8G55FBB55FFG55FIB
1136240,55CRB55CVG55CYB55F1G55F4B55F8G55FBB55FFG55FIB
1136239,55CRB55CVG55CYB55F1G55F4B55F8G55FBB55FFG55FIB
1136288,55CRB55CVG55CYB55F1G55F4B55F8G55FBB55FFG55FIB
1136007,55CRB55CVG55CYB55F1G55F4B55F8G55FBB55FFG55FIB
1136006,55CRB55CVG55CYB55F1G55F4B55F8G55FBB55FFG55FIB
1136005,55CRB55CVG55CYB55F1G55F4B55F8G55FBB55FFG55FIB
1136022,55CRB55CVG55CYB55F1G55F4B55F8G55FBB55FFG55FIB
1136021,55CRB55CVG55CYB55F1G55F4B55F8G55FBB55FFG55FIB
1136020,55CRB55CVG55CYB55F1G55F4B55F8G55FBB55FFG55FIB
1136019,55CRB55CVG55CYB55F1G55F4B55F8G55FBB55FFG55FIB
1136484,55CRB55CVG55CYB55F1G55F4B55F8G55FBB55FFG55FIB
1136247,55CRB55CVG55CYB55F1G55F4B55F8G55FBB55FFG55FIB
1136485,55CRB55CVG55CYB55F1G55F4B55F8G55FBB55FFG55FIB
1136246,55CRB55CVG55CYB55F1G55F4B55F8G55FBB55FFG55FIB
1136480,55CRB55CVG55CYB55F1G55F4B55F8G55FBB55FFG55FIB
1136245,55CRB55CVG55CYB55F1G55F4B55F8G55FBB55FFG55FIB
1136481,55CRB55CVG55CYB55F1G55F4B55F8G55FBB55FFG55FIB
1136244,55CRB55CVG55CYB55F1G55F4B55F8G55FBB55FFG55FIB
1136482,55CRB55CVG55CYB55F1G55F4B55F8G55FBB55FFG55FIB
1136243,55CRB55CVG55CYB55F1G55F4B55F8G55FBB55FFG55FIB
1136483,55CRB55CVG55CYB55F1G55F4B55F8G55FBB55FFG55FIB
1136251,55CRB55CVG55CYB55F1G55F4B55F8G55FBB55FFG55FIB
1136250,55CRB55CVG55CYB55F1G55F4B55F8G55FBB55FFG55FIB
1136249,55CRB55CVG55CYB55F1G55F4B55F8G55FBB55FFG55FIB
1136248,55CRB55CVG55CYB55F1G55F4B55F8G55FBB55FFG55FIB
1136490,55CRB55CVG55CYB55F1G55F4B55F8G55FBB55FFG55FIB
1136256,55CRB55CVG55CYB55F1G55F4B55F8G55FBB55FFG55FIB
1136491,55CRB55CVG55CYB55F1G55F4B55F8G55FBB55FFG55FIB
1136255,55CRB55CVG55CYB55F1G55F4B55F8G55FBB55FFG55FIB
1136486,55CRB55CVG55CYB55F1G55F4B55F8G55FBB55FFG55FIB
1136254,55CRB55CVG55CYB55F1G55F4B55F8G55FBB55FFG55FIB
1136487,55CRB55CVG55CYB55F1G55F4B55F8G55FBB55FFG55FIB
1136253,55CRB55CVG55CYB55F1G55F4B55F8G55FBB55FFG55FIB
1136488,55CRB55CVG55CYB55F1G55F4B55F8G55FBB55FFG55FIB
1136252,55CRB55CVG55CYB55F1G55F4B55F8G55FBB55FFG55FIB
1136489,55CRB55CVG55CYB55F1G55F4B55F8G55FBB55FFG55FIB
1136260,55CRB55CVG55CYB55F1G55F4B55F8G55FBB55FFG55FIB
1136259,55CRB55CVG55CYB55F1G55F4B55F8G55FBB55FFG55FIB
1136258,55CRB55CVG55CYB55F1G55F4B55F8G55FBB55FFG55FIB
1136257,55CRB55CVG55CYB55F1G55F4B55F8G55FBB55FFG55FIB
1136496,55CRB55CVG55CYB55F1G55F4B55F8G55FBB55FFG55FIB
1136265,55CRB55CVG55CYB55F1G55F4B55F8G55FBB55FFG55FIB
1136497,55CRB55CVG55CYB55F1G55F4B55F8G55FBB55FFG55FIB
1136264,55CRB55CVG55CYB55F1G55F4B55F8G55FBB55FFG55FIB
1136492,55CRB55CVG55CYB55F1G55F4B55F8G55FBB55FFG55FIB
1136263,55CRB55CVG55CYB55F1G55F4B55F8G55FBB55FFG55FIB
1136493,55CRB55CVG55CYB55F1G55F4B55F8G55FBB55FFG55FIB
1136262,55CRB55CVG55CYB55F1G55F4B55F8G55FBB55FFG55FIB
1136494,55CRB55CVG55CYB55F1G55F4B55F8G55FBB55FFG55FIB
1136261,55CRB55CVG55CYB55F1G55F4B55F8G55FBB55FFG55FIB
1136495,55CRB55CVG55CYB55F1G55F4B55F8G55FBB55FFG55FIB
1136269,55CRB55CVG55CYB55F1G55F4B55F8G55FBB55FFG55FIB
1136268,55CRB55CVG55CYB55F1G55F4B55F8G55FBB55FFG55FIB
1136267,55CRB55CVG55CYB55F1G55F4B55F8G55FBB55FFG55FIB
1136266,55CRB55CVG55CYB55F1G55F4B55F8G55FBB55FFG55FIB
1136502,55CRB55CVG55CYB55F1G55F4B55F8G55FBB55FFG55FIB
1136274,55CRB55CVG55CYB55F1G55F4B55F8G55FBB55FFG55FIB
1136503,55CRB55CVG55CYB55F1G55F4B55F8G55FBB55FFG55FIB
1136273,55CRB55CVG55CYB55F1G55F4B55F8G55FBB55FFG55FIB
1136498,55CRB55CVG55CYB55F1G55F4B55F8G55FBB55FFG55FIB
1136272,55CRB55CVG55CYB55F1G55F4B55F8G55FBB55FFG55FIB
1136499,55CRB55CVG55CYB55F1G55F4B55F8G55FBB55FFG55FIB
1136271,55CRB55CVG55CYB55F1G55F4B55F8G55FBB55FFG55FIB
1136500,55CRB55CVG55CYB55F1G55F4B55F8G55FBB55FFG55FIB
1136270,55CRB55CVG55CYB55F1G55F4B55F8G55FBB55FFG55FIB
1136501,55CRB55CVG55CYB55F1G55F4B55F8G55FBB55FFG55FIB
1136278,55CRB55CVG55CYB55F1G55F4B55F8G55FBB55FFG55FIB
1136277,55CRB55CVG55CYB55F1G55F4B55F8G55FBB55FFG55FIB
1136276,55CRB55CVG55CYB55F1G55F4B55F8G55FBB55FFG55FIB
1136275,55CRB55CVG55CYB55F1G55F4B55F8G55FBB55FFG55FIB
1136508,55CRB55CVG55CYB55F1G55F4B55F8G55FBB55FFG55FIB
1136509,55CRB55CVG55CYB55F1G55F4B55F8G55FBB55FFG55FIB
1136504,55CRB55CVG55CYB55F1G55F4B55F8G55FBB55FFG55FIB
1136505,55CRB55CVG55CYB55F1G55F4B55F8G55FBB55FFG55FIB
1136506,55CRB55CVG55CYB55F1G55F4B55F8G55FBB55FFG55FIB
1136507,55CRB55CVG55CYB55F1G55F4B55F8G55FBB55FFG55FIB
1136310,55CRB55CVG55CYB55F1G55F4B55F8G55FBB55FFG55FIB
1136044,55CRB55CVG55CYB55F1G55F4B55F8G55FBB55FFG55FIB
1136311,55CRB55CVG55CYB55F1G55F4B55F8G55FBB55FFG55FIB
1136043,55CRB55CVG55CYB55F1G55F4B55F8G55FBB55FFG55FIB
1136312,55CRB55CVG55CYB55F1G55F4B55F8G55FBB55FFG55FIB
1136042,55CRB55CVG55CYB55F1G55F4B55F8G55FBB55FFG55FIB
1136291,55CRB55CVG55CYB55F1G55F4B55F8G55FBB55FFG55FIB
1136041,55CRB55CVG55CYB55F1G55F4B55F8G55FBB55FFG55FIB
1136292,55CRB55CVG55CYB55F1G55F4B55F8G55FBB55FFG55FIB
1136040,55CRB55CVG55CYB55F1G55F4B55F8G55FBB55FFG55FIB
1136293,55CRB55CVG55CYB55F1G55F4B55F8G55FBB55FFG55FIB
1136039,55CRB55CVG55CYB55F1G55F4B55F8G55FBB55FFG55FIB
1136294,55CRB55CVG55CYB55F1G55F4B55F8G55FBB55FFG55FIB
1136038,55CRB55CVG55CYB55F1G55F4B55F8G55FBB55FFG55FIB
1136295,55CRB55CVG55CYB55F1G55F4B55F8G55FBB55FFG55FIB
1136037,55CRB55CVG55CYB55F1G55F4B55F8G55FBB55FFG55FIB
1136296,55CRB55CVG55CYB55F1G55F4B55F8G55FBB55FFG55FIB
1136036,55CRB55CVG55CYB55F1G55F4B55F8G55FBB55FFG55FIB
1136297,55CRB55CVG55CYB55F1G55F4B55F8G55FBB55FFG55FIB
1136035,55CRB55CVG55CYB55F1G55F4B55F8G55FBB55FFG55FIB
1136298,55CRB55CVG55CYB55F1G55F4B55F8G55FBB55FFG55FIB
1136034,55CRB55CVG55CYB55F1G55F4B55F8G55FBB55FFG55FIB
1136299,55CRB55CVG55CYB55F1G55F4B55F8G55FBB55FFG55FIB
1136033,55CRB55CVG55CYB55F1G55F4B55F8G55FBB55FFG55FIB
1136300,55CRB55CVG55CYB55F1G55F4B55F8G55FBB55FFG55FIB
1136032,55CRB55CVG55CYB55F1G55F4B55F8G55FBB55FFG55FIB
1136301,55CRB55CVG55CYB55F1G55F4B55F8G55FBB55FFG55FIB
1136031,55CRB55CVG55CYB55F1G55F4B55F8G55FBB55FFG55FIB
1136302,55CRB55CVG55CYB55F1G55F4B55F8G55FBB55FFG55FIB
1136030,55CRB55CVG55CYB55F1G55F4B55F8G55FBB55FFG55FIB
1136303,55CRB55CVG55CYB55F1G55F4B55F8G55FBB55FFG55FIB
1136029,55CRB55CVG55CYB55F1G55F4B55F8G55FBB55FFG55FIB
1136304,55CRB55CVG55CYB55F1G55F4B55F8G55FBB55FFG55FIB
1136028,55CRB55CVG55CYB55F1G55F4B55F8G55FBB55FFG55FIB
1136305,55CRB55CVG55CYB55F1G55F4B55F8G55FBB55FFG55FIB
1136027,55CRB55CVG55CYB55F1G55F4B55F8G55FBB55FFG55FIB
1136306,55CRB55CVG55CYB55F1G55F4B55F8G55FBB55FFG55FIB
1136026,55CRB55CVG55CYB55F1G55F4B55F8G55FBB55FFG55FIB
1136307,55CRB55CVG55CYB55F1G55F4B55F8G55FBB55FFG55FIB
1136025,55CRB55CVG55CYB55F1G55F4B55F8G55FBB55FFG55FIB
1136308,55CRB55CVG55CYB55F1G55F4B55F8G55FBB55FFG55FIB
1136024,55CRB55CVG55CYB55F1G55F4B55F8G55FBB55FFG55FIB
1136309,55CRB55CVG55CYB55F1G55F4B55F8G55FBB55FFG55FIB
1136023,55CRB55CVG55CYB55F1G55F4B55F8G55FBB55FFG55FIB
1136048,55CRB55CVG55CYB55F1G55F4B55F8G55FBB55FFG55FIB
1136047,55CRB55CVG55CYB55F1G55F4B55F8G55FBB55FFG55FIB
1136046,55CRB55CVG55CYB55F1G55F4B55F8G55FBB55FFG55FIB
1136045,55CRB55CVG55CYB55F1G55F4B55F8G55FBB55FFG55FIB
1136332,55CRB55CVG55CYB55F1G55F4B55F8G55FBB55FFG55FIB
1136070,55CRB55CVG55CYB55F1G55F4B55F8G55FBB55FFG55FIB
1136333,55CRB55CVG55CYB55F1G55F4B55F8G55FBB55FFG55FIB
1136069,55CRB55CVG55CYB55F1G55F4B55F8G55FBB55FFG55FIB
1136334,55CRB55CVG55CYB55F1G55F4B55F8G55FBB55FFG55FIB
1136068,55CRB55CVG55CYB55F1G55F4B55F8G55FBB55FFG55FIB
1136313,55CRB55CVG55CYB55F1G55F4B55F8G55FBB55FFG55FIB
1136067,55CRB55CVG55CYB55F1G55F4B55F8G55FBB55FFG55FIB
1136314,55CRB55CVG55CYB55F1G55F4B55F8G55FBB55FFG55FIB
1136066,55CRB55CVG55CYB55F1G55F4B55F8G55FBB55FFG55FIB
1136315,55CRB55CVG55CYB55F1G55F4B55F8G55FBB55FFG55FIB
1136065,55CRB55CVG55CYB55F1G55F4B55F8G55FBB55FFG55FIB
1136316,55CRB55CVG55CYB55F1G55F4B55F8G55FBB55FFG55FIB
1136064,55CRB55CVG55CYB55F1G55F4B55F8G55FBB55FFG55FIB
1136317,55CRB55CVG55CYB55F1G55F4B55F8G55FBB55FFG55FIB
1136063,55CRB55CVG55CYB55F1G55F4B55F8G55FBB55FFG55FIB
1136318,55CRB55CVG55CYB55F1G55F4B55F8G55FBB55FFG55FIB
1136062,55CRB55CVG55CYB55F1G55F4B55F8G55FBB55FFG55FIB
1136319,55CRB55CVG55CYB55F1G55F4B55F8G55FBB55FFG55FIB
1136061,55CRB55CVG55CYB55F1G55F4B55F8G55FBB55FFG55FIB
1136320,55CRB55CVG55CYB55F1G55F4B55F8G55FBB55FFG55FIB
1136060,55CRB55CVG55CYB55F1G55F4B55F8G55FBB55FFG55FIB
1136321,55CRB55CVG55CYB55F1G55F4B55F8G55FBB55FFG55FIB
1136059,55CRB55CVG55CYB55F1G55F4B55F8G55FBB55FFG55FIB
1136322,55CRB55CVG55CYB55F1G55F4B55F8G55FBB55FFG55FIB
1136058,55CRB55CVG55CYB55F1G55F4B55F8G55FBB55FFG55FIB
1136323,55CRB55CVG55CYB55F1G55F4B55F8G55FBB55FFG55FIB
1136057,55CRB55CVG55CYB55F1G55F4B55F8G55FBB55FFG55FIB
1136324,55CRB55CVG55CYB55F1G55F4B55F8G55FBB55FFG55FIB
1136056,55CRB55CVG55CYB55F1G55F4B55F8G55FBB55FFG55FIB
1136325,55CRB55CVG55CYB55F1G55F4B55F8G55FBB55FFG55FIB
1136055,55CRB55CVG55CYB55F1G55F4B55F8G55FBB55FFG55FIB
1136326,55CRB55CVG55CYB55F1G55F4B55F8G55FBB55FFG55FIB
1136054,55CRB55CVG55CYB55F1G55F4B55F8G55FBB55FFG55FIB
1136327,55CRB55CVG55CYB55F1G55F4B55F8G55FBB55FFG55FIB
1136053,55CRB55CVG55CYB55F1G55F4B55F8G55FBB55FFG55FIB
1136328,55CRB55CVG55CYB55F1G55F4B55F8G55FBB55FFG55FIB
1136052,55CRB55CVG55CYB55F1G55F4B55F8G55FBB55FFG55FIB
1136329,55CRB55CVG55CYB55F1G55F4B55F8G55FBB55FFG55FIB
1136051,55CRB55CVG55CYB55F1G55F4B55F8G55FBB55FFG55FIB
1136330,55CRB55CVG55CYB55F1G55F4B55F8G55FBB55FFG55FIB
1136050,55CRB55CVG55CYB55F1G55F4B55F8G55FBB55FFG55FIB
1136331,55CRB55CVG55CYB55F1G55F4B55F8G55FBB55FFG55FIB
1136049,55CRB55CVG55CYB55F1G55F4B55F8G55FBB55FFG55FIB
1136074,55CRB55CVG55CYB55F1G55F4B55F8G55FBB55FFG55FIB
1136073,55CRB55CVG55CYB55F1G55F4B55F8G55FBB55FFG55FIB
1136072,55CRB55CVG55CYB55F1G55F4B55F8G55FBB55FFG55FIB
1136071,55CRB55CVG55CYB55F1G55F4B55F8G55FBB55FFG55FIB
1136354,55CRB55CVG55CYB55F1G55F4B55F8G55FBB55FFG55FIB
1136096,55CRB55CVG55CYB55F1G55F4B55F8G55FBB55FFG55FIB
1136355,55CRB55CVG55CYB55F1G55F4B55F8G55FBB55FFG55FIB
1136095,55CRB55CVG55CYB55F1G55F4B55F8G55FBB55FFG55FIB
1136356,55CRB55CVG55CYB55F1G55F4B55F8G55FBB55FFG55FIB
1136094,55CRB55CVG55CYB55F1G55F4B55F8G55FBB55FFG55FIB
1136335,55CRB55CVG55CYB55F1G55F4B55F8G55FBB55FFG55FIB
1136093,55CRB55CVG55CYB55F1G55F4B55F8G55FBB55FFG55FIB
1136336,55CRB55CVG55CYB55F1G55F4B55F8G55FBB55FFG55FIB
1136092,55CRB55CVG55CYB55F1G55F4B55F8G55FBB55FFG55FIB
1136337,55CRB55CVG55CYB55F1G55F4B55F8G55FBB55FFG55FIB
1136091,55CRB55CVG55CYB55F1G55F4B55F8G55FBB55FFG55FIB
1136338,55CRB55CVG55CYB55F1G55F4B55F8G55FBB55FFG55FIB
1136090,55CRB55CVG55CYB55F1G55F4B55F8G55FBB55FFG55FIB
1136339,55CRB55CVG55CYB55F1G55F4B55F8G55FBB55FFG55FIB
1136089,55CRB55CVG55CYB55F1G55F4B55F8G55FBB55FFG55FIB
1136340,55CRB55CVG55CYB55F1G55F4B55F8G55FBB55FFG55FIB
1136088,55CRB55CVG55CYB55F1G55F4B55F8G55FBB55FFG55FIB
1136341,55CRB55CVG55CYB55F1G55F4B55F8G55FBB55FFG55FIB
1136087,55CRB55CVG55CYB55F1G55F4B55F8G55FBB55FFG55FIB
1136342,55CRB55CVG55CYB55F1G55F4B55F8G55FBB55FFG55FIB
1136086,55CRB55CVG55CYB55F1G55F4B55F8G55FBB55FFG55FIB
1136343,55CRB55CVG55CYB55F1G55F4B55F8G55FBB55FFG55FIB
1136085,55CRB55CVG55CYB55F1G55F4B55F8G55FBB55FFG55FIB
1136344,55CRB55CVG55CYB55F1G55F4B55F8G55FBB55FFG55FIB
1136084,55CRB55CVG55CYB55F1G55F4B55F8G55FBB55FFG55FIB
1136345,55CRB55CVG55CYB55F1G55F4B55F8G55FBB55FFG55FIB
1136083,55CRB55CVG55CYB55F1G55F4B55F8G55FBB55FFG55FIB
1136346,55CRB55CVG55CYB55F1G55F4B55F8G55FBB55FFG55FIB
1136082,55CRB55CVG55CYB55F1G55F4B55F8G55FBB55FFG55FIB
1136347,55CRB55CVG55CYB55F1G55F4B55F8G55FBB55FFG55FIB
1136081,55CRB55CVG55CYB55F1G55F4B55F8G55FBB55FFG55FIB
1136348,55CRB55CVG55CYB55F1G55F4B55F8G55FBB55FFG55FIB
1136080,55CRB55CVG55CYB55F1G55F4B55F8G55FBB55FFG55FIB
1136349,55CRB55CVG55CYB55F1G55F4B55F8G55FBB55FFG55FIB
1136079,55CRB55CVG55CYB55F1G55F4B55F8G55FBB55FFG55FIB
1136350,55CRB55CVG55CYB55F1G55F4B55F8G55FBB55FFG55FIB
1136078,55CRB55CVG55CYB55F1G55F4B55F8G55FBB55FFG55FIB
1136351,55CRB55CVG55CYB55F1G55F4B55F8G55FBB55FFG55FIB
1136077,55CRB55CVG55CYB55F1G55F4B55F8G55FBB55FFG55FIB
1136352,55CRB55CVG55CYB55F1G55F4B55F8G55FBB55FFG55FIB
1136076,55CRB55CVG55CYB55F1G55F4B55F8G55FBB55FFG55FIB
1136353,55CRB55CVG55CYB55F1G55F4B55F8G55FBB55FFG55FIB
1136075,55CRB55CVG55CYB55F1G55F4B55F8G55FBB55FFG55FIB
1136100,55CRB55CVG55CYB55F1G55F4B55F8G55FBB55FFG55FIB
1136099,55CRB55CVG55CYB55F1G55F4B55F8G55FBB55FFG55FIB
1136098,55CRB55CVG55CYB55F1G55F4B55F8G55FBB55FFG55FIB
1136097,55CRB55CVG55CYB55F1G55F4B55F8G55FBB55FFG55FIB
1136376,55CRB55CVG55CYB55F1G55F4B55F8G55FBB55FFG55FIB
1136122,55CRB55CVG55CYB55F1G55F4B55F8G55FBB55FFG55FIB
1136377,55CRB55CVG55CYB55F1G55F4B55F8G55FBB55FFG55FIB
1136121,55CRB55CVG55CYB55F1G55F4B55F8G55FBB55FFG55FIB
1136378,55CRB55CVG55CYB55F1G55F4B55F8G55FBB55FFG55FIB
1136120,55CRB55CVG55CYB55F1G55F4B55F8G55FBB55FFG55FIB
1136357,55CRB55CVG55CYB55F1G55F4B55F8G55FBB55FFG55FIB
1136119,55CRB55CVG55CYB55F1G55F4B55F8G55FBB55FFG55FIB
1136358,55CRB55CVG55CYB55F1G55F4B55F8G55FBB55FFG55FIB
1136118,55CRB55CVG55CYB55F1G55F4B55F8G55FBB55FFG55FIB
1136359,55CRB55CVG55CYB55F1G55F4B55F8G55FBB55FFG55FIB
1136117,55CRB55CVG55CYB55F1G55F4B55F8G55FBB55FFG55FIB
1136360,55CRB55CVG55CYB55F1G55F4B55F8G55FBB55FFG55FIB
1136116,55CRB55CVG55CYB55F1G55F4B55F8G55FBB55FFG55FIB
1136361,55CRB55CVG55CYB55F1G55F4B55F8G55FBB55FFG55FIB
1136115,55CRB55CVG55CYB55F1G55F4B55F8G55FBB55FFG55FIB
1136362,55CRB55CVG55CYB55F1G55F4B55F8G55FBB55FFG55FIB
1136114,55CRB55CVG55CYB55F1G55F4B55F8G55FBB55FFG55FIB
1136363,55CRB55CVG55CYB55F1G55F4B55F8G55FBB55FFG55FIB
1136113,55CRB55CVG55CYB55F1G55F4B55F8G55FBB55FFG55FIB
1136364,55CRB55CVG55CYB55F1G55F4B55F8G55FBB55FFG55FIB
1136112,55CRB55CVG55CYB55F1G55F4B55F8G55FBB55FFG55FIB
1136365,55CRB55CVG55CYB55F1G55F4B55F8G55FBB55FFG55FIB
1136111,55CRB55CVG55CYB55F1G55F4B55F8G55FBB55FFG55FIB
1136366,55CRB55CVG55CYB55F1G55F4B55F8G55FBB55FFG55FIB
1136110,55CRB55CVG55CYB55F1G55F4B55F8G55FBB55FFG55FIB
1136367,55CRB55CVG55CYB55F1G55F4B55F8G55FBB55FFG55FIB
1136109,55CRB55CVG55CYB55F1G55F4B55F8G55FBB55FFG55FIB
1136368,55CRB55CVG55CYB55F1G55F4B55F8G55FBB55FFG55FIB
1136108,55CRB55CVG55CYB55F1G55F4B55F8G55FBB55FFG55FIB
1136369,55CRB55CVG55CYB55F1G55F4B55F8G55FBB55FFG55FIB
1136107,55CRB55CVG55CYB55F1G55F4B55F8G55FBB55FFG55FIB
1136370,55CRB55CVG55CYB55F1G55F4B55F8G55FBB55FFG55FIB
1136106,55CRB55CVG55CYB55F1G55F4B55F8G55FBB55FFG55FIB
1136371,55CRB55CVG55CYB55F1G55F4B55F8G55FBB55FFG55FIB
1136105,55CRB55CVG55CYB55F1G55F4B55F8G55FBB55FFG55FIB
1136372,55CRB55CVG55CYB55F1G55F4B55F8G55FBB55FFG55FIB
1136104,55CRB55CVG55CYB55F1G55F4B55F8G55FBB55FFG55FIB
1136373,55CRB55CVG55CYB55F1G55F4B55F8G55FBB55FFG55FIB
1136103,55CRB55CVG55CYB55F1G55F4B55F8G55FBB55FFG55FIB
1136374,55CRB55CVG55CYB55F1G55F4B55F8G55FBB55FFG55FIB
1136102,55CRB55CVG55CYB55F1G55F4B55F8G55FBB55FFG55FIB
1136375,55CRB55CVG55CYB55F1G55F4B55F8G55FBB55FFG55FIB
1136101,55CRB55CVG55CYB55F1G55F4B55F8G55FBB55FFG55FIB
1136126,55CRB55CVG55CYB55F1G55F4B55F8G55FBB55FFG55FIB
1136125,55CRB55CVG55CYB55F1G55F4B55F8G55FBB55FFG55FIB
1136124,55CRB55CVG55CYB55F1G55F4B55F8G55FBB55FFG55FIB
1136123,55CRB55CVG55CYB55F1G55F4B55F8G55FBB55FFG55FIB
1136398,55CRB55CVG55CYB55F1G55F4B55F8G55FBB55FFG55FIB
1136148,55CRB55CVG55CYB55F1G55F4B55F8G55FBB55FFG55FIB
1136399,55CRB55CVG55CYB55F1G55F4B55F8G55FBB55FFG55FIB
1136147,55CRB55CVG55CYB55F1G55F4B55F8G55FBB55FFG55FIB
1136400,55CRB55CVG55CYB55F1G55F4B55F8G55FBB55FFG55FIB
1136146,55CRB55CVG55CYB55F1G55F4B55F8G55FBB55FFG55FIB
1136379,55CRB55CVG55CYB55F1G55F4B55F8G55FBB55FFG55FIB
1136145,55CRB55CVG55CYB55F1G55F4B55F8G55FBB55FFG55FIB
1136380,55CRB55CVG55CYB55F1G55F4B55F8G55FBB55FFG55FIB
1136144,55CRB55CVG55CYB55F1G55F4B55F8G55FBB55FFG55FIB
1136381,55CRB55CVG55CYB55F1G55F4B55F8G55FBB55FFG55FIB
1136143,55CRB55CVG55CYB55F1G55F4B55F8G55FBB55FFG55FIB
1136382,55CRB55CVG55CYB55F1G55F4B55F8G55FBB55FFG55FIB
1136142,55CRB55CVG55CYB55F1G55F4B55F8G55FBB55FFG55FIB
1136383,55CRB55CVG55CYB55F1G55F4B55F8G55FBB55FFG55FIB
1136141,55CRB55CVG55CYB55F1G55F4B55F8G55FBB55FFG55FIB
1136384,55CRB55CVG55CYB55F1G55F4B55F8G55FBB55FFG55FIB
1136140,55CRB55CVG55CYB55F1G55F4B55F8G55FBB55FFG55FIB
1136385,55CRB55CVG55CYB55F1G55F4B55F8G55FBB55FFG55FIB
1136139,55CRB55CVG55CYB55F1G55F4B55F8G55FBB55FFG55FIB
1136386,55CRB55CVG55CYB55F1G55F4B55F8G55FBB55FFG55FIB
1136138,55CRB55CVG55CYB55F1G55F4B55F8G55FBB55FFG55FIB
1136387,55CRB55CVG55CYB55F1G55F4B55F8G55FBB55FFG55FIB
1136137,55CRB55CVG55CYB55F1G55F4B55F8G55FBB55FFG55FIB
1136388,55CRB55CVG55CYB55F1G55F4B55F8G55FBB55FFG55FIB
1136136,55CRB55CVG55CYB55F1G55F4B55F8G55FBB55FFG55FIB
1136389,55CRB55CVG55CYB55F1G55F4B55F8G55FBB55FFG55FIB
1136135,55CRB55CVG55CYB55F1G55F4B55F8G55FBB55FFG55FIB
1136390,55CRB55CVG55CYB55F1G55F4B55F8G55FBB55FFG55FIB
1136134,55CRB55CVG55CYB55F1G55F4B55F8G55FBB55FFG55FIB
1136391,55CRB55CVG55CYB55F1G55F4B55F8G55FBB55FFG55FIB
1136133,55CRB55CVG55CYB55F1G55F4B55F8G55FBB55FFG55FIB
1136392,55CRB55CVG55CYB55F1G55F4B55F8G55FBB55FFG55FIB
1136132,55CRB55CVG55CYB55F1G55F4B55F8G55FBB55FFG55FIB
1136393,55CRB55CVG55CYB55F1G55F4B55F8G55FBB55FFG55FIB
1136131,55CRB55CVG55CYB55F1G55F4B55F8G55FBB55FFG55FIB
1136394,55CRB55CVG55CYB55F1G55F4B55F8G55FBB55FFG55FIB
1136130,55CRB55CVG55CYB55F1G55F4B55F8G55FBB55FFG55FIB
1136395,55CRB55CVG55CYB55F1G55F4B55F8G55FBB55FFG55FIB
1136129,55CRB55CVG55CYB55F1G55F4B55F8G55FBB55FFG55FIB
1136396,55CRB55CVG55CYB55F1G55F4B55F8G55FBB55FFG55FIB
1136128,55CRB55CVG55CYB55F1G55F4B55F8G55FBB55FFG55FIB
1136397,55CRB55CVG55CYB55F1G55F4B55F8G55FBB55FFG55FIB
1136127,55CRB55CVG55CYB55F1G55F4B55F8G55FBB55FFG55FIB
1136152,55CRB55CVG55CYB55F1G55F4B55F8G55FBB55FFG55FIB
1136151,55CRB55CVG55CYB55F1G55F4B55F8G55FBB55FFG55FIB
1136150,55CRB55CVG55CYB55F1G55F4B55F8G55FBB55FFG55FIB
1136149,55CRB55CVG55CYB55F1G55F4B55F8G55FBB55FFG55FIB
1136420,55CRB55CVG55CYB55F1G55F4B55F8G55FBB55FFG55FIB
1136174,55CRB55CVG55CYB55F1G55F4B55F8G55FBB55FFG55FIB
1136421,55CRB55CVG55CYB55F1G55F4B55F8G55FBB55FFG55FIB
1136173,55CRB55CVG55CYB55F1G55F4B55F8G55FBB55FFG55FIB
1136422,55CRB55CVG55CYB55F1G55F4B55F8G55FBB55FFG55FIB
1136172,55CRB55CVG55CYB55F1G55F4B55F8G55FBB55FFG55FIB
1136401,55CRB55CVG55CYB55F1G55F4B55F8G55FBB55FFG55FIB
1136171,55CRB55CVG55CYB55F1G55F4B55F8G55FBB55FFG55FIB
1136402,55CRB55CVG55CYB55F1G55F4B55F8G55FBB55FFG55FIB
1136170,55CRB55CVG55CYB55F1G55F4B55F8G55FBB55FFG55FIB
1136403,55CRB55CVG55CYB55F1G55F4B55F8G55FBB55FFG55FIB
1136169,55CRB55CVG55CYB55F1G55F4B55F8G55FBB55FFG55FIB
1136404,55CRB55CVG55CYB55F1G55F4B55F8G55FBB55FFG55FIB
1136168,55CRB55CVG55CYB55F1G55F4B55F8G55FBB55FFG55FIB
1136405,55CRB55CVG55CYB55F1G55F4B55F8G55FBB55FFG55FIB
1136167,55CRB55CVG55CYB55F1G55F4B55F8G55FBB55FFG55FIB
1136406,55CRB55CVG55CYB55F1G55F4B55F8G55FBB55FFG55FIB
1136166,55CRB55CVG55CYB55F1G55F4B55F8G55FBB55FFG55FIB
1136407,55CRB55CVG55CYB55F1G55F4B55F8G55FBB55FFG55FIB
1136165,55CRB55CVG55CYB55F1G55F4B55F8G55FBB55FFG55FIB
1136408,55CRB55CVG55CYB55F1G55F4B55F8G55FBB55FFG55FIB
1136164,55CRB55CVG55CYB55F1G55F4B55F8G55FBB55FFG55FIB
1136409,55CRB55CVG55CYB55F1G55F4B55F8G55FBB55FFG55FIB
1136163,55CRB55CVG55CYB55F1G55F4B55F8G55FBB55FFG55FIB
1136410,55CRB55CVG55CYB55F1G55F4B55F8G55FBB55FFG55FIB
1136162,55CRB55CVG55CYB55F1G55F4B55F8G55FBB55FFG55FIB
1136411,55CRB55CVG55CYB55F1G55F4B55F8G55FBB55FFG55FIB
1136161,55CRB55CVG55CYB55F1G55F4B55F8G55FBB55FFG55FIB
1136412,55CRB55CVG55CYB55F1G55F4B55F8G55FBB55FFG55FIB
1136160,55CRB55CVG55CYB55F1G55F4B55F8G55FBB55FFG55FIB
1136413,55CRB55CVG55CYB55F1G55F4B55F8G55FBB55FFG55FIB
1136159,55CRB55CVG55CYB55F1G55F4B55F8G55FBB55FFG55FIB
1136414,55CRB55CVG55CYB55F1G55F4B55F8G55FBB55FFG55FIB
1136158,55CRB55CVG55CYB55F1G55F4B55F8G55FBB55FFG55FIB
1136415,55CRB55CVG55CYB55F1G55F4B55F8G55FBB55FFG55FIB
1136157,55CRB55CVG55CYB55F1G55F4B55F8G55FBB55FFG55FIB
1136416,55CRB55CVG55CYB55F1G55F4B55F8G55FBB55FFG55FIB
1136156,55CRB55CVG55CYB55F1G55F4B55F8G55FBB55FFG55FIB
1136417,55CRB55CVG55CYB55F1G55F4B55F8G55FBB55FFG55FIB
1136155,55CRB55CVG55CYB55F1G55F4B55F8G55FBB55FFG55FIB
1136418,55CRB55CVG55CYB55F1G55F4B55F8G55FBB55FFG55FIB
1136154,55CRB55CVG55CYB55F1G55F4B55F8G55FBB55FFG55FIB
1136419,55CRB55CVG55CYB55F1G55F4B55F8G55FBB55FFG55FIB
1136153,55CRB55CVG55CYB55F1G55F4B55F8G55FBB55FFG55FIB
1136178,55CRB55CVG55CYB55F1G55F4B55F8G55FBB55FFG55FIB
1136177,55CRB55CVG55CYB55F1G55F4B55F8G55FBB55FFG55FIB
1136176,55CRB55CVG55CYB55F1G55F4B55F8G55FBB55FFG55FIB
1136175,55CRB55CVG55CYB55F1G55F4B55F8G55FBB55FFG55FIB
1136435,55CRB55CVG55CYB55F1G55F4B55F8G55FBB55FFG55FIB
1136190,55CRB55CVG55CYB55F1G55F4B55F8G55FBB55FFG55FIB
1136436,55CRB55CVG55CYB55F1G55F4B55F8G55FBB55FFG55FIB
1136189,55CRB55CVG55CYB55F1G55F4B55F8G55FBB55FFG55FIB
1136437,55CRB55CVG55CYB55F1G55F4B55F8G55FBB55FFG55FIB
1136188,55CRB55CVG55CYB55F1G55F4B55F8G55FBB55FFG55FIB
1136423,55CRB55CVG55CYB55F1G55F4B55F8G55FBB55FFG55FIB
1136187,55CRB55CVG55CYB55F1G55F4B55F8G55FBB55FFG55FIB
1136424,55CRB55CVG55CYB55F1G55F4B55F8G55FBB55FFG55FIB
1136186,55CRB55CVG55CYB55F1G55F4B55F8G55FBB55FFG55FIB
1136425,55CRB55CVG55CYB55F1G55F4B55F8G55FBB55FFG55FIB
1136185,55CRB55CVG55CYB55F1G55F4B55F8G55FBB55FFG55FIB
1136426,55CRB55CVG55CYB55F1G55F4B55F8G55FBB55FFG55FIB
1136184,55CRB55CVG55CYB55F1G55F4B55F8G55FBB55FFG55FIB
1136427,55CRB55CVG55CYB55F1G55F4B55F8G55FBB55FFG55FIB
1136183,55CRB55CVG55CYB55F1G55F4B55F8G55FBB55FFG55FIB
1136428,55CRB55CVG55CYB55F1G55F4B55F8G55FBB55FFG55FIB
1136182,55CRB55CVG55CYB55F1G55F4B55F8G55FBB55FFG55FIB
1136429,55CRB55CVG55CYB55F1G55F4B55F8G55FBB55FFG55FIB
1136181,55CRB55CVG55CYB55F1G55F4B55F8G55FBB55FFG55FIB
1136430,55CRB55CVG55CYB55F1G55F4B55F8G55FBB55FFG55FIB
1136180,55CRB55CVG55CYB55F1G55F4B55F8G55FBB55FFG55FIB
1136431,55CRB55CVG55CYB55F1G55F4B55F8G55FBB55FFG55FIB
1136179,55CRB55CVG55CYB55F1G55F4B55F8G55FBB55FFG55FIB
1136432,55CRB55CVG55CYB55F1G55F4B55F8G55FBB55FFG55FIB
1136194,55CRB55CVG55CYB55F1G55F4B55F8G55FBB55FFG55FIB
1136433,55CRB55CVG55CYB55F1G55F4B55F8G55FBB55FFG55FIB
1136193,55CRB55CVG55CYB55F1G55F4B55F8G55FBB55FFG55FIB
1136434,55CRB55CVG55CYB55F1G55F4B55F8G55FBB55FFG55FIB
1136192,55CRB55CVG55CYB55F1G55F4B55F8G55FBB55FFG55FIB
1136191,55CRB55CVG55CYB55F1G55F4B55F8G55FBB55FFG55FIB
1136449,55CRB55CVG55CYB55F1G55F4B55F8G55FBB55FFG55FIB
1136206,55CRB55CVG55CYB55F1G55F4B55F8G55FBB55FFG55FIB
1136450,55CRB55CVG55CYB55F1G55F4B55F8G55FBB55FFG55FIB
1136205,55CRB55CVG55CYB55F1G55F4B55F8G55FBB55FFG55FIB
1136451,55CRB55CVG55CYB55F1G55F4B55F8G55FBB55FFG55FIB
1136204,55CRB55CVG55CYB55F1G55F4B55F8G55FBB55FFG55FIB
1136438,55CRB55CVG55CYB55F1G55F4B55F8G55FBB55FFG55FIB
1136203,55CRB55CVG55CYB55F1G55F4B55F8G55FBB55FFG55FIB
1136439,55CRB55CVG55CYB55F1G55F4B55F8G55FBB55FFG55FIB
1136202,55CRB55CVG55CYB55F1G55F4B55F8G55FBB55FFG55FIB
1136440,55CRB55CVG55CYB55F1G55F4B55F8G55FBB55FFG55FIB
1136201,55CRB55CVG55CYB55F1G55F4B55F8G55FBB55FFG55FIB
1136441,55CRB55CVG55CYB55F1G55F4B55F8G55FBB55FFG55FIB
1136200,55CRB55CVG55CYB55F1G55F4B55F8G55FBB55FFG55FIB
1136442,55CRB55CVG55CYB55F1G55F4B55F8G55FBB55FFG55FIB
1136199,55CRB55CVG55CYB55F1G55F4B55F8G55FBB55FFG55FIB
1136443,55CRB55CVG55CYB55F1G55F4B55F8G55FBB55FFG55FIB
1136198,55CRB55CVG55CYB55F1G55F4B55F8G55FBB55FFG55FIB
1136444,55CRB55CVG55CYB55F1G55F4B55F8G55FBB55FFG55FIB
1136197,55CRB55CVG55CYB55F1G55F4B55F8G55FBB55FFG55FIB
1136445,55CRB55CVG55CYB55F1G55F4B55F8G55FBB55FFG55FIB
1136196,55CRB55CVG55CYB55F1G55F4B55F8G55FBB55FFG55FIB
1136446,55CRB55CVG55CYB55F1G55F4B55F8G55FBB55FFG55FIB
1136195,55CRB55CVG55CYB55F1G55F4B55F8G55FBB55FFG55FIB
1136447,55CRB55CVG55CYB55F1G55F4B55F8G55FBB55FFG55FIB
1136210,55CRB55CVG55CYB55F1G55F4B55F8G55FBB55FFG55FIB
1136448,55CRB55CVG55CYB55F1G55F4B55F8G55FBB55FFG55FIB
1136209,55CRB55CVG55CYB55F1G55F4B55F8G55FBB55FFG55FIB
1136208,55CRB55CVG55CYB55F1G55F4B55F8G55FBB55FFG55FIB
1136207,55CRB55CVG55CYB55F1G55F4B55F8G55FBB55FFG55FIB
1136001,55CRB55CVG55CYB55F1G55F4B55F8G55FBB55FFG55FIB
1136000,55CRB55CVG55CYB55F1G55F4B55F8G55FBB55FFG55FIB
1135999,55CRB55CVG55CYB55F1G55F4B55F8G55FBB55FFG55FIB
1135998,55CRB55CVG55CYB55F1G55F4B55F8G55FBB55FFG55FIB
1135997,55CRB55CVG55CYB55F1G55F4B55F8G55FBB55FFG55FIB
1135996,55CRB55CVG55CYB55F1G55F4B55F8G55FBB55FFG55FIB
1135995,55CRB55CVG55CYB55F1G55F4B55F8G55FBB55FFG55FIB
1136002,55CRB55CVG55CYB55F1G55F4B55F8G55FBB55FFG55FIB
1136003,55CRB55CVG55CYB55F1G55F4B55F8G55FBB55FFG55FIB
1136004,55CRB55CVG55CYB55F1G55F4B55F8G55FBB55FFG55FIB
739291,55CSB55CZG55F5B55FCG55FJB55FQG55HUB55I1G55I1R
870610,55CSB55CZG55F5B55FCG55FJB55FQG55HUB55I1G55I1R
870616,55CSB55CZG55F5B55FCG55FJB55FQG55HUB55I1G55I1R
870613,55CSB55CZG55F5B55FCG55FJB55FQG55HUB55I1G55I8B
871616,55CSB55CZG55F5B55FCG55FJB55FQG55HUB55I1G55I1R
871620,55CSB55CZG55F5B55FCG55FJB55FQG55HUB55I1G55I1R
870631,55CSB55CZG55F5B55FCG55FJB55FQG55HUB55I1G55I1R
789404,55CSB55CZG55F5B55FCG55FJB55FQG55HUB55I1G55I1R
872058,55CSB55CZG55F5B55FCG55FJB55FQG55HUB55I1G55I1R
994990,55CSB55CZG55F5B55FCG55FJB55FQG55HUB55I1G55I1R
868507,55CSB55CZG55F5B55FCG55FJB55FQG55HUB55I1G55I1R
868850,55CSB55CZG55F5B55FCG55FJB55FQG55HUB55I1G55I1R
1036611,55CSB55CZG55F5B55FCG55FJB55FQG55HUB55I1G55I1R
870625,55CSB55CZG55F5B55FCG55FJB55FQG55HUB55I1G55I1R
872057,55CSB55CZG55F5B55FCG55FJB55FQG55HUB55I1G55I8B
871614,55CSB55CZG55F5B55FCG55FJB55FQG55HUB55I1G55I8B
1014650,55CSB55CZG55F5B55FCG55FJB55FQG55HUB55I1G55I8B
998141,55CSB55CZG55F5B55FCG55FJB55FQG55HUB55I1G55I1R
870630,55CSB55CZG55F5B55FCG55FJB55FQG55HUB55I1G55I1R
739292,55CSB55CZG55F5B55FCG55FJB55FQG55HUB55I1G55I8B
739286,55CSB55CZG55F5B55FCG55FJB55FQG55HUB55I1G55I1R
870617,55CSB55CZG55F5B55FCG55FJB55FQG55HUB55I1G55I1R
871623,55CSB55CZG55F5B55FCG55FJB55FQG55HUB55I1G55I1R
1037996,55CSB55CZG55F5B55FCG55FJB55FQG55HUB55I1G55I1R
779598,55CWB55F2G55F9B55FGG55FNB55FUG55HUR55HYB55I5G
710530,55CWB55F2G55F9B55FGG55FNB55FUG55HUR55HYB55I5G
708435,55CWB55F2G55F9B55FGG55FNB55FUG55HUR55HYB55I5G
710907,55CWB55F2G55F9B55FGG55FNB55FUG55HUR55HYB55I5G
1039574,55CWB55F2G55F9B55FGG55FNB55FUG55HUR55HYB55I5G
703708,55CWB55F2G55F9B55FGG55FNB55FUG55HUR55HYB55I5G
709271,55CWB55F2G55F9B55FGG55FNB55FUG55HYB55I5G55ICB
709270,55CWB55F2G55F9B55FGG55FNB55FUG55HUR55HYB55I5G
709264,55CWB55F2G55F9B55FGG55FNB55FUG55HUR55HYB55I5G
785535,55CWB55F2G55F9B55FGG55FNB55FUG55HUR55HYB55I5G
779599,55CWB55F2G55F9B55FGG55FNB55FUG55HYB55I5G55ICB
709269,55CWB55F2G55F9B55FGG55FNB55FUG55HYB55I5G55ICB
1022144,55CWB55F2G55F9B55FGG55FNB55FUG55HYB55I4R55I5G
665463,55CWB55F2G55F9B55FGG55FNB55FUG55HYB55I4R55I5G
844219,55CWB55F2G55F9B55FGG55FNB55FUG55HYB55I4R55I5G
844221,55CWB55F2G55F9B55FGG55FNB55FUG55HYB55I4R55I5G
844240,55CWB55F2G55F9B55FGG55FNB55FUG55HYB55I4R55I5G
844243,55CWB55F2G55F9B55FGG55FNB55FUG55HYB55I5G55ICB
1022145,55CWB55F2G55F9B55FGG55FNB55FUG55HYB55I4R55I5G
879973,55CWB55F2G55F9B55FGG55FNB55FUG55HYB55I4R55I5G
991110,55CWB55F2G55F9B55FGG55FNB55FUG55HYB55I4R55I5G
1022146,55CWB55F2G55F9B55FGG55FNB55FUG55HYB55I4R55I5G
879977,55CWB55F2G55F9B55FGG55FNB55FUG55HYB55I4R55I5G
1027346,55CWB55F2G55F9B55FGG55FNB55FUG55HYB55I4R55I5G
1022147,55CWB55F2G55F9B55FGG55FNB55FUG55HYB55I4R55I5G
824619,55CWB55F2G55F9B55FGG55FNB55FUG55HYB55I4R55I5G
844604,55CWB55F2G55F9B55FGG55FNB55FUG55HYB55I4R55I5G
1094822,55CWB55F2G55F9B55FGG55FNB55FUG55HYB55I5G55ICB
1027345,55CWB55F2G55F9B55FGG55FNB55FUG55HYB55I5G55ICB
1025389,55CWB55F2G55F9B55FGG55FNB55FUG55HYB55I5G55ICB
844608,55CWB55F2G55F9B55FGG55FNB55FUG55HYB55I4R55I5G
1025388,55CWB55F2G55F9B55FGG55FNB55FUG55HYB55I5G55ICB
844245,55CWB55F2G55F9B55FGG55FNB55FUG55HYB55I4R55I5G
1025387,55CWB55F2G55F9B55FGG55FNB55FUG55HYB55I5G55ICB
879984,55CWB55F2G55F9B55FGG55FNB55FUG55HYB55I4R55I5G
1025386,55CWB55F2G55F9B55FGG55FNB55FUG55HYB55I5G55ICB
665465,55CWB55F2G55F9B55FGG55FNB55FUG55HYB55I4R55I5G
1057787,55CWB55F2G55F9B55FGG55FNB55FUG55HYB55I5G55ICB
1057788,55CWB55F2G55F9B55FGG55FNB55FUG55HYB55I5G55ICB
1057789,55CWB55F2G55F9B55FGG55FNB55FUG55HYB55I5G55ICB
1057790,55CWB55F2G55F9B55FGG55FNB55FUG55HYB55I5G55ICB
966182,55CWB55F2G55F9B55FGG55FNB55FUG55HYB55I5G55ICB
829785,55CWB55F2G55F9B55FGG55FNB55FUG55HYB55I5G55ICB
964885,55CWB55F2G55F9B55FGG55FNB55FUG55HYB55I5G55ICB
966190,55CWB55F2G55F9B55FGG55FNB55FUG55HYB55I5G55ICB
966196,55CWB55F2G55F9B55FGG55FNB55FUG55HYB55I5G55ICB
966178,55CWB55F2G55F9B55FGG55FNB55FUG55HYB55I5G55ICB
881542,55CVG55F1B55F8G55FFB55FMG55FTB55HXG55I4B55IBG
822462,55CVG55F1B55F8G55FFB55FMG55FTB55HXG55I4B55IBG
999037,55CVG55F1B55F8G55FFB55FMG55FTB55HXG55I4B55IBG
880217,55CVG55F1B55F8G55FFB55FMG55FTB55HXG55I4B55IBG
880232,55CVG55F1B55F8G55FFB55FMG55FTB55HXG55I4B55IBG
999039,55CVG55F1B55F8G55FFB55FMG55FTB55HXG55I4B55IBG
823519,55CVG55F1B55F8G55FFB55FMG55FTB55HXG55I4B55IBG
881543,55CVG55F1B55F8G55FFB55FMG55FTB55HXG55I4B55IBG
880247,55CVG55F1B55F8G55FFB55FMG55FTB55HXG55I4B55IBG
881538,55CVG55F1B55F8G55FFB55FMG55FTB55HXG55I4B55IBG
988657,55CRB55CYB55D0G55F4B55FBB55FDG55FIB55FPB55FRG
1024236,55CRB55CYB55D0G55F4B55FBB55FDG55FIB55FPB55FRG
806235,55CRB55CYB55D0G55F4B55FBB55FDG55FIB55FPB55FRG
887289,55CRB55CYB55D0G55F4B55FBB55FDG55FIB55FPB55FRG
806267,55CRB55CYB55D0G55F4B55FBB55FDG55FIB55FPB55FRG
806251,55CRB55CYB55D0G55F4B55FBB55FDG55FIB55FPB55FRG
806259,55CRB55CYB55D0G55F4B55FBB55FDG55FIB55FPB55FRG
896431,55CRB55CYB55D0G55F4B55FBB55FDG55FIB55FPB55FRG
785685,55CRB55CYB55D0G55F4B55FBB55FDG55FIB55FPB55FRG
806232,55CRB55CYB55D0G55F4B55FBB55FDG55FIB55FPB55FRG
806238,55CRB55CYB55D0G55F4B55FBB55FDG55FIB55FPB55FRG
806231,55CRB55CYB55D0G55F4B55FBB55FDG55FIB55FPB55FRG
745941,55CRB55CYB55D0G55F4B55FBB55FDG55FIB55FPB55FRG
806234,55CRB55CYB55D0G55F4B55FBB55FDG55FIB55FPB55FRG
806252,55CRB55CYB55D0G55F4B55FBB55FDG55FIB55FPB55FRG
910326,55CRB55CYB55D0G55F4B55FBB55FDG55FIB55FPB55FRG
1041321,55CRB55CYB55D0G55F4B55FBB55FDG55FIB55FPB55FRG
806242,55CRB55CYB55D0G55F4B55FBB55FDG55FIB55FPB55FRG
806241,55CRB55CYB55D0G55F4B55FBB55FDG55FIB55FPB55FRG
806240,55CRB55CYB55D0G55F4B55FBB55FDG55FIB55FPB55FRG
806237,55CRB55CYB55D0G55F4B55FBB55FDG55FIB55FPB55FRG
997216,55CRB55CYB55D0G55F4B55FBB55FDG55FIB55FPB55FRG
861408,55CRB55CYB55D0G55F4B55FBB55FDG55FIB55FPB55FRG
745971,55CRB55CYB55D0G55F4B55FBB55FDG55FIB55FPB55FRG
806229,55CRB55CYB55D0G55F4B55FBB55FDG55FIB55FPB55FRG
806228,55CRB55CYB55D0G55F4B55FBB55FDG55FIB55FPB55FRG
850019,55CRB55CYB55D0G55F4B55FBB55FDG55FIB55FPB55FRG
850018,55CRB55CYB55D0G55F4B55FBB55FDG55FIB55FPB55FRG
806245,55CRB55CYB55D0G55F4B55FBB55FDG55FIB55FPB55FRG
806247,55CRB55CYB55D0G55F4B55FBB55FDG55FIB55FPB55FRG
745943,55CRB55CYB55D0G55F4B55FBB55FDG55FIB55FPB55FRG
806250,55CRB55CYB55D0G55F4B55FBB55FDG55FIB55FPB55FRG
806249,55CRB55CYB55D0G55F4B55FBB55FDG55FIB55FPB55FRG
806248,55CRB55CYB55D0G55F4B55FBB55FDG55FIB55FPB55FRG
785686,55CRB55CYB55D0G55F4B55FBB55FDG55FIB55FPB55FRG
745942,55CRB55CYB55D0G55F4B55FBB55FDG55FIB55FPB55FRG
1121597,55CRB55CYB55D0G55F4B55FBB55FDG55FIB55FPB55FRG
1121572,55CRB55CYB55D0G55F4B55FBB55FDG55FIB55FPB55FRG
1121598,55CRB55CYB55D0G55F4B55FBB55FDG55FIB55FPB55FRG
1121573,55CRB55CYB55D0G55F4B55FBB55FDG55FIB55FPB55FRG
1121599,55CRB55CYB55D0G55F4B55FBB55FDG55FIB55FPB55FRG
1121574,55CRB55CYB55D0G55F4B55FBB55FDG55FIB55FPB55FRG
1121600,55CRB55CYB55D0G55F4B55FBB55FDG55FIB55FPB55FRG
1121575,55CRB55CYB55D0G55F4B55FBB55FDG55FIB55FPB55FRG
1121601,55CRB55CYB55D0G55F4B55FBB55FDG55FIB55FPB55FRG
1121576,55CRB55CYB55D0G55F4B55FBB55FDG55FIB55FPB55FRG
1121577,55CRB55CYB55D0G55F4B55FBB55FDG55FIB55FPB55FRG
850033,55CRB55CYB55D0G55F4B55FBB55FDG55FIB55FPB55FRG
850032,55CRB55CYB55D0G55F4B55FBB55FDG55FIB55FPB55FRG
745972,55CRB55CYB55D0G55F4B55FBB55FDG55FIB55FPB55FRG
850039,55CRB55CYB55D0G55F4B55FBB55FDG55FIB55FPB55FRG
850028,55CRB55CYB55D0G55F4B55FBB55FDG55FIB55FPB55FRG
850027,55CRB55CYB55D0G55F4B55FBB55FDG55FIB55FPB55FRG
850026,55CRB55CYB55D0G55F4B55FBB55FDG55FIB55FPB55FRG
850023,55CRB55CYB55D0G55F4B55FBB55FDG55FIB55FPB55FRG
887324,55CRB55CYB55D0G55F4B55FBB55FDG55FIB55FPB55FRG
887330,55CRB55CYB55D0G55F4B55FBB55FDG55FIB55FPB55FRG
850017,55CRB55CYB55D0G55F4B55FBB55FDG55FIB55FPB55FRG
861411,55CRB55CYB55D0G55F4B55FBB55FDG55FIB55FPB55FRG
887310,55D0G55FDG55FRG55I2G55IGG55KSG
887309,55CRB55CYB55D0G55F4B55FBB55FDG55FIB55FPB55FRG
861410,55CRB55CYB55D0G55F4B55FBB55FDG55FIB55FPB55FRG
887307,55CRB55CYB55D0G55F4B55FBB55FDG55FIB55FPB55FRG
887326,55CRB55CYB55D0G55F4B55FBB55FDG55FIB55FPB55FRG
850021,55CRB55CYB55D0G55F4B55FBB55FDG55FIB55FPB55FRG
887329,55CRB55CYB55D0G55F4B55FBB55FDG55FIB55FPB55FRG
861416,55CRB55CYB55D0G55F4B55FBB55FDG55FIB55FPB55FRG
998408,55CRB55CYB55D0G55F4B55FBB55FDG55FIB55FPB55FRG
850031,55CRB55CYB55D0G55F4B55FBB55FDG55FIB55FPB55FRG
850037,55CRB55CYB55D0G55F4B55FBB55FDG55FIB55FPB55FRG
850035,55CRB55CYB55D0G55F4B55FBB55FDG55FIB55FPB55FRG
1121567,55CRB55CYB55D0G55F4B55FBB55FDG55FIB55FPB55FRG
1121568,55CRB55CYB55D0G55F4B55FBB55FDG55FIB55FPB55FRG
1121569,55CRB55CYB55D0G55F4B55FBB55FDG55FIB55FPB55FRG
1121570,55CRB55CYB55D0G55F4B55FBB55FDG55FIB55FPB55FRG
1121571,55CRB55CYB55D0G55F4B55FBB55FDG55FIB55FPB55FRG
1047168,55CRB55CYG55F4B55FBG55FIB55FPG55HTB55HUR55I0G
991652,55CRB55CYG55F4B55FBG55FIB55FPG55HTB55HUR55I0G
776630,55CRB55CYG55F4B55FBG55FIB55FPG55HTB55I0G55I7B
804444,55CRB55CYG55F4B55FBG55FIB55FPG55HTB55I0G55I7B
804450,55CRB55CYG55F4B55FBG55FIB55FPG55HTB55I0G55I7B
804436,55CRB55CYG55F4B55FBG55FIB55FPG55HTB55I0G55I7B
804433,55CRB55CYG55F4B55FBG55FIB55FPG55HTB55I0G55I7B
804447,55CRB55CYG55F4B55FBG55FIB55FPG55HTB55I0G55I7B
1141900,55CVG55F1B55F8G55FFB55FMG55FTB55HXG55I2R55I4B
1141899,55CVG55F1B55F8G55FFB55FMG55FTB55HXG55I2R55I4B
887321,55CRB55CYB55D0G55F4B55FBB55FDG55FIB55FPB55FRG
861414,55CRB55CYB55D0G55F4B55FBB55FDG55FIB55FPB55FRG
789126,55CRB55CYB55D0G55F4B55FBB55FDG55FIB55FPB55FRG
887325,55CRB55CYB55D0G55F4B55FBB55FDG55FIB55FPB55FRG
887317,55CRB55CYB55D0G55F4B55FBB55FDG55FIB55FPB55FRG
887316,55CRB55CYB55D0G55F4B55FBB55FDG55FIB55FPB55FRG
887314,55CRB55CYB55D0G55F4B55FBB55FDG55FIB55FPB55FRG
808252,55CRB55CYB55D0G55F4B55FBB55FDG55FIB55FPB55FRG
887313,55CRB55CYB55D0G55F4B55FBB55FDG55FIB55FPB55FRG
998407,55CRB55CYB55D0G55F4B55FBB55FDG55FIB55FPB55FRG
887305,55CRB55CYB55D0G55F4B55FBB55FDG55FIB55FPB55FRG
861413,55CRB55CYB55D0G55F4B55FBB55FDG55FIB55FPB55FRG
1004726,55CRB55CYB55D0G55F4B55FBB55FDG55FIB55FPB55FRG
887320,55CRB55CYB55D0G55F4B55FBB55FDG55FIB55FPB55FRG
887322,55CRB55CYB55D0G55F4B55FBB55FDG55FIB55FPB55FRG
887306,55CRB55CYB55D0G55F4B55FBB55FDG55FIB55FPB55FRG
887301,55CRB55CYB55D0G55F4B55FBB55FDG55FIB55FPB55FRG
998406,55CRB55CYB55D0G55F4B55FBB55FDG55FIB55FPB55FRG
997938,55CRB55CYB55D0G55F4B55FBB55FDG55FIB55FPB55FRG
887304,55CRB55CYB55D0G55F4B55FBB55FDG55FIB55FPB55FRG
887300,55CRB55CYB55D0G55F4B55FBB55FDG55FIB55FPB55FRG
887311,55CRB55CYB55D0G55F4B55FBB55FDG55FIB55FPB55FRG
861409,55CRB55CYB55D0G55F4B55FBB55FDG55FIB55FPB55FRG
850024,55CRB55CYB55D0G55F4B55FBB55FDG55FIB55FPB55FRG
887303,55CRB55CYB55D0G55F4B55FBB55FDG55FIB55FPB55FRG
1003963,55CRB55CYB55D0G55F4B55FBB55FDG55FIB55FPB55FRG
850022,55CRB55CYB55D0G55F4B55FBB55FDG55FIB55FPB55FRG
850034,55CRB55CYB55D0G55F4B55FBB55FDG55FIB55FPB55FRG
850030,55CRB55CYB55D0G55F4B55FBB55FDG55FIB55FPB55FRG
887327,55CRB55CYB55D0G55F4B55FBB55FDG55FIB55FPB55FRG
887302,55CRB55CYB55D0G55F4B55FBB55FDG55FIB55FPB55FRG
887328,55CRB55CYB55D0G55F4B55FBB55FDG55FIB55FPB55FRG
789299,55CRB55CYB55D0G55F4B55FBB55FDG55FIB55FPB55FRG
745980,55CRB55CYB55D0G55F4B55FBB55FDG55FIB55FPB55FRG
887318,55CRB55CYB55D0G55F4B55FBB55FDG55FIB55FPB55FRG
887323,55CRB55CYB55D0G55F4B55FBB55FDG55FIB55FPB55FRG
745981,55CRB55CYB55D0G55F4B55FBB55FDG55FIB55FPB55FRG
1010996,55CVG55F1B55F8G55FFB55FMG55FTB55HXG55I4B55IBG
968110,55CVG55F1B55F8G55FFB55FMG55FTB55HXG55I3R55I4B
1112492,55CVG55F1B55F8G55FFB55FMG55FTB55HXG55I4B55IBG
1112493,55CVG55F1B55F8G55FFB55FMG55FTB55HXG55I4B55IBG
662518,55CVG55F1B55F8G55FFB55FMG55FTB55HXG55I4B55IBG
826482,55CVG55F1B55F8G55FFB55FMG55FTB55HXG55I3R55I4B
990929,55CVG55F1B55F8G55FFB55FMG55FTB55HXG55I3R55I4B
725081,55CVG55F1B55F8G55FFB55FMG55FTB55HXG55I3R55I4B
721584,55CVG55F1B55F8G55FFB55FMG55FTB55HXG55I3R55I4B
721585,55CVG55F1B55F8G55FFB55FMG55FTB55HXG55I3R55I4B
