717778,4Y13B4Y37G4Y3EB4Y3LG4Y3SB4Y3ZG4Y63B4Y6AG4Y6HB
823678,4Y13B4Y37G4Y3EB4Y3LG4Y3SB4Y3ZG4Y63B4Y6AG4Y6HB
717777,4Y13B4Y37G4Y3EB4Y3LG4Y3SB4Y3ZG4Y63B4Y6AG4Y6HB
717774,4Y13B4Y37G4Y3EB4Y3LG4Y3SB4Y3ZG4Y63B4Y6AG4Y6HB
717773,4Y13B4Y37G4Y3EB4Y3LG4Y3SB4Y3ZG4Y63B4Y6AG4Y6HB
823679,4Y13B4Y37G4Y3EB4Y3LG4Y3SB4Y3ZG4Y63B4Y6AG4Y6HB
823676,4Y13B4Y37G4Y3EB4Y3LG4Y3SB4Y3ZG4Y63B4Y6AG4Y6HB
717767,4Y13B4Y37G4Y3EB4Y3LG4Y3SB4Y3ZG4Y63B4Y6AG4Y6HB
717394,4Y13B4Y37G4Y3EB4Y3LG4Y3SB4Y3ZG4Y63B4Y6AG4Y6HB
717431,4Y13B4Y37G4Y3EB4Y3LG4Y3SB4Y3ZG4Y63B4Y6AG4Y6HB
823677,4Y13B4Y37G4Y3EB4Y3LG4Y3SB4Y3ZG4Y63B4Y6AG4Y6HB
717391,4Y13B4Y37G4Y3EB4Y3LG4Y3SB4Y3ZG4Y63B4Y6AG4Y6HB
717393,4Y13B4Y37G4Y3EB4Y3LG4Y3SB4Y3ZG4Y63B4Y6AG4Y6HB
787170,4Y13B4Y37G4Y3EB4Y3LG4Y3SB4Y3ZG4Y63B4Y6AG4Y6HB
717386,4Y13B4Y37G4Y3EB4Y3LG4Y3SB4Y3ZG4Y63B4Y6AG4Y6HB
717396,4Y13B4Y37G4Y3EB4Y3LG4Y3SB4Y3ZG4Y63B4Y6AG4Y6HB
1012731,4Y13B4Y37G4Y3EB4Y3LG4Y3SB4Y3ZG4Y63B4Y6AG4Y6HB
717387,4Y13B4Y37G4Y3EB4Y3LG4Y3SB4Y3ZG4Y63B4Y6AG4Y6HB
717428,4Y13B4Y37G4Y3EB4Y3LG4Y3SB4Y3ZG4Y63B4Y6AG4Y6HB
717384,4Y13B4Y37G4Y3EB4Y3LG4Y3SB4Y3ZG4Y63B4Y6AG4Y6HB
660466,4Y13B4Y37G4Y3EB4Y3LG4Y3SB4Y3ZG4Y63B4Y6AG4Y6HB
717405,4Y13B4Y37G4Y3EB4Y3LG4Y3SB4Y3ZG4Y63B4Y6AG4Y6HB
717407,4Y13B4Y37G4Y3EB4Y3LG4Y3SB4Y3ZG4Y63B4Y6AG4Y6HB
717414,4Y13B4Y37G4Y3EB4Y3LG4Y3SB4Y3ZG4Y63B4Y6AG4Y6HB
717425,4Y13B4Y37G4Y3EB4Y3LG4Y3SB4Y3ZG4Y63B4Y6AG4Y6HB
717413,4Y13B4Y37G4Y3EB4Y3LG4Y3SB4Y3ZG4Y63B4Y6AG4Y6HB
717411,4Y13B4Y37G4Y3EB4Y3LG4Y3SB4Y3ZG4Y63B4Y6AG4Y6HB
717408,4Y13B4Y37G4Y3EB4Y3LG4Y3SB4Y3ZG4Y63B4Y6AG4Y6HB
717398,4Y13B4Y37G4Y3EB4Y3LG4Y3SB4Y3ZG4Y63B4Y6AG4Y6HB
661267,4Y13B4Y37G4Y3EB4Y3LG4Y3SB4Y3ZG4Y63B4Y6AG4Y6HB
717423,4Y13B4Y37G4Y3EB4Y3LG4Y3SB4Y3ZG4Y63B4Y6AG4Y6HB
717404,4Y13B4Y37G4Y3EB4Y3LG4Y3SB4Y3ZG4Y63B4Y6AG4Y6HB
717403,4Y13B4Y37G4Y3EB4Y3LG4Y3SB4Y3ZG4Y63B4Y6AG4Y6HB
1012732,4Y13B4Y37G4Y3EB4Y3LG4Y3SB4Y3ZG4Y63B4Y6AG4Y6HB
717420,4Y13B4Y37G4Y3EB4Y3LG4Y3SB4Y3ZG4Y63B4Y6AG4Y6HB
787172,4Y13B4Y37G4Y3EB4Y3LG4Y3SB4Y3ZG4Y63B4Y6AG4Y6HB
717772,4Y13B4Y37G4Y3EB4Y3LG4Y3SB4Y3ZG4Y63B4Y6AG4Y6HB
717779,4Y13B4Y37G4Y3EB4Y3LG4Y3SB4Y3ZG4Y63B4Y6AG4Y6HB
802511,4Y13B4Y37G4Y3EB4Y3LG4Y3SB4Y3ZG4Y63B4Y6AG4Y6HB
756515,4Y13B4Y37G4Y3EB4Y3LG4Y3SB4Y3ZG4Y63B4Y6AG4Y6HB
756193,4Y13B4Y37G4Y3EB4Y3LG4Y3SB4Y3ZG4Y63B4Y6AG4Y6HB
756190,4Y13B4Y37G4Y3EB4Y3LG4Y3SB4Y3ZG4Y63B4Y6AG4Y6HB
756516,4Y13B4Y37G4Y3EB4Y3LG4Y3SB4Y3ZG4Y63B4Y6AG4Y6HB
756518,4Y13B4Y37G4Y3EB4Y3LG4Y3SB4Y3ZG4Y63B4Y6AG4Y6HB
756535,4Y13B4Y37G4Y3EB4Y3LG4Y3SB4Y3ZG4Y63B4Y6AG4Y6HB
756534,4Y13B4Y37G4Y3EB4Y3LG4Y3SB4Y3ZG4Y63B4Y6AG4Y6HB
756532,4Y13B4Y37G4Y3EB4Y3LG4Y3SB4Y3ZG4Y63B4Y6AG4Y6HB
824129,4Y13B4Y37G4Y3EB4Y3LG4Y3SB4Y3ZG4Y63B4Y6AG4Y6HB
717402,4Y13B4Y37G4Y3EB4Y3LG4Y3SB4Y3ZG4Y63B4Y6AG4Y6HB
784038,4Y13B4Y37G4Y3EB4Y3LG4Y3SB4Y3ZG4Y63B4Y6AG4Y6HB
756536,4Y13B4Y37G4Y3EB4Y3LG4Y3SB4Y3ZG4Y63B4Y6AG4Y6HB
756170,4Y13B4Y37G4Y3EB4Y3LG4Y3SB4Y3ZG4Y63B4Y6AG4Y6HB
756169,4Y13B4Y37G4Y3EB4Y3LG4Y3SB4Y3ZG4Y63B4Y6AG4Y6HB
756167,4Y13B4Y37G4Y3EB4Y3LG4Y3SB4Y3ZG4Y63B4Y6AG4Y6HB
756166,4Y13B4Y37G4Y3EB4Y3LG4Y3SB4Y3ZG4Y63B4Y6AG4Y6HB
661269,4Y13B4Y37G4Y3EB4Y3LG4Y3SB4Y3ZG4Y63B4Y6AG4Y6HB
756162,4Y13B4Y37G4Y3EB4Y3LG4Y3SB4Y3ZG4Y63B4Y6AG4Y6HB
756164,4Y13B4Y37G4Y3EB4Y3LG4Y3SB4Y3ZG4Y63B4Y6AG4Y6HB
756186,4Y13B4Y37G4Y3EB4Y3LG4Y3SB4Y3ZG4Y63B4Y6AG4Y6HB
661266,4Y13B4Y37G4Y3EB4Y3LG4Y3SB4Y3ZG4Y63B4Y6AG4Y6HB
756184,4Y13B4Y37G4Y3EB4Y3LG4Y3SB4Y3ZG4Y63B4Y6AG4Y6HB
756183,4Y13B4Y37G4Y3EB4Y3LG4Y3SB4Y3ZG4Y63B4Y6AG4Y6HB
756172,4Y13B4Y37G4Y3EB4Y3LG4Y3SB4Y3ZG4Y63B4Y6AG4Y6HB
756188,4Y13B4Y37G4Y3EB4Y3LG4Y3SB4Y3ZG4Y63B4Y6AG4Y6HB
756178,4Y13B4Y37G4Y3EB4Y3LG4Y3SB4Y3ZG4Y63B4Y6AG4Y6HB
756176,4Y13B4Y37G4Y3EB4Y3LG4Y3SB4Y3ZG4Y63B4Y6AG4Y6HB
784036,4Y13B4Y37G4Y3EB4Y3LG4Y3SB4Y3ZG4Y63B4Y6AG4Y6HB
756174,4Y13B4Y37G4Y3EB4Y3LG4Y3SB4Y3ZG4Y63B4Y6AG4Y6HB
821530,4Y13B4Y37G4Y3EB4Y3LG4Y3SB4Y3ZG4Y63B4Y6AG4Y6HB
802547,4Y13B4Y37G4Y3EB4Y3LG4Y3SB4Y3ZG4Y63B4Y6AG4Y6HB
1006564,4Y13B4Y37G4Y3EB4Y3LG4Y3SB4Y3ZG4Y63B4Y6AG4Y6HB
661297,4Y13B4Y13B4Y37G4Y3EB4Y3EB4Y3LG4Y3SB4Y3SB4Y3ZG
802540,4Y13B4Y37G4Y3EB4Y3LG4Y3SB4Y3ZG4Y63B4Y6AG4Y6HB
802545,4Y13B4Y13B4Y37G4Y3EB4Y3EB4Y3LG4Y3SB4Y3SB4Y3ZG
821486,4Y13B4Y13B4Y37G4Y3EB4Y3EB4Y3LG4Y3SB4Y3SB4Y3ZG
802543,4Y13B4Y13B4Y37G4Y3EB4Y3EB4Y3LG4Y3SB4Y3SB4Y3ZG
802533,4Y13B4Y13B4Y37G4Y3EB4Y3EB4Y3LG4Y3SB4Y3SB4Y3ZG
756524,4Y13B4Y37G4Y3EB4Y3LG4Y3SB4Y3ZG4Y63B4Y6AG4Y6HB
802548,4Y13B4Y13B4Y37G4Y3EB4Y3EB4Y3LG4Y3SB4Y3SB4Y3ZG
802537,4Y13B4Y37G4Y3EB4Y3LG4Y3SB4Y3ZG4Y63B4Y6AG4Y6HB
802536,4Y13B4Y37G4Y3EB4Y3LG4Y3SB4Y3ZG4Y63B4Y6AG4Y6HB
802535,4Y13B4Y37G4Y3EB4Y3LG4Y3SB4Y3ZG4Y63B4Y6AG4Y6HB
821485,4Y13B4Y37G4Y3EB4Y3LG4Y3SB4Y3ZG4Y63B4Y6AG4Y6HB
756523,4Y13B4Y37G4Y3EB4Y3LG4Y3SB4Y3ZG4Y63B4Y6AG4Y6HB
802542,4Y13B4Y37G4Y3EB4Y3LG4Y3SB4Y3ZG4Y63B4Y6AG4Y6HB
714378,4Y13B4Y37G4Y3EB4Y3LG4Y3SB4Y3ZG4Y63B4Y6AG4Y6HB
802557,4Y13B4Y13B4Y37G4Y3EB4Y3EB4Y3LG4Y3SB4Y3SB4Y3ZG
821489,4Y13B4Y13B4Y37G4Y3EB4Y3EB4Y3LG4Y3SB4Y3SB4Y3ZG
784568,4Y13B4Y13B4Y37G4Y3EB4Y3EB4Y3LG4Y3SB4Y3SB4Y3ZG
756521,4Y13B4Y37G4Y3EB4Y3LG4Y3SB4Y3ZG4Y63B4Y6AG4Y6HB
714380,4Y13B4Y13B4Y37G4Y3EB4Y3EB4Y3LG4Y3SB4Y3SB4Y3ZG
802553,4Y13B4Y13B4Y37G4Y3EB4Y3EB4Y3LG4Y3SB4Y3SB4Y3ZG
802552,4Y13B4Y13B4Y37G4Y3EB4Y3EB4Y3LG4Y3SB4Y3SB4Y3ZG
802551,4Y13B4Y37G4Y3EB4Y3LG4Y3SB4Y3ZG4Y63B4Y6AG4Y6HB
802550,4Y13B4Y37G4Y3EB4Y3LG4Y3SB4Y3ZG4Y63B4Y6AG4Y6HB
756520,4Y13B4Y37G4Y3EB4Y3LG4Y3SB4Y3ZG4Y63B4Y6AG4Y6HB
910538,4Y13B4Y37G4Y3EB4Y3LG4Y3SB4Y3ZG4Y63B4Y6AG4Y6HB
802527,4Y13B4Y37G4Y3EB4Y3LG4Y3SB4Y3ZG4Y63B4Y6AG4Y6HB
802506,4Y13B4Y37G4Y3EB4Y3LG4Y3SB4Y3ZG4Y63B4Y6AG4Y6HB
661296,4Y13B4Y37G4Y3EB4Y3LG4Y3SB4Y3ZG4Y63B4Y6AG4Y6HB
802519,4Y13B4Y37G4Y3EB4Y3LG4Y3SB4Y3ZG4Y63B4Y6AG4Y6HB
756519,4Y13B4Y37G4Y3EB4Y3LG4Y3SB4Y3ZG4Y63B4Y6AG4Y6HB
802518,4Y13B4Y37G4Y3EB4Y3LG4Y3SB4Y3ZG4Y63B4Y6AG4Y6HB
802517,4Y13B4Y37G4Y3EB4Y3LG4Y3SB4Y3ZG4Y63B4Y6AG4Y6HB
802515,4Y13B4Y37G4Y3EB4Y3LG4Y3SB4Y3ZG4Y63B4Y6AG4Y6HB
802505,4Y13B4Y37G4Y3EB4Y3LG4Y3SB4Y3ZG4Y63B4Y6AG4Y6HB
784566,4Y13B4Y37G4Y3EB4Y3LG4Y3SB4Y3ZG4Y63B4Y6AG4Y6HB
756189,4Y13B4Y37G4Y3EB4Y3LG4Y3SB4Y3ZG4Y63B4Y6AG4Y6HB
1012624,4Y10B4Y17B4Y39G4Y3BB4Y3IB4Y3NG4Y3PB4Y3WB4Y5YG
802528,4Y10B4Y17B4Y39G4Y3BB4Y3IB4Y3NG4Y3PB4Y3WB4Y5YG
802521,4Y10B4Y17B4Y39G4Y3BB4Y3IB4Y3NG4Y3PB4Y3WB4Y5YG
821483,4Y10B4Y17B4Y39G4Y3BB4Y3IB4Y3NG4Y3PB4Y3WB4Y5YG
802525,4Y10B4Y17B4Y39G4Y3BB4Y3IB4Y3NG4Y3PB4Y3WB4Y5YG
802523,4Y10B4Y17B4Y39G4Y3BB4Y3IB4Y3NG4Y3PB4Y3WB4Y5YG
743113,4Y10B4Y17B4Y39G4Y3BB4Y3IB4Y3NG4Y3PB4Y3WB4Y5YG
802520,4Y10B4Y17B4Y39G4Y3BB4Y3IB4Y3NG4Y3PB4Y3WB4Y5YG
802555,4Y10B4Y17B4Y39G4Y3BB4Y3IB4Y3NG4Y3PB4Y3WB4Y5YG
715714,4Y10B4Y17B4Y39G4Y3BB4Y3IB4Y3NG4Y3PB4Y3WB4Y5YG
802509,4Y10B4Y17B4Y39G4Y3BB4Y3IB4Y3NG4Y3PB4Y3WB4Y5YG
788530,4Y10B4Y17B4Y39G4Y3BB4Y3IB4Y3NG4Y3PB4Y3WB4Y5YG
699432,4Y10B4Y17B4Y39G4Y3BB4Y3IB4Y3NG4Y3PB4Y3WB4Y5YG
699433,4Y10B4Y17B4Y39G4Y3BB4Y3IB4Y3NG4Y3PB4Y3WB4Y5YG
715713,4Y10B4Y17B4Y39G4Y3BB4Y3IB4Y3NG4Y3PB4Y3WB4Y5YG
715711,4Y10B4Y17B4Y39G4Y3BB4Y3IB4Y3NG4Y3PB4Y3WB4Y5YG
715710,4Y10B4Y17B4Y39G4Y3BB4Y3IB4Y3NG4Y3PB4Y3WB4Y5YG
714412,4Y10B4Y17B4Y39G4Y3BB4Y3IB4Y3NG4Y3PB4Y3WB4Y5YG
714403,4Y10B4Y17B4Y39G4Y3BB4Y3IB4Y3NG4Y3PB4Y3WB4Y5YG
715716,4Y10B4Y17B4Y39G4Y3BB4Y3IB4Y3NG4Y3PB4Y3WB4Y5YG
714409,4Y10B4Y17B4Y39G4Y3BB4Y3IB4Y3NG4Y3PB4Y3WB4Y5YG
821451,4Y10B4Y17B4Y39G4Y3BB4Y3IB4Y3NG4Y3PB4Y3WB4Y5YG
714407,4Y10B4Y17B4Y39G4Y3BB4Y3IB4Y3NG4Y3PB4Y3WB4Y5YG
714405,4Y10B4Y17B4Y39G4Y3BB4Y3IB4Y3NG4Y3PB4Y3WB4Y5YG
802508,4Y10B4Y17B4Y39G4Y3BB4Y3IB4Y3NG4Y3PB4Y3WB4Y5YG
714404,4Y10B4Y17B4Y39G4Y3BB4Y3IB4Y3NG4Y3PB4Y3WB4Y5YG
714410,4Y10B4Y17B4Y39G4Y3BB4Y3IB4Y3NG4Y3PB4Y3WB4Y5YG
715730,4Y10B4Y17B4Y39G4Y3BB4Y3IB4Y3NG4Y3PB4Y3WB4Y5YG
1012623,4Y10B4Y17B4Y39G4Y3BB4Y3IB4Y3NG4Y3PB4Y3WB4Y5YG
784565,4Y10B4Y17B4Y39G4Y3BB4Y3IB4Y3NG4Y3PB4Y3WB4Y5YG
802512,4Y10B4Y17B4Y39G4Y3BB4Y3IB4Y3NG4Y3PB4Y3WB4Y5YG
802514,4Y10B4Y17B4Y39G4Y3BB4Y3IB4Y3NG4Y3PB4Y3WB4Y5YG
802532,4Y10B4Y17B4Y39G4Y3BB4Y3IB4Y3NG4Y3PB4Y3WB4Y5YG
802531,4Y10B4Y17B4Y39G4Y3BB4Y3IB4Y3NG4Y3PB4Y3WB4Y5YG
821482,4Y10B4Y17B4Y39G4Y3BB4Y3IB4Y3NG4Y3PB4Y3WB4Y5YG
662571,4Y10B4Y17B4Y39G4Y3BB4Y3IB4Y3NG4Y3PB4Y3WB4Y5YG
662572,4Y10B4Y17B4Y39G4Y3BB4Y3IB4Y3NG4Y3PB4Y3WB4Y5YG
662573,4Y10B4Y17B4Y39G4Y3BB4Y3IB4Y3NG4Y3PB4Y3WB4Y5YG
1120753,4Y10B4Y17B4Y39G4Y3BB4Y3IB4Y3NG4Y3PB4Y3WB4Y5YG
1120761,4Y10B4Y17B4Y39G4Y3BB4Y3IB4Y3NG4Y3PB4Y3WB4Y5YG
1120754,4Y10B4Y17B4Y39G4Y3BB4Y3IB4Y3NG4Y3PB4Y3WB4Y5YG
1120762,4Y10B4Y17B4Y39G4Y3BB4Y3IB4Y3NG4Y3PB4Y3WB4Y5YG
1120755,4Y10B4Y17B4Y39G4Y3BB4Y3IB4Y3NG4Y3PB4Y3WB4Y5YG
1120763,4Y10B4Y17B4Y39G4Y3BB4Y3IB4Y3NG4Y3PB4Y3WB4Y5YG
1120756,4Y10B4Y17B4Y39G4Y3BB4Y3IB4Y3NG4Y3PB4Y3WB4Y5YG
1120764,4Y10B4Y17B4Y39G4Y3BB4Y3IB4Y3NG4Y3PB4Y3WB4Y5YG
1120757,4Y10B4Y17B4Y39G4Y3BB4Y3IB4Y3NG4Y3PB4Y3WB4Y5YG
1120765,4Y10B4Y17B4Y39G4Y3BB4Y3IB4Y3NG4Y3PB4Y3WB4Y5YG
1120758,4Y10B4Y17B4Y39G4Y3BB4Y3IB4Y3NG4Y3PB4Y3WB4Y5YG
1120759,4Y10B4Y17B4Y39G4Y3BB4Y3IB4Y3NG4Y3PB4Y3WB4Y5YG
1120760,4Y10B4Y17B4Y39G4Y3BB4Y3IB4Y3NG4Y3PB4Y3WB4Y5YG
715719,4Y10B4Y17B4Y35G4Y3BB4Y3IB4Y3JG4Y3PB4Y3WB4Y3XG
714391,4Y10B4Y17B4Y35G4Y3BB4Y3IB4Y3JG4Y3PB4Y3WB4Y3XG
821126,4Y10B4Y17B4Y35G4Y3BB4Y3IB4Y3JG4Y3PB4Y3WB4Y3XG
787124,4Y10B4Y17B4Y35G4Y3BB4Y3IB4Y3JG4Y3PB4Y3WB4Y3XG
714388,4Y10B4Y17B4Y35G4Y3BB4Y3IB4Y3JG4Y3PB4Y3WB4Y3XG
715729,4Y10B4Y17B4Y35G4Y3BB4Y3IB4Y3JG4Y3PB4Y3WB4Y3XG
821123,4Y10B4Y17B4Y35G4Y3BB4Y3IB4Y3JG4Y3PB4Y3WB4Y3XG
821127,4Y10B4Y17B4Y35G4Y3BB4Y3IB4Y3JG4Y3PB4Y3WB4Y3XG
714386,4Y10B4Y17B4Y35G4Y3BB4Y3IB4Y3JG4Y3PB4Y3WB4Y3XG
714384,4Y10B4Y17B4Y35G4Y3BB4Y3IB4Y3JG4Y3PB4Y3WB4Y3XG
821124,4Y10B4Y17B4Y35G4Y3BB4Y3IB4Y3JG4Y3PB4Y3WB4Y3XG
714381,4Y10B4Y17B4Y35G4Y3BB4Y3IB4Y3JG4Y3PB4Y3WB4Y3XG
741838,4Y10B4Y17B4Y35G4Y3BB4Y3IB4Y3JG4Y3PB4Y3WB4Y3XG
714387,4Y10B4Y17B4Y35G4Y3BB4Y3IB4Y3JG4Y3PB4Y3WB4Y3XG
715731,4Y10B4Y17B4Y35G4Y3BB4Y3IB4Y3JG4Y3PB4Y3WB4Y3XG
821449,4Y10B4Y17B4Y35G4Y3BB4Y3IB4Y3JG4Y3PB4Y3WB4Y3XG
661476,4Y10B4Y17B4Y39G4Y3BB4Y3IB4Y3NG4Y3PB4Y3WB4Y5YG
1025614,4Y10B4Y17B4Y35G4Y3BB4Y3IB4Y3JG4Y3PB4Y3WB4Y3XG
743598,4Y10B4Y17B4Y35G4Y3BB4Y3IB4Y3JG4Y3PB4Y3WB4Y3XG
715723,4Y10B4Y17B4Y35G4Y3BB4Y3IB4Y3JG4Y3PB4Y3WB4Y3XG
660595,4Y10B4Y17B4Y35G4Y3BB4Y3IB4Y3JG4Y3PB4Y3WB4Y3XG
741843,4Y10B4Y17B4Y35G4Y3BB4Y3IB4Y3JG4Y3PB4Y3WB4Y3XG
715721,4Y10B4Y17B4Y35G4Y3BB4Y3IB4Y3JG4Y3PB4Y3WB4Y3XG
954782,4Y13B4Y35G4Y37B4Y3EB4Y3JG4Y3LB4Y3SB4Y3XG4Y3ZB
954783,4Y13B4Y35G4Y37B4Y3EB4Y3JG4Y3LB4Y3SB4Y3XG4Y3ZB
1025616,4Y13B4Y35G4Y37B4Y3EB4Y3JG4Y3LB4Y3SB4Y3XG4Y3ZB
954784,4Y13B4Y35G4Y37B4Y3EB4Y3JG4Y3LB4Y3SB4Y3XG4Y3ZB
954785,4Y13B4Y35G4Y37B4Y3EB4Y3JG4Y3LB4Y3SB4Y3XG4Y3ZB
954786,4Y13B4Y35G4Y37B4Y3EB4Y3JG4Y3LB4Y3SB4Y3XG4Y3ZB
954787,4Y13B4Y35G4Y37B4Y3EB4Y3JG4Y3LB4Y3SB4Y3XG4Y3ZB
942400,4Y10B4Y17B4Y35G4Y3BB4Y3IB4Y3JG4Y3PB4Y3WB4Y3XG
1014663,4Y10B4Y17B4Y35G4Y3BB4Y3IB4Y3JG4Y3PB4Y3WB4Y3XG
947607,4Y10B4Y17B4Y35G4Y3BB4Y3IB4Y3JG4Y3PB4Y3WB4Y3XG
1007723,4Y10B4Y17B4Y35G4Y3BB4Y3IB4Y3JG4Y3PB4Y3WB4Y3XG
803815,4Y10B4Y17B4Y35G4Y3BB4Y3IB4Y3JG4Y3PB4Y3WB4Y3XG
1032913,4Y10B4Y17B4Y35G4Y3BB4Y3IB4Y3JG4Y3PB4Y3WB4Y3XG
653932,4Y10B4Y17B4Y35G4Y3BB4Y3IB4Y3JG4Y3PB4Y3WB4Y3XG
992473,4Y10B4Y17B4Y35G4Y3BB4Y3IB4Y3JG4Y3PB4Y3WB4Y3XG
947391,4Y10B4Y17B4Y35G4Y3BB4Y3IB4Y3JG4Y3PB4Y3WB4Y3XG
653439,4Y10B4Y17B4Y35G4Y3BB4Y3IB4Y3JG4Y3PB4Y3WB4Y3XG
1120766,4Y10B4Y17B4Y35G4Y3BB4Y3IB4Y3JG4Y3PB4Y3WB4Y3XG
1120767,4Y10B4Y17B4Y35G4Y3BB4Y3IB4Y3JG4Y3PB4Y3WB4Y3XG
1120768,4Y10B4Y17B4Y35G4Y3BB4Y3IB4Y3JG4Y3PB4Y3WB4Y3XG
1120769,4Y10B4Y17B4Y35G4Y3BB4Y3IB4Y3JG4Y3PB4Y3WB4Y3XG
1120770,4Y10B4Y17B4Y35G4Y3BB4Y3IB4Y3JG4Y3PB4Y3WB4Y3XG
1120771,4Y10B4Y17B4Y35G4Y3BB4Y3IB4Y3JG4Y3PB4Y3WB4Y3XG
803824,4Y10B4Y17B4Y35G4Y3BB4Y3IB4Y3JG4Y3PB4Y3WB4Y3XG
803806,4Y10B4Y17B4Y35G4Y3BB4Y3IB4Y3JG4Y3PB4Y3WB4Y3XG
803788,4Y10B4Y17B4Y35G4Y3BB4Y3IB4Y3JG4Y3PB4Y3WB4Y3XG
803787,4Y10B4Y17B4Y35G4Y3BB4Y3IB4Y3JG4Y3PB4Y3WB4Y3XG
743114,4Y10B4Y17B4Y35G4Y3BB4Y3IB4Y3JG4Y3PB4Y3WB4Y3XG
803785,4Y10B4Y17B4Y35G4Y3BB4Y3IB4Y3JG4Y3PB4Y3WB4Y3XG
803783,4Y10B4Y17B4Y35G4Y3BB4Y3IB4Y3JG4Y3PB4Y3WB4Y3XG
716176,4Y10B4Y17B4Y35G4Y3BB4Y3IB4Y3JG4Y3PB4Y3WB4Y3XG
803790,4Y10B4Y17B4Y35G4Y3BB4Y3IB4Y3JG4Y3PB4Y3WB4Y3XG
1012634,4Y10B4Y17B4Y35G4Y3BB4Y3IB4Y3JG4Y3PB4Y3WB4Y3XG
803810,4Y10B4Y17B4Y35G4Y3BB4Y3IB4Y3JG4Y3PB4Y3WB4Y3XG
803448,4Y10B4Y17B4Y35G4Y3BB4Y3IB4Y3JG4Y3PB4Y3WB4Y3XG
803447,4Y10B4Y17B4Y35G4Y3BB4Y3IB4Y3JG4Y3PB4Y3WB4Y3XG
716177,4Y10B4Y17B4Y35G4Y3BB4Y3IB4Y3JG4Y3PB4Y3WB4Y3XG
819864,4Y10B4Y17B4Y35G4Y3BB4Y3IB4Y3JG4Y3PB4Y3WB4Y3XG
803797,4Y10B4Y17B4Y35G4Y3BB4Y3IB4Y3JG4Y3PB4Y3WB4Y3XG
803782,4Y10B4Y17B4Y35G4Y3BB4Y3IB4Y3JG4Y3PB4Y3WB4Y3XG
803802,4Y10B4Y17B4Y35G4Y3BB4Y3IB4Y3JG4Y3PB4Y3WB4Y3XG
743115,4Y10B4Y17B4Y35G4Y3BB4Y3IB4Y3JG4Y3PB4Y3WB4Y3XG
803800,4Y10B4Y17B4Y35G4Y3BB4Y3IB4Y3JG4Y3PB4Y3WB4Y3XG
803799,4Y10B4Y17B4Y35G4Y3BB4Y3IB4Y3JG4Y3PB4Y3WB4Y3XG
743116,4Y10B4Y17B4Y35G4Y3BB4Y3IB4Y3JG4Y3PB4Y3WB4Y3XG
803795,4Y10B4Y17B4Y35G4Y3BB4Y3IB4Y3JG4Y3PB4Y3WB4Y3XG
996777,4Y10B4Y17B4Y35G4Y3BB4Y3IB4Y3JG4Y3PB4Y3WB4Y3XG
803793,4Y10B4Y17B4Y35G4Y3BB4Y3IB4Y3JG4Y3PB4Y3WB4Y3XG
803792,4Y10B4Y17B4Y35G4Y3BB4Y3IB4Y3JG4Y3PB4Y3WB4Y3XG
802496,4Y10B4Y17B4Y35G4Y3BB4Y3IB4Y3JG4Y3PB4Y3WB4Y3XG
803817,4Y10B4Y17B4Y35G4Y3BB4Y3IB4Y3JG4Y3PB4Y3WB4Y3XG
802483,4Y10B4Y17B4Y35G4Y3BB4Y3IB4Y3JG4Y3PB4Y3WB4Y3XG
802482,4Y10B4Y17B4Y35G4Y3BB4Y3IB4Y3JG4Y3PB4Y3WB4Y3XG
802472,4Y10B4Y17B4Y35G4Y3BB4Y3IB4Y3JG4Y3PB4Y3WB4Y3XG
803827,4Y10B4Y17B4Y35G4Y3BB4Y3IB4Y3JG4Y3PB4Y3WB4Y3XG
802480,4Y10B4Y17B4Y35G4Y3BB4Y3IB4Y3JG4Y3PB4Y3WB4Y3XG
784563,4Y10B4Y17B4Y35G4Y3BB4Y3IB4Y3JG4Y3PB4Y3WB4Y3XG
802478,4Y10B4Y17B4Y35G4Y3BB4Y3IB4Y3JG4Y3PB4Y3WB4Y3XG
802476,4Y10B4Y17B4Y35G4Y3BB4Y3IB4Y3JG4Y3PB4Y3WB4Y3XG
802475,4Y10B4Y17B4Y35G4Y3BB4Y3IB4Y3JG4Y3PB4Y3WB4Y3XG
743111,4Y10B4Y17B4Y35G4Y3BB4Y3IB4Y3JG4Y3PB4Y3WB4Y3XG
802494,4Y10B4Y17B4Y35G4Y3BB4Y3IB4Y3JG4Y3PB4Y3WB4Y3XG
802481,4Y10B4Y17B4Y35G4Y3BB4Y3IB4Y3JG4Y3PB4Y3WB4Y3XG
802503,4Y10B4Y17B4Y35G4Y3BB4Y3IB4Y3JG4Y3PB4Y3WB4Y3XG
743112,4Y10B4Y17B4Y35G4Y3BB4Y3IB4Y3JG4Y3PB4Y3WB4Y3XG
803825,4Y10B4Y17B4Y35G4Y3BB4Y3IB4Y3JG4Y3PB4Y3WB4Y3XG
802501,4Y10B4Y17B4Y35G4Y3BB4Y3IB4Y3JG4Y3PB4Y3WB4Y3XG
802499,4Y10B4Y17B4Y35G4Y3BB4Y3IB4Y3JG4Y3PB4Y3WB4Y3XG
802498,4Y10B4Y17B4Y35G4Y3BB4Y3IB4Y3JG4Y3PB4Y3WB4Y3XG
802487,4Y10B4Y17B4Y35G4Y3BB4Y3IB4Y3JG4Y3PB4Y3WB4Y3XG
802495,4Y10B4Y17B4Y35G4Y3BB4Y3IB4Y3JG4Y3PB4Y3WB4Y3XG
802493,4Y10B4Y17B4Y35G4Y3BB4Y3IB4Y3JG4Y3PB4Y3WB4Y3XG
802492,4Y10B4Y17B4Y35G4Y3BB4Y3IB4Y3JG4Y3PB4Y3WB4Y3XG
802491,4Y10B4Y17B4Y35G4Y3BB4Y3IB4Y3JG4Y3PB4Y3WB4Y3XG
803816,4Y10B4Y17B4Y35G4Y3BB4Y3IB4Y3JG4Y3PB4Y3WB4Y3XG
802490,4Y10B4Y17B4Y35G4Y3BB4Y3IB4Y3JG4Y3PB4Y3WB4Y3XG
802488,4Y10B4Y17B4Y35G4Y3BB4Y3IB4Y3JG4Y3PB4Y3WB4Y3XG
788928,4Y10B4Y17B4Y35G4Y3BB4Y3IB4Y3JG4Y3PB4Y3WB4Y3XG
803831,4Y10B4Y17B4Y35G4Y3BB4Y3IB4Y3JG4Y3PB4Y3WB4Y3XG
802473,4Y10B4Y17B4Y35G4Y3BB4Y3IB4Y3JG4Y3PB4Y3WB4Y3XG
803829,4Y10B4Y17B4Y35G4Y3BB4Y3IB4Y3JG4Y3PB4Y3WB4Y3XG
901598,4Y10B4Y17B4Y35G4Y3BB4Y3IB4Y3JG4Y3PB4Y3WB4Y3XG
803822,4Y10B4Y17B4Y35G4Y3BB4Y3IB4Y3JG4Y3PB4Y3WB4Y3XG
665424,4Y10B4Y17B4Y35G4Y3BB4Y3IB4Y3JG4Y3PB4Y3WB4Y3XG
803820,4Y10B4Y17B4Y35G4Y3BB4Y3IB4Y3JG4Y3PB4Y3WB4Y3XG
803818,4Y10B4Y17B4Y35G4Y3BB4Y3IB4Y3JG4Y3PB4Y3WB4Y3XG
898999,4Y10B4Y17B4Y35G4Y3BB4Y3IB4Y3JG4Y3PB4Y3WB4Y3XG
1023229,4Y10B4Y17B4Y35G4Y3BB4Y3IB4Y3JG4Y3PB4Y3WB4Y3XG
658947,4Y10B4Y17B4Y35G4Y3BB4Y3IB4Y3JG4Y3PB4Y3WB4Y3XG
1114197,4Y10B4Y17B4Y35G4Y3BB4Y3IB4Y3JG4Y3PB4Y3WB4Y3XG
662862,4Y10B4Y17B4Y35G4Y3BB4Y3IB4Y3JG4Y3PB4Y3WB4Y3XG
1023230,4Y10B4Y17B4Y35G4Y3BB4Y3IB4Y3JG4Y3PB4Y3WB4Y3XG
1120772,4Y10B4Y17B4Y35G4Y3BB4Y3IB4Y3JG4Y3PB4Y3WB4Y3XG
1120779,4Y10B4Y17B4Y35G4Y3BB4Y3IB4Y3JG4Y3PB4Y3WB4Y3XG
1120784,4Y10B4Y17B4Y35G4Y3BB4Y3IB4Y3JG4Y3PB4Y3WB4Y3XG
1120773,4Y10B4Y17B4Y35G4Y3BB4Y3IB4Y3JG4Y3PB4Y3WB4Y3XG
1120780,4Y10B4Y17B4Y35G4Y3BB4Y3IB4Y3JG4Y3PB4Y3WB4Y3XG
1120785,4Y10B4Y17B4Y35G4Y3BB4Y3IB4Y3JG4Y3PB4Y3WB4Y3XG
1120774,4Y10B4Y17B4Y35G4Y3BB4Y3IB4Y3JG4Y3PB4Y3WB4Y3XG
1120781,4Y10B4Y17B4Y35G4Y3BB4Y3IB4Y3JG4Y3PB4Y3WB4Y3XG
1120786,4Y10B4Y17B4Y35G4Y3BB4Y3IB4Y3JG4Y3PB4Y3WB4Y3XG
1120775,4Y10B4Y17B4Y35G4Y3BB4Y3IB4Y3JG4Y3PB4Y3WB4Y3XG
1120782,4Y10B4Y17B4Y35G4Y3BB4Y3IB4Y3JG4Y3PB4Y3WB4Y3XG
1120787,4Y10B4Y17B4Y35G4Y3BB4Y3IB4Y3JG4Y3PB4Y3WB4Y3XG
1120776,4Y10B4Y17B4Y35G4Y3BB4Y3IB4Y3JG4Y3PB4Y3WB4Y3XG
1120783,4Y10B4Y17B4Y35G4Y3BB4Y3IB4Y3JG4Y3PB4Y3WB4Y3XG
1120788,4Y10B4Y17B4Y35G4Y3BB4Y3IB4Y3JG4Y3PB4Y3WB4Y3XG
1120777,4Y10B4Y17B4Y35G4Y3BB4Y3IB4Y3JG4Y3PB4Y3WB4Y3XG
1120789,4Y10B4Y17B4Y35G4Y3BB4Y3IB4Y3JG4Y3PB4Y3WB4Y3XG
1120778,4Y10B4Y17B4Y35G4Y3BB4Y3IB4Y3JG4Y3PB4Y3WB4Y3XG
822408,4Y13B4Y35G4Y37B4Y3EB4Y3JG4Y3LB4Y3SB4Y3XG4Y3ZB
716082,4Y13B4Y35G4Y37B4Y3EB4Y3JG4Y3LB4Y3SB4Y3XG4Y3ZB
716081,4Y13B4Y35G4Y37B4Y3EB4Y3JG4Y3LB4Y3SB4Y3XG4Y3ZB
822407,4Y13B4Y35G4Y37B4Y3EB4Y3JG4Y3LB4Y3SB4Y3XG4Y3ZB
716080,4Y13B4Y35G4Y37B4Y3EB4Y3JG4Y3LB4Y3SB4Y3XG4Y3ZB
784009,4Y13B4Y35G4Y37B4Y3EB4Y3JG4Y3LB4Y3SB4Y3XG4Y3ZB
715740,4Y13B4Y35G4Y37B4Y3EB4Y3JG4Y3LB4Y3SB4Y3XG4Y3ZB
715739,4Y13B4Y35G4Y37B4Y3EB4Y3JG4Y3LB4Y3SB4Y3XG4Y3ZB
715738,4Y13B4Y35G4Y37B4Y3EB4Y3JG4Y3LB4Y3SB4Y3XG4Y3ZB
715737,4Y13B4Y35G4Y37B4Y3EB4Y3JG4Y3LB4Y3SB4Y3XG4Y3ZB
715732,4Y13B4Y35G4Y37B4Y3EB4Y3JG4Y3LB4Y3SB4Y3XG4Y3ZB
715741,4Y13B4Y35G4Y37B4Y3EB4Y3JG4Y3LB4Y3SB4Y3XG4Y3ZB
715735,4Y13B4Y35G4Y37B4Y3EB4Y3JG4Y3LB4Y3SB4Y3XG4Y3ZB
715734,4Y13B4Y35G4Y37B4Y3EB4Y3JG4Y3LB4Y3SB4Y3XG4Y3ZB
745558,4Y13B4Y35G4Y37B4Y3EB4Y3JG4Y3LB4Y3SB4Y3XG4Y3ZB
715733,4Y13B4Y35G4Y37B4Y3EB4Y3JG4Y3LB4Y3SB4Y3XG4Y3ZB
1045717,4Y13B4Y35G4Y37B4Y3EB4Y3JG4Y3LB4Y3SB4Y3XG4Y3ZB
1007151,4Y13B4Y35G4Y37B4Y3EB4Y3JG4Y3LB4Y3SB4Y3XG4Y3ZB
716059,4Y13B4Y35G4Y37B4Y3EB4Y3JG4Y3LB4Y3SB4Y3XG4Y3ZB
715736,4Y13B4Y35G4Y37B4Y3EB4Y3JG4Y3LB4Y3SB4Y3XG4Y3ZB
716064,4Y13B4Y35G4Y37B4Y3EB4Y3JG4Y3LB4Y3SB4Y3XG4Y3ZB
716063,4Y13B4Y35G4Y37B4Y3EB4Y3JG4Y3LB4Y3SB4Y3XG4Y3ZB
716061,4Y13B4Y35G4Y37B4Y3EB4Y3JG4Y3LB4Y3SB4Y3XG4Y3ZB
716060,4Y13B4Y35G4Y37B4Y3EB4Y3JG4Y3LB4Y3SB4Y3XG4Y3ZB
715742,4Y13B4Y35G4Y37B4Y3EB4Y3JG4Y3LB4Y3SB4Y3XG4Y3ZB
715747,4Y13B4Y35G4Y37B4Y3EB4Y3JG4Y3LB4Y3SB4Y3XG4Y3ZB
953871,4Y13B4Y35G4Y37B4Y3EB4Y3JG4Y3LB4Y3SB4Y3XG4Y3ZB
715746,4Y13B4Y35G4Y37B4Y3EB4Y3JG4Y3LB4Y3SB4Y3XG4Y3ZB
716079,4Y13B4Y35G4Y37B4Y3EB4Y3JG4Y3LB4Y3SB4Y3XG4Y3ZB
1006547,4Y13B4Y35G4Y37B4Y3EB4Y3JG4Y3LB4Y3SB4Y3XG4Y3ZB
754794,4Y13B4Y35G4Y37B4Y3EB4Y3JG4Y3LB4Y3SB4Y3XG4Y3ZB
754793,4Y13B4Y35G4Y37B4Y3EB4Y3JG4Y3LB4Y3SB4Y3XG4Y3ZB
754788,4Y13B4Y35G4Y37B4Y3EB4Y3JG4Y3LB4Y3SB4Y3XG4Y3ZB
910902,4Y13B4Y35G4Y37B4Y3EB4Y3JG4Y3LB4Y3SB4Y3XG4Y3ZB
754791,4Y13B4Y35G4Y37B4Y3EB4Y3JG4Y3LB4Y3SB4Y3XG4Y3ZB
784012,4Y13B4Y35G4Y37B4Y3EB4Y3JG4Y3LB4Y3SB4Y3XG4Y3ZB
754790,4Y13B4Y35G4Y37B4Y3EB4Y3JG4Y3LB4Y3SB4Y3XG4Y3ZB
745567,4Y13B4Y35G4Y37B4Y3EB4Y3JG4Y3LB4Y3SB4Y3XG4Y3ZB
822867,4Y13B4Y35G4Y37B4Y3EB4Y3JG4Y3LB4Y3SB4Y3XG4Y3ZB
754806,4Y13B4Y35G4Y37B4Y3EB4Y3JG4Y3LB4Y3SB4Y3XG4Y3ZB
801145,4Y13B4Y37B4Y39G4Y3EB4Y3LB4Y3NG4Y3SB4Y3ZB4Y5YG
735481,4Y13B4Y37B4Y39G4Y3EB4Y3LB4Y3NG4Y3SB4Y3ZB4Y5YG
754797,4Y13B4Y35G4Y37B4Y3EB4Y3JG4Y3LB4Y3SB4Y3XG4Y3ZB
784013,4Y13B4Y35G4Y37B4Y3EB4Y3JG4Y3LB4Y3SB4Y3XG4Y3ZB
754802,4Y13B4Y35G4Y37B4Y3EB4Y3JG4Y3LB4Y3SB4Y3XG4Y3ZB
822866,4Y13B4Y35G4Y37B4Y3EB4Y3JG4Y3LB4Y3SB4Y3XG4Y3ZB
754799,4Y13B4Y35G4Y37B4Y3EB4Y3JG4Y3LB4Y3SB4Y3XG4Y3ZB
822862,4Y13B4Y35G4Y37B4Y3EB4Y3JG4Y3LB4Y3SB4Y3XG4Y3ZB
656481,4Y10B4Y15G4Y17B4Y3BB4Y3GG4Y3IB4Y3PB4Y3UG4Y3WB
754768,4Y13B4Y35G4Y37B4Y3EB4Y3JG4Y3LB4Y3SB4Y3XG4Y3ZB
754767,4Y13B4Y35G4Y37B4Y3EB4Y3JG4Y3LB4Y3SB4Y3XG4Y3ZB
754765,4Y13B4Y35G4Y37B4Y3EB4Y3JG4Y3LB4Y3SB4Y3XG4Y3ZB
803830,4Y13B4Y37B4Y39G4Y3EB4Y3LB4Y3NG4Y3SB4Y3ZB4Y5YG
1040253,4Y13B4Y15G4Y37B4Y3EB4Y3GG4Y3LB4Y3SB4Y3UG4Y3ZB
756081,4Y13B4Y37B4Y39G4Y3EB4Y3LB4Y3NG4Y3SB4Y3ZB4Y5YG
899004,4Y13B4Y37B4Y39G4Y3EB4Y3LB4Y3NG4Y3SB4Y3ZB4Y5YG
901600,4Y13B4Y37B4Y39G4Y3EB4Y3LB4Y3NG4Y3SB4Y3ZB4Y5YG
653935,4Y13B4Y37B4Y39G4Y3EB4Y3LB4Y3NG4Y3SB4Y3ZB4Y5YG
653936,4Y13B4Y37B4Y39G4Y3EB4Y3LB4Y3NG4Y3SB4Y3ZB4Y5YG
801156,4Y13B4Y37B4Y39G4Y3EB4Y3LB4Y3NG4Y3SB4Y3ZB4Y5YG
801154,4Y13B4Y37B4Y39G4Y3EB4Y3LB4Y3NG4Y3SB4Y3ZB4Y5YG
1035749,4Y13B4Y37B4Y39G4Y3EB4Y3LB4Y3NG4Y3SB4Y3ZB4Y5YG
1028476,4Y13B4Y15G4Y37B4Y3EB4Y3GG4Y3LB4Y3SB4Y3UG4Y3ZB
741879,4Y13B4Y37B4Y39G4Y3EB4Y3LB4Y3NG4Y3SB4Y3ZB4Y5YG
822874,4Y13B4Y37B4Y39G4Y3EB4Y3LB4Y3NG4Y3SB4Y3ZB4Y5YG
756158,4Y13B4Y37B4Y39G4Y3EB4Y3LB4Y3NG4Y3SB4Y3ZB4Y5YG
756156,4Y13B4Y37B4Y39G4Y3EB4Y3LB4Y3NG4Y3SB4Y3ZB4Y5YG
756155,4Y13B4Y37B4Y39G4Y3EB4Y3LB4Y3NG4Y3SB4Y3ZB4Y5YG
756153,4Y10B4Y17B4Y35G4Y3BB4Y3IB4Y3JG4Y3PB4Y3WB4Y3XG
756152,4Y13B4Y37B4Y39G4Y3EB4Y3LB4Y3NG4Y3SB4Y3ZB4Y5YG
822876,4Y13B4Y37B4Y39G4Y3EB4Y3LB4Y3NG4Y3SB4Y3ZB4Y5YG
756149,4Y10B4Y17B4Y35G4Y3BB4Y3IB4Y3JG4Y3PB4Y3WB4Y3XG
756148,4Y13B4Y37B4Y39G4Y3EB4Y3LB4Y3NG4Y3SB4Y3ZB4Y5YG
784034,4Y10B4Y17B4Y35G4Y3BB4Y3IB4Y3JG4Y3PB4Y3WB4Y3XG
756146,4Y13B4Y37B4Y39G4Y3EB4Y3LB4Y3NG4Y3SB4Y3ZB4Y5YG
784015,4Y10B4Y17B4Y35G4Y3BB4Y3IB4Y3JG4Y3PB4Y3WB4Y3XG
754834,4Y13B4Y37B4Y39G4Y3EB4Y3LB4Y3NG4Y3SB4Y3ZB4Y5YG
741874,4Y10B4Y17B4Y35G4Y3BB4Y3IB4Y3JG4Y3PB4Y3WB4Y3XG
754821,4Y13B4Y35G4Y37B4Y3EB4Y3JG4Y3LB4Y3SB4Y3XG4Y3ZB
821534,4Y10B4Y17B4Y35G4Y3BB4Y3IB4Y3JG4Y3PB4Y3WB4Y3XG
803856,4Y10B4Y17B4Y35G4Y3BB4Y3IB4Y3JG4Y3PB4Y3WB4Y3XG
821529,4Y10B4Y17B4Y35G4Y3BB4Y3IB4Y3JG4Y3PB4Y3WB4Y3XG
803838,4Y10B4Y17B4Y35G4Y3BB4Y3IB4Y3JG4Y3PB4Y3WB4Y3XG
948766,4Y13B4Y35G4Y37B4Y3EB4Y3JG4Y3LB4Y3SB4Y3XG4Y3ZB
803835,4Y10B4Y17B4Y35G4Y3BB4Y3IB4Y3JG4Y3PB4Y3WB4Y3XG
803845,4Y10B4Y17B4Y35G4Y3BB4Y3IB4Y3JG4Y3PB4Y3WB4Y3XG
803841,4Y10B4Y17B4Y35G4Y3BB4Y3IB4Y3JG4Y3PB4Y3WB4Y3XG
803846,4Y13B4Y35G4Y37B4Y3EB4Y3JG4Y3LB4Y3SB4Y3XG4Y3ZB
846679,4Y10B4Y17B4Y35G4Y3BB4Y3IB4Y3JG4Y3PB4Y3WB4Y3XG
821531,4Y13B4Y35G4Y37B4Y3EB4Y3JG4Y3LB4Y3SB4Y3XG4Y3ZB
716075,4Y13B4Y35G4Y37B4Y3EB4Y3JG4Y3LB4Y3SB4Y3XG4Y3ZB
801148,4Y13B4Y37B4Y39G4Y3EB4Y3LB4Y3NG4Y3SB4Y3ZB4Y5YG
653933,4Y13B4Y37B4Y39G4Y3EB4Y3LB4Y3NG4Y3SB4Y3ZB4Y5YG
653934,4Y13B4Y37B4Y39G4Y3EB4Y3LB4Y3NG4Y3SB4Y3ZB4Y5YG
1023410,4Y13B4Y35G4Y37B4Y3EB4Y3JG4Y3LB4Y3SB4Y3XG4Y3ZB
716073,4Y13B4Y35G4Y37B4Y3EB4Y3JG4Y3LB4Y3SB4Y3XG4Y3ZB
716072,4Y13B4Y35G4Y37B4Y3EB4Y3JG4Y3LB4Y3SB4Y3XG4Y3ZB
716070,4Y13B4Y35G4Y37B4Y3EB4Y3JG4Y3LB4Y3SB4Y3XG4Y3ZB
793460,4Y13B4Y35G4Y37B4Y3EB4Y3JG4Y3LB4Y3SB4Y3XG4Y3ZB
716084,4Y13B4Y35G4Y37B4Y3EB4Y3JG4Y3LB4Y3SB4Y3XG4Y3ZB
910548,4Y13B4Y35G4Y37B4Y3EB4Y3JG4Y3LB4Y3SB4Y3XG4Y3ZB
754439,4Y13B4Y35G4Y37B4Y3EB4Y3JG4Y3LB4Y3SB4Y3XG4Y3ZB
754437,4Y13B4Y35G4Y37B4Y3EB4Y3JG4Y3LB4Y3SB4Y3XG4Y3ZB
754436,4Y13B4Y35G4Y37B4Y3EB4Y3JG4Y3LB4Y3SB4Y3XG4Y3ZB
754435,4Y13B4Y35G4Y37B4Y3EB4Y3JG4Y3LB4Y3SB4Y3XG4Y3ZB
716078,4Y13B4Y35G4Y37B4Y3EB4Y3JG4Y3LB4Y3SB4Y3XG4Y3ZB
1012715,4Y13B4Y35G4Y37B4Y3EB4Y3JG4Y3LB4Y3SB4Y3XG4Y3ZB
906664,4Y13B4Y35G4Y37B4Y3EB4Y3JG4Y3LB4Y3SB4Y3XG4Y3ZB
801147,4Y13B4Y37B4Y39G4Y3EB4Y3LB4Y3NG4Y3SB4Y3ZB4Y5YG
661097,4Y13B4Y15G4Y37B4Y3EB4Y3GG4Y3LB4Y3SB4Y3UG4Y3ZB
1035750,4Y13B4Y35G4Y37B4Y3EB4Y3JG4Y3LB4Y3SB4Y3XG4Y3ZB
993422,4Y13B4Y35G4Y37B4Y3EB4Y3JG4Y3LB4Y3SB4Y3XG4Y3ZB
905868,4Y13B4Y35G4Y37B4Y3EB4Y3JG4Y3LB4Y3SB4Y3XG4Y3ZB
661428,4Y13B4Y37B4Y39G4Y3EB4Y3LB4Y3NG4Y3SB4Y3ZB4Y5YG
661429,4Y13B4Y35G4Y37B4Y3EB4Y3JG4Y3LB4Y3SB4Y3XG4Y3ZB
1031310,4Y13B4Y15G4Y37B4Y3EB4Y3GG4Y3LB4Y3SB4Y3UG4Y3ZB
756150,4Y13B4Y37B4Y39G4Y3EB4Y3LB4Y3NG4Y3SB4Y3ZB4Y5YG
715744,4Y13B4Y35G4Y37B4Y3EB4Y3JG4Y3LB4Y3SB4Y3XG4Y3ZB
1026679,4Y13B4Y37B4Y39G4Y3EB4Y3LB4Y3NG4Y3SB4Y3ZB4Y5YG
990087,4Y13B4Y35G4Y37B4Y3EB4Y3JG4Y3LB4Y3SB4Y3XG4Y3ZB
754442,4Y13B4Y35G4Y37B4Y3EB4Y3JG4Y3LB4Y3SB4Y3XG4Y3ZB
1138346,4Y13B4Y37B4Y39G4Y3EB4Y3LB4Y3NG4Y3SB4Y3ZB4Y5YG
899005,4Y13B4Y37B4Y39G4Y3EB4Y3LB4Y3NG4Y3SB4Y3ZB4Y5YG
661098,4Y13B4Y37B4Y39G4Y3EB4Y3LB4Y3NG4Y3SB4Y3ZB4Y5YG
665426,4Y10B4Y17B4Y35G4Y3BB4Y3IB4Y3JG4Y3PB4Y3WB4Y3XG
986236,4Y13B4Y35G4Y37B4Y3EB4Y3JG4Y3LB4Y3SB4Y3XG4Y3ZB
899023,4Y13B4Y35G4Y37B4Y3EB4Y3JG4Y3LB4Y3SB4Y3XG4Y3ZB
899024,4Y13B4Y35G4Y37B4Y3EB4Y3JG4Y3LB4Y3SB4Y3XG4Y3ZB
948768,4Y13B4Y35G4Y37B4Y3EB4Y3JG4Y3LB4Y3SB4Y3XG4Y3ZB
899010,4Y13B4Y37B4Y39G4Y3EB4Y3LB4Y3NG4Y3SB4Y3ZB4Y5YG
899011,4Y13B4Y37B4Y39G4Y3EB4Y3LB4Y3NG4Y3SB4Y3ZB4Y5YG
901602,4Y13B4Y37B4Y39G4Y3EB4Y3LB4Y3NG4Y3SB4Y3ZB4Y5YG
715743,4Y13B4Y35G4Y37B4Y3EB4Y3JG4Y3LB4Y3SB4Y3XG4Y3ZB
1026680,4Y13B4Y37B4Y39G4Y3EB4Y3LB4Y3NG4Y3SB4Y3ZB4Y5YG
990088,4Y13B4Y35G4Y37B4Y3EB4Y3JG4Y3LB4Y3SB4Y3XG4Y3ZB
754761,4Y13B4Y35G4Y37B4Y3EB4Y3JG4Y3LB4Y3SB4Y3XG4Y3ZB
1138347,4Y13B4Y37B4Y39G4Y3EB4Y3LB4Y3NG4Y3SB4Y3ZB4Y5YG
901599,4Y13B4Y37B4Y39G4Y3EB4Y3LB4Y3NG4Y3SB4Y3ZB4Y5YG
661427,4Y13B4Y37B4Y39G4Y3EB4Y3LB4Y3NG4Y3SB4Y3ZB4Y5YG
899014,4Y13B4Y37B4Y39G4Y3EB4Y3LB4Y3NG4Y3SB4Y3ZB4Y5YG
1036906,4Y10B4Y17B4Y35G4Y3BB4Y3IB4Y3JG4Y3PB4Y3WB4Y3XG
986237,4Y13B4Y35G4Y37B4Y3EB4Y3JG4Y3LB4Y3SB4Y3XG4Y3ZB
743599,4Y13B4Y37B4Y39G4Y3EB4Y3LB4Y3NG4Y3SB4Y3ZB4Y5YG
899012,4Y13B4Y37B4Y39G4Y3EB4Y3LB4Y3NG4Y3SB4Y3ZB4Y5YG
899013,4Y13B4Y37B4Y39G4Y3EB4Y3LB4Y3NG4Y3SB4Y3ZB4Y5YG
784541,4Y13B4Y37B4Y39G4Y3EB4Y3LB4Y3NG4Y3SB4Y3ZB4Y5YG
899020,4Y13B4Y35G4Y37B4Y3EB4Y3JG4Y3LB4Y3SB4Y3XG4Y3ZB
1026681,4Y13B4Y37B4Y39G4Y3EB4Y3LB4Y3NG4Y3SB4Y3ZB4Y5YG
990089,4Y13B4Y35G4Y37B4Y3EB4Y3JG4Y3LB4Y3SB4Y3XG4Y3ZB
1138348,4Y13B4Y37B4Y39G4Y3EB4Y3LB4Y3NG4Y3SB4Y3ZB4Y5YG
1015950,4Y13B4Y37B4Y39G4Y3EB4Y3LB4Y3NG4Y3SB4Y3ZB4Y5YG
660092,4Y13B4Y37B4Y39G4Y3EB4Y3LB4Y3NG4Y3SB4Y3ZB4Y5YG
665427,4Y10B4Y17B4Y35G4Y3BB4Y3IB4Y3JG4Y3PB4Y3WB4Y3XG
986238,4Y13B4Y35G4Y37B4Y3EB4Y3JG4Y3LB4Y3SB4Y3XG4Y3ZB
899021,4Y13B4Y35G4Y37B4Y3EB4Y3JG4Y3LB4Y3SB4Y3XG4Y3ZB
1026682,4Y13B4Y37B4Y39G4Y3EB4Y3LB4Y3NG4Y3SB4Y3ZB4Y5YG
990090,4Y13B4Y35G4Y37B4Y3EB4Y3JG4Y3LB4Y3SB4Y3XG4Y3ZB
1138349,4Y13B4Y37B4Y39G4Y3EB4Y3LB4Y3NG4Y3SB4Y3ZB4Y5YG
899006,4Y13B4Y37B4Y39G4Y3EB4Y3LB4Y3NG4Y3SB4Y3ZB4Y5YG
754825,4Y13B4Y37B4Y39G4Y3EB4Y3LB4Y3NG4Y3SB4Y3ZB4Y5YG
665428,4Y10B4Y17B4Y35G4Y3BB4Y3IB4Y3JG4Y3PB4Y3WB4Y3XG
986239,4Y13B4Y35G4Y37B4Y3EB4Y3JG4Y3LB4Y3SB4Y3XG4Y3ZB
899022,4Y13B4Y35G4Y37B4Y3EB4Y3JG4Y3LB4Y3SB4Y3XG4Y3ZB
1026683,4Y13B4Y37B4Y39G4Y3EB4Y3LB4Y3NG4Y3SB4Y3ZB4Y5YG
990091,4Y13B4Y35G4Y37B4Y3EB4Y3JG4Y3LB4Y3SB4Y3XG4Y3ZB
1035748,4Y13B4Y37B4Y39G4Y3EB4Y3LB4Y3NG4Y3SB4Y3ZB4Y5YG
899015,4Y13B4Y37B4Y39G4Y3EB4Y3LB4Y3NG4Y3SB4Y3ZB4Y5YG
665429,4Y10B4Y17B4Y35G4Y3BB4Y3IB4Y3JG4Y3PB4Y3WB4Y3XG
986240,4Y13B4Y35G4Y37B4Y3EB4Y3JG4Y3LB4Y3SB4Y3XG4Y3ZB
948767,4Y13B4Y35G4Y37B4Y3EB4Y3JG4Y3LB4Y3SB4Y3XG4Y3ZB
1020468,4Y13B4Y37B4Y39G4Y3EB4Y3LB4Y3NG4Y3SB4Y3ZB4Y5YG
899016,4Y13B4Y37B4Y39G4Y3EB4Y3LB4Y3NG4Y3SB4Y3ZB4Y5YG
754803,4Y13B4Y35G4Y37B4Y3EB4Y3JG4Y3LB4Y3SB4Y3XG4Y3ZB
899017,4Y13B4Y37B4Y39G4Y3EB4Y3LB4Y3NG4Y3SB4Y3ZB4Y5YG
743203,4Y13B4Y35G4Y37B4Y3EB4Y3JG4Y3LB4Y3SB4Y3XG4Y3ZB
1135828,4Y13B4Y37B4Y39G4Y3EB4Y3LB4Y3NG4Y3SB4Y3ZB4Y5YG
790590,4Y13B4Y35G4Y37B4Y3EB4Y3JG4Y3LB4Y3SB4Y3XG4Y3ZB
989986,4Y13B4Y37B4Y39G4Y3EB4Y3LB4Y3NG4Y3SB4Y3ZB4Y5YG
990632,4Y10B4Y17B4Y35G4Y3BB4Y3IB4Y3JG4Y3PB4Y3WB4Y3XG
826295,4Y13B4Y35G4Y37B4Y3EB4Y3JG4Y3LB4Y3SB4Y3XG4Y3ZB
999883,4Y13B4Y35G4Y37B4Y3EB4Y3JG4Y3LB4Y3SB4Y3XG4Y3ZB
827059,4Y13B4Y35G4Y37B4Y3EB4Y3JG4Y3LB4Y3SB4Y3XG4Y3ZB
901601,4Y13B4Y37B4Y39G4Y3EB4Y3LB4Y3NG4Y3SB4Y3ZB4Y5YG
754813,4Y10B4Y17B4Y35G4Y3BB4Y3IB4Y3JG4Y3PB4Y3WB4Y3XG
899008,4Y13B4Y37B4Y39G4Y3EB4Y3LB4Y3NG4Y3SB4Y3ZB4Y5YG
899009,4Y13B4Y37B4Y39G4Y3EB4Y3LB4Y3NG4Y3SB4Y3ZB4Y5YG
899018,4Y13B4Y35G4Y37B4Y3EB4Y3JG4Y3LB4Y3SB4Y3XG4Y3ZB
953346,4Y13B4Y35G4Y37B4Y3EB4Y3JG4Y3LB4Y3SB4Y3XG4Y3ZB
620582,4Y13B4Y35G4Y37B4Y3EB4Y3JG4Y3LB4Y3SB4Y3XG4Y3ZB
744404,4Y13B4Y35G4Y37B4Y3EB4Y3JG4Y3LB4Y3SB4Y3XG4Y3ZB
661430,4Y13B4Y35G4Y37B4Y3EB4Y3JG4Y3LB4Y3SB4Y3XG4Y3ZB
899003,4Y13B4Y15G4Y37B4Y3EB4Y3GG4Y3LB4Y3SB4Y3UG4Y3ZB
952321,4Y13B4Y37B4Y39G4Y3EB4Y3LB4Y3NG4Y3SB4Y3ZB4Y5YG
1120806,4Y13B4Y35G4Y37B4Y3EB4Y3JG4Y3LB4Y3SB4Y3XG4Y3ZB
1120790,4Y10B4Y17B4Y35G4Y3BB4Y3IB4Y3JG4Y3PB4Y3WB4Y3XG
1120797,4Y10B4Y17B4Y35G4Y3BB4Y3IB4Y3JG4Y3PB4Y3WB4Y3XG
1119958,4Y13B4Y35G4Y37B4Y3EB4Y3JG4Y3LB4Y3SB4Y3XG4Y3ZB
1120813,4Y13B4Y35G4Y37B4Y3EB4Y3JG4Y3LB4Y3SB4Y3XG4Y3ZB
1120807,4Y13B4Y35G4Y37B4Y3EB4Y3JG4Y3LB4Y3SB4Y3XG4Y3ZB
1120791,4Y10B4Y17B4Y35G4Y3BB4Y3IB4Y3JG4Y3PB4Y3WB4Y3XG
1120798,4Y10B4Y17B4Y35G4Y3BB4Y3IB4Y3JG4Y3PB4Y3WB4Y3XG
1119959,4Y13B4Y35G4Y37B4Y3EB4Y3JG4Y3LB4Y3SB4Y3XG4Y3ZB
1120814,4Y13B4Y35G4Y37B4Y3EB4Y3JG4Y3LB4Y3SB4Y3XG4Y3ZB
1120808,4Y13B4Y35G4Y37B4Y3EB4Y3JG4Y3LB4Y3SB4Y3XG4Y3ZB
1120792,4Y10B4Y17B4Y35G4Y3BB4Y3IB4Y3JG4Y3PB4Y3WB4Y3XG
1120799,4Y10B4Y17B4Y35G4Y3BB4Y3IB4Y3JG4Y3PB4Y3WB4Y3XG
1119960,4Y13B4Y35G4Y37B4Y3EB4Y3JG4Y3LB4Y3SB4Y3XG4Y3ZB
1120815,4Y13B4Y35G4Y37B4Y3EB4Y3JG4Y3LB4Y3SB4Y3XG4Y3ZB
1120809,4Y13B4Y35G4Y37B4Y3EB4Y3JG4Y3LB4Y3SB4Y3XG4Y3ZB
1120793,4Y10B4Y17B4Y35G4Y3BB4Y3IB4Y3JG4Y3PB4Y3WB4Y3XG
1120800,4Y10B4Y17B4Y35G4Y3BB4Y3IB4Y3JG4Y3PB4Y3WB4Y3XG
1119961,4Y13B4Y35G4Y37B4Y3EB4Y3JG4Y3LB4Y3SB4Y3XG4Y3ZB
1120816,4Y13B4Y35G4Y37B4Y3EB4Y3JG4Y3LB4Y3SB4Y3XG4Y3ZB
1120810,4Y13B4Y35G4Y37B4Y3EB4Y3JG4Y3LB4Y3SB4Y3XG4Y3ZB
1120794,4Y10B4Y17B4Y35G4Y3BB4Y3IB4Y3JG4Y3PB4Y3WB4Y3XG
1120801,4Y10B4Y17B4Y35G4Y3BB4Y3IB4Y3JG4Y3PB4Y3WB4Y3XG
1119962,4Y13B4Y35G4Y37B4Y3EB4Y3JG4Y3LB4Y3SB4Y3XG4Y3ZB
1120817,4Y13B4Y35G4Y37B4Y3EB4Y3JG4Y3LB4Y3SB4Y3XG4Y3ZB
1120811,4Y13B4Y35G4Y37B4Y3EB4Y3JG4Y3LB4Y3SB4Y3XG4Y3ZB
1120795,4Y10B4Y17B4Y35G4Y3BB4Y3IB4Y3JG4Y3PB4Y3WB4Y3XG
1120802,4Y10B4Y17B4Y35G4Y3BB4Y3IB4Y3JG4Y3PB4Y3WB4Y3XG
1120812,4Y13B4Y35G4Y37B4Y3EB4Y3JG4Y3LB4Y3SB4Y3XG4Y3ZB
1120796,4Y10B4Y17B4Y35G4Y3BB4Y3IB4Y3JG4Y3PB4Y3WB4Y3XG
1120803,4Y10B4Y17B4Y35G4Y3BB4Y3IB4Y3JG4Y3PB4Y3WB4Y3XG
1120804,4Y10B4Y17B4Y35G4Y3BB4Y3IB4Y3JG4Y3PB4Y3WB4Y3XG
1120805,4Y10B4Y17B4Y35G4Y3BB4Y3IB4Y3JG4Y3PB4Y3WB4Y3XG
899002,4Y13B4Y15G4Y37B4Y3EB4Y3GG4Y3LB4Y3SB4Y3UG4Y3ZB
790237,4Y13B4Y37B4Y39G4Y3EB4Y3LB4Y3NG4Y3SB4Y3ZB4Y5YG
754787,4Y10B4Y17B4Y39G4Y3BB4Y3IB4Y3NG4Y3PB4Y3WB4Y5YG
784011,4Y10B4Y17B4Y39G4Y3BB4Y3IB4Y3NG4Y3PB4Y3WB4Y5YG
754776,4Y10B4Y17B4Y39G4Y3BB4Y3IB4Y3NG4Y3PB4Y3WB4Y5YG
754775,4Y10B4Y17B4Y39G4Y3BB4Y3IB4Y3NG4Y3PB4Y3WB4Y5YG
1006546,4Y10B4Y17B4Y39G4Y3BB4Y3IB4Y3NG4Y3PB4Y3WB4Y5YG
754773,4Y10B4Y17B4Y39G4Y3BB4Y3IB4Y3NG4Y3PB4Y3WB4Y5YG
804420,4Y10B4Y17B4Y39G4Y3BB4Y3IB4Y3NG4Y3PB4Y3WB4Y5YG
754772,4Y10B4Y17B4Y39G4Y3BB4Y3IB4Y3NG4Y3PB4Y3WB4Y5YG
899026,4Y10B4Y17B4Y39G4Y3BB4Y3IB4Y3NG4Y3PB4Y3WB4Y5YG
754774,4Y10B4Y17B4Y39G4Y3BB4Y3IB4Y3NG4Y3PB4Y3WB4Y5YG
754763,4Y10B4Y17B4Y39G4Y3BB4Y3IB4Y3NG4Y3PB4Y3WB4Y5YG
754786,4Y10B4Y17B4Y39G4Y3BB4Y3IB4Y3NG4Y3PB4Y3WB4Y5YG
754784,4Y10B4Y17B4Y39G4Y3BB4Y3IB4Y3NG4Y3PB4Y3WB4Y5YG
754783,4Y10B4Y17B4Y39G4Y3BB4Y3IB4Y3NG4Y3PB4Y3WB4Y5YG
741873,4Y10B4Y17B4Y39G4Y3BB4Y3IB4Y3NG4Y3PB4Y3WB4Y5YG
754782,4Y10B4Y17B4Y39G4Y3BB4Y3IB4Y3NG4Y3PB4Y3WB4Y5YG
754780,4Y10B4Y17B4Y39G4Y3BB4Y3IB4Y3NG4Y3PB4Y3WB4Y5YG
741872,4Y10B4Y17B4Y39G4Y3BB4Y3IB4Y3NG4Y3PB4Y3WB4Y5YG
754779,4Y10B4Y17B4Y39G4Y3BB4Y3IB4Y3NG4Y3PB4Y3WB4Y5YG
660174,4Y10B4Y17B4Y39G4Y3BB4Y3IB4Y3NG4Y3PB4Y3WB4Y5YG
754801,4Y10B4Y17B4Y39G4Y3BB4Y3IB4Y3NG4Y3PB4Y3WB4Y5YG
660175,4Y10B4Y17B4Y39G4Y3BB4Y3IB4Y3NG4Y3PB4Y3WB4Y5YG
754804,4Y10B4Y17B4Y39G4Y3BB4Y3IB4Y3NG4Y3PB4Y3WB4Y5YG
660176,4Y10B4Y17B4Y39G4Y3BB4Y3IB4Y3NG4Y3PB4Y3WB4Y5YG
754807,4Y10B4Y17B4Y39G4Y3BB4Y3IB4Y3NG4Y3PB4Y3WB4Y5YG
660177,4Y10B4Y17B4Y39G4Y3BB4Y3IB4Y3NG4Y3PB4Y3WB4Y5YG
754789,4Y10B4Y17B4Y39G4Y3BB4Y3IB4Y3NG4Y3PB4Y3WB4Y5YG
754777,4Y10B4Y17B4Y39G4Y3BB4Y3IB4Y3NG4Y3PB4Y3WB4Y5YG
822865,4Y10B4Y17B4Y39G4Y3BB4Y3IB4Y3NG4Y3PB4Y3WB4Y5YG
754792,4Y10B4Y17B4Y39G4Y3BB4Y3IB4Y3NG4Y3PB4Y3WB4Y5YG
754796,4Y10B4Y17B4Y39G4Y3BB4Y3IB4Y3NG4Y3PB4Y3WB4Y5YG
715745,4Y10B4Y17B4Y39G4Y3BB4Y3IB4Y3NG4Y3PB4Y3WB4Y5YG
660180,4Y10B4Y17B4Y39G4Y3BB4Y3IB4Y3NG4Y3PB4Y3WB4Y5YG
716066,4Y10B4Y17B4Y39G4Y3BB4Y3IB4Y3NG4Y3PB4Y3WB4Y5YG
660169,4Y10B4Y17B4Y39G4Y3BB4Y3IB4Y3NG4Y3PB4Y3WB4Y5YG
660181,4Y10B4Y17B4Y39G4Y3BB4Y3IB4Y3NG4Y3PB4Y3WB4Y5YG
716062,4Y10B4Y17B4Y39G4Y3BB4Y3IB4Y3NG4Y3PB4Y3WB4Y5YG
660182,4Y10B4Y17B4Y39G4Y3BB4Y3IB4Y3NG4Y3PB4Y3WB4Y5YG
754785,4Y10B4Y17B4Y39G4Y3BB4Y3IB4Y3NG4Y3PB4Y3WB4Y5YG
754781,4Y10B4Y17B4Y39G4Y3BB4Y3IB4Y3NG4Y3PB4Y3WB4Y5YG
754443,4Y10B4Y17B4Y39G4Y3BB4Y3IB4Y3NG4Y3PB4Y3WB4Y5YG
754771,4Y10B4Y17B4Y39G4Y3BB4Y3IB4Y3NG4Y3PB4Y3WB4Y5YG
660172,4Y10B4Y17B4Y39G4Y3BB4Y3IB4Y3NG4Y3PB4Y3WB4Y5YG
754766,4Y10B4Y17B4Y39G4Y3BB4Y3IB4Y3NG4Y3PB4Y3WB4Y5YG
1113975,4Y13B4Y15G4Y37B4Y39G4Y3EB4Y3GG4Y3LB4Y3NG4Y3SB
1113977,4Y13B4Y15G4Y37B4Y39G4Y3EB4Y3GG4Y3LB4Y3NG4Y3SB
1113959,4Y13B4Y15G4Y37B4Y39G4Y3EB4Y3GG4Y3LB4Y3NG4Y3SB
1113960,4Y13B4Y15G4Y37B4Y39G4Y3EB4Y3GG4Y3LB4Y3NG4Y3SB
1113961,4Y13B4Y15G4Y37B4Y39G4Y3EB4Y3GG4Y3LB4Y3NG4Y3SB
1113962,4Y13B4Y15G4Y37B4Y39G4Y3EB4Y3GG4Y3LB4Y3NG4Y3SB
1113964,4Y13B4Y15G4Y37B4Y39G4Y3EB4Y3GG4Y3LB4Y3NG4Y3SB
1113978,4Y13B4Y15G4Y37B4Y39G4Y3EB4Y3GG4Y3LB4Y3NG4Y3SB
1113953,4Y13B4Y15G4Y37B4Y39G4Y3EB4Y3GG4Y3LB4Y3NG4Y3SB
1113979,4Y13B4Y15G4Y37B4Y39G4Y3EB4Y3GG4Y3LB4Y3NG4Y3SB
1113980,4Y13B4Y15G4Y37B4Y39G4Y3EB4Y3GG4Y3LB4Y3NG4Y3SB
1113981,4Y13B4Y15G4Y37B4Y39G4Y3EB4Y3GG4Y3LB4Y3NG4Y3SB
1113983,4Y13B4Y15G4Y37B4Y39G4Y3EB4Y3GG4Y3LB4Y3NG4Y3SB
1113982,4Y13B4Y15G4Y37B4Y39G4Y3EB4Y3GG4Y3LB4Y3NG4Y3SB
1113963,4Y13B4Y15G4Y37B4Y39G4Y3EB4Y3GG4Y3LB4Y3NG4Y3SB
1113965,4Y13B4Y15G4Y37B4Y39G4Y3EB4Y3GG4Y3LB4Y3NG4Y3SB
1113966,4Y13B4Y15G4Y37B4Y39G4Y3EB4Y3GG4Y3LB4Y3NG4Y3SB
1113967,4Y13B4Y15G4Y37B4Y39G4Y3EB4Y3GG4Y3LB4Y3NG4Y3SB
1113968,4Y13B4Y15G4Y37B4Y39G4Y3EB4Y3GG4Y3LB4Y3NG4Y3SB
1113952,4Y13B4Y15G4Y37B4Y39G4Y3EB4Y3GG4Y3LB4Y3NG4Y3SB
1113969,4Y13B4Y15G4Y37B4Y39G4Y3EB4Y3GG4Y3LB4Y3NG4Y3SB
1113985,4Y13B4Y15G4Y37B4Y39G4Y3EB4Y3GG4Y3LB4Y3NG4Y3SB
1113984,4Y13B4Y15G4Y37B4Y39G4Y3EB4Y3GG4Y3LB4Y3NG4Y3SB
1113986,4Y13B4Y15G4Y37B4Y39G4Y3EB4Y3GG4Y3LB4Y3NG4Y3SB
1113987,4Y13B4Y15G4Y37B4Y39G4Y3EB4Y3GG4Y3LB4Y3NG4Y3SB
1113988,4Y13B4Y15G4Y37B4Y39G4Y3EB4Y3GG4Y3LB4Y3NG4Y3SB
1113970,4Y13B4Y15G4Y37B4Y39G4Y3EB4Y3GG4Y3LB4Y3NG4Y3SB
1113971,4Y13B4Y15G4Y37B4Y39G4Y3EB4Y3GG4Y3LB4Y3NG4Y3SB
1113989,4Y13B4Y15G4Y37B4Y39G4Y3EB4Y3GG4Y3LB4Y3NG4Y3SB
1113990,4Y13B4Y15G4Y37B4Y39G4Y3EB4Y3GG4Y3LB4Y3NG4Y3SB
1113954,4Y13B4Y15G4Y37B4Y39G4Y3EB4Y3GG4Y3LB4Y3NG4Y3SB
1124557,4Y13B4Y15G4Y37B4Y39G4Y3EB4Y3GG4Y3LB4Y3NG4Y3SB
1124558,4Y13B4Y15G4Y37B4Y39G4Y3EB4Y3GG4Y3LB4Y3NG4Y3SB
1124559,4Y13B4Y15G4Y37B4Y39G4Y3EB4Y3GG4Y3LB4Y3NG4Y3SB
1124560,4Y13B4Y15G4Y37B4Y39G4Y3EB4Y3GG4Y3LB4Y3NG4Y3SB
1124561,4Y13B4Y15G4Y37B4Y39G4Y3EB4Y3GG4Y3LB4Y3NG4Y3SB
1124562,4Y13B4Y15G4Y37B4Y39G4Y3EB4Y3GG4Y3LB4Y3NG4Y3SB
1113955,4Y13B4Y15G4Y37B4Y39G4Y3EB4Y3GG4Y3LB4Y3NG4Y3SB
1113957,4Y13B4Y15G4Y37B4Y39G4Y3EB4Y3GG4Y3LB4Y3NG4Y3SB
1113958,4Y13B4Y15G4Y37B4Y39G4Y3EB4Y3GG4Y3LB4Y3NG4Y3SB
1113973,4Y13B4Y15G4Y37B4Y39G4Y3EB4Y3GG4Y3LB4Y3NG4Y3SB
1113972,4Y13B4Y15G4Y37B4Y39G4Y3EB4Y3GG4Y3LB4Y3NG4Y3SB
1113974,4Y13B4Y15G4Y37B4Y39G4Y3EB4Y3GG4Y3LB4Y3NG4Y3SB
863703,4Y11G4Y17R4Y35B4Y3CG4Y3IR4Y3JB4Y3QG4Y3WR4Y3XB
642188,4Y11G4Y17R4Y35B4Y3CG4Y3IR4Y3JB4Y3QG4Y3WR4Y3XB
642190,4Y11G4Y17R4Y35B4Y3CG4Y3IR4Y3JB4Y3QG4Y3WR4Y3XB
642207,4Y11G4Y17R4Y35B4Y3CG4Y3IR4Y3JB4Y3QG4Y3WR4Y3XB
642206,4Y11G4Y17R4Y35B4Y3CG4Y3IR4Y3JB4Y3QG4Y3WR4Y3XB
863710,4Y11G4Y17R4Y35B4Y3CG4Y3IR4Y3JB4Y3QG4Y3WR4Y3XB
642204,4Y11G4Y17R4Y35B4Y3CG4Y3IR4Y3JB4Y3QG4Y3WR4Y3XB
642203,4Y11G4Y17R4Y35B4Y3CG4Y3IR4Y3JB4Y3QG4Y3WR4Y3XB
642196,4Y11G4Y17R4Y35B4Y3CG4Y3IR4Y3JB4Y3QG4Y3WR4Y3XB
863711,4Y11G4Y17R4Y35B4Y3CG4Y3IR4Y3JB4Y3QG4Y3WR4Y3XB
642191,4Y11G4Y17R4Y35B4Y3CG4Y3IR4Y3JB4Y3QG4Y3WR4Y3XB
642202,4Y11G4Y17R4Y35B4Y3CG4Y3IR4Y3JB4Y3QG4Y3WR4Y3XB
642200,4Y11G4Y17R4Y35B4Y3CG4Y3IR4Y3JB4Y3QG4Y3WR4Y3XB
863708,4Y11G4Y17R4Y35B4Y3CG4Y3IR4Y3JB4Y3QG4Y3WR4Y3XB
642198,4Y11G4Y17R4Y35B4Y3CG4Y3IR4Y3JB4Y3QG4Y3WR4Y3XB
642197,4Y11G4Y17R4Y35B4Y3CG4Y3IR4Y3JB4Y3QG4Y3WR4Y3XB
642176,4Y11G4Y17R4Y35B4Y3CG4Y3IR4Y3JB4Y3QG4Y3WR4Y3XB
645820,4Y11G4Y17R4Y35B4Y3CG4Y3IR4Y3JB4Y3QG4Y3WR4Y3XB
745141,4Y11G4Y17R4Y35B4Y3CG4Y3IR4Y3JB4Y3QG4Y3WR4Y3XB
645831,4Y11G4Y17R4Y35B4Y3CG4Y3IR4Y3JB4Y3QG4Y3WR4Y3XB
645830,4Y11G4Y17R4Y35B4Y3CG4Y3IR4Y3JB4Y3QG4Y3WR4Y3XB
824247,4Y11G4Y17R4Y35B4Y3CG4Y3IR4Y3JB4Y3QG4Y3WR4Y3XB
645828,4Y11G4Y17R4Y35B4Y3CG4Y3IR4Y3JB4Y3QG4Y3WR4Y3XB
863705,4Y11G4Y35B4Y3CG4Y3JB4Y3QG4Y3XB4Y61G4Y68B4Y6FG
645827,4Y11G4Y17R4Y35B4Y3CG4Y3IR4Y3JB4Y3QG4Y3WR4Y3XB
824244,4Y11G4Y17R4Y35B4Y3CG4Y3IR4Y3JB4Y3QG4Y3WR4Y3XB
824248,4Y11G4Y17R4Y35B4Y3CG4Y3IR4Y3JB4Y3QG4Y3WR4Y3XB
645824,4Y11G4Y17R4Y35B4Y3CG4Y3IR4Y3JB4Y3QG4Y3WR4Y3XB
642181,4Y11G4Y17R4Y35B4Y3CG4Y3IR4Y3JB4Y3QG4Y3WR4Y3XB
642195,4Y11G4Y17R4Y35B4Y3CG4Y3IR4Y3JB4Y3QG4Y3WR4Y3XB
642187,4Y11G4Y17R4Y35B4Y3CG4Y3IR4Y3JB4Y3QG4Y3WR4Y3XB
642186,4Y11G4Y17R4Y35B4Y3CG4Y3IR4Y3JB4Y3QG4Y3WR4Y3XB
642185,4Y11G4Y17R4Y35B4Y3CG4Y3IR4Y3JB4Y3QG4Y3WR4Y3XB
642183,4Y11G4Y17R4Y35B4Y3CG4Y3IR4Y3JB4Y3QG4Y3WR4Y3XB
885414,4Y12B4Y36G4Y3DB4Y3KG4Y3RB4Y3YG4Y62B4Y69G4Y6GB
882314,4Y12B4Y36G4Y3DB4Y3KG4Y3RB4Y3YG4Y62B4Y69G4Y6GB
882321,4Y12B4Y36G4Y3DB4Y3KG4Y3RB4Y3YG4Y62B4Y69G4Y6GB
882319,4Y12B4Y36G4Y3DB4Y3KG4Y3RB4Y3YG4Y62B4Y69G4Y6GB
662901,4Y12B4Y36G4Y3DB4Y3KG4Y3RB4Y3YG4Y62B4Y69G4Y6GB
882316,4Y12B4Y36G4Y3DB4Y3KG4Y3RB4Y3YG4Y62B4Y69G4Y6GB
885394,4Y12B4Y36G4Y3DB4Y3KG4Y3RB4Y3YG4Y62B4Y69G4Y6GB
830457,4Y12B4Y36G4Y3DB4Y3KG4Y3RB4Y3YG4Y62B4Y69G4Y6GB
885410,4Y12B4Y36G4Y3DB4Y3KG4Y3RB4Y3YG4Y62B4Y69G4Y6GB
885408,4Y12B4Y36G4Y3DB4Y3KG4Y3RB4Y3YG4Y62B4Y69G4Y6GB
662918,4Y12B4Y36G4Y3DB4Y3KG4Y3RB4Y3YG4Y62B4Y69G4Y6GB
885411,4Y12B4Y36G4Y3DB4Y3KG4Y3RB4Y3YG4Y62B4Y69G4Y6GB
885399,4Y12B4Y36G4Y3DB4Y3KG4Y3RB4Y3YG4Y62B4Y69G4Y6GB
885418,4Y12B4Y36G4Y3DB4Y3KG4Y3RB4Y3YG4Y62B4Y69G4Y6GB
885761,4Y12B4Y36G4Y3DB4Y3KG4Y3RB4Y3YG4Y62B4Y69G4Y6GB
885412,4Y12B4Y36G4Y3DB4Y3KG4Y3RB4Y3YG4Y62B4Y69G4Y6GB
925077,4Y13G4Y37B4Y3EG4Y3LB4Y3SG4Y3ZB4Y63G4Y6AB4Y6HG
875417,4Y13G4Y37B4Y39R4Y3EG4Y3LB4Y3NR4Y3SG4Y3ZB4Y5YR
875419,4Y13G4Y37B4Y39R4Y3EG4Y3LB4Y3NR4Y3SG4Y3ZB4Y5YR
875420,4Y13G4Y37B4Y39R4Y3EG4Y3LB4Y3NR4Y3SG4Y3ZB4Y5YR
925073,4Y13G4Y37B4Y3EG4Y3LB4Y3SG4Y3ZB4Y63G4Y6AB4Y6HG
925076,4Y13G4Y37B4Y39R4Y3EG4Y3LB4Y3NR4Y3SG4Y3ZB4Y5YR
925728,4Y13G4Y37B4Y39R4Y3EG4Y3LB4Y3NR4Y3SG4Y3ZB4Y5YR
873244,4Y13G4Y37B4Y39R4Y3EG4Y3LB4Y3NR4Y3SG4Y3ZB4Y5YR
873243,4Y13G4Y37B4Y39R4Y3EG4Y3LB4Y3NR4Y3SG4Y3ZB4Y5YR
745083,4Y13G4Y37B4Y39R4Y3EG4Y3LB4Y3NR4Y3SG4Y3ZB4Y5YR
873242,4Y13G4Y37B4Y39R4Y3EG4Y3LB4Y3NR4Y3SG4Y3ZB4Y5YR
873241,4Y13G4Y37B4Y39R4Y3EG4Y3LB4Y3NR4Y3SG4Y3ZB4Y5YR
873239,4Y13G4Y37B4Y39R4Y3EG4Y3LB4Y3NR4Y3SG4Y3ZB4Y5YR
873238,4Y13G4Y37B4Y39R4Y3EG4Y3LB4Y3NR4Y3SG4Y3ZB4Y5YR
743870,4Y13G4Y37B4Y39R4Y3EG4Y3LB4Y3NR4Y3SG4Y3ZB4Y5YR
873245,4Y13G4Y37B4Y3EG4Y3LB4Y3SG4Y3ZB4Y63G4Y6AB4Y6HG
873234,4Y13G4Y37B4Y39R4Y3EG4Y3LB4Y3NR4Y3SG4Y3ZB4Y5YR
1011360,4Y13G4Y37B4Y39R4Y3EG4Y3LB4Y3NR4Y3SG4Y3ZB4Y5YR
873233,4Y13G4Y37B4Y39R4Y3EG4Y3LB4Y3NR4Y3SG4Y3ZB4Y5YR
873232,4Y13G4Y37B4Y39R4Y3EG4Y3LB4Y3NR4Y3SG4Y3ZB4Y5YR
873065,4Y13G4Y37B4Y39R4Y3EG4Y3LB4Y3NR4Y3SG4Y3ZB4Y5YR
873253,4Y13G4Y37B4Y39R4Y3EG4Y3LB4Y3NR4Y3SG4Y3ZB4Y5YR
873236,4Y37B4Y39R4Y3LB4Y3NR4Y3ZB4Y5YR4Y6AB4Y6CR4Y6OB
873260,4Y13G4Y37B4Y3EG4Y3LB4Y3SG4Y3ZB4Y63G4Y6AB4Y6HG
873259,4Y13G4Y37B4Y39R4Y3EG4Y3LB4Y3NR4Y3SG4Y3ZB4Y5YR
873258,4Y13G4Y37B4Y39R4Y3EG4Y3LB4Y3NR4Y3SG4Y3ZB4Y5YR
1011361,4Y13G4Y37B4Y39R4Y3EG4Y3LB4Y3NR4Y3SG4Y3ZB4Y5YR
873257,4Y13G4Y37B4Y39R4Y3EG4Y3LB4Y3NR4Y3SG4Y3ZB4Y5YR
873256,4Y13G4Y37B4Y39R4Y3EG4Y3LB4Y3NR4Y3SG4Y3ZB4Y5YR
873254,4Y13G4Y37B4Y39R4Y3EG4Y3LB4Y3NR4Y3SG4Y3ZB4Y5YR
873261,4Y13G4Y37B4Y39R4Y3EG4Y3LB4Y3NR4Y3SG4Y3ZB4Y5YR
874400,4Y13G4Y37B4Y39R4Y3EG4Y3LB4Y3NR4Y3SG4Y3ZB4Y5YR
743871,4Y13G4Y37B4Y39R4Y3EG4Y3LB4Y3NR4Y3SG4Y3ZB4Y5YR
873251,4Y13G4Y37B4Y39R4Y3EG4Y3LB4Y3NR4Y3SG4Y3ZB4Y5YR
873249,4Y13G4Y37B4Y39R4Y3EG4Y3LB4Y3NR4Y3SG4Y3ZB4Y5YR
873248,4Y13G4Y37B4Y39R4Y3EG4Y3LB4Y3NR4Y3SG4Y3ZB4Y5YR
781274,4Y13G4Y37B4Y39R4Y3EG4Y3LB4Y3NR4Y3SG4Y3ZB4Y5YR
872876,4Y13G4Y37B4Y39R4Y3EG4Y3LB4Y3NR4Y3SG4Y3ZB4Y5YR
873230,4Y13G4Y37B4Y39R4Y3EG4Y3LB4Y3NR4Y3SG4Y3ZB4Y5YR
786323,4Y13G4Y37B4Y3EG4Y3LB4Y3SG4Y3ZB4Y63G4Y6AB4Y6HG
877292,4Y13G4Y37B4Y39R4Y3EG4Y3LB4Y3NR4Y3SG4Y3ZB4Y5YR
745073,4Y13G4Y37B4Y39R4Y3EG4Y3LB4Y3NR4Y3SG4Y3ZB4Y5YR
877290,4Y13G4Y37B4Y39R4Y3EG4Y3LB4Y3NR4Y3SG4Y3ZB4Y5YR
877289,4Y13G4Y37B4Y3EG4Y3LB4Y3SG4Y3ZB4Y63G4Y6AB4Y6HG
877287,4Y13G4Y37B4Y39R4Y3EG4Y3LB4Y3NR4Y3SG4Y3ZB4Y5YR
877294,4Y13G4Y37B4Y39R4Y3EG4Y3LB4Y3NR4Y3SG4Y3ZB4Y5YR
877284,4Y13G4Y37B4Y39R4Y3EG4Y3LB4Y3NR4Y3SG4Y3ZB4Y5YR
745037,4Y13G4Y37B4Y3EG4Y3LB4Y3SG4Y3ZB4Y63G4Y6AB4Y6HG
1005106,4Y13G4Y37B4Y39R4Y3EG4Y3LB4Y3NR4Y3SG4Y3ZB4Y5YR
877282,4Y13G4Y37B4Y3EG4Y3LB4Y3SG4Y3ZB4Y63G4Y6AB4Y6HG
786322,4Y13G4Y37B4Y3EG4Y3LB4Y3SG4Y3ZB4Y63G4Y6AB4Y6HG
925088,4Y13G4Y37B4Y39R4Y3EG4Y3LB4Y3NR4Y3SG4Y3ZB4Y5YR
877286,4Y13G4Y37B4Y39R4Y3EG4Y3LB4Y3NR4Y3SG4Y3ZB4Y5YR
877288,4Y13G4Y37B4Y3EG4Y3LB4Y3SG4Y3ZB4Y63G4Y6AB4Y6HG
743868,4Y13G4Y37B4Y39R4Y3EG4Y3LB4Y3NR4Y3SG4Y3ZB4Y5YR
875410,4Y13G4Y37B4Y3EG4Y3LB4Y3SG4Y3ZB4Y63G4Y6AB4Y6HG
996273,4Y13G4Y37B4Y39R4Y3EG4Y3LB4Y3NR4Y3SG4Y3ZB4Y5YR
875413,4Y13G4Y37B4Y3EG4Y3LB4Y3SG4Y3ZB4Y63G4Y6AB4Y6HG
987759,4Y12G4Y12G4Y36B4Y36B4Y3DG4Y3DG4Y3KB4Y3KB4Y3RG
987762,4Y12G4Y12G4Y36B4Y36B4Y3DG4Y3DG4Y3KB4Y3KB4Y3RG
987763,4Y12G4Y12G4Y36B4Y36B4Y3DG4Y3DG4Y3KB4Y3KB4Y3RG
908267,4Y12G4Y12G4Y36B4Y36B4Y3DG4Y3DG4Y3KB4Y3KB4Y3RG
1049818,4Y12G4Y12G4Y36B4Y36B4Y3DG4Y3DG4Y3KB4Y3KB4Y3RG
1049819,4Y12G4Y12G4Y36B4Y36B4Y3DG4Y3DG4Y3KB4Y3KB4Y3RG
955983,4Y12G4Y12G4Y36B4Y36B4Y3DG4Y3DG4Y3KB4Y3KB4Y3RG
622937,4Y12G4Y12G4Y36B4Y36B4Y3DG4Y3DG4Y3KB4Y3KB4Y3RG
721505,4Y12G4Y12G4Y36B4Y36B4Y3DG4Y3DG4Y3KB4Y3KB4Y3RG
899027,4Y12G4Y12G4Y36B4Y36B4Y3DG4Y3DG4Y3KB4Y3KB4Y3RG
1146762,4Y36B4Y3KB4Y3YB4Y69B4Y6NB4Y8ZB
1146763,4Y36B4Y3KB4Y3YB4Y69B4Y6NB4Y8ZB
783373,4Y12G4Y36B4Y3DG4Y3KB4Y3RG4Y3YB4Y62G4Y69B4Y6GG
678300,4Y12G4Y12G4Y36B4Y36B4Y3DG4Y3DG4Y3KB4Y3KB4Y3RG
1012790,4Y12G4Y36B4Y3DG4Y3KB4Y3RG4Y3YB4Y62G4Y69B4Y6GG
899029,4Y12G4Y36B4Y3DG4Y3KB4Y3RG4Y3YB4Y62G4Y69B4Y6GG
1039474,4Y12G4Y36B4Y36B4Y3DG4Y3KB4Y3KB4Y3RG4Y3YB4Y3YB
1041997,4Y12G4Y12G4Y36B4Y3DG4Y3DG4Y3KB4Y3RG4Y3RG4Y3YB
1046220,4Y12G4Y12G4Y36B4Y3DG4Y3DG4Y3KB4Y3RG4Y3RG4Y3YB
738797,4Y12G4Y12G4Y36B4Y3DG4Y3DG4Y3KB4Y3RG4Y3RG4Y3YB
949654,4Y12G4Y12G4Y36B4Y3DG4Y3DG4Y3KB4Y3RG4Y3RG4Y3YB
748607,4Y12G4Y12G4Y36B4Y3DG4Y3DG4Y3KB4Y3RG4Y3RG4Y3YB
992312,4Y12G4Y12G4Y36B4Y3DG4Y3DG4Y3KB4Y3RG4Y3RG4Y3YB
748612,4Y12G4Y12G4Y36B4Y3DG4Y3DG4Y3KB4Y3RG4Y3RG4Y3YB
738799,4Y12G4Y12G4Y36B4Y3DG4Y3DG4Y3KB4Y3RG4Y3RG4Y3YB
749416,4Y12G4Y12G4Y36B4Y3DG4Y3DG4Y3KB4Y3RG4Y3RG4Y3YB
1046561,4Y12G4Y12G4Y36B4Y36B4Y3DG4Y3DG4Y3KB4Y3KB4Y3RG
789558,4Y12G4Y36B4Y3DG4Y3KB4Y3RG4Y3YB4Y62G4Y69B4Y6GG
992051,4Y12G4Y12G4Y36B4Y36B4Y3DG4Y3DG4Y3KB4Y3KB4Y3RG
1015951,4Y12G4Y36B4Y3DG4Y3KB4Y3RG4Y3YB4Y62G4Y69B4Y6GG
899028,4Y12G4Y12G4Y36B4Y36B4Y3DG4Y3DG4Y3KB4Y3KB4Y3RG
1028023,4Y12G4Y12G4Y36B4Y36B4Y3DG4Y3DG4Y3KB4Y3KB4Y3RG
1037854,4Y12G4Y36B4Y3DG4Y3KB4Y3RG4Y3YB4Y62G4Y69B4Y6GG
864718,4Y12G4Y36B4Y37R4Y3DG4Y3KB4Y3LR4Y3RG4Y3YB4Y3ZR
654354,4Y12G4Y36B4Y3DG4Y3KB4Y3RG4Y3YB4Y62G4Y69B4Y6GG
662902,4Y12B4Y36G4Y3DB4Y3KG4Y3RB4Y3YG4Y62B4Y69G4Y6GB
843324,4Y12B4Y36G4Y3DB4Y3KG4Y3RB4Y3YG4Y62B4Y69G4Y6GB
821934,4Y12B4Y36G4Y3DB4Y3KG4Y3RB4Y3YG4Y62B4Y69G4Y6GB
843314,4Y12B4Y36G4Y3DB4Y3KG4Y3RB4Y3YG4Y62B4Y69G4Y6GB
683692,4Y12G4Y35R4Y36B4Y3DG4Y3JR4Y3KB4Y3RG4Y3XR4Y3YB
908680,4Y12G4Y35R4Y36B4Y3DG4Y3JR4Y3KB4Y3RG4Y3XR4Y3YB
683328,4Y12G4Y35R4Y36B4Y3DG4Y3JR4Y3KB4Y3RG4Y3XR4Y3YB
704074,4Y12G4Y35R4Y36B4Y3DG4Y3JR4Y3KB4Y3RG4Y3XR4Y3YB
997580,4Y12G4Y35R4Y36B4Y3DG4Y3JR4Y3KB4Y3RG4Y3XR4Y3YB
683326,4Y12G4Y35R4Y36B4Y3DG4Y3JR4Y3KB4Y3RG4Y3XR4Y3YB
683314,4Y12G4Y35R4Y36B4Y3DG4Y3JR4Y3KB4Y3RG4Y3XR4Y3YB
683329,4Y12G4Y35R4Y36B4Y3DG4Y3JR4Y3KB4Y3RG4Y3XR4Y3YB
1037607,4Y12G4Y35R4Y36B4Y3DG4Y3JR4Y3KB4Y3RG4Y3XR4Y3YB
683696,4Y12G4Y35R4Y36B4Y3DG4Y3JR4Y3KB4Y3RG4Y3XR4Y3YB
683319,4Y12G4Y35R4Y36B4Y3DG4Y3JR4Y3KB4Y3RG4Y3XR4Y3YB
683317,4Y12G4Y35R4Y36B4Y3DG4Y3JR4Y3KB4Y3RG4Y3XR4Y3YB
683315,4Y12G4Y35R4Y36B4Y3DG4Y3JR4Y3KB4Y3RG4Y3XR4Y3YB
862638,4Y12G4Y35R4Y36B4Y3DG4Y3JR4Y3KB4Y3RG4Y3XR4Y3YB
683694,4Y12G4Y35R4Y36B4Y3DG4Y3JR4Y3KB4Y3RG4Y3XR4Y3YB
683693,4Y12G4Y35R4Y36B4Y3DG4Y3JR4Y3KB4Y3RG4Y3XR4Y3YB
683691,4Y12G4Y35R4Y36B4Y3DG4Y3JR4Y3KB4Y3RG4Y3XR4Y3YB
683690,4Y12G4Y35R4Y36B4Y3DG4Y3JR4Y3KB4Y3RG4Y3XR4Y3YB
683689,4Y12G4Y35R4Y36B4Y3DG4Y3JR4Y3KB4Y3RG4Y3XR4Y3YB
862636,4Y12G4Y35R4Y36B4Y3DG4Y3JR4Y3KB4Y3RG4Y3XR4Y3YB
683688,4Y12G4Y35R4Y36B4Y3DG4Y3JR4Y3KB4Y3RG4Y3XR4Y3YB
1014232,4Y11R4Y12G4Y35R4Y36B4Y3CR4Y3DG4Y3JR4Y3KB4Y3QR
683323,4Y11R4Y12G4Y35R4Y36B4Y3CR4Y3DG4Y3JR4Y3KB4Y3QR
682427,4Y11R4Y12G4Y35R4Y36B4Y3CR4Y3DG4Y3JR4Y3KB4Y3QR
861371,4Y11R4Y12G4Y35R4Y36B4Y3CR4Y3DG4Y3JR4Y3KB4Y3QR
682425,4Y11R4Y12G4Y35R4Y36B4Y3CR4Y3DG4Y3JR4Y3KB4Y3QR
682424,4Y11R4Y12G4Y35R4Y36B4Y3CR4Y3DG4Y3JR4Y3KB4Y3QR
682416,4Y11R4Y12G4Y35R4Y36B4Y3CR4Y3DG4Y3JR4Y3KB4Y3QR
682428,4Y11R4Y12G4Y35R4Y36B4Y3CR4Y3DG4Y3JR4Y3KB4Y3QR
682421,4Y11R4Y12G4Y35R4Y36B4Y3CR4Y3DG4Y3JR4Y3KB4Y3QR
704066,4Y11R4Y12G4Y35R4Y36B4Y3CR4Y3DG4Y3JR4Y3KB4Y3QR
683325,4Y11R4Y12G4Y35R4Y36B4Y3CR4Y3DG4Y3JR4Y3KB4Y3QR
682419,4Y12G4Y35R4Y36B4Y3DG4Y3JR4Y3KB4Y3RG4Y3XR4Y3YB
682417,4Y11R4Y12G4Y35R4Y36B4Y3CR4Y3DG4Y3JR4Y3KB4Y3QR
682422,4Y11R4Y12G4Y35R4Y36B4Y3CR4Y3DG4Y3JR4Y3KB4Y3QR
1037603,4Y11R4Y12G4Y35R4Y36B4Y3CR4Y3DG4Y3JR4Y3KB4Y3QR
861375,4Y11R4Y12G4Y35R4Y36B4Y3CR4Y3DG4Y3JR4Y3KB4Y3QR
682439,4Y11R4Y12G4Y35R4Y36B4Y3CR4Y3DG4Y3JR4Y3KB4Y3QR
861374,4Y11R4Y12G4Y35R4Y36B4Y3CR4Y3DG4Y3JR4Y3KB4Y3QR
682436,4Y11R4Y12G4Y35R4Y36B4Y3CR4Y3DG4Y3JR4Y3KB4Y3QR
999490,4Y11R4Y12G4Y35R4Y36B4Y3CR4Y3DG4Y3JR4Y3KB4Y3QR
682434,4Y11R4Y12G4Y35R4Y36B4Y3CR4Y3DG4Y3JR4Y3KB4Y3QR
862630,4Y11R4Y12G4Y35R4Y36B4Y3CR4Y3DG4Y3JR4Y3KB4Y3QR
682433,4Y11R4Y12G4Y35R4Y36B4Y3CR4Y3DG4Y3JR4Y3KB4Y3QR
861373,4Y11R4Y12G4Y35R4Y36B4Y3CR4Y3DG4Y3JR4Y3KB4Y3QR
682429,4Y11R4Y12G4Y35R4Y36B4Y3CR4Y3DG4Y3JR4Y3KB4Y3QR
704067,4Y11R4Y12G4Y35R4Y36B4Y3CR4Y3DG4Y3JR4Y3KB4Y3QR
704065,4Y11R4Y12G4Y35R4Y36B4Y3CR4Y3DG4Y3JR4Y3KB4Y3QR
1014219,4Y11R4Y12G4Y35R4Y36B4Y3CR4Y3DG4Y3JR4Y3KB4Y3QR
682400,4Y11R4Y12G4Y35R4Y36B4Y3CR4Y3DG4Y3JR4Y3KB4Y3QR
999487,4Y11R4Y12G4Y35R4Y36B4Y3CR4Y3DG4Y3JR4Y3KB4Y3QR
683707,4Y11R4Y12G4Y35R4Y36B4Y3CR4Y3DG4Y3JR4Y3KB4Y3QR
683705,4Y11R4Y12G4Y35R4Y36B4Y3CR4Y3DG4Y3JR4Y3KB4Y3QR
683675,4Y11R4Y12G4Y35R4Y36B4Y3CR4Y3DG4Y3JR4Y3KB4Y3QR
862640,4Y11R4Y12G4Y35R4Y36B4Y3CR4Y3DG4Y3JR4Y3KB4Y3QR
683703,4Y11R4Y12G4Y35R4Y36B4Y3CR4Y3DG4Y3JR4Y3KB4Y3QR
862639,4Y11R4Y12G4Y35R4Y36B4Y3CR4Y3DG4Y3JR4Y3KB4Y3QR
683700,4Y11R4Y12G4Y35R4Y36B4Y3CR4Y3DG4Y3JR4Y3KB4Y3QR
1037602,4Y11R4Y12G4Y35R4Y36B4Y3CR4Y3DG4Y3JR4Y3KB4Y3QR
682414,4Y11R4Y12G4Y35R4Y36B4Y3CR4Y3DG4Y3JR4Y3KB4Y3QR
682412,4Y11R4Y12G4Y35R4Y36B4Y3CR4Y3DG4Y3JR4Y3KB4Y3QR
861368,4Y11R4Y12G4Y35R4Y36B4Y3CR4Y3DG4Y3JR4Y3KB4Y3QR
682410,4Y11R4Y12G4Y35R4Y36B4Y3CR4Y3DG4Y3JR4Y3KB4Y3QR
862629,4Y11R4Y12G4Y35R4Y36B4Y3CR4Y3DG4Y3JR4Y3KB4Y3QR
999488,4Y11R4Y12G4Y35R4Y36B4Y3CR4Y3DG4Y3JR4Y3KB4Y3QR
682402,4Y11R4Y12G4Y35R4Y36B4Y3CR4Y3DG4Y3JR4Y3KB4Y3QR
861369,4Y11R4Y12G4Y35R4Y36B4Y3CR4Y3DG4Y3JR4Y3KB4Y3QR
683673,4Y11R4Y12G4Y35R4Y36B4Y3CR4Y3DG4Y3JR4Y3KB4Y3QR
683672,4Y11R4Y12G4Y35R4Y36B4Y3CR4Y3DG4Y3JR4Y3KB4Y3QR
683670,4Y11R4Y12G4Y35R4Y36B4Y3CR4Y3DG4Y3JR4Y3KB4Y3QR
683668,4Y11R4Y12G4Y35R4Y36B4Y3CR4Y3DG4Y3JR4Y3KB4Y3QR
683666,4Y11R4Y12G4Y35R4Y36B4Y3CR4Y3DG4Y3JR4Y3KB4Y3QR
805145,4Y10G4Y17B4Y3BG4Y3IB4Y3PG4Y3WB4Y60G4Y67B4Y6EG
865045,4Y10G4Y17B4Y3BG4Y3IB4Y3PG4Y3WB4Y60G4Y67B4Y6EG
805144,4Y10G4Y17B4Y3BG4Y3IB4Y3PG4Y3WB4Y60G4Y67B4Y6EG
1003646,4Y10G4Y17B4Y3BG4Y3IB4Y3PG4Y3WB4Y60G4Y67B4Y6EG
805142,4Y11R4Y12G4Y36B4Y3CR4Y3DG4Y3KB4Y3QR4Y3RG4Y3YB
806462,4Y10G4Y17B4Y3BG4Y3IB4Y3PG4Y3WB4Y60G4Y67B4Y6EG
1042083,4Y11R4Y12G4Y36B4Y3CR4Y3DG4Y3KB4Y3QR4Y3RG4Y3YB
763990,4Y10G4Y17B4Y3BG4Y3IB4Y3PG4Y3WB4Y60G4Y67B4Y6EG
859129,4Y11R4Y12G4Y36B4Y3CR4Y3DG4Y3KB4Y3QR4Y3RG4Y3YB
763988,4Y10G4Y17B4Y3BG4Y3IB4Y3PG4Y3WB4Y60G4Y67B4Y6EG
763987,4Y11R4Y12G4Y36B4Y3CR4Y3DG4Y3KB4Y3QR4Y3RG4Y3YB
763970,4Y10G4Y17B4Y3BG4Y3IB4Y3PG4Y3WB4Y60G4Y67B4Y6EG
788313,4Y11R4Y12G4Y36B4Y3CR4Y3DG4Y3KB4Y3QR4Y3RG4Y3YB
831259,4Y10G4Y17B4Y37R4Y3BG4Y3IB4Y3LR4Y3PG4Y3WB4Y3ZR
763963,4Y11R4Y12G4Y36B4Y3CR4Y3DG4Y3KB4Y3QR4Y3RG4Y3YB
763967,4Y10G4Y17B4Y37R4Y3BG4Y3IB4Y3LR4Y3PG4Y3WB4Y3ZR
763960,4Y11R4Y12G4Y36B4Y3CR4Y3DG4Y3KB4Y3QR4Y3RG4Y3YB
763979,4Y10G4Y17B4Y3BG4Y3IB4Y3PG4Y3WB4Y60G4Y67B4Y6EG
763958,4Y10G4Y17B4Y37R4Y3BG4Y3IB4Y3LR4Y3PG4Y3WB4Y3ZR
859122,4Y11R4Y12G4Y36B4Y3CR4Y3DG4Y3KB4Y3QR4Y3RG4Y3YB
907503,4Y10G4Y17B4Y37R4Y3BG4Y3IB4Y3LR4Y3PG4Y3WB4Y3ZR
859124,4Y11R4Y12G4Y36B4Y3CR4Y3DG4Y3KB4Y3QR4Y3RG4Y3YB
763974,4Y10G4Y17B4Y37R4Y3BG4Y3IB4Y3LR4Y3PG4Y3WB4Y3ZR
859123,4Y11R4Y12G4Y36B4Y3CR4Y3DG4Y3KB4Y3QR4Y3RG4Y3YB
763971,4Y10G4Y17B4Y37R4Y3BG4Y3IB4Y3LR4Y3PG4Y3WB4Y3ZR
700449,4Y11R4Y12G4Y36B4Y3CR4Y3DG4Y3KB4Y3QR4Y3RG4Y3YB
763968,4Y11R4Y12G4Y36B4Y3CR4Y3DG4Y3KB4Y3QR4Y3RG4Y3YB
811154,4Y11R4Y12G4Y36B4Y3CR4Y3DG4Y3KB4Y3QR4Y3RG4Y3YB
863226,4Y11R4Y12G4Y36B4Y3CR4Y3DG4Y3KB4Y3QR4Y3RG4Y3YB
765204,4Y11R4Y12G4Y36B4Y3CR4Y3DG4Y3KB4Y3QR4Y3RG4Y3YB
765203,4Y11R4Y12G4Y36B4Y3CR4Y3DG4Y3KB4Y3QR4Y3RG4Y3YB
788312,4Y11R4Y12G4Y36B4Y3CR4Y3DG4Y3KB4Y3QR4Y3RG4Y3YB
700450,4Y10G4Y17B4Y3BG4Y3IB4Y3PG4Y3WB4Y60G4Y67B4Y6EG
765201,4Y11R4Y12G4Y36B4Y3CR4Y3DG4Y3KB4Y3QR4Y3RG4Y3YB
809855,4Y11R4Y12G4Y36B4Y3CR4Y3DG4Y3KB4Y3QR4Y3RG4Y3YB
809852,4Y11R4Y12G4Y36B4Y3CR4Y3DG4Y3KB4Y3QR4Y3RG4Y3YB
864638,4Y11R4Y12G4Y36B4Y3CR4Y3DG4Y3KB4Y3QR4Y3RG4Y3YB
700495,4Y11R4Y12G4Y36B4Y3CR4Y3DG4Y3KB4Y3QR4Y3RG4Y3YB
809847,4Y11R4Y12G4Y36B4Y3CR4Y3DG4Y3KB4Y3QR4Y3RG4Y3YB
809863,4Y11R4Y12G4Y36B4Y3CR4Y3DG4Y3KB4Y3QR4Y3RG4Y3YB
864642,4Y11R4Y12G4Y36B4Y3CR4Y3DG4Y3KB4Y3QR4Y3RG4Y3YB
809861,4Y11R4Y12G4Y36B4Y3CR4Y3DG4Y3KB4Y3QR4Y3RG4Y3YB
700496,4Y11R4Y12G4Y36B4Y3CR4Y3DG4Y3KB4Y3QR4Y3RG4Y3YB
763977,4Y10G4Y17B4Y3BG4Y3IB4Y3PG4Y3WB4Y60G4Y67B4Y6EG
809858,4Y11R4Y12G4Y36B4Y3CR4Y3DG4Y3KB4Y3QR4Y3RG4Y3YB
809857,4Y11R4Y12G4Y36B4Y3CR4Y3DG4Y3KB4Y3QR4Y3RG4Y3YB
804660,4Y11R4Y12G4Y36B4Y3CR4Y3DG4Y3KB4Y3QR4Y3RG4Y3YB
864693,4Y11R4Y12G4Y36B4Y3CR4Y3DG4Y3KB4Y3QR4Y3RG4Y3YB
804674,4Y11R4Y12G4Y36B4Y3CR4Y3DG4Y3KB4Y3QR4Y3RG4Y3YB
701692,4Y11R4Y12G4Y36B4Y3CR4Y3DG4Y3KB4Y3QR4Y3RG4Y3YB
701691,4Y11R4Y12G4Y36B4Y3CR4Y3DG4Y3KB4Y3QR4Y3RG4Y3YB
804677,4Y11R4Y12G4Y36B4Y3CR4Y3DG4Y3KB4Y3QR4Y3RG4Y3YB
859126,4Y10G4Y17B4Y3BG4Y3IB4Y3PG4Y3WB4Y60G4Y67B4Y6EG
805146,4Y10G4Y17B4Y37R4Y3BG4Y3IB4Y3LR4Y3PG4Y3WB4Y3ZR
859125,4Y10G4Y17B4Y37R4Y3BG4Y3IB4Y3LR4Y3PG4Y3WB4Y3ZR
859130,4Y10G4Y17B4Y37R4Y3BG4Y3IB4Y3LR4Y3PG4Y3WB4Y3ZR
831260,4Y10G4Y17B4Y3BG4Y3IB4Y3PG4Y3WB4Y60G4Y67B4Y6EG
1047478,4Y15G4Y39B4Y3GG4Y3NB4Y3UG4Y5YB4Y65G4Y6CB4Y6JG
946432,4Y15G4Y39B4Y39B4Y3GG4Y3NB4Y3NB4Y3UG4Y5YB4Y5YB
961934,4Y15G4Y39B4Y39B4Y3GG4Y3NB4Y3NB4Y3UG4Y5YB4Y5YB
623287,4Y11R4Y15G4Y39B4Y3CR4Y3GG4Y3NB4Y3QR4Y3UG4Y5YB
678732,4Y11R4Y15G4Y39B4Y3CR4Y3GG4Y3NB4Y3QR4Y3UG4Y5YB
962269,4Y15G4Y39B4Y39B4Y3GG4Y3NB4Y3NB4Y3UG4Y5YB4Y5YB
1049762,4Y15G4Y39B4Y39B4Y3GG4Y3NB4Y3NB4Y3UG4Y5YB4Y5YB
1049763,4Y15G4Y39B4Y39B4Y3GG4Y3NB4Y3NB4Y3UG4Y5YB4Y5YB
1041606,4Y15G4Y39B4Y39B4Y3GG4Y3NB4Y3NB4Y3UG4Y5YB4Y5YB
913213,4Y15G4Y39B4Y39B4Y3GG4Y3NB4Y3NB4Y3UG4Y5YB4Y5YB
1037841,4Y15G4Y39B4Y3GG4Y3NB4Y3UG4Y5YB4Y65G4Y6CB4Y6JG
913220,4Y15G4Y39B4Y39B4Y3GG4Y3NB4Y3NB4Y3UG4Y5YB4Y5YB
715953,4Y15G4Y39B4Y3GG4Y3NB4Y3UG4Y5YB4Y65G4Y6CB4Y6JG
961366,4Y15G4Y39B4Y39B4Y3GG4Y3NB4Y3NB4Y3UG4Y5YB4Y5YB
713873,4Y15G4Y39B4Y3GG4Y3NB4Y3UG4Y5YB4Y65G4Y6CB4Y6JG
961367,4Y15G4Y39B4Y39B4Y3GG4Y3NB4Y3NB4Y3UG4Y5YB4Y5YB
779760,4Y15G4Y39B4Y3GG4Y3NB4Y3UG4Y5YB4Y65G4Y6CB4Y6JG
677032,4Y15G4Y39B4Y3GG4Y3NB4Y3UG4Y5YB4Y65G4Y6CB4Y6JG
677514,4Y15G4Y39B4Y3GG4Y3NB4Y3UG4Y5YB4Y65G4Y6CB4Y6JG
677063,4Y15G4Y39B4Y3GG4Y3NB4Y3UG4Y5YB4Y65G4Y6CB4Y6JG
827743,4Y15G4Y39B4Y3GG4Y3NB4Y3UG4Y5YB4Y65G4Y6CB4Y6JG
713876,4Y15G4Y39B4Y3GG4Y3NB4Y3UG4Y5YB4Y65G4Y6CB4Y6JG
733923,4Y15G4Y39B4Y39B4Y3GG4Y3NB4Y3NB4Y3UG4Y5YB4Y5YB
778807,4Y15G4Y39B4Y3GG4Y3NB4Y3UG4Y5YB4Y65G4Y6CB4Y6JG
778803,4Y15G4Y39B4Y3GG4Y3NB4Y3UG4Y5YB4Y65G4Y6CB4Y6JG
677007,4Y11R4Y15G4Y39B4Y3CR4Y3GG4Y3NB4Y3QR4Y3UG4Y5YB
676662,4Y11R4Y15G4Y39B4Y3CR4Y3GG4Y3NB4Y3QR4Y3UG4Y5YB
1046501,4Y11R4Y15G4Y39B4Y3CR4Y3GG4Y3NB4Y3QR4Y3UG4Y5YB
638791,4Y11R4Y15G4Y39B4Y3CR4Y3GG4Y3NB4Y3QR4Y3UG4Y5YB
633266,4Y11R4Y15G4Y39B4Y3CR4Y3GG4Y3NB4Y3QR4Y3UG4Y5YB
777143,4Y11R4Y15G4Y39B4Y3CR4Y3GG4Y3NB4Y3QR4Y3UG4Y5YB
713877,4Y15G4Y39B4Y3GG4Y3NB4Y3UG4Y5YB4Y65G4Y6CB4Y6JG
961375,4Y15G4Y39B4Y39B4Y3GG4Y3NB4Y3NB4Y3UG4Y5YB4Y5YB
633299,4Y11R4Y15G4Y39B4Y3CR4Y3GG4Y3NB4Y3QR4Y3UG4Y5YB
633269,4Y11R4Y15G4Y39B4Y3CR4Y3GG4Y3NB4Y3QR4Y3UG4Y5YB
996321,4Y11R4Y15G4Y39B4Y3CR4Y3GG4Y3NB4Y3QR4Y3UG4Y5YB
638430,4Y11R4Y15G4Y39B4Y3CR4Y3GG4Y3NB4Y3QR4Y3UG4Y5YB
633799,4Y15G4Y39B4Y3GG4Y3NB4Y3UG4Y5YB4Y65G4Y6CB4Y6JG
713880,4Y15G4Y39B4Y3GG4Y3NB4Y3UG4Y5YB4Y65G4Y6CB4Y6JG
787040,4Y15G4Y39B4Y39B4Y3GG4Y3NB4Y3NB4Y3UG4Y5YB4Y5YB
990102,4Y11R4Y15G4Y39B4Y3CR4Y3GG4Y3NB4Y3QR4Y3UG4Y5YB
678523,4Y11R4Y15G4Y39B4Y3CR4Y3GG4Y3NB4Y3QR4Y3UG4Y5YB
678501,4Y15G4Y39B4Y3GG4Y3NB4Y3UG4Y5YB4Y65G4Y6CB4Y6JG
678508,4Y15G4Y39B4Y3GG4Y3NB4Y3UG4Y5YB4Y65G4Y6CB4Y6JG
678849,4Y15G4Y39B4Y3GG4Y3NB4Y3UG4Y5YB4Y65G4Y6CB4Y6JG
637492,4Y11R4Y15G4Y39B4Y3CR4Y3GG4Y3NB4Y3QR4Y3UG4Y5YB
990410,4Y15G4Y39B4Y3GG4Y3NB4Y3UG4Y5YB4Y65G4Y6CB4Y6JG
678498,4Y15G4Y39B4Y3GG4Y3NB4Y3UG4Y5YB4Y65G4Y6CB4Y6JG
638415,4Y15G4Y39B4Y3GG4Y3NB4Y3UG4Y5YB4Y65G4Y6CB4Y6JG
994793,4Y15G4Y39B4Y3GG4Y3NB4Y3UG4Y5YB4Y65G4Y6CB4Y6JG
950771,4Y15G4Y39B4Y39B4Y3GG4Y3NB4Y3NB4Y3UG4Y5YB4Y5YB
635496,4Y11R4Y15G4Y39B4Y3CR4Y3GG4Y3NB4Y3QR4Y3UG4Y5YB
990101,4Y15G4Y39B4Y3GG4Y3NB4Y3UG4Y5YB4Y65G4Y6CB4Y6JG
829660,4Y11R4Y15G4Y39B4Y3CR4Y3GG4Y3NB4Y3QR4Y3UG4Y5YB
637063,4Y15G4Y39B4Y3GG4Y3NB4Y3UG4Y5YB4Y65G4Y6CB4Y6JG
637069,4Y11R4Y15G4Y39B4Y3CR4Y3GG4Y3NB4Y3QR4Y3UG4Y5YB
632419,4Y11R4Y15G4Y39B4Y3CR4Y3GG4Y3NB4Y3QR4Y3UG4Y5YB
1011754,4Y11R4Y15G4Y39B4Y3CR4Y3GG4Y3NB4Y3QR4Y3UG4Y5YB
677082,4Y11R4Y15G4Y39B4Y3CR4Y3GG4Y3NB4Y3QR4Y3UG4Y5YB
775888,4Y15G4Y39B4Y3GG4Y3NB4Y3UG4Y5YB4Y65G4Y6CB4Y6JG
777606,4Y15G4Y39B4Y3GG4Y3NB4Y3UG4Y5YB4Y65G4Y6CB4Y6JG
961913,4Y15G4Y39B4Y39B4Y3GG4Y3NB4Y3NB4Y3UG4Y5YB4Y5YB
1012067,4Y15G4Y39B4Y3GG4Y3NB4Y3UG4Y5YB4Y65G4Y6CB4Y6JG
961918,4Y15G4Y39B4Y39B4Y3GG4Y3NB4Y3NB4Y3UG4Y5YB4Y5YB
633364,4Y11R4Y15G4Y39B4Y3CR4Y3GG4Y3NB4Y3QR4Y3UG4Y5YB
1011603,4Y11R4Y15G4Y39B4Y3CR4Y3GG4Y3NB4Y3QR4Y3UG4Y5YB
990107,4Y11R4Y15G4Y39B4Y3CR4Y3GG4Y3NB4Y3QR4Y3UG4Y5YB
633357,4Y11R4Y15G4Y39B4Y3CR4Y3GG4Y3NB4Y3QR4Y3UG4Y5YB
780267,4Y11R4Y15G4Y39B4Y3CR4Y3GG4Y3NB4Y3QR4Y3UG4Y5YB
637109,4Y11R4Y15G4Y39B4Y3CR4Y3GG4Y3NB4Y3QR4Y3UG4Y5YB
677280,4Y11R4Y15G4Y39B4Y3CR4Y3GG4Y3NB4Y3QR4Y3UG4Y5YB
632919,4Y11R4Y15G4Y39B4Y3CR4Y3GG4Y3NB4Y3QR4Y3UG4Y5YB
990404,4Y11R4Y15G4Y39B4Y3CR4Y3GG4Y3NB4Y3QR4Y3UG4Y5YB
963838,4Y11R4Y15G4Y39B4Y3CR4Y3GG4Y3NB4Y3QR4Y3UG4Y5YB
637107,4Y11R4Y15G4Y39B4Y3CR4Y3GG4Y3NB4Y3QR4Y3UG4Y5YB
780264,4Y11R4Y15G4Y39B4Y3CR4Y3GG4Y3NB4Y3QR4Y3UG4Y5YB
807014,4Y11R4Y15G4Y39B4Y3CR4Y3GG4Y3NB4Y3QR4Y3UG4Y5YB
963857,4Y11R4Y15G4Y39B4Y3CR4Y3GG4Y3NB4Y3QR4Y3UG4Y5YB
1037848,4Y15G4Y39B4Y3GG4Y3NB4Y3UG4Y5YB4Y65G4Y6CB4Y6JG
1037849,4Y15G4Y39B4Y3GG4Y3NB4Y3UG4Y5YB4Y65G4Y6CB4Y6JG
838665,4Y15G4Y39B4Y3GG4Y3NB4Y3UG4Y5YB4Y65G4Y6CB4Y6JG
1037852,4Y15G4Y39B4Y3GG4Y3NB4Y3UG4Y5YB4Y65G4Y6CB4Y6JG
1031770,4Y15G4Y39B4Y3GG4Y3NB4Y3UG4Y5YB4Y65G4Y6CB4Y6JG
992649,4Y15G4Y39B4Y3GG4Y3NB4Y3UG4Y5YB4Y65G4Y6CB4Y6JG
1037853,4Y15G4Y39B4Y3GG4Y3NB4Y3UG4Y5YB4Y65G4Y6CB4Y6JG
838683,4Y15G4Y39B4Y3GG4Y3NB4Y3UG4Y5YB4Y65G4Y6CB4Y6JG
880897,4Y15G4Y39B4Y3GG4Y3NB4Y3UG4Y5YB4Y65G4Y6CB4Y6JG
880900,4Y15G4Y39B4Y3GG4Y3NB4Y3UG4Y5YB4Y65G4Y6CB4Y6JG
880902,4Y15G4Y39B4Y3GG4Y3NB4Y3UG4Y5YB4Y65G4Y6CB4Y6JG
880905,4Y15G4Y39B4Y3GG4Y3NB4Y3UG4Y5YB4Y65G4Y6CB4Y6JG
880901,4Y15G4Y39B4Y3GG4Y3NB4Y3UG4Y5YB4Y65G4Y6CB4Y6JG
992648,4Y15G4Y39B4Y3GG4Y3NB4Y3UG4Y5YB4Y65G4Y6CB4Y6JG
1012905,4Y15G4Y39B4Y3GG4Y3NB4Y3UG4Y5YB4Y65G4Y6CB4Y6JG
1023789,4Y15G4Y39B4Y3GG4Y3NB4Y3UG4Y5YB4Y65G4Y6CB4Y6JG
1001639,4Y15G4Y39B4Y3GG4Y3NB4Y3UG4Y5YB4Y65G4Y6CB4Y6JG
1012345,4Y15G4Y39B4Y3GG4Y3NB4Y3UG4Y5YB4Y65G4Y6CB4Y6JG
1039415,4Y15G4Y39B4Y3GG4Y3NB4Y3UG4Y5YB4Y65G4Y6CB4Y6JG
963847,4Y11R4Y15G4Y39B4Y3CR4Y3GG4Y3NB4Y3QR4Y3UG4Y5YB
677040,4Y11R4Y15G4Y39B4Y3CR4Y3GG4Y3NB4Y3QR4Y3UG4Y5YB
676670,4Y11R4Y15G4Y39B4Y3CR4Y3GG4Y3NB4Y3QR4Y3UG4Y5YB
677235,4Y11R4Y15G4Y39B4Y3CR4Y3GG4Y3NB4Y3QR4Y3UG4Y5YB
1011721,4Y11R4Y15G4Y39B4Y3CR4Y3GG4Y3NB4Y3QR4Y3UG4Y5YB
893871,4Y15G4Y39B4Y3GG4Y3NB4Y3UG4Y5YB4Y65G4Y6CB4Y6JG
677073,4Y11R4Y15G4Y39B4Y3CR4Y3GG4Y3NB4Y3QR4Y3UG4Y5YB
638800,4Y11R4Y15G4Y39B4Y3CR4Y3GG4Y3NB4Y3QR4Y3UG4Y5YB
716065,4Y10B4Y17B4Y3BB4Y3IB4Y3PB4Y3WB4Y60B4Y67B4Y6EB
1044663,4Y12G4Y36B4Y3DG4Y3KB4Y3RG4Y3YB4Y62G4Y69B4Y6GG
1044672,4Y12G4Y36B4Y3DG4Y3KB4Y3RG4Y3YB4Y62G4Y69B4Y6GG
672017,4Y12G4Y36B4Y38R4Y3DG4Y3KB4Y3MR4Y3RG4Y3YB4Y5XR
1044673,4Y12G4Y36B4Y3DG4Y3KB4Y3RG4Y3YB4Y62G4Y69B4Y6GG
1014984,4Y12G4Y36B4Y38R4Y3DG4Y3KB4Y3MR4Y3RG4Y3YB4Y5XR
1044674,4Y12G4Y36B4Y3DG4Y3KB4Y3RG4Y3YB4Y62G4Y69B4Y6GG
672001,4Y12G4Y36B4Y38R4Y3DG4Y3KB4Y3MR4Y3RG4Y3YB4Y5XR
671997,4Y12G4Y36B4Y38R4Y3DG4Y3KB4Y3MR4Y3RG4Y3YB4Y5XR
1044675,4Y12G4Y36B4Y3DG4Y3KB4Y3RG4Y3YB4Y62G4Y69B4Y6GG
672000,4Y12G4Y36B4Y3DG4Y3KB4Y3RG4Y3YB4Y62G4Y69B4Y6GG
780461,4Y12G4Y36B4Y38R4Y3DG4Y3KB4Y3MR4Y3RG4Y3YB4Y5XR
672349,4Y12G4Y36B4Y3DG4Y3KB4Y3RG4Y3YB4Y62G4Y69B4Y6GG
672345,4Y12G4Y36B4Y38R4Y3DG4Y3KB4Y3MR4Y3RG4Y3YB4Y5XR
704792,4Y12G4Y36B4Y38R4Y3DG4Y3KB4Y3MR4Y3RG4Y3YB4Y5XR
672020,4Y12G4Y36B4Y38R4Y3DG4Y3KB4Y3MR4Y3RG4Y3YB4Y5XR
741374,4Y12G4Y36B4Y36R4Y3DG4Y3KB4Y3KR4Y3RG4Y3YB4Y3YR
1044664,4Y12G4Y36B4Y3DG4Y3KB4Y3RG4Y3YB4Y62G4Y69B4Y6GG
672018,4Y12G4Y36B4Y38R4Y3DG4Y3KB4Y3MR4Y3RG4Y3YB4Y5XR
671983,4Y12G4Y36B4Y38R4Y3DG4Y3KB4Y3MR4Y3RG4Y3YB4Y5XR
670658,4Y12G4Y36B4Y38R4Y3DG4Y3KB4Y3MR4Y3RG4Y3YB4Y5XR
670660,4Y12G4Y36B4Y38R4Y3DG4Y3KB4Y3MR4Y3RG4Y3YB4Y5XR
672015,4Y12G4Y36B4Y38R4Y3DG4Y3KB4Y3MR4Y3RG4Y3YB4Y5XR
1044665,4Y12G4Y36B4Y3DG4Y3KB4Y3RG4Y3YB4Y62G4Y69B4Y6GG
707576,4Y12G4Y36B4Y38R4Y3DG4Y3KB4Y3MR4Y3RG4Y3YB4Y5XR
707570,4Y12G4Y36B4Y38R4Y3DG4Y3KB4Y3MR4Y3RG4Y3YB4Y5XR
707573,4Y12G4Y36B4Y38R4Y3DG4Y3KB4Y3MR4Y3RG4Y3YB4Y5XR
707913,4Y12G4Y36B4Y38R4Y3DG4Y3KB4Y3MR4Y3RG4Y3YB4Y5XR
670666,4Y12G4Y36B4Y38R4Y3DG4Y3KB4Y3MR4Y3RG4Y3YB4Y5XR
671978,4Y12G4Y36B4Y38R4Y3DG4Y3KB4Y3MR4Y3RG4Y3YB4Y5XR
828440,4Y12G4Y36B4Y38R4Y3DG4Y3KB4Y3MR4Y3RG4Y3YB4Y5XR
1044666,4Y12G4Y36B4Y3DG4Y3KB4Y3RG4Y3YB4Y62G4Y69B4Y6GG
671988,4Y12G4Y36B4Y38R4Y3DG4Y3KB4Y3MR4Y3RG4Y3YB4Y5XR
704786,4Y12G4Y36B4Y38R4Y3DG4Y3KB4Y3MR4Y3RG4Y3YB4Y5XR
671986,4Y12G4Y36B4Y38R4Y3DG4Y3KB4Y3MR4Y3RG4Y3YB4Y5XR
779195,4Y12G4Y36B4Y38R4Y3DG4Y3KB4Y3MR4Y3RG4Y3YB4Y5XR
671969,4Y12G4Y36B4Y38R4Y3DG4Y3KB4Y3MR4Y3RG4Y3YB4Y5XR
1044667,4Y12G4Y36B4Y3DG4Y3KB4Y3RG4Y3YB4Y62G4Y69B4Y6GG
670665,4Y12G4Y36B4Y38R4Y3DG4Y3KB4Y3MR4Y3RG4Y3YB4Y5XR
671975,4Y12G4Y36B4Y38R4Y3DG4Y3KB4Y3MR4Y3RG4Y3YB4Y5XR
672350,4Y12G4Y36B4Y38R4Y3DG4Y3KB4Y3MR4Y3RG4Y3YB4Y5XR
670857,4Y12G4Y36B4Y38R4Y3DG4Y3KB4Y3MR4Y3RG4Y3YB4Y5XR
670861,4Y12G4Y36B4Y38R4Y3DG4Y3KB4Y3MR4Y3RG4Y3YB4Y5XR
711239,4Y12G4Y36B4Y38R4Y3DG4Y3KB4Y3MR4Y3RG4Y3YB4Y5XR
1044668,4Y12G4Y36B4Y3DG4Y3KB4Y3RG4Y3YB4Y62G4Y69B4Y6GG
738257,4Y12G4Y36B4Y38R4Y3DG4Y3KB4Y3MR4Y3RG4Y3YB4Y5XR
670852,4Y12G4Y36B4Y38R4Y3DG4Y3KB4Y3MR4Y3RG4Y3YB4Y5XR
704811,4Y12G4Y36B4Y38R4Y3DG4Y3KB4Y3MR4Y3RG4Y3YB4Y5XR
670883,4Y12G4Y36B4Y38R4Y3DG4Y3KB4Y3MR4Y3RG4Y3YB4Y5XR
738261,4Y12G4Y36B4Y38R4Y3DG4Y3KB4Y3MR4Y3RG4Y3YB4Y5XR
1044669,4Y12G4Y36B4Y3DG4Y3KB4Y3RG4Y3YB4Y62G4Y69B4Y6GG
670889,4Y12G4Y36B4Y38R4Y3DG4Y3KB4Y3MR4Y3RG4Y3YB4Y5XR
842180,4Y12G4Y36B4Y36R4Y3DG4Y3KB4Y3KR4Y3RG4Y3YB4Y3YR
672005,4Y12G4Y36B4Y38R4Y3DG4Y3KB4Y3MR4Y3RG4Y3YB4Y5XR
1044670,4Y12G4Y36B4Y3DG4Y3KB4Y3RG4Y3YB4Y62G4Y69B4Y6GG
780457,4Y12G4Y36B4Y38R4Y3DG4Y3KB4Y3MR4Y3RG4Y3YB4Y5XR
1044671,4Y12G4Y36B4Y3DG4Y3KB4Y3RG4Y3YB4Y62G4Y69B4Y6GG
672012,4Y12G4Y36B4Y38R4Y3DG4Y3KB4Y3MR4Y3RG4Y3YB4Y5XR
946469,4Y12G4Y36B4Y36R4Y3DG4Y3KB4Y3KR4Y3RG4Y3YB4Y3YR
941401,4Y12G4Y36B4Y36R4Y3DG4Y3KB4Y3KR4Y3RG4Y3YB4Y3YR
704790,4Y12G4Y36B4Y38R4Y3DG4Y3KB4Y3MR4Y3RG4Y3YB4Y5XR
1017576,4Y12B4Y35R4Y36G4Y3DB4Y3JR4Y3KG4Y3RB4Y3XR4Y3YG
870343,4Y12B4Y35R4Y36G4Y3DB4Y3JR4Y3KG4Y3RB4Y3XR4Y3YG
870686,4Y12B4Y35R4Y36G4Y3DB4Y3JR4Y3KG4Y3RB4Y3XR4Y3YG
870346,4Y12B4Y35R4Y36G4Y3DB4Y3JR4Y3KG4Y3RB4Y3XR4Y3YG
870683,4Y12B4Y35R4Y36G4Y3DB4Y3JR4Y3KG4Y3RB4Y3XR4Y3YG
870709,4Y12B4Y35R4Y36G4Y3DB4Y3JR4Y3KG4Y3RB4Y3XR4Y3YG
891193,4Y12G4Y12R4Y36B4Y3DG4Y3DR4Y3KB4Y3RG4Y3RR4Y3YB
825185,4Y12G4Y12R4Y36B4Y3DG4Y3DR4Y3KB4Y3RG4Y3RR4Y3YB
846373,4Y12G4Y36B4Y3DG4Y3KB4Y3RG4Y3YB4Y62G4Y69B4Y6GG
891161,4Y12G4Y36B4Y3DG4Y3KB4Y3RG4Y3YB4Y62G4Y69B4Y6GG
891548,4Y12G4Y12R4Y36B4Y3DG4Y3DR4Y3KB4Y3RG4Y3RR4Y3YB
848064,4Y12G4Y12R4Y36B4Y3DG4Y3DR4Y3KB4Y3RG4Y3RR4Y3YB
846784,4Y12G4Y12R4Y36B4Y3DG4Y3DR4Y3KB4Y3RG4Y3RR4Y3YB
891612,4Y12G4Y12R4Y36B4Y3DG4Y3DR4Y3KB4Y3RG4Y3RR4Y3YB
848066,4Y12G4Y12R4Y36B4Y3DG4Y3DR4Y3KB4Y3RG4Y3RR4Y3YB
892942,4Y12G4Y12R4Y36B4Y3DG4Y3DR4Y3KB4Y3RG4Y3RR4Y3YB
1040505,4Y12G4Y12R4Y36B4Y3DG4Y3DR4Y3KB4Y3RG4Y3RR4Y3YB
891550,4Y12G4Y12R4Y36B4Y3DG4Y3DR4Y3KB4Y3RG4Y3RR4Y3YB
846779,4Y12G4Y12R4Y36B4Y3DG4Y3DR4Y3KB4Y3RG4Y3RR4Y3YB
891572,4Y12G4Y12R4Y36B4Y3DG4Y3DR4Y3KB4Y3RG4Y3RR4Y3YB
846780,4Y12G4Y12R4Y36B4Y3DG4Y3DR4Y3KB4Y3RG4Y3RR4Y3YB
998372,4Y12G4Y12R4Y36B4Y3DG4Y3DR4Y3KB4Y3RG4Y3RR4Y3YB
892889,4Y12G4Y12R4Y36B4Y3DG4Y3DR4Y3KB4Y3RG4Y3RR4Y3YB
846788,4Y12G4Y12R4Y36B4Y3DG4Y3DR4Y3KB4Y3RG4Y3RR4Y3YB
889835,4Y12G4Y12R4Y36B4Y3DG4Y3DR4Y3KB4Y3RG4Y3RR4Y3YB
891160,4Y12G4Y12R4Y36B4Y3DG4Y3DR4Y3KB4Y3RG4Y3RR4Y3YB
892893,4Y12G4Y12R4Y36B4Y3DG4Y3DR4Y3KB4Y3RG4Y3RR4Y3YB
891181,4Y12G4Y12R4Y36B4Y3DG4Y3DR4Y3KB4Y3RG4Y3RR4Y3YB
891208,4Y12G4Y12R4Y36B4Y3DG4Y3DR4Y3KB4Y3RG4Y3RR4Y3YB
891185,4Y12G4Y12R4Y36B4Y3DG4Y3DR4Y3KB4Y3RG4Y3RR4Y3YB
886400,4Y12G4Y12R4Y36B4Y3DG4Y3DR4Y3KB4Y3RG4Y3RR4Y3YB
892912,4Y12G4Y12R4Y36B4Y3DG4Y3DR4Y3KB4Y3RG4Y3RR4Y3YB
1040509,4Y12G4Y12R4Y36B4Y3DG4Y3DR4Y3KB4Y3RG4Y3RR4Y3YB
892908,4Y12G4Y12R4Y36B4Y3DG4Y3DR4Y3KB4Y3RG4Y3RR4Y3YB
901751,4Y12G4Y12R4Y36B4Y3DG4Y3DR4Y3KB4Y3RG4Y3RR4Y3YB
1004715,4Y12G4Y12R4Y36B4Y3DG4Y3DR4Y3KB4Y3RG4Y3RR4Y3YB
848073,4Y12G4Y12R4Y36B4Y3DG4Y3DR4Y3KB4Y3RG4Y3RR4Y3YB
851037,4Y12G4Y12R4Y36B4Y3DG4Y3DR4Y3KB4Y3RG4Y3RR4Y3YB
892892,4Y12G4Y12R4Y36B4Y3DG4Y3DR4Y3KB4Y3RG4Y3RR4Y3YB
848071,4Y12G4Y12R4Y36B4Y3DG4Y3DR4Y3KB4Y3RG4Y3RR4Y3YB
1040507,4Y12G4Y12R4Y36B4Y3DG4Y3DR4Y3KB4Y3RG4Y3RR4Y3YB
886396,4Y12G4Y12R4Y36B4Y3DG4Y3DR4Y3KB4Y3RG4Y3RR4Y3YB
1004697,4Y12G4Y12R4Y36B4Y3DG4Y3DR4Y3KB4Y3RG4Y3RR4Y3YB
891190,4Y12G4Y12R4Y36B4Y3DG4Y3DR4Y3KB4Y3RG4Y3RR4Y3YB
891201,4Y12G4Y12R4Y36B4Y3DG4Y3DR4Y3KB4Y3RG4Y3RR4Y3YB
1004698,4Y12G4Y12R4Y36B4Y3DG4Y3DR4Y3KB4Y3RG4Y3RR4Y3YB
756541,4Y11B4Y35B4Y36G4Y3CB4Y3JB4Y3KG4Y3QB4Y3XB4Y3YG
756542,4Y11B4Y35B4Y36G4Y3CB4Y3JB4Y3KG4Y3QB4Y3XB4Y3YG
756538,4Y11B4Y35B4Y36G4Y3CB4Y3JB4Y3KG4Y3QB4Y3XB4Y3YG
756562,4Y11B4Y35B4Y36G4Y3CB4Y3JB4Y3KG4Y3QB4Y3XB4Y3YG
756563,4Y11B4Y35B4Y36G4Y3CB4Y3JB4Y3KG4Y3QB4Y3XB4Y3YG
1025455,4Y11B4Y35B4Y36G4Y3CB4Y3JB4Y3KG4Y3QB4Y3XB4Y3YG
756561,4Y11B4Y35B4Y36G4Y3CB4Y3JB4Y3KG4Y3QB4Y3XB4Y3YG
757850,4Y11B4Y35B4Y36G4Y3CB4Y3JB4Y3KG4Y3QB4Y3XB4Y3YG
822816,4Y11B4Y35B4Y36G4Y3CB4Y3JB4Y3KG4Y3QB4Y3XB4Y3YG
824135,4Y11B4Y35B4Y36G4Y3CB4Y3JB4Y3KG4Y3QB4Y3XB4Y3YG
756544,4Y10R4Y11B4Y35B4Y36G4Y3BR4Y3CB4Y3JB4Y3KG4Y3PR
1006565,4Y11B4Y35B4Y36G4Y3CB4Y3JB4Y3KG4Y3QB4Y3XB4Y3YG
756546,4Y11B4Y35B4Y36G4Y3CB4Y3JB4Y3KG4Y3QB4Y3XB4Y3YG
824133,4Y10R4Y11B4Y35B4Y36G4Y3BR4Y3CB4Y3JB4Y3KG4Y3PR
756540,4Y11B4Y35B4Y36G4Y3CB4Y3JB4Y3KG4Y3QB4Y3XB4Y3YG
784039,4Y11B4Y35B4Y36G4Y3CB4Y3JB4Y3KG4Y3QB4Y3XB4Y3YG
756539,4Y11B4Y35B4Y36G4Y3CB4Y3JB4Y3KG4Y3QB4Y3XB4Y3YG
824131,4Y11B4Y35B4Y36G4Y3CB4Y3JB4Y3KG4Y3QB4Y3XB4Y3YG
756537,4Y11B4Y35B4Y36G4Y3CB4Y3JB4Y3KG4Y3QB4Y3XB4Y3YG
756558,4Y10R4Y11B4Y35B4Y36G4Y3BR4Y3CB4Y3JB4Y3KG4Y3PR
745561,4Y10R4Y11B4Y35B4Y36G4Y3BR4Y3CB4Y3JB4Y3KG4Y3PR
756550,4Y10R4Y11B4Y35B4Y36G4Y3BR4Y3CB4Y3JB4Y3KG4Y3PR
756552,4Y10R4Y11B4Y35B4Y36G4Y3BR4Y3CB4Y3JB4Y3KG4Y3PR
756548,4Y10R4Y11B4Y35B4Y36G4Y3BR4Y3CB4Y3JB4Y3KG4Y3PR
756556,4Y11B4Y35B4Y36G4Y3CB4Y3JB4Y3KG4Y3QB4Y3XB4Y3YG
802571,4Y10R4Y11B4Y35B4Y36G4Y3BR4Y3CB4Y3JB4Y3KG4Y3PR
798760,4Y10R4Y11B4Y35B4Y36G4Y3BR4Y3CB4Y3JB4Y3KG4Y3PR
802562,4Y10R4Y11B4Y35B4Y36G4Y3BR4Y3CB4Y3JB4Y3KG4Y3PR
802564,4Y10R4Y11B4Y35B4Y36G4Y3BR4Y3CB4Y3JB4Y3KG4Y3PR
802559,4Y10R4Y11B4Y35B4Y36G4Y3BR4Y3CB4Y3JB4Y3KG4Y3PR
821493,4Y10R4Y11B4Y35B4Y3BR4Y3CB4Y3JB4Y3PR4Y3QB4Y3XB
802561,4Y10R4Y11B4Y35B4Y36G4Y3BR4Y3CB4Y3JB4Y3KG4Y3PR
798391,4Y12B4Y14G4Y36B4Y3DB4Y3FG4Y3KB4Y3RB4Y3TG4Y3YB
803869,4Y12B4Y14G4Y36B4Y3DB4Y3FG4Y3KB4Y3RB4Y3TG4Y3YB
803867,4Y12B4Y14G4Y36B4Y3DB4Y3FG4Y3KB4Y3RB4Y3TG4Y3YB
798740,4Y12B4Y14G4Y36B4Y3DB4Y3FG4Y3KB4Y3RB4Y3TG4Y3YB
798742,4Y12B4Y14G4Y36B4Y3DB4Y3FG4Y3KB4Y3RB4Y3TG4Y3YB
798754,4Y12B4Y14G4Y36B4Y3DB4Y3FG4Y3KB4Y3RB4Y3TG4Y3YB
804213,4Y12B4Y14G4Y36B4Y3DB4Y3FG4Y3KB4Y3RB4Y3TG4Y3YB
893872,4Y12B4Y14G4Y36B4Y3DB4Y3FG4Y3KB4Y3RB4Y3TG4Y3YB
803880,4Y12B4Y14G4Y36B4Y3DB4Y3FG4Y3KB4Y3RB4Y3TG4Y3YB
802574,4Y12B4Y14G4Y36B4Y3DB4Y3FG4Y3KB4Y3RB4Y3TG4Y3YB
804217,4Y12B4Y14G4Y36B4Y3DB4Y3FG4Y3KB4Y3RB4Y3TG4Y3YB
798384,4Y12B4Y14G4Y36B4Y3DB4Y3FG4Y3KB4Y3RB4Y3TG4Y3YB
990092,4Y12B4Y14G4Y36B4Y3DB4Y3FG4Y3KB4Y3RB4Y3TG4Y3YB
990093,4Y12B4Y14G4Y36B4Y3DB4Y3FG4Y3KB4Y3RB4Y3TG4Y3YB
1120818,4Y12B4Y14G4Y36B4Y3DB4Y3FG4Y3KB4Y3RB4Y3TG4Y3YB
1120819,4Y12B4Y14G4Y36B4Y3DB4Y3FG4Y3KB4Y3RB4Y3TG4Y3YB
1120820,4Y12B4Y14G4Y36B4Y3DB4Y3FG4Y3KB4Y3RB4Y3TG4Y3YB
1120821,4Y12B4Y14G4Y36B4Y3DB4Y3FG4Y3KB4Y3RB4Y3TG4Y3YB
1120822,4Y12B4Y14G4Y36B4Y3DB4Y3FG4Y3KB4Y3RB4Y3TG4Y3YB
1120823,4Y12B4Y14G4Y36B4Y3DB4Y3FG4Y3KB4Y3RB4Y3TG4Y3YB
798728,4Y11B4Y35B4Y36G4Y3CB4Y3JB4Y3KG4Y3QB4Y3XB4Y3YG
798393,4Y11B4Y35B4Y36G4Y3CB4Y3JB4Y3KG4Y3QB4Y3XB4Y3YG
798734,4Y11B4Y35B4Y36G4Y3CB4Y3JB4Y3KG4Y3QB4Y3XB4Y3YG
798736,4Y11B4Y35B4Y36G4Y3CB4Y3JB4Y3KG4Y3QB4Y3XB4Y3YG
804240,4Y10R4Y11B4Y35B4Y36G4Y3BR4Y3CB4Y3JB4Y3KG4Y3PR
893873,4Y11B4Y35B4Y36G4Y3CB4Y3JB4Y3KG4Y3QB4Y3XB4Y3YG
787150,4Y10R4Y11B4Y35B4Y36G4Y3BR4Y3CB4Y3JB4Y3KG4Y3PR
716092,4Y10R4Y11B4Y35B4Y36G4Y3BR4Y3CB4Y3JB4Y3KG4Y3PR
822412,4Y10R4Y11B4Y35B4Y36G4Y3BR4Y3CB4Y3JB4Y3KG4Y3PR
745578,4Y11B4Y35B4Y36G4Y3CB4Y3JB4Y3KG4Y3QB4Y3XB4Y3YG
798731,4Y11B4Y35B4Y36G4Y3CB4Y3JB4Y3KG4Y3QB4Y3XB4Y3YG
798394,4Y11B4Y35B4Y36G4Y3CB4Y3JB4Y3KG4Y3QB4Y3XB4Y3YG
798396,4Y11B4Y35B4Y36G4Y3CB4Y3JB4Y3KG4Y3QB4Y3XB4Y3YG
893874,4Y11B4Y35B4Y36G4Y3CB4Y3JB4Y3KG4Y3QB4Y3XB4Y3YG
955998,4Y14B4Y38B4Y3EG4Y3FB4Y3MB4Y3TB4Y5XB4Y63G4Y64B
802474,4Y13G4Y14R4Y37B4Y3EG4Y3FR4Y3LB4Y3SG4Y3TR4Y3ZB
802477,4Y13G4Y14R4Y37B4Y3EG4Y3FR4Y3LB4Y3SG4Y3TR4Y3ZB
802486,4Y13G4Y14R4Y37B4Y3EG4Y3FR4Y3LB4Y3SG4Y3TR4Y3ZB
1025192,4Y13G4Y14R4Y37B4Y3EG4Y3FR4Y3LB4Y3SG4Y3TR4Y3ZB
1012622,4Y13G4Y14R4Y37B4Y3EG4Y3FR4Y3LB4Y3SG4Y3TR4Y3ZB
803849,4Y13G4Y14R4Y37B4Y3EG4Y3FR4Y3LB4Y3SG4Y3TR4Y3ZB
802484,4Y13G4Y14R4Y37B4Y3EG4Y3FR4Y3LB4Y3SG4Y3TR4Y3ZB
820187,4Y13G4Y14R4Y37B4Y3EG4Y3FR4Y3LB4Y3SG4Y3TR4Y3ZB
661261,4Y13G4Y14R4Y37B4Y3EG4Y3FR4Y3LB4Y3SG4Y3TR4Y3ZB
803794,4Y13G4Y14R4Y37B4Y3EG4Y3FR4Y3LB4Y3SG4Y3TR4Y3ZB
803804,4Y13G4Y14R4Y37B4Y3EG4Y3FR4Y3LB4Y3SG4Y3TR4Y3ZB
803837,4Y13G4Y14R4Y37B4Y3EG4Y3FR4Y3LB4Y3SG4Y3TR4Y3ZB
803798,4Y13G4Y14R4Y37B4Y3EG4Y3FR4Y3LB4Y3SG4Y3TR4Y3ZB
803801,4Y13G4Y14R4Y37B4Y3EG4Y3FR4Y3LB4Y3SG4Y3TR4Y3ZB
1012635,4Y13G4Y14R4Y37B4Y3EG4Y3FR4Y3LB4Y3SG4Y3TR4Y3ZB
803796,4Y13G4Y14R4Y37B4Y3EG4Y3FR4Y3LB4Y3SG4Y3TR4Y3ZB
803446,4Y13G4Y14R4Y37B4Y3EG4Y3FR4Y3LB4Y3SG4Y3TR4Y3ZB
803834,4Y13G4Y14R4Y37B4Y3EG4Y3FR4Y3LB4Y3SG4Y3TR4Y3ZB
996776,4Y13G4Y37B4Y3EG4Y3LB4Y3SG4Y3ZB4Y63G4Y6AB4Y6HG
803450,4Y13G4Y14R4Y37B4Y3EG4Y3FR4Y3LB4Y3SG4Y3TR4Y3ZB
996778,4Y13G4Y14R4Y37B4Y3EG4Y3FR4Y3LB4Y3SG4Y3TR4Y3ZB
1040085,4Y13G4Y14R4Y37B4Y3EG4Y3FR4Y3LB4Y3SG4Y3TR4Y3ZB
803839,4Y13G4Y14R4Y37B4Y3EG4Y3FR4Y3LB4Y3SG4Y3TR4Y3ZB
661263,4Y13G4Y14R4Y37B4Y3EG4Y3FR4Y3LB4Y3SG4Y3TR4Y3ZB
803840,4Y13G4Y14R4Y37B4Y3EG4Y3FR4Y3LB4Y3SG4Y3TR4Y3ZB
803847,4Y13G4Y14R4Y37B4Y3EG4Y3FR4Y3LB4Y3SG4Y3TR4Y3ZB
716068,4Y13G4Y14R4Y37B4Y3EG4Y3FR4Y3LB4Y3SG4Y3TR4Y3ZB
803857,4Y13G4Y14R4Y37B4Y3EG4Y3FR4Y3LB4Y3SG4Y3TR4Y3ZB
803858,4Y13G4Y14R4Y37B4Y3EG4Y3FR4Y3LB4Y3SG4Y3TR4Y3ZB
1040086,4Y13G4Y14R4Y37B4Y3EG4Y3FR4Y3LB4Y3SG4Y3TR4Y3ZB
803860,4Y13G4Y14R4Y37B4Y3EG4Y3FR4Y3LB4Y3SG4Y3TR4Y3ZB
803861,4Y13G4Y14R4Y37B4Y3EG4Y3FR4Y3LB4Y3SG4Y3TR4Y3ZB
821535,4Y13G4Y14R4Y37B4Y3EG4Y3FR4Y3LB4Y3SG4Y3TR4Y3ZB
803852,4Y13G4Y14R4Y37B4Y3EG4Y3FR4Y3LB4Y3SG4Y3TR4Y3ZB
1018089,4Y13G4Y14R4Y37B4Y3EG4Y3FR4Y3LB4Y3SG4Y3TR4Y3ZB
803851,4Y13G4Y14R4Y37B4Y3EG4Y3FR4Y3LB4Y3SG4Y3TR4Y3ZB
803854,4Y13G4Y14R4Y37B4Y3EG4Y3FR4Y3LB4Y3SG4Y3TR4Y3ZB
716071,4Y13G4Y14R4Y37B4Y3EG4Y3FR4Y3LB4Y3SG4Y3TR4Y3ZB
803853,4Y13G4Y14R4Y37B4Y3EG4Y3FR4Y3LB4Y3SG4Y3TR4Y3ZB
661264,4Y13G4Y14R4Y37B4Y3EG4Y3FR4Y3LB4Y3SG4Y3TR4Y3ZB
821533,4Y13G4Y14R4Y37B4Y3EG4Y3FR4Y3LB4Y3SG4Y3TR4Y3ZB
661252,4Y13G4Y14R4Y37B4Y3EG4Y3FR4Y3LB4Y3SG4Y3TR4Y3ZB
754817,4Y13G4Y14R4Y37B4Y3EG4Y3FR4Y3LB4Y3SG4Y3TR4Y3ZB
754819,4Y13G4Y14R4Y37B4Y3EG4Y3FR4Y3LB4Y3SG4Y3TR4Y3ZB
784014,4Y13G4Y14R4Y37B4Y3EG4Y3FR4Y3LB4Y3SG4Y3TR4Y3ZB
754818,4Y13G4Y14R4Y37B4Y3EG4Y3FR4Y3LB4Y3SG4Y3TR4Y3ZB
754810,4Y13G4Y14R4Y37B4Y3EG4Y3FR4Y3LB4Y3SG4Y3TR4Y3ZB
754809,4Y13G4Y14R4Y37B4Y3EG4Y3FR4Y3LB4Y3SG4Y3TR4Y3ZB
716074,4Y13G4Y14R4Y37B4Y3EG4Y3FR4Y3LB4Y3SG4Y3TR4Y3ZB
822868,4Y13G4Y14R4Y37B4Y3EG4Y3FR4Y3LB4Y3SG4Y3TR4Y3ZB
822870,4Y13G4Y14R4Y37B4Y3EG4Y3FR4Y3LB4Y3SG4Y3TR4Y3ZB
754811,4Y13G4Y14R4Y37B4Y3EG4Y3FR4Y3LB4Y3SG4Y3TR4Y3ZB
822869,4Y13G4Y14R4Y37B4Y3EG4Y3FR4Y3LB4Y3SG4Y3TR4Y3ZB
754815,4Y13G4Y14R4Y37B4Y3EG4Y3FR4Y3LB4Y3SG4Y3TR4Y3ZB
1006548,4Y13G4Y14R4Y37B4Y3EG4Y3FR4Y3LB4Y3SG4Y3TR4Y3ZB
661253,4Y13G4Y14R4Y37B4Y3EG4Y3FR4Y3LB4Y3SG4Y3TR4Y3ZB
756147,4Y13G4Y14R4Y37B4Y3EG4Y3FR4Y3LB4Y3SG4Y3TR4Y3ZB
756159,4Y13G4Y14R4Y37B4Y3EG4Y3FR4Y3LB4Y3SG4Y3TR4Y3ZB
756154,4Y13G4Y14R4Y37B4Y3EG4Y3FR4Y3LB4Y3SG4Y3TR4Y3ZB
716077,4Y13G4Y14R4Y37B4Y3EG4Y3FR4Y3LB4Y3SG4Y3TR4Y3ZB
756157,4Y13G4Y14R4Y37B4Y3EG4Y3FR4Y3LB4Y3SG4Y3TR4Y3ZB
754826,4Y13G4Y14R4Y37B4Y3EG4Y3FR4Y3LB4Y3SG4Y3TR4Y3ZB
754822,4Y13G4Y14R4Y37B4Y3EG4Y3FR4Y3LB4Y3SG4Y3TR4Y3ZB
822873,4Y13G4Y14R4Y37B4Y3EG4Y3FR4Y3LB4Y3SG4Y3TR4Y3ZB
1040080,4Y13G4Y14R4Y37B4Y3EG4Y3FR4Y3LB4Y3SG4Y3TR4Y3ZB
754828,4Y13G4Y14R4Y37B4Y3EG4Y3FR4Y3LB4Y3SG4Y3TR4Y3ZB
754831,4Y13G4Y14R4Y37B4Y3EG4Y3FR4Y3LB4Y3SG4Y3TR4Y3ZB
754832,4Y13G4Y14R4Y37B4Y3EG4Y3FR4Y3LB4Y3SG4Y3TR4Y3ZB
803449,4Y13G4Y14R4Y37B4Y3EG4Y3FR4Y3LB4Y3SG4Y3TR4Y3ZB
820188,4Y13G4Y14R4Y37B4Y3EG4Y3FR4Y3LB4Y3SG4Y3TR4Y3ZB
803843,4Y13G4Y14R4Y37B4Y3EG4Y3FR4Y3LB4Y3SG4Y3TR4Y3ZB
801153,4Y13G4Y14R4Y37B4Y3EG4Y3FR4Y3LB4Y3SG4Y3TR4Y3ZB
1018072,4Y13G4Y14R4Y37B4Y3EG4Y3FR4Y3LB4Y3SG4Y3TR4Y3ZB
801159,4Y13G4Y14R4Y37B4Y3EG4Y3FR4Y3LB4Y3SG4Y3TR4Y3ZB
802469,4Y13G4Y14R4Y37B4Y3EG4Y3FR4Y3LB4Y3SG4Y3TR4Y3ZB
820186,4Y13G4Y14R4Y37B4Y3EG4Y3FR4Y3LB4Y3SG4Y3TR4Y3ZB
821527,4Y13G4Y14R4Y37B4Y3EG4Y3FR4Y3LB4Y3SG4Y3TR4Y3ZB
1012637,4Y13G4Y14R4Y37B4Y3EG4Y3FR4Y3LB4Y3SG4Y3TR4Y3ZB
756080,4Y13G4Y14R4Y37B4Y3EG4Y3FR4Y3LB4Y3SG4Y3TR4Y3ZB
801150,4Y13G4Y14R4Y37B4Y3EG4Y3FR4Y3LB4Y3SG4Y3TR4Y3ZB
801144,4Y13G4Y14R4Y37B4Y3EG4Y3FR4Y3LB4Y3SG4Y3TR4Y3ZB
801146,4Y13G4Y14R4Y37B4Y3EG4Y3FR4Y3LB4Y3SG4Y3TR4Y3ZB
801149,4Y13G4Y14R4Y37B4Y3EG4Y3FR4Y3LB4Y3SG4Y3TR4Y3ZB
803850,4Y13G4Y14R4Y37B4Y3EG4Y3FR4Y3LB4Y3SG4Y3TR4Y3ZB
801157,4Y13G4Y14R4Y37B4Y3EG4Y3FR4Y3LB4Y3SG4Y3TR4Y3ZB
802489,4Y13G4Y14R4Y37B4Y3EG4Y3FR4Y3LB4Y3SG4Y3TR4Y3ZB
784564,4Y13G4Y14R4Y37B4Y3EG4Y3FR4Y3LB4Y3SG4Y3TR4Y3ZB
821532,4Y13G4Y14R4Y37B4Y3EG4Y3FR4Y3LB4Y3SG4Y3TR4Y3ZB
802504,4Y13G4Y14R4Y37B4Y3EG4Y3FR4Y3LB4Y3SG4Y3TR4Y3ZB
802497,4Y13G4Y14R4Y37B4Y3EG4Y3FR4Y3LB4Y3SG4Y3TR4Y3ZB
802500,4Y13G4Y14R4Y37B4Y3EG4Y3FR4Y3LB4Y3SG4Y3TR4Y3ZB
802502,4Y13G4Y14R4Y37B4Y3EG4Y3FR4Y3LB4Y3SG4Y3TR4Y3ZB
802479,4Y13G4Y14R4Y37B4Y3EG4Y3FR4Y3LB4Y3SG4Y3TR4Y3ZB
996779,4Y13G4Y14R4Y37B4Y3EG4Y3FR4Y3LB4Y3SG4Y3TR4Y3ZB
803784,4Y13G4Y14R4Y37B4Y3EG4Y3FR4Y3LB4Y3SG4Y3TR4Y3ZB
803786,4Y13G4Y14R4Y37B4Y3EG4Y3FR4Y3LB4Y3SG4Y3TR4Y3ZB
803789,4Y13G4Y14R4Y37B4Y3EG4Y3FR4Y3LB4Y3SG4Y3TR4Y3ZB
803803,4Y13G4Y14R4Y37B4Y3EG4Y3FR4Y3LB4Y3SG4Y3TR4Y3ZB
803819,4Y13G4Y14R4Y37B4Y3EG4Y3FR4Y3LB4Y3SG4Y3TR4Y3ZB
803821,4Y13G4Y14R4Y37B4Y3EG4Y3FR4Y3LB4Y3SG4Y3TR4Y3ZB
1012636,4Y13G4Y14R4Y37B4Y3EG4Y3FR4Y3LB4Y3SG4Y3TR4Y3ZB
803826,4Y13G4Y14R4Y37B4Y3EG4Y3FR4Y3LB4Y3SG4Y3TR4Y3ZB
716089,4Y13G4Y14R4Y37B4Y3EG4Y3FR4Y3LB4Y3SG4Y3TR4Y3ZB
716117,4Y13G4Y14R4Y37B4Y3EG4Y3FR4Y3LB4Y3SG4Y3TR4Y3ZB
822742,4Y13G4Y37B4Y3EG4Y3LB4Y3SG4Y3ZB4Y63G4Y6AB4Y6HG
717375,4Y13G4Y14R4Y37B4Y3EG4Y3FR4Y3LB4Y3SG4Y3TR4Y3ZB
1040077,4Y13G4Y14R4Y37B4Y3EG4Y3FR4Y3LB4Y3SG4Y3TR4Y3ZB
717379,4Y13G4Y14R4Y37B4Y3EG4Y3FR4Y3LB4Y3SG4Y3TR4Y3ZB
716107,4Y13G4Y14R4Y37B4Y3EG4Y3FR4Y3LB4Y3SG4Y3TR4Y3ZB
822415,4Y13G4Y14R4Y37B4Y3EG4Y3FR4Y3LB4Y3SG4Y3TR4Y3ZB
661250,4Y13G4Y14R4Y37B4Y3EG4Y3FR4Y3LB4Y3SG4Y3TR4Y3ZB
716115,4Y13G4Y14R4Y37B4Y3EG4Y3FR4Y3LB4Y3SG4Y3TR4Y3ZB
822739,4Y13G4Y14R4Y37B4Y3EG4Y3FR4Y3LB4Y3SG4Y3TR4Y3ZB
716111,4Y13G4Y14R4Y37B4Y3EG4Y3FR4Y3LB4Y3SG4Y3TR4Y3ZB
716113,4Y13G4Y14R4Y37B4Y3EG4Y3FR4Y3LB4Y3SG4Y3TR4Y3ZB
804238,4Y13G4Y14R4Y37B4Y3EG4Y3FR4Y3LB4Y3SG4Y3TR4Y3ZB
804242,4Y13G4Y14R4Y37B4Y3EG4Y3FR4Y3LB4Y3SG4Y3TR4Y3ZB
804244,4Y13G4Y14R4Y37B4Y3EG4Y3FR4Y3LB4Y3SG4Y3TR4Y3ZB
661265,4Y13G4Y14R4Y37B4Y3EG4Y3FR4Y3LB4Y3SG4Y3TR4Y3ZB
822413,4Y13G4Y14R4Y37B4Y3EG4Y3FR4Y3LB4Y3SG4Y3TR4Y3ZB
1012641,4Y13G4Y14R4Y37B4Y3EG4Y3FR4Y3LB4Y3SG4Y3TR4Y3ZB
804246,4Y13G4Y14R4Y37B4Y3EG4Y3FR4Y3LB4Y3SG4Y3TR4Y3ZB
804249,4Y13G4Y14R4Y37B4Y3EG4Y3FR4Y3LB4Y3SG4Y3TR4Y3ZB
804230,4Y13G4Y14R4Y37B4Y3EG4Y3FR4Y3LB4Y3SG4Y3TR4Y3ZB
716100,4Y13G4Y14R4Y37B4Y3EG4Y3FR4Y3LB4Y3SG4Y3TR4Y3ZB
822777,4Y13G4Y14R4Y37B4Y3EG4Y3FR4Y3LB4Y3SG4Y3TR4Y3ZB
822775,4Y13G4Y14R4Y37B4Y3EG4Y3FR4Y3LB4Y3SG4Y3TR4Y3ZB
996792,4Y13G4Y14R4Y37B4Y3EG4Y3FR4Y3LB4Y3SG4Y3TR4Y3ZB
804280,4Y13G4Y14R4Y37B4Y3EG4Y3FR4Y3LB4Y3SG4Y3TR4Y3ZB
716086,4Y13G4Y14R4Y37B4Y3EG4Y3FR4Y3LB4Y3SG4Y3TR4Y3ZB
703261,4Y13G4Y14R4Y37B4Y3EG4Y3FR4Y3LB4Y3SG4Y3TR4Y3ZB
1048660,4Y13G4Y14R4Y37B4Y3EG4Y3FR4Y3LB4Y3SG4Y3TR4Y3ZB
945531,4Y13G4Y14R4Y37B4Y3EG4Y3FR4Y3LB4Y3SG4Y3TR4Y3ZB
804225,4Y13G4Y14R4Y37B4Y3EG4Y3FR4Y3LB4Y3SG4Y3TR4Y3ZB
804228,4Y13G4Y14R4Y37B4Y3EG4Y3FR4Y3LB4Y3SG4Y3TR4Y3ZB
804239,4Y13G4Y14R4Y37B4Y3EG4Y3FR4Y3LB4Y3SG4Y3TR4Y3ZB
804233,4Y13G4Y14R4Y37B4Y3EG4Y3FR4Y3LB4Y3SG4Y3TR4Y3ZB
915323,4Y14G4Y37R4Y38B4Y3FG4Y3LR4Y3MB4Y3TG4Y3ZR4Y5XB
962394,4Y14G4Y37R4Y38B4Y3FG4Y3LR4Y3MB4Y3TG4Y3ZR4Y5XB
755202,4Y14G4Y37R4Y38B4Y3FG4Y3LR4Y3MB4Y3TG4Y3ZR4Y5XB
755194,4Y14G4Y37R4Y38B4Y3FG4Y3LR4Y3MB4Y3TG4Y3ZR4Y5XB
755198,4Y14G4Y37R4Y38B4Y3FG4Y3LR4Y3MB4Y3TG4Y3ZR4Y5XB
693872,4Y14G4Y37R4Y38B4Y3FG4Y3LR4Y3MB4Y3TG4Y3ZR4Y5XB
954829,4Y14G4Y37R4Y38B4Y3FG4Y3LR4Y3MB4Y3TG4Y3ZR4Y5XB
952442,4Y14G4Y37R4Y38B4Y3FG4Y3LR4Y3MB4Y3TG4Y3ZR4Y5XB
946529,4Y14G4Y38B4Y3FG4Y3MB4Y3TG4Y5XB4Y64G4Y6BB4Y6IG
915320,4Y14G4Y38B4Y3FG4Y3MB4Y3TG4Y5XB4Y64G4Y6BB4Y6IG
744214,4Y14G4Y38B4Y3FG4Y3MB4Y3TG4Y5XB4Y64G4Y6BB4Y6IG
804258,4Y13G4Y14R4Y37B4Y3EG4Y3FR4Y3LB4Y3SG4Y3TR4Y3ZB
804253,4Y13G4Y14R4Y37B4Y3EG4Y3FR4Y3LB4Y3SG4Y3TR4Y3ZB
804255,4Y13G4Y14R4Y37B4Y3EG4Y3FR4Y3LB4Y3SG4Y3TR4Y3ZB
1040087,4Y13G4Y14R4Y37B4Y3EG4Y3FR4Y3LB4Y3SG4Y3TR4Y3ZB
804237,4Y13G4Y14R4Y37B4Y3EG4Y3FR4Y3LB4Y3SG4Y3TR4Y3ZB
804245,4Y13G4Y14R4Y37B4Y3EG4Y3FR4Y3LB4Y3SG4Y3TR4Y3ZB
821543,4Y13G4Y14R4Y37B4Y3EG4Y3FR4Y3LB4Y3SG4Y3TR4Y3ZB
804267,4Y13G4Y14R4Y37B4Y3EG4Y3FR4Y3LB4Y3SG4Y3TR4Y3ZB
804275,4Y13G4Y14R4Y37B4Y3EG4Y3FR4Y3LB4Y3SG4Y3TR4Y3ZB
804270,4Y13G4Y14R4Y37B4Y3EG4Y3FR4Y3LB4Y3SG4Y3TR4Y3ZB
804272,4Y13G4Y14R4Y37B4Y3EG4Y3FR4Y3LB4Y3SG4Y3TR4Y3ZB
822774,4Y13G4Y14R4Y37B4Y3EG4Y3FR4Y3LB4Y3SG4Y3TR4Y3ZB
802485,4Y13G4Y14R4Y37B4Y3EG4Y3FR4Y3LB4Y3SG4Y3TR4Y3ZB
714394,4Y13G4Y14R4Y37B4Y3EG4Y3FR4Y3LB4Y3SG4Y3TR4Y3ZB
714396,4Y13G4Y14R4Y37B4Y3EG4Y3FR4Y3LB4Y3SG4Y3TR4Y3ZB
714398,4Y13G4Y14R4Y37B4Y3EG4Y3FR4Y3LB4Y3SG4Y3TR4Y3ZB
714399,4Y13G4Y14R4Y37B4Y3EG4Y3FR4Y3LB4Y3SG4Y3TR4Y3ZB
714401,4Y13G4Y14R4Y37B4Y3EG4Y3FR4Y3LB4Y3SG4Y3TR4Y3ZB
714402,4Y13G4Y14R4Y37B4Y3EG4Y3FR4Y3LB4Y3SG4Y3TR4Y3ZB
803828,4Y13G4Y14R4Y37B4Y3EG4Y3FR4Y3LB4Y3SG4Y3TR4Y3ZB
821526,4Y13G4Y14R4Y37B4Y3EG4Y3FR4Y3LB4Y3SG4Y3TR4Y3ZB
803823,4Y13G4Y14R4Y37B4Y3EG4Y3FR4Y3LB4Y3SG4Y3TR4Y3ZB
803807,4Y13G4Y14R4Y37B4Y3EG4Y3FR4Y3LB4Y3SG4Y3TR4Y3ZB
803808,4Y13G4Y14R4Y37B4Y3EG4Y3FR4Y3LB4Y3SG4Y3TR4Y3ZB
1040084,4Y13G4Y14R4Y37B4Y3EG4Y3FR4Y3LB4Y3SG4Y3TR4Y3ZB
803812,4Y13G4Y14R4Y37B4Y3EG4Y3FR4Y3LB4Y3SG4Y3TR4Y3ZB
661262,4Y13G4Y14R4Y37B4Y3EG4Y3FR4Y3LB4Y3SG4Y3TR4Y3ZB
803814,4Y13G4Y14R4Y37B4Y3EG4Y3FR4Y3LB4Y3SG4Y3TR4Y3ZB
715722,4Y13G4Y14R4Y37B4Y3EG4Y3FR4Y3LB4Y3SG4Y3TR4Y3ZB
715724,4Y13G4Y14R4Y37B4Y3EG4Y3FR4Y3LB4Y3SG4Y3TR4Y3ZB
715726,4Y13G4Y14R4Y37B4Y3EG4Y3FR4Y3LB4Y3SG4Y3TR4Y3ZB
715728,4Y13G4Y14R4Y37B4Y3EG4Y3FR4Y3LB4Y3SG4Y3TR4Y3ZB
1040076,4Y13G4Y14R4Y37B4Y3EG4Y3FR4Y3LB4Y3SG4Y3TR4Y3ZB
714406,4Y13G4Y14R4Y37B4Y3EG4Y3FR4Y3LB4Y3SG4Y3TR4Y3ZB
714408,4Y13G4Y14R4Y37B4Y3EG4Y3FR4Y3LB4Y3SG4Y3TR4Y3ZB
821452,4Y13G4Y14R4Y37B4Y3EG4Y3FR4Y3LB4Y3SG4Y3TR4Y3ZB
714413,4Y13G4Y14R4Y37B4Y3EG4Y3FR4Y3LB4Y3SG4Y3TR4Y3ZB
1005804,4Y13G4Y14R4Y37B4Y3EG4Y3FR4Y3LB4Y3SG4Y3TR4Y3ZB
715712,4Y13G4Y14R4Y37B4Y3EG4Y3FR4Y3LB4Y3SG4Y3TR4Y3ZB
715715,4Y13G4Y14R4Y37B4Y3EG4Y3FR4Y3LB4Y3SG4Y3TR4Y3ZB
714392,4Y13G4Y14R4Y37B4Y3EG4Y3FR4Y3LB4Y3SG4Y3TR4Y3ZB
661259,4Y13G4Y14R4Y37B4Y3EG4Y3FR4Y3LB4Y3SG4Y3TR4Y3ZB
802524,4Y13G4Y14R4Y37B4Y3EG4Y3FR4Y3LB4Y3SG4Y3TR4Y3ZB
821481,4Y13G4Y14R4Y37B4Y3EG4Y3FR4Y3LB4Y3SG4Y3TR4Y3ZB
802529,4Y13G4Y14R4Y37B4Y3EG4Y3FR4Y3LB4Y3SG4Y3TR4Y3ZB
802530,4Y13G4Y14R4Y37B4Y3EG4Y3FR4Y3LB4Y3SG4Y3TR4Y3ZB
784567,4Y13G4Y37B4Y3EG4Y3LB4Y3SG4Y3ZB4Y63G4Y6AB4Y6HG
802526,4Y13G4Y14R4Y37B4Y3EG4Y3FR4Y3LB4Y3SG4Y3TR4Y3ZB
714383,4Y13G4Y14R4Y37B4Y3EG4Y3FR4Y3LB4Y3SG4Y3TR4Y3ZB
802507,4Y13G4Y14R4Y37B4Y3EG4Y3FR4Y3LB4Y3SG4Y3TR4Y3ZB
802510,4Y13G4Y14R4Y37B4Y3EG4Y3FR4Y3LB4Y3SG4Y3TR4Y3ZB
802513,4Y13G4Y14R4Y37B4Y3EG4Y3FR4Y3LB4Y3SG4Y3TR4Y3ZB
802516,4Y13G4Y14R4Y37B4Y3EG4Y3FR4Y3LB4Y3SG4Y3TR4Y3ZB
1040082,4Y13G4Y14R4Y37B4Y3EG4Y3FR4Y3LB4Y3SG4Y3TR4Y3ZB
802534,4Y13G4Y14R4Y37B4Y3EG4Y3FR4Y3LB4Y3SG4Y3TR4Y3ZB
802549,4Y13G4Y14R4Y37B4Y3EG4Y3FR4Y3LB4Y3SG4Y3TR4Y3ZB
661260,4Y13G4Y14R4Y37B4Y3EG4Y3FR4Y3LB4Y3SG4Y3TR4Y3ZB
821488,4Y13G4Y14R4Y37B4Y3EG4Y3FR4Y3LB4Y3SG4Y3TR4Y3ZB
802554,4Y13G4Y14R4Y37B4Y3EG4Y3FR4Y3LB4Y3SG4Y3TR4Y3ZB
714385,4Y13G4Y14R4Y37B4Y3EG4Y3FR4Y3LB4Y3SG4Y3TR4Y3ZB
802556,4Y13G4Y14R4Y37B4Y3EG4Y3FR4Y3LB4Y3SG4Y3TR4Y3ZB
1040083,4Y13G4Y14R4Y37B4Y3EG4Y3FR4Y3LB4Y3SG4Y3TR4Y3ZB
714379,4Y13G4Y14R4Y37B4Y3EG4Y3FR4Y3LB4Y3SG4Y3TR4Y3ZB
1012625,4Y13G4Y14R4Y37B4Y3EG4Y3FR4Y3LB4Y3SG4Y3TR4Y3ZB
821484,4Y13G4Y14R4Y37B4Y3EG4Y3FR4Y3LB4Y3SG4Y3TR4Y3ZB
802539,4Y13G4Y14R4Y37B4Y3EG4Y3FR4Y3LB4Y3SG4Y3TR4Y3ZB
802541,4Y13G4Y14R4Y37B4Y3EG4Y3FR4Y3LB4Y3SG4Y3TR4Y3ZB
802544,4Y13G4Y14R4Y37B4Y3EG4Y3FR4Y3LB4Y3SG4Y3TR4Y3ZB
802546,4Y13G4Y14R4Y37B4Y3EG4Y3FR4Y3LB4Y3SG4Y3TR4Y3ZB
802560,4Y13G4Y14R4Y37B4Y3EG4Y3FR4Y3LB4Y3SG4Y3TR4Y3ZB
821125,4Y13G4Y14R4Y37B4Y3EG4Y3FR4Y3LB4Y3SG4Y3TR4Y3ZB
756173,4Y13G4Y14R4Y37B4Y3EG4Y3FR4Y3LB4Y3SG4Y3TR4Y3ZB
756175,4Y13G4Y14R4Y37B4Y3EG4Y3FR4Y3LB4Y3SG4Y3TR4Y3ZB
756177,4Y13G4Y14R4Y37B4Y3EG4Y3FR4Y3LB4Y3SG4Y3TR4Y3ZB
756180,4Y13G4Y14R4Y37B4Y3EG4Y3FR4Y3LB4Y3SG4Y3TR4Y3ZB
756182,4Y13G4Y14R4Y37B4Y3EG4Y3FR4Y3LB4Y3SG4Y3TR4Y3ZB
714389,4Y13G4Y14R4Y37B4Y3EG4Y3FR4Y3LB4Y3SG4Y3TR4Y3ZB
756185,4Y13G4Y14R4Y37B4Y3EG4Y3FR4Y3LB4Y3SG4Y3TR4Y3ZB
714390,4Y13G4Y14R4Y37B4Y3EG4Y3FR4Y3LB4Y3SG4Y3TR4Y3ZB
821450,4Y13G4Y14R4Y37B4Y3EG4Y3FR4Y3LB4Y3SG4Y3TR4Y3ZB
715718,4Y13G4Y14R4Y37B4Y3EG4Y3FR4Y3LB4Y3SG4Y3TR4Y3ZB
715720,4Y13G4Y14R4Y37B4Y3EG4Y3FR4Y3LB4Y3SG4Y3TR4Y3ZB
756527,4Y13G4Y14R4Y37B4Y3EG4Y3FR4Y3LB4Y3SG4Y3TR4Y3ZB
756529,4Y13G4Y14R4Y37B4Y3EG4Y3FR4Y3LB4Y3SG4Y3TR4Y3ZB
756531,4Y13G4Y14R4Y37B4Y3EG4Y3FR4Y3LB4Y3SG4Y3TR4Y3ZB
824130,4Y13G4Y14R4Y37B4Y3EG4Y3FR4Y3LB4Y3SG4Y3TR4Y3ZB
824128,4Y13G4Y14R4Y37B4Y3EG4Y3FR4Y3LB4Y3SG4Y3TR4Y3ZB
756191,4Y13G4Y14R4Y37B4Y3EG4Y3FR4Y3LB4Y3SG4Y3TR4Y3ZB
756187,4Y13G4Y14R4Y37B4Y3EG4Y3FR4Y3LB4Y3SG4Y3TR4Y3ZB
756194,4Y14R4Y37B4Y3FR4Y3LB4Y3TR4Y3ZB4Y64R4Y6AB4Y6IR
756179,4Y13G4Y14R4Y37B4Y3EG4Y3FR4Y3LB4Y3SG4Y3TR4Y3ZB
784035,4Y13G4Y14R4Y37B4Y3EG4Y3FR4Y3LB4Y3SG4Y3TR4Y3ZB
756163,4Y13G4Y14R4Y37B4Y3EG4Y3FR4Y3LB4Y3SG4Y3TR4Y3ZB
756165,4Y13G4Y14R4Y37B4Y3EG4Y3FR4Y3LB4Y3SG4Y3TR4Y3ZB
756168,4Y13G4Y14R4Y37B4Y3EG4Y3FR4Y3LB4Y3SG4Y3TR4Y3ZB
784037,4Y13G4Y14R4Y37B4Y3EG4Y3FR4Y3LB4Y3SG4Y3TR4Y3ZB
756525,4Y13G4Y14R4Y37B4Y3EG4Y3FR4Y3LB4Y3SG4Y3TR4Y3ZB
756526,4Y13G4Y14R4Y37B4Y3EG4Y3FR4Y3LB4Y3SG4Y3TR4Y3ZB
1040090,4Y13G4Y14R4Y37B4Y3EG4Y3FR4Y3LB4Y3SG4Y3TR4Y3ZB
822799,4Y13G4Y14R4Y37B4Y3EG4Y3FR4Y3LB4Y3SG4Y3TR4Y3ZB
797913,4Y13G4Y14R4Y37B4Y3EG4Y3FR4Y3LB4Y3SG4Y3TR4Y3ZB
797909,4Y13G4Y14R4Y37B4Y3EG4Y3FR4Y3LB4Y3SG4Y3TR4Y3ZB
797911,4Y13G4Y14R4Y37B4Y3EG4Y3FR4Y3LB4Y3SG4Y3TR4Y3ZB
797920,4Y13G4Y14R4Y37B4Y3EG4Y3FR4Y3LB4Y3SG4Y3TR4Y3ZB
797915,4Y13G4Y14R4Y37B4Y3EG4Y3FR4Y3LB4Y3SG4Y3TR4Y3ZB
797917,4Y13G4Y14R4Y37B4Y3EG4Y3FR4Y3LB4Y3SG4Y3TR4Y3ZB
797919,4Y13G4Y37B4Y3EG4Y3LB4Y3SG4Y3ZB4Y63G4Y6AB4Y6HG
1123764,4Y13G4Y37B4Y3EG4Y3LB4Y3SG4Y3ZB4Y63G4Y6AB4Y6HG
797929,4Y13G4Y14R4Y37B4Y3EG4Y3FR4Y3LB4Y3SG4Y3TR4Y3ZB
803659,4Y13G4Y14R4Y37B4Y3EG4Y3FR4Y3LB4Y3SG4Y3TR4Y3ZB
803661,4Y13G4Y14R4Y37B4Y3EG4Y3FR4Y3LB4Y3SG4Y3TR4Y3ZB
799212,4Y13G4Y14R4Y37B4Y3EG4Y3FR4Y3LB4Y3SG4Y3TR4Y3ZB
799205,4Y13G4Y14R4Y37B4Y3EG4Y3FR4Y3LB4Y3SG4Y3TR4Y3ZB
799208,4Y13G4Y37B4Y3EG4Y3LB4Y3SG4Y3ZB4Y63G4Y6AB4Y6HG
799211,4Y13G4Y14R4Y37B4Y3EG4Y3FR4Y3LB4Y3SG4Y3TR4Y3ZB
803650,4Y13G4Y14R4Y37B4Y3EG4Y3FR4Y3LB4Y3SG4Y3TR4Y3ZB
803646,4Y13G4Y14R4Y37B4Y3EG4Y3FR4Y3LB4Y3SG4Y3TR4Y3ZB
803648,4Y13G4Y14R4Y37B4Y3EG4Y3FR4Y3LB4Y3SG4Y3TR4Y3ZB
804260,4Y13G4Y14R4Y37B4Y3EG4Y3FR4Y3LB4Y3SG4Y3TR4Y3ZB
822945,4Y13G4Y14R4Y37B4Y3EG4Y3FR4Y3LB4Y3SG4Y3TR4Y3ZB
803652,4Y13G4Y14R4Y37B4Y3EG4Y3FR4Y3LB4Y3SG4Y3TR4Y3ZB
822944,4Y13G4Y14R4Y37B4Y3EG4Y3FR4Y3LB4Y3SG4Y3TR4Y3ZB
1040092,4Y13G4Y14R4Y37B4Y3EG4Y3FR4Y3LB4Y3SG4Y3TR4Y3ZB
822796,4Y13G4Y14R4Y37B4Y3EG4Y3FR4Y3LB4Y3SG4Y3TR4Y3ZB
797865,4Y13G4Y14R4Y37B4Y3EG4Y3FR4Y3LB4Y3SG4Y3TR4Y3ZB
797867,4Y13G4Y14R4Y37B4Y3EG4Y3FR4Y3LB4Y3SG4Y3TR4Y3ZB
797879,4Y13G4Y14R4Y37B4Y3EG4Y3FR4Y3LB4Y3SG4Y3TR4Y3ZB
797872,4Y13G4Y14R4Y37B4Y3EG4Y3FR4Y3LB4Y3SG4Y3TR4Y3ZB
797875,4Y13G4Y14R4Y37B4Y3EG4Y3FR4Y3LB4Y3SG4Y3TR4Y3ZB
797877,4Y13G4Y14R4Y37B4Y3EG4Y3FR4Y3LB4Y3SG4Y3TR4Y3ZB
1123765,4Y13G4Y14R4Y37B4Y3EG4Y3FR4Y3LB4Y3SG4Y3TR4Y3ZB
797869,4Y13G4Y14R4Y37B4Y3EG4Y3FR4Y3LB4Y3SG4Y3TR4Y3ZB
996795,4Y13G4Y14R4Y37B4Y3EG4Y3FR4Y3LB4Y3SG4Y3TR4Y3ZB
797850,4Y13G4Y14R4Y37B4Y3EG4Y3FR4Y3LB4Y3SG4Y3TR4Y3ZB
797853,4Y13G4Y14R4Y37B4Y3EG4Y3FR4Y3LB4Y3SG4Y3TR4Y3ZB
797855,4Y13G4Y14R4Y37B4Y3EG4Y3FR4Y3LB4Y3SG4Y3TR4Y3ZB
797858,4Y13G4Y14R4Y37B4Y3EG4Y3FR4Y3LB4Y3SG4Y3TR4Y3ZB
797861,4Y13G4Y14R4Y37B4Y3EG4Y3FR4Y3LB4Y3SG4Y3TR4Y3ZB
1040088,4Y13G4Y14R4Y37B4Y3EG4Y3FR4Y3LB4Y3SG4Y3TR4Y3ZB
797896,4Y13G4Y14R4Y37B4Y3EG4Y3FR4Y3LB4Y3SG4Y3TR4Y3ZB
797898,4Y13G4Y14R4Y37B4Y3EG4Y3FR4Y3LB4Y3SG4Y3TR4Y3ZB
703262,4Y13G4Y14R4Y37B4Y3EG4Y3FR4Y3LB4Y3SG4Y3TR4Y3ZB
797902,4Y13G4Y14R4Y37B4Y3EG4Y3FR4Y3LB4Y3SG4Y3TR4Y3ZB
822791,4Y13G4Y14R4Y37B4Y3EG4Y3FR4Y3LB4Y3SG4Y3TR4Y3ZB
995169,4Y13G4Y14R4Y37B4Y3EG4Y3FR4Y3LB4Y3SG4Y3TR4Y3ZB
797900,4Y13G4Y14R4Y37B4Y3EG4Y3FR4Y3LB4Y3SG4Y3TR4Y3ZB
797883,4Y13G4Y14R4Y37B4Y3EG4Y3FR4Y3LB4Y3SG4Y3TR4Y3ZB
797886,4Y13G4Y14R4Y37B4Y3EG4Y3FR4Y3LB4Y3SG4Y3TR4Y3ZB
797888,4Y13G4Y14R4Y37B4Y3EG4Y3FR4Y3LB4Y3SG4Y3TR4Y3ZB
821487,4Y13G4Y14R4Y37B4Y3EG4Y3FR4Y3LB4Y3SG4Y3TR4Y3ZB
822787,4Y13G4Y14R4Y37B4Y3EG4Y3FR4Y3LB4Y3SG4Y3TR4Y3ZB
995168,4Y13G4Y14R4Y37B4Y3EG4Y3FR4Y3LB4Y3SG4Y3TR4Y3ZB
1040089,4Y13G4Y14R4Y37B4Y3EG4Y3FR4Y3LB4Y3SG4Y3TR4Y3ZB
784401,4Y13G4Y14R4Y37B4Y3EG4Y3FR4Y3LB4Y3SG4Y3TR4Y3ZB
823173,4Y13G4Y14R4Y37B4Y3EG4Y3FR4Y3LB4Y3SG4Y3TR4Y3ZB
799618,4Y13G4Y14R4Y37B4Y3EG4Y3FR4Y3LB4Y3SG4Y3TR4Y3ZB
799619,4Y13G4Y14R4Y37B4Y3EG4Y3FR4Y3LB4Y3SG4Y3TR4Y3ZB
1040091,4Y13G4Y14R4Y37B4Y3EG4Y3FR4Y3LB4Y3SG4Y3TR4Y3ZB
821650,4Y13G4Y14R4Y37B4Y3EG4Y3FR4Y3LB4Y3SG4Y3TR4Y3ZB
801891,4Y13G4Y14R4Y37B4Y3EG4Y3FR4Y3LB4Y3SG4Y3TR4Y3ZB
910549,4Y13G4Y14R4Y37B4Y3EG4Y3FR4Y3LB4Y3SG4Y3TR4Y3ZB
823174,4Y13G4Y14R4Y37B4Y3EG4Y3FR4Y3LB4Y3SG4Y3TR4Y3ZB
799603,4Y13G4Y14R4Y37B4Y3EG4Y3FR4Y3LB4Y3SG4Y3TR4Y3ZB
799604,4Y13G4Y37B4Y3EG4Y3LB4Y3SG4Y3ZB4Y63G4Y6AB4Y6HG
799605,4Y13G4Y14R4Y37B4Y3EG4Y3FR4Y3LB4Y3SG4Y3TR4Y3ZB
799606,4Y13G4Y14R4Y37B4Y3EG4Y3FR4Y3LB4Y3SG4Y3TR4Y3ZB
797925,4Y13G4Y14R4Y37B4Y3EG4Y3FR4Y3LB4Y3SG4Y3TR4Y3ZB
797933,4Y13G4Y14R4Y37B4Y3EG4Y3FR4Y3LB4Y3SG4Y3TR4Y3ZB
703263,4Y13G4Y14R4Y37B4Y3EG4Y3FR4Y3LB4Y3SG4Y3TR4Y3ZB
756517,4Y13G4Y14R4Y37B4Y3EG4Y3FR4Y3LB4Y3SG4Y3TR4Y3ZB
1040081,4Y13G4Y14R4Y37B4Y3EG4Y3FR4Y3LB4Y3SG4Y3TR4Y3ZB
756522,4Y13G4Y14R4Y37B4Y3EG4Y3FR4Y3LB4Y3SG4Y3TR4Y3ZB
787173,4Y13G4Y14R4Y37B4Y3EG4Y3FR4Y3LB4Y3SG4Y3TR4Y3ZB
717399,4Y13G4Y14R4Y37B4Y3EG4Y3FR4Y3LB4Y3SG4Y3TR4Y3ZB
717401,4Y13G4Y14R4Y37B4Y3EG4Y3FR4Y3LB4Y3SG4Y3TR4Y3ZB
787171,4Y13G4Y14R4Y37B4Y3EG4Y3FR4Y3LB4Y3SG4Y3TR4Y3ZB
717406,4Y13G4Y14R4Y37B4Y3EG4Y3FR4Y3LB4Y3SG4Y3TR4Y3ZB
717382,4Y13G4Y14R4Y37B4Y3EG4Y3FR4Y3LB4Y3SG4Y3TR4Y3ZB
717392,4Y13G4Y14R4Y37B4Y3EG4Y3FR4Y3LB4Y3SG4Y3TR4Y3ZB
717395,4Y13G4Y14R4Y37B4Y3EG4Y3FR4Y3LB4Y3SG4Y3TR4Y3ZB
717416,4Y13G4Y14R4Y37B4Y3EG4Y3FR4Y3LB4Y3SG4Y3TR4Y3ZB
717409,4Y13G4Y14R4Y37B4Y3EG4Y3FR4Y3LB4Y3SG4Y3TR4Y3ZB
717766,4Y13G4Y14R4Y37B4Y3EG4Y3FR4Y3LB4Y3SG4Y3TR4Y3ZB
717769,4Y13G4Y14R4Y37B4Y3EG4Y3FR4Y3LB4Y3SG4Y3TR4Y3ZB
717771,4Y13G4Y14R4Y37B4Y3EG4Y3FR4Y3LB4Y3SG4Y3TR4Y3ZB
717432,4Y13G4Y14R4Y37B4Y3EG4Y3FR4Y3LB4Y3SG4Y3TR4Y3ZB
717776,4Y13G4Y14R4Y37B4Y3EG4Y3FR4Y3LB4Y3SG4Y3TR4Y3ZB
1012733,4Y13G4Y14R4Y37B4Y3EG4Y3FR4Y3LB4Y3SG4Y3TR4Y3ZB
717424,4Y13G4Y14R4Y37B4Y3EG4Y3FR4Y3LB4Y3SG4Y3TR4Y3ZB
717417,4Y13G4Y14R4Y37B4Y3EG4Y3FR4Y3LB4Y3SG4Y3TR4Y3ZB
717419,4Y13G4Y14R4Y37B4Y3EG4Y3FR4Y3LB4Y3SG4Y3TR4Y3ZB
717390,4Y13G4Y14R4Y37B4Y3EG4Y3FR4Y3LB4Y3SG4Y3TR4Y3ZB
717383,4Y13G4Y14R4Y37B4Y3EG4Y3FR4Y3LB4Y3SG4Y3TR4Y3ZB
717385,4Y13G4Y14R4Y37B4Y3EG4Y3FR4Y3LB4Y3SG4Y3TR4Y3ZB
717388,4Y13G4Y14R4Y37B4Y3EG4Y3FR4Y3LB4Y3SG4Y3TR4Y3ZB
717421,4Y13G4Y14R4Y37B4Y3EG4Y3FR4Y3LB4Y3SG4Y3TR4Y3ZB
1040078,4Y13G4Y14R4Y37B4Y3EG4Y3FR4Y3LB4Y3SG4Y3TR4Y3ZB
717427,4Y13G4Y14R4Y37B4Y3EG4Y3FR4Y3LB4Y3SG4Y3TR4Y3ZB
717430,4Y13G4Y14R4Y37B4Y3EG4Y3FR4Y3LB4Y3SG4Y3TR4Y3ZB
661254,4Y13G4Y14R4Y37B4Y3EG4Y3FR4Y3LB4Y3SG4Y3TR4Y3ZB
798784,4Y13G4Y14R4Y37B4Y3EG4Y3FR4Y3LB4Y3SG4Y3TR4Y3ZB
798785,4Y13G4Y14R4Y37B4Y3EG4Y3FR4Y3LB4Y3SG4Y3TR4Y3ZB
798786,4Y13G4Y14R4Y37B4Y3EG4Y3FR4Y3LB4Y3SG4Y3TR4Y3ZB
822817,4Y13G4Y14R4Y37B4Y3EG4Y3FR4Y3LB4Y3SG4Y3TR4Y3ZB
822823,4Y13G4Y14R4Y37B4Y3EG4Y3FR4Y3LB4Y3SG4Y3TR4Y3ZB
798801,4Y13G4Y14R4Y37B4Y3EG4Y3FR4Y3LB4Y3SG4Y3TR4Y3ZB
798803,4Y13G4Y14R4Y37B4Y3EG4Y3FR4Y3LB4Y3SG4Y3TR4Y3ZB
798799,4Y13G4Y14R4Y37B4Y3EG4Y3FR4Y3LB4Y3SG4Y3TR4Y3ZB
800030,4Y13G4Y14R4Y37B4Y3EG4Y3FR4Y3LB4Y3SG4Y3TR4Y3ZB
800033,4Y13G4Y14R4Y37B4Y3EG4Y3FR4Y3LB4Y3SG4Y3TR4Y3ZB
703264,4Y13G4Y14R4Y37B4Y3EG4Y3FR4Y3LB4Y3SG4Y3TR4Y3ZB
798793,4Y13G4Y14R4Y37B4Y3EG4Y3FR4Y3LB4Y3SG4Y3TR4Y3ZB
798782,4Y13G4Y14R4Y37B4Y3EG4Y3FR4Y3LB4Y3SG4Y3TR4Y3ZB
798795,4Y13G4Y14R4Y37B4Y3EG4Y3FR4Y3LB4Y3SG4Y3TR4Y3ZB
798796,4Y13G4Y14R4Y37B4Y3EG4Y3FR4Y3LB4Y3SG4Y3TR4Y3ZB
995182,4Y13G4Y14R4Y37B4Y3EG4Y3FR4Y3LB4Y3SG4Y3TR4Y3ZB
798797,4Y13G4Y14R4Y37B4Y3EG4Y3FR4Y3LB4Y3SG4Y3TR4Y3ZB
798798,4Y13G4Y14R4Y37B4Y3EG4Y3FR4Y3LB4Y3SG4Y3TR4Y3ZB
757848,4Y13G4Y14R4Y37B4Y3EG4Y3FR4Y3LB4Y3SG4Y3TR4Y3ZB
824132,4Y13G4Y14R4Y37B4Y3EG4Y3FR4Y3LB4Y3SG4Y3TR4Y3ZB
910550,4Y13G4Y14R4Y37B4Y3EG4Y3FR4Y3LB4Y3SG4Y3TR4Y3ZB
798791,4Y13G4Y14R4Y37B4Y3EG4Y3FR4Y3LB4Y3SG4Y3TR4Y3ZB
822819,4Y13G4Y14R4Y37B4Y3EG4Y3FR4Y3LB4Y3SG4Y3TR4Y3ZB
798770,4Y13G4Y14R4Y37B4Y3EG4Y3FR4Y3LB4Y3SG4Y3TR4Y3ZB
798774,4Y13G4Y14R4Y37B4Y3EG4Y3FR4Y3LB4Y3SG4Y3TR4Y3ZB
798769,4Y13G4Y14R4Y37B4Y3EG4Y3FR4Y3LB4Y3SG4Y3TR4Y3ZB
798779,4Y13G4Y14R4Y37B4Y3EG4Y3FR4Y3LB4Y3SG4Y3TR4Y3ZB
798780,4Y13G4Y14R4Y37B4Y3EG4Y3FR4Y3LB4Y3SG4Y3TR4Y3ZB
1144208,4Y12G4Y36B4Y3DG4Y3KB4Y3RG4Y3YB4Y62G4Y69B4Y6GG
1144185,4Y12G4Y36B4Y3DG4Y3KB4Y3RG4Y3YB4Y62G4Y69B4Y6GG
1144184,4Y12G4Y36B4Y3DG4Y3KB4Y3RG4Y3YB4Y62G4Y69B4Y6GG
1144183,4Y12G4Y36B4Y3DG4Y3KB4Y3RG4Y3YB4Y62G4Y69B4Y6GG
1144204,4Y12G4Y36B4Y3DG4Y3KB4Y3RG4Y3YB4Y62G4Y69B4Y6GG
1144194,4Y12G4Y36B4Y3DG4Y3KB4Y3RG4Y3YB4Y62G4Y69B4Y6GG
1144205,4Y36B4Y3KB4Y3YB4Y69B4Y6NB4Y8ZB
1144193,4Y12G4Y36B4Y3DG4Y3KB4Y3RG4Y3YB4Y62G4Y69B4Y6GG
1144206,4Y12G4Y36B4Y3DG4Y3KB4Y3RG4Y3YB4Y62G4Y69B4Y6GG
1144192,4Y12G4Y36B4Y3DG4Y3KB4Y3RG4Y3YB4Y62G4Y69B4Y6GG
1144207,4Y12G4Y36B4Y3DG4Y3KB4Y3RG4Y3YB4Y62G4Y69B4Y6GG
1144191,4Y12G4Y36B4Y3DG4Y3KB4Y3RG4Y3YB4Y62G4Y69B4Y6GG
1135885,4Y10G4Y17B4Y3BG4Y3IB4Y3PG4Y3WB4Y60G4Y67B4Y6EG
662854,4Y13B4Y15R4Y37G4Y3EB4Y3GR4Y3LG4Y3SB4Y3UR4Y3ZG
868974,4Y13B4Y15R4Y37G4Y3EB4Y3GR4Y3LG4Y3SB4Y3UR4Y3ZG
702507,4Y13B4Y15R4Y37G4Y3EB4Y3GR4Y3LG4Y3SB4Y3UR4Y3ZG
996908,4Y13B4Y15R4Y37G4Y3EB4Y3GR4Y3LG4Y3SB4Y3UR4Y3ZG
868955,4Y13B4Y15R4Y37G4Y3EB4Y3GR4Y3LG4Y3SB4Y3UR4Y3ZG
868968,4Y13B4Y15R4Y37G4Y3EB4Y3GR4Y3LG4Y3SB4Y3UR4Y3ZG
737247,4Y13B4Y15R4Y37G4Y3EB4Y3GR4Y3LG4Y3SB4Y3UR4Y3ZG
868964,4Y13B4Y15R4Y37G4Y3EB4Y3GR4Y3LG4Y3SB4Y3UR4Y3ZG
868965,4Y13B4Y15R4Y37G4Y3EB4Y3GR4Y3LG4Y3SB4Y3UR4Y3ZG
737248,4Y13B4Y15R4Y37G4Y3EB4Y3GR4Y3LG4Y3SB4Y3UR4Y3ZG
868967,4Y13B4Y15R4Y37G4Y3EB4Y3GR4Y3LG4Y3SB4Y3UR4Y3ZG
1008479,4Y13B4Y15R4Y37G4Y3EB4Y3GR4Y3LG4Y3SB4Y3UR4Y3ZG
737249,4Y13B4Y15R4Y37G4Y3EB4Y3GR4Y3LG4Y3SB4Y3UR4Y3ZG
868970,4Y13B4Y15R4Y37G4Y3EB4Y3GR4Y3LG4Y3SB4Y3UR4Y3ZG
868972,4Y13B4Y15R4Y37G4Y3EB4Y3GR4Y3LG4Y3SB4Y3UR4Y3ZG
702506,4Y13B4Y15R4Y37G4Y3EB4Y3GR4Y3LG4Y3SB4Y3UR4Y3ZG
868622,4Y13B4Y15R4Y37G4Y3EB4Y3GR4Y3LG4Y3SB4Y3UR4Y3ZG
868949,4Y13B4Y15R4Y37G4Y3EB4Y3GR4Y3LG4Y3SB4Y3UR4Y3ZG
736925,4Y13B4Y15R4Y37G4Y3EB4Y3GR4Y3LG4Y3SB4Y3UR4Y3ZG
868951,4Y13B4Y15R4Y37G4Y3EB4Y3GR4Y3LG4Y3SB4Y3UR4Y3ZG
868953,4Y13B4Y15R4Y37G4Y3EB4Y3GR4Y3LG4Y3SB4Y3UR4Y3ZG
868954,4Y13B4Y15R4Y37G4Y3EB4Y3GR4Y3LG4Y3SB4Y3UR4Y3ZG
702505,4Y13B4Y15R4Y37G4Y3EB4Y3GR4Y3LG4Y3SB4Y3UR4Y3ZG
868957,4Y13B4Y15R4Y37G4Y3EB4Y3GR4Y3LG4Y3SB4Y3UR4Y3ZG
868958,4Y13B4Y15R4Y37G4Y3EB4Y3GR4Y3LG4Y3SB4Y3UR4Y3ZG
918612,4Y13B4Y15R4Y37G4Y3EB4Y3GR4Y3LG4Y3SB4Y3UR4Y3ZG
738047,4Y13B4Y15R4Y37G4Y3EB4Y3GR4Y3LG4Y3SB4Y3UR4Y3ZG
918614,4Y13B4Y15R4Y37G4Y3EB4Y3GR4Y3LG4Y3SB4Y3UR4Y3ZG
918183,4Y13B4Y15R4Y37G4Y3EB4Y3GR4Y3LG4Y3SB4Y3UR4Y3ZG
918186,4Y13B4Y15R4Y37G4Y3EB4Y3GR4Y3LG4Y3SB4Y3UR4Y3ZG
918188,4Y13B4Y15R4Y37G4Y3EB4Y3GR4Y3LG4Y3SB4Y3UR4Y3ZG
702533,4Y13B4Y15R4Y37G4Y3EB4Y3GR4Y3LG4Y3SB4Y3UR4Y3ZG
918190,4Y13B4Y15R4Y37G4Y3EB4Y3GR4Y3LG4Y3SB4Y3UR4Y3ZG
918192,4Y13B4Y15R4Y37G4Y3EB4Y3GR4Y3LG4Y3SB4Y3UR4Y3ZG
1013434,4Y13B4Y15R4Y37G4Y3EB4Y3GR4Y3LG4Y3SB4Y3UR4Y3ZG
918204,4Y13B4Y15R4Y37G4Y3EB4Y3GR4Y3LG4Y3SB4Y3UR4Y3ZG
918195,4Y13B4Y15R4Y37G4Y3EB4Y3GR4Y3LG4Y3SB4Y3UR4Y3ZG
918196,4Y13B4Y15R4Y37G4Y3EB4Y3GR4Y3LG4Y3SB4Y3UR4Y3ZG
918198,4Y13B4Y15R4Y37G4Y3EB4Y3GR4Y3LG4Y3SB4Y3UR4Y3ZG
1013431,4Y13B4Y15R4Y37G4Y3EB4Y3GR4Y3LG4Y3SB4Y3UR4Y3ZG
785100,4Y13B4Y15R4Y37G4Y3EB4Y3GR4Y3LG4Y3SB4Y3UR4Y3ZG
918201,4Y13B4Y15R4Y37G4Y3EB4Y3GR4Y3LG4Y3SB4Y3UR4Y3ZG
918203,4Y13B4Y15R4Y37G4Y3EB4Y3GR4Y3LG4Y3SB4Y3UR4Y3ZG
918173,4Y13B4Y15R4Y37G4Y3EB4Y3GR4Y3LG4Y3SB4Y3UR4Y3ZG
918194,4Y13B4Y15R4Y37G4Y3EB4Y3GR4Y3LG4Y3SB4Y3UR4Y3ZG
785105,4Y13B4Y15R4Y37G4Y3EB4Y3GR4Y3LG4Y3SB4Y3UR4Y3ZG
916179,4Y13B4Y15R4Y37G4Y3EB4Y3GR4Y3LG4Y3SB4Y3UR4Y3ZG
918170,4Y13B4Y15R4Y37G4Y3EB4Y3GR4Y3LG4Y3SB4Y3UR4Y3ZG
785098,4Y13B4Y15R4Y37G4Y3EB4Y3GR4Y3LG4Y3SB4Y3UR4Y3ZG
918172,4Y13B4Y15R4Y37G4Y3EB4Y3GR4Y3LG4Y3SB4Y3UR4Y3ZG
702532,4Y13B4Y37G4Y3EB4Y3LG4Y3SB4Y3ZG4Y63B4Y6AG4Y6HB
918174,4Y13B4Y37G4Y3EB4Y3LG4Y3SB4Y3ZG4Y63B4Y6AG4Y6HB
918175,4Y13B4Y37G4Y3EB4Y3LG4Y3SB4Y3ZG4Y63B4Y6AG4Y6HB
1013430,4Y13B4Y37G4Y3EB4Y3LG4Y3SB4Y3ZG4Y63B4Y6AG4Y6HB
918177,4Y13B4Y15R4Y37G4Y3EB4Y3GR4Y3LG4Y3SB4Y3UR4Y3ZG
918179,4Y13B4Y15R4Y37G4Y3EB4Y3GR4Y3LG4Y3SB4Y3UR4Y3ZG
918605,4Y13B4Y15R4Y37G4Y3EB4Y3GR4Y3LG4Y3SB4Y3UR4Y3ZG
918181,4Y13B4Y15R4Y37G4Y3EB4Y3GR4Y3LG4Y3SB4Y3UR4Y3ZG
918182,4Y13B4Y15R4Y37G4Y3EB4Y3GR4Y3LG4Y3SB4Y3UR4Y3ZG
694617,4Y13B4Y15R4Y37G4Y3EB4Y3GR4Y3LG4Y3SB4Y3UR4Y3ZG
918225,4Y13B4Y37G4Y3EB4Y3LG4Y3SB4Y3ZG4Y63B4Y6AG4Y6HB
918227,4Y13B4Y15R4Y37G4Y3EB4Y3GR4Y3LG4Y3SB4Y3UR4Y3ZG
785102,4Y13B4Y37G4Y3EB4Y3LG4Y3SB4Y3ZG4Y63B4Y6AG4Y6HB
918562,4Y13B4Y37G4Y3EB4Y3LG4Y3SB4Y3ZG4Y63B4Y6AG4Y6HB
736809,4Y13B4Y15R4Y37G4Y3EB4Y3GR4Y3LG4Y3SB4Y3UR4Y3ZG
918565,4Y13B4Y37G4Y3EB4Y3LG4Y3SB4Y3ZG4Y63B4Y6AG4Y6HB
916880,4Y13B4Y15R4Y37G4Y3EB4Y3GR4Y3LG4Y3SB4Y3UR4Y3ZG
918606,4Y13B4Y15R4Y37G4Y3EB4Y3GR4Y3LG4Y3SB4Y3UR4Y3ZG
918224,4Y13B4Y15R4Y37G4Y3EB4Y3GR4Y3LG4Y3SB4Y3UR4Y3ZG
916872,4Y13B4Y15R4Y37G4Y3EB4Y3GR4Y3LG4Y3SB4Y3UR4Y3ZG
916874,4Y13B4Y15R4Y37G4Y3EB4Y3GR4Y3LG4Y3SB4Y3UR4Y3ZG
916875,4Y13B4Y15R4Y37G4Y3EB4Y3GR4Y3LG4Y3SB4Y3UR4Y3ZG
916877,4Y13B4Y15R4Y37G4Y3EB4Y3GR4Y3LG4Y3SB4Y3UR4Y3ZG
916879,4Y13B4Y15R4Y3EB4Y3GR4Y3SB4Y3UR4Y63B4Y65R4Y6HB
918215,4Y13B4Y15R4Y37G4Y3EB4Y3GR4Y3LG4Y3SB4Y3UR4Y3ZG
918214,4Y13B4Y37G4Y3EB4Y3LG4Y3SB4Y3ZG4Y63B4Y6AG4Y6HB
918206,4Y13B4Y15R4Y37G4Y3EB4Y3GR4Y3LG4Y3SB4Y3UR4Y3ZG
918208,4Y13B4Y37G4Y3EB4Y3LG4Y3SB4Y3ZG4Y63B4Y6AG4Y6HB
918615,4Y13B4Y15R4Y37G4Y3EB4Y3GR4Y3LG4Y3SB4Y3UR4Y3ZG
918210,4Y13B4Y37G4Y3EB4Y3LG4Y3SB4Y3ZG4Y63B4Y6AG4Y6HB
918211,4Y13B4Y15R4Y37G4Y3EB4Y3GR4Y3LG4Y3SB4Y3UR4Y3ZG
918213,4Y13B4Y15R4Y37G4Y3EB4Y3GR4Y3LG4Y3SB4Y3UR4Y3ZG
1013432,4Y13B4Y15R4Y37G4Y3EB4Y3GR4Y3LG4Y3SB4Y3UR4Y3ZG
702534,4Y13B4Y15R4Y37G4Y3EB4Y3GR4Y3LG4Y3SB4Y3UR4Y3ZG
918216,4Y13B4Y15R4Y37G4Y3EB4Y3GR4Y3LG4Y3SB4Y3UR4Y3ZG
918218,4Y13B4Y15R4Y37G4Y3EB4Y3GR4Y3LG4Y3SB4Y3UR4Y3ZG
918219,4Y13B4Y15R4Y37G4Y3EB4Y3GR4Y3LG4Y3SB4Y3UR4Y3ZG
918221,4Y13B4Y15R4Y37G4Y3EB4Y3GR4Y3LG4Y3SB4Y3UR4Y3ZG
918601,4Y13B4Y15R4Y37G4Y3EB4Y3GR4Y3LG4Y3SB4Y3UR4Y3ZG
702535,4Y13B4Y15R4Y37G4Y3EB4Y3GR4Y3LG4Y3SB4Y3UR4Y3ZG
913088,4Y13B4Y15R4Y37G4Y3EB4Y3GR4Y3LG4Y3SB4Y3UR4Y3ZG
913060,4Y13B4Y15R4Y37G4Y3EB4Y3GR4Y3LG4Y3SB4Y3UR4Y3ZG
702536,4Y13B4Y15R4Y37G4Y3EB4Y3GR4Y3LG4Y3SB4Y3UR4Y3ZG
918610,4Y13B4Y15R4Y37G4Y3EB4Y3GR4Y3LG4Y3SB4Y3UR4Y3ZG
918611,4Y13B4Y15R4Y37G4Y3EB4Y3GR4Y3LG4Y3SB4Y3UR4Y3ZG
689744,4Y13B4Y15R4Y37G4Y3EB4Y3GR4Y3LG4Y3SB4Y3UR4Y3ZG
686790,4Y13B4Y15R4Y37G4Y3EB4Y3GR4Y3LG4Y3SB4Y3UR4Y3ZG
689725,4Y13B4Y15R4Y37G4Y3EB4Y3GR4Y3LG4Y3SB4Y3UR4Y3ZG
689721,4Y13B4Y15R4Y37G4Y3EB4Y3GR4Y3LG4Y3SB4Y3UR4Y3ZG
827179,4Y13B4Y15R4Y37G4Y3EB4Y3GR4Y3LG4Y3SB4Y3UR4Y3ZG
686803,4Y13B4Y15R4Y37G4Y3EB4Y3GR4Y3LG4Y3SB4Y3UR4Y3ZG
660264,4Y13B4Y15R4Y37G4Y3EB4Y3GR4Y3LG4Y3SB4Y3UR4Y3ZG
858433,4Y13B4Y37B4Y3CG4Y3EB4Y3LB4Y3SB4Y3ZB4Y61G4Y63B
857058,4Y13B4Y37B4Y3CG4Y3EB4Y3LB4Y3SB4Y3ZB4Y61G4Y63B
858409,4Y13B4Y37B4Y3CG4Y3EB4Y3LB4Y3SB4Y3ZB4Y61G4Y63B
857052,4Y13B4Y37B4Y3CG4Y3EB4Y3LB4Y3SB4Y3ZB4Y61G4Y63B
900121,4Y13B4Y37B4Y3CG4Y3EB4Y3LB4Y3SB4Y3ZB4Y61G4Y63B
857050,4Y13B4Y37B4Y3CG4Y3EB4Y3LB4Y3SB4Y3ZB4Y61G4Y63B
856680,4Y13B4Y37B4Y3CG4Y3EB4Y3LB4Y3SB4Y3ZB4Y61G4Y63B
813922,4Y13B4Y37B4Y3CG4Y3EB4Y3LB4Y3SB4Y3ZB4Y61G4Y63B
662014,4Y13B4Y37B4Y3CG4Y3EB4Y3LB4Y3SB4Y3ZB4Y61G4Y63B
858466,4Y13B4Y37B4Y3CG4Y3EB4Y3LB4Y3SB4Y3ZB4Y61G4Y63B
1013398,4Y13B4Y37B4Y3CG4Y3EB4Y3LB4Y3SB4Y3ZB4Y61G4Y63B
858443,4Y13B4Y37B4Y3CG4Y3EB4Y3LB4Y3SB4Y3ZB4Y61G4Y63B
858450,4Y13B4Y37B4Y3CG4Y3EB4Y3LB4Y3SB4Y3ZB4Y61G4Y63B
858470,4Y13B4Y37B4Y3CG4Y3EB4Y3LB4Y3SB4Y3ZB4Y61G4Y63B
856364,4Y13B4Y37B4Y3CG4Y3EB4Y3LB4Y3SB4Y3ZB4Y61G4Y63B
1018913,4Y13B4Y37B4Y3CG4Y3EB4Y3LB4Y3SB4Y3ZB4Y61G4Y63B
815335,4Y13B4Y37B4Y3CG4Y3EB4Y3LB4Y3SB4Y3ZB4Y61G4Y63B
858473,4Y13B4Y37B4Y3CG4Y3EB4Y3LB4Y3SB4Y3ZB4Y61G4Y63B
815326,4Y13B4Y37B4Y3CG4Y3EB4Y3LB4Y3SB4Y3ZB4Y61G4Y63B
856658,4Y13B4Y37B4Y3CG4Y3EB4Y3LB4Y3SB4Y3ZB4Y61G4Y63B
856688,4Y13B4Y37B4Y3CG4Y3EB4Y3LB4Y3SB4Y3ZB4Y61G4Y63B
856692,4Y13B4Y37B4Y3CG4Y3EB4Y3LB4Y3SB4Y3ZB4Y61G4Y63B
856671,4Y13B4Y37B4Y3CG4Y3EB4Y3LB4Y3SB4Y3ZB4Y61G4Y63B
853343,4Y13B4Y37B4Y3CG4Y3EB4Y3LB4Y3SB4Y3ZB4Y61G4Y63B
817055,4Y13B4Y37B4Y3CG4Y3EB4Y3LB4Y3SB4Y3ZB4Y61G4Y63B
817059,4Y13B4Y37B4Y3CG4Y3EB4Y3LB4Y3SB4Y3ZB4Y61G4Y63B
813904,4Y13B4Y37B4Y3CG4Y3EB4Y3LB4Y3SB4Y3ZB4Y61G4Y63B
817045,4Y13B4Y37B4Y3CG4Y3EB4Y3LB4Y3SB4Y3ZB4Y61G4Y63B
856697,4Y13B4Y37B4Y3CG4Y3EB4Y3LB4Y3SB4Y3ZB4Y61G4Y63B
900110,4Y13B4Y37B4Y3CG4Y3EB4Y3LB4Y3SB4Y3ZB4Y61G4Y63B
813912,4Y13B4Y37B4Y3CG4Y3EB4Y3LB4Y3SB4Y3ZB4Y61G4Y63B
813926,4Y13B4Y37B4Y3CG4Y3EB4Y3LB4Y3SB4Y3ZB4Y61G4Y63B
1008464,4Y13B4Y37B4Y3CG4Y3EB4Y3LB4Y3SB4Y3ZB4Y61G4Y63B
813927,4Y13B4Y37B4Y3CG4Y3EB4Y3LB4Y3SB4Y3ZB4Y61G4Y63B
813917,4Y13B4Y37B4Y3CG4Y3EB4Y3LB4Y3SB4Y3ZB4Y61G4Y63B
856694,4Y13B4Y37B4Y3CG4Y3EB4Y3LB4Y3SB4Y3ZB4Y61G4Y63B
662012,4Y13B4Y37B4Y3CG4Y3EB4Y3LB4Y3SB4Y3ZB4Y61G4Y63B
856666,4Y13B4Y37B4Y3CG4Y3EB4Y3LB4Y3SB4Y3ZB4Y61G4Y63B
817031,4Y13B4Y37B4Y3CG4Y3EB4Y3LB4Y3SB4Y3ZB4Y61G4Y63B
856667,4Y13B4Y37B4Y3CG4Y3EB4Y3LB4Y3SB4Y3ZB4Y61G4Y63B
856651,4Y13B4Y37B4Y3CG4Y3EB4Y3LB4Y3SB4Y3ZB4Y61G4Y63B
817056,4Y13B4Y37B4Y3CG4Y3EB4Y3LB4Y3SB4Y3ZB4Y61G4Y63B
1021485,4Y13B4Y37B4Y3CG4Y3EB4Y3LB4Y3SB4Y3ZB4Y61G4Y63B
901436,4Y13B4Y37B4Y3CG4Y3EB4Y3LB4Y3SB4Y3ZB4Y61G4Y63B
